INFO  Using log config file: jar:file:/fastdata/lavaulta/auto-re-agent/.tools/ghidra_12.1.2_PUBLIC/Ghidra/Framework/Generic/lib/Generic.jar!/generic.log4j.xml (LoggingInitialization)  
INFO  Using log file: /home/lavaulta/.config/ghidra/ghidra_12.1.2_PUBLIC/application.log (LoggingInitialization)  
INFO  Loading user preferences: /home/lavaulta/.config/ghidra/ghidra_12.1.2_PUBLIC/preferences (Preferences)  
INFO  Searching for classes... (ClassSearcher)  
INFO  Ignoring class 'xexloaderwv.XEXLoaderWVLoader' from '/fastdata/lavaulta/auto-re-agent/.tools/ghidra_12.1.2_PUBLIC/Ghidra/Extensions/XEXLoaderWV/lib/XEXLoaderWV.jar'. Already found at '/fastdata/lavaulta/auto-re-agent/.tools/ghidra_12.1.2_PUBLIC/Ghidra/patch/XEXLoaderWV-java21.jar'. (ClassSearcher)  
INFO  Class search complete (1731 ms) (ClassSearcher)  
INFO  Initializing SSL Context (DefaultSSLContextInitializer)  
INFO  Initializing Random Number Generator... (SecureRandomFactory)  
INFO  Random Number Generator initialization complete: NativePRNGNonBlocking (SecureRandomFactory)  
INFO  Trust manager disabled, cacerts have not been set (DefaultTrustManagerFactory)  
INFO  Headless startup complete (3503 ms) (AnalyzeHeadless)  
INFO  Class searcher loaded 59 extension points (20 false positives) (ClassSearcher)  
INFO  HEADLESS Script Paths:
    /fastdata/lavaulta/auto-re-agent/.tools/ghidra_12.1.2_PUBLIC/Ghidra/Features/MicrosoftCodeAnalyzer/ghidra_scripts
    /fastdata/lavaulta/auto-re-agent/.tools/ghidra_12.1.2_PUBLIC/Ghidra/Features/PDB/ghidra_scripts
    /fastdata/lavaulta/auto-re-agent/.tools/ghidra_12.1.2_PUBLIC/Ghidra/Processors/8051/ghidra_scripts
    /fastdata/lavaulta/auto-re-agent/.tools/ghidra_12.1.2_PUBLIC/Ghidra/Features/Base/ghidra_scripts
    /fastdata/lavaulta/auto-re-agent/workspaces/ace-combat-6/scripts
    /fastdata/lavaulta/auto-re-agent/.tools/ghidra_12.1.2_PUBLIC/Ghidra/Features/FileFormats/ghidra_scripts
    /fastdata/lavaulta/auto-re-agent/.tools/ghidra_12.1.2_PUBLIC/Ghidra/Features/GnuDemangler/ghidra_scripts
    /fastdata/lavaulta/auto-re-agent/.tools/ghidra_12.1.2_PUBLIC/Ghidra/Extensions/ghidra-emotionengine-reloaded/ghidra_scripts
    /fastdata/lavaulta/auto-re-agent/.tools/ghidra_12.1.2_PUBLIC/Ghidra/Features/Decompiler/ghidra_scripts
    /fastdata/lavaulta/auto-re-agent/.tools/ghidra_12.1.2_PUBLIC/Ghidra/Features/FunctionID/ghidra_scripts
    /fastdata/lavaulta/auto-re-agent/.tools/ghidra_12.1.2_PUBLIC/Ghidra/Features/DecompilerDependent/ghidra_scripts
    /fastdata/lavaulta/auto-re-agent/.tools/ghidra_12.1.2_PUBLIC/Ghidra/Processors/DATA/ghidra_scripts
    /fastdata/lavaulta/auto-re-agent/.tools/ghidra_12.1.2_PUBLIC/Ghidra/Debug/Debugger-rmi-trace/ghidra_scripts
    /fastdata/lavaulta/auto-re-agent/.tools/ghidra_12.1.2_PUBLIC/Ghidra/Features/SwiftDemangler/ghidra_scripts
    /fastdata/lavaulta/auto-re-agent/.tools/ghidra_12.1.2_PUBLIC/Ghidra/Debug/Debugger/ghidra_scripts
    /fastdata/lavaulta/auto-re-agent/.tools/ghidra_12.1.2_PUBLIC/Ghidra/Processors/PIC/ghidra_scripts
    /fastdata/lavaulta/auto-re-agent/.tools/ghidra_12.1.2_PUBLIC/Ghidra/Extensions/XEXLoaderWV/ghidra_scripts
    /fastdata/lavaulta/auto-re-agent/.tools/ghidra_12.1.2_PUBLIC/Ghidra/Features/WildcardAssembler/ghidra_scripts
    /fastdata/lavaulta/auto-re-agent/.tools/ghidra_12.1.2_PUBLIC/Ghidra/Features/PyGhidra/ghidra_scripts
    /fastdata/lavaulta/auto-re-agent/.tools/ghidra_12.1.2_PUBLIC/Ghidra/Features/BSim/ghidra_scripts
    /fastdata/lavaulta/auto-re-agent/.tools/ghidra_12.1.2_PUBLIC/Ghidra/Features/VersionTracking/ghidra_scripts
    /fastdata/lavaulta/auto-re-agent/.tools/ghidra_12.1.2_PUBLIC/Ghidra/Features/BytePatterns/ghidra_scripts
    /fastdata/lavaulta/auto-re-agent/.tools/ghidra_12.1.2_PUBLIC/Ghidra/Processors/Atmel/ghidra_scripts
    /fastdata/lavaulta/auto-re-agent/.tools/ghidra_12.1.2_PUBLIC/Ghidra/Features/SystemEmulation/ghidra_scripts
    /fastdata/lavaulta/auto-re-agent/.tools/ghidra_12.1.2_PUBLIC/Ghidra/Processors/JVM/ghidra_scripts (HeadlessAnalyzer)  
INFO  HEADLESS: execution starts (HeadlessAnalyzer)  
INFO  Opening existing project: /fastdata/lavaulta/auto-re-agent/workspaces/ace-combat-6/ghidra-projects/ace-combat-6 (HeadlessAnalyzer)  
INFO  Opening project: /fastdata/lavaulta/auto-re-agent/workspaces/ace-combat-6/ghidra-projects/ace-combat-6 (HeadlessProject)  
INFO  REPORT: Processing project file: /default.xex (HeadlessAnalyzer)  
INFO  REPORT: Execute script: DumpRange.java '0x820a7f48' '0x820a8330'  (HeadlessAnalyzer)  
INFO  SCRIPT: /fastdata/lavaulta/auto-re-agent/workspaces/ace-combat-6/scripts/DumpRange.java (HeadlessAnalyzer)  
INFO  DumpRange.java> 820a7f48 mfspr r12,LR (GhidraScript)  
INFO  DumpRange.java> 820a7f4c bl 0x82382efc (GhidraScript)  
INFO  DumpRange.java> 820a7f50 stwu r1,-0x70(r1) (GhidraScript)  
INFO  DumpRange.java> 820a7f54 subi r11,r4,0x1 (GhidraScript)  
INFO  DumpRange.java> 820a7f58 or r29,r5,r5 (GhidraScript)  
INFO  DumpRange.java> 820a7f5c cmplwi cr6,r11,0x5 (GhidraScript)  
INFO  DumpRange.java> 820a7f60 bgt cr6,0x820a812c (GhidraScript)  
INFO  DumpRange.java> 820a7f64 lis r12,-0x7df6 (GhidraScript)  
INFO  DumpRange.java> 820a7f68 addi r12,r12,0x7f7c (GhidraScript)  
INFO  DumpRange.java> 820a7f6c rlwinm r0,r11,0x2,0x0,0x1d (GhidraScript)  
INFO  DumpRange.java> 820a7f70 lwzx r0,r12,r0 (GhidraScript)  
INFO  DumpRange.java> 820a7f74 mtspr CTR,r0 (GhidraScript)  
INFO  DumpRange.java> 820a7f78 bctr (GhidraScript)  
INFO  DumpRange.java> 820a7f7c <not-disassembled> (GhidraScript)  
INFO  DumpRange.java> 820a7f80 <not-disassembled> (GhidraScript)  
INFO  DumpRange.java> 820a7f84 <not-disassembled> (GhidraScript)  
INFO  DumpRange.java> 820a7f88 <not-disassembled> (GhidraScript)  
INFO  DumpRange.java> 820a7f8c <not-disassembled> (GhidraScript)  
INFO  DumpRange.java> 820a7f90 <not-disassembled> (GhidraScript)  
INFO  DumpRange.java> 820a7f94 lis r30,-0x7d96 (GhidraScript)  
INFO  DumpRange.java> 820a7f98 lwz r11,0x728(r30) (GhidraScript)  
INFO  DumpRange.java> 820a7f9c lwz r10,0x4(r11) (GhidraScript)  
INFO  DumpRange.java> 820a7fa0 cmplwi cr6,r10,0x0 (GhidraScript)  
INFO  DumpRange.java> 820a7fa4 beq cr6,0x820a7fc8 (GhidraScript)  
INFO  DumpRange.java> 820a7fa8 rlwinm r10,r10,0x0,0x0,0x1f (GhidraScript)  
INFO  DumpRange.java> 820a7fac lwz r3,0x0(r10) (GhidraScript)  
INFO  DumpRange.java> 820a7fb0 cmplwi cr6,r3,0x0 (GhidraScript)  
INFO  DumpRange.java> 820a7fb4 beq cr6,0x820a7fc8 (GhidraScript)  
INFO  DumpRange.java> 820a7fb8 bl 0x822a6560 (GhidraScript)  
INFO  DumpRange.java> 820a7fbc lwz r11,0x728(r30) (GhidraScript)  
INFO  DumpRange.java> 820a7fc0 or r31,r3,r3 (GhidraScript)  
INFO  DumpRange.java> 820a7fc4 b 0x820a7fcc (GhidraScript)  
INFO  DumpRange.java> 820a7fc8 li r31,0x0 (GhidraScript)  
INFO  DumpRange.java> 820a7fcc li r5,0x10 (GhidraScript)  
INFO  DumpRange.java> 820a7fd0 li r4,0x100 (GhidraScript)  
INFO  DumpRange.java> 820a7fd4 or r3,r11,r11 (GhidraScript)  
INFO  DumpRange.java> 820a7fd8 bl 0x822257a8 (GhidraScript)  
INFO  DumpRange.java> 820a7fdc rlwinm r11,r29,0x0,0x18,0x1f (GhidraScript)  
INFO  DumpRange.java> 820a7fe0 cmplwi cr6,r11,0x0 (GhidraScript)  
INFO  DumpRange.java> 820a7fe4 beq cr6,0x820a8008 (GhidraScript)  
INFO  DumpRange.java> 820a7fe8 lis r11,0x3 (GhidraScript)  
INFO  DumpRange.java> 820a7fec li r5,0x100 (GhidraScript)  
INFO  DumpRange.java> 820a7ff0 ori r10,r11,0x60a8 (GhidraScript)  
INFO  DumpRange.java> 820a7ff4 lis r11,-0x7d92 (GhidraScript)  
INFO  DumpRange.java> 820a7ff8 or r4,r31,r31 (GhidraScript)  
INFO  DumpRange.java> 820a7ffc lwz r11,0x4eb4(r11) (GhidraScript)  
INFO  DumpRange.java> 820a8000 lwzx r3,r11,r10 (GhidraScript)  
INFO  DumpRange.java> 820a8004 bl 0x822744f0 (GhidraScript)  
INFO  DumpRange.java> 820a8008 or r3,r31,r31 (GhidraScript)  
INFO  DumpRange.java> 820a800c addi r1,r1,0x70 (GhidraScript)  
INFO  DumpRange.java> 820a8010 b 0x82382f4c (GhidraScript)  
INFO  DumpRange.java> 820a8014 lis r30,-0x7d96 (GhidraScript)  
INFO  DumpRange.java> 820a8018 lwz r3,0x728(r30) (GhidraScript)  
INFO  DumpRange.java> 820a801c lwz r11,0x4(r3) (GhidraScript)  
INFO  DumpRange.java> 820a8020 cmplwi cr6,r11,0x0 (GhidraScript)  
INFO  DumpRange.java> 820a8024 beq cr6,0x820a8054 (GhidraScript)  
INFO  DumpRange.java> 820a8028 rlwinm r11,r11,0x0,0x0,0x1f (GhidraScript)  
INFO  DumpRange.java> 820a802c lwz r31,0x0(r11) (GhidraScript)  
INFO  DumpRange.java> 820a8030 cmplwi cr6,r31,0x0 (GhidraScript)  
INFO  DumpRange.java> 820a8034 beq cr6,0x820a8054 (GhidraScript)  
INFO  DumpRange.java> 820a8038 or r3,r31,r31 (GhidraScript)  
INFO  DumpRange.java> 820a803c bl 0x822a6560 (GhidraScript)  
INFO  DumpRange.java> 820a8040 lis r11,-0x7dfb (GhidraScript)  
INFO  DumpRange.java> 820a8044 addi r11,r11,0x6934 (GhidraScript)  
INFO  DumpRange.java> 820a8048 stw r11,0x0(r31) (GhidraScript)  
INFO  DumpRange.java> 820a804c lwz r3,0x728(r30) (GhidraScript)  
INFO  DumpRange.java> 820a8050 b 0x820a8058 (GhidraScript)  
INFO  DumpRange.java> 820a8054 li r31,0x0 (GhidraScript)  
INFO  DumpRange.java> 820a8058 li r5,0x10 (GhidraScript)  
INFO  DumpRange.java> 820a805c li r4,0x100 (GhidraScript)  
INFO  DumpRange.java> 820a8060 bl 0x822257a8 (GhidraScript)  
INFO  DumpRange.java> 820a8064 rlwinm r11,r29,0x0,0x18,0x1f (GhidraScript)  
INFO  DumpRange.java> 820a8068 cmplwi cr6,r11,0x0 (GhidraScript)  
INFO  DumpRange.java> 820a806c beq cr6,0x820a8008 (GhidraScript)  
INFO  DumpRange.java> 820a8070 lis r11,0x3 (GhidraScript)  
INFO  DumpRange.java> 820a8074 li r5,0x100 (GhidraScript)  
INFO  DumpRange.java> 820a8078 ori r10,r11,0x60a8 (GhidraScript)  
INFO  DumpRange.java> 820a807c lis r11,-0x7d92 (GhidraScript)  
INFO  DumpRange.java> 820a8080 or r4,r31,r31 (GhidraScript)  
INFO  DumpRange.java> 820a8084 lwz r11,0x4eb4(r11) (GhidraScript)  
INFO  DumpRange.java> 820a8088 lwzx r3,r11,r10 (GhidraScript)  
INFO  DumpRange.java> 820a808c bl 0x822744f0 (GhidraScript)  
INFO  DumpRange.java> 820a8090 or r3,r31,r31 (GhidraScript)  
INFO  DumpRange.java> 820a8094 addi r1,r1,0x70 (GhidraScript)  
INFO  DumpRange.java> 820a8098 b 0x82382f4c (GhidraScript)  
INFO  DumpRange.java> 820a809c lis r30,-0x7d96 (GhidraScript)  
INFO  DumpRange.java> 820a80a0 lwz r11,0x728(r30) (GhidraScript)  
INFO  DumpRange.java> 820a80a4 lwz r10,0x4(r11) (GhidraScript)  
INFO  DumpRange.java> 820a80a8 cmplwi cr6,r10,0x0 (GhidraScript)  
INFO  DumpRange.java> 820a80ac beq cr6,0x820a80d0 (GhidraScript)  
INFO  DumpRange.java> 820a80b0 rlwinm r10,r10,0x0,0x0,0x1f (GhidraScript)  
INFO  DumpRange.java> 820a80b4 lwz r3,0x0(r10) (GhidraScript)  
INFO  DumpRange.java> 820a80b8 cmplwi cr6,r3,0x0 (GhidraScript)  
INFO  DumpRange.java> 820a80bc beq cr6,0x820a80d0 (GhidraScript)  
INFO  DumpRange.java> 820a80c0 bl 0x822a8570 (GhidraScript)  
INFO  DumpRange.java> 820a80c4 lwz r11,0x728(r30) (GhidraScript)  
INFO  DumpRange.java> 820a80c8 or r31,r3,r3 (GhidraScript)  
INFO  DumpRange.java> 820a80cc b 0x820a80d4 (GhidraScript)  
INFO  DumpRange.java> 820a80d0 li r31,0x0 (GhidraScript)  
INFO  DumpRange.java> 820a80d4 li r5,0x10 (GhidraScript)  
INFO  DumpRange.java> 820a80d8 li r4,0x230 (GhidraScript)  
INFO  DumpRange.java> 820a80dc or r3,r11,r11 (GhidraScript)  
INFO  DumpRange.java> 820a80e0 bl 0x822257a8 (GhidraScript)  
INFO  DumpRange.java> 820a80e4 rlwinm r11,r29,0x0,0x18,0x1f (GhidraScript)  
INFO  DumpRange.java> 820a80e8 cmplwi cr6,r11,0x0 (GhidraScript)  
INFO  DumpRange.java> 820a80ec beq cr6,0x820a8110 (GhidraScript)  
INFO  DumpRange.java> 820a80f0 lis r11,0x3 (GhidraScript)  
INFO  DumpRange.java> 820a80f4 li r5,0x230 (GhidraScript)  
INFO  DumpRange.java> 820a80f8 ori r10,r11,0x60a8 (GhidraScript)  
INFO  DumpRange.java> 820a80fc lis r11,-0x7d92 (GhidraScript)  
INFO  DumpRange.java> 820a8100 or r4,r31,r31 (GhidraScript)  
INFO  DumpRange.java> 820a8104 lwz r11,0x4eb4(r11) (GhidraScript)  
INFO  DumpRange.java> 820a8108 lwzx r3,r11,r10 (GhidraScript)  
INFO  DumpRange.java> 820a810c bl 0x822744f0 (GhidraScript)  
INFO  DumpRange.java> 820a8110 or r3,r31,r31 (GhidraScript)  
INFO  DumpRange.java> 820a8114 addi r1,r1,0x70 (GhidraScript)  
INFO  DumpRange.java> 820a8118 b 0x82382f4c (GhidraScript)  
INFO  DumpRange.java> 820a811c or r4,r29,r29 (GhidraScript)  
INFO  DumpRange.java> 820a8120 bl 0x820a8e08 (GhidraScript)  
INFO  DumpRange.java> 820a8124 addi r1,r1,0x70 (GhidraScript)  
INFO  DumpRange.java> 820a8128 b 0x82382f4c (GhidraScript)  
INFO  DumpRange.java> 820a812c li r3,0x0 (GhidraScript)  
INFO  DumpRange.java> 820a8130 addi r1,r1,0x70 (GhidraScript)  
INFO  DumpRange.java> 820a8134 b 0x82382f4c (GhidraScript)  
INFO  DumpRange.java> 820a8138 mfspr r12,LR (GhidraScript)  
INFO  DumpRange.java> 820a813c bl 0x82382ed4 (GhidraScript)  
INFO  DumpRange.java> 820a8140 stwu r1,-0xc0(r1) (GhidraScript)  
INFO  DumpRange.java> 820a8144 lis r20,-0x7d5a (GhidraScript)  
INFO  DumpRange.java> 820a8148 or r19,r6,r6 (GhidraScript)  
INFO  DumpRange.java> 820a814c lwz r11,-0x33c0(r20) (GhidraScript)  
INFO  DumpRange.java> 820a8150 rlwinm r10,r11,0x0,0x1f,0x1f (GhidraScript)  
INFO  DumpRange.java> 820a8154 cmplwi cr6,r10,0x0 (GhidraScript)  
INFO  DumpRange.java> 820a8158 lis r10,-0x7d5e (GhidraScript)  
INFO  DumpRange.java> 820a815c addi r31,r10,0x18a0 (GhidraScript)  
INFO  DumpRange.java> 820a8160 bne cr6,0x820a8308 (GhidraScript)  
INFO  DumpRange.java> 820a8164 ori r11,r11,0x1 (GhidraScript)  
INFO  DumpRange.java> 820a8168 lis r21,-0x7df5 (GhidraScript)  
INFO  DumpRange.java> 820a816c lis r22,-0x7df5 (GhidraScript)  
INFO  DumpRange.java> 820a8170 lis r23,-0x7df5 (GhidraScript)  
INFO  DumpRange.java> 820a8174 lis r24,-0x7df5 (GhidraScript)  
INFO  DumpRange.java> 820a8178 stw r11,-0x33c0(r20) (GhidraScript)  
INFO  DumpRange.java> 820a817c subi r11,r21,0x7168 (GhidraScript)  
INFO  DumpRange.java> 820a8180 lis r25,-0x7df5 (GhidraScript)  
INFO  DumpRange.java> 820a8184 lis r26,-0x7df5 (GhidraScript)  
INFO  DumpRange.java> 820a8188 lis r27,-0x7df5 (GhidraScript)  
INFO  DumpRange.java> 820a818c lis r28,-0x7df5 (GhidraScript)  
INFO  DumpRange.java> 820a8190 stw r11,0x4(r31) (GhidraScript)  
INFO  DumpRange.java> 820a8194 li r11,0x4 (GhidraScript)  
INFO  DumpRange.java> 820a8198 lis r29,-0x7df5 (GhidraScript)  
INFO  DumpRange.java> 820a819c lis r30,-0x7df5 (GhidraScript)  
INFO  DumpRange.java> 820a81a0 lis r6,-0x7df5 (GhidraScript)  
INFO  DumpRange.java> 820a81a4 lis r7,-0x7df5 (GhidraScript)  
INFO  DumpRange.java> 820a81a8 stw r11,0x8(r31) (GhidraScript)  
INFO  DumpRange.java> 820a81ac li r11,0x1 (GhidraScript)  
INFO  DumpRange.java> 820a81b0 lis r8,-0x7df5 (GhidraScript)  
INFO  DumpRange.java> 820a81b4 lis r9,-0x7df5 (GhidraScript)  
INFO  DumpRange.java> 820a81b8 lis r10,-0x7df5 (GhidraScript)  
INFO  DumpRange.java> 820a81bc stw r11,0xc(r31) (GhidraScript)  
INFO  DumpRange.java> 820a81c0 subi r11,r22,0x70d8 (GhidraScript)  
INFO  DumpRange.java> 820a81c4 stw r11,0x10(r31) (GhidraScript)  
INFO  DumpRange.java> 820a81c8 li r11,0x5 (GhidraScript)  
INFO  DumpRange.java> 820a81cc stw r11,0x14(r31) (GhidraScript)  
INFO  DumpRange.java> 820a81d0 li r11,0x2 (GhidraScript)  
INFO  DumpRange.java> 820a81d4 stw r11,0x18(r31) (GhidraScript)  
INFO  DumpRange.java> 820a81d8 subi r11,r23,0x7048 (GhidraScript)  
INFO  DumpRange.java> 820a81dc stw r11,0x1c(r31) (GhidraScript)  
INFO  DumpRange.java> 820a81e0 li r11,0xa (GhidraScript)  
INFO  DumpRange.java> 820a81e4 stw r11,0x20(r31) (GhidraScript)  
INFO  DumpRange.java> 820a81e8 li r11,0x3 (GhidraScript)  
INFO  DumpRange.java> 820a81ec stw r11,0x24(r31) (GhidraScript)  
INFO  DumpRange.java> 820a81f0 subi r11,r24,0x7048 (GhidraScript)  
INFO  DumpRange.java> 820a81f4 stw r11,0x28(r31) (GhidraScript)  
INFO  DumpRange.java> 820a81f8 li r11,0x6 (GhidraScript)  
INFO  DumpRange.java> 820a81fc stw r11,0x2c(r31) (GhidraScript)  
INFO  DumpRange.java> 820a8200 li r11,0x4 (GhidraScript)  
INFO  DumpRange.java> 820a8204 stw r11,0x30(r31) (GhidraScript)  
INFO  DumpRange.java> 820a8208 subi r11,r25,0x7048 (GhidraScript)  
INFO  DumpRange.java> 820a820c stw r11,0x34(r31) (GhidraScript)  
INFO  DumpRange.java> 820a8210 li r11,0x8 (GhidraScript)  
INFO  DumpRange.java> 820a8214 stw r11,0x38(r31) (GhidraScript)  
INFO  DumpRange.java> 820a8218 li r11,0x5 (GhidraScript)  
INFO  DumpRange.java> 820a821c stw r11,0x3c(r31) (GhidraScript)  
INFO  DumpRange.java> 820a8220 subi r11,r26,0x7048 (GhidraScript)  
INFO  DumpRange.java> 820a8224 stw r11,0x40(r31) (GhidraScript)  
INFO  DumpRange.java> 820a8228 li r11,0x7 (GhidraScript)  
INFO  DumpRange.java> 820a822c stw r11,0x44(r31) (GhidraScript)  
INFO  DumpRange.java> 820a8230 li r11,0x6 (GhidraScript)  
INFO  DumpRange.java> 820a8234 stw r11,0x48(r31) (GhidraScript)  
INFO  DumpRange.java> 820a8238 subi r11,r27,0x7048 (GhidraScript)  
INFO  DumpRange.java> 820a823c stw r11,0x4c(r31) (GhidraScript)  
INFO  DumpRange.java> 820a8240 li r11,0x9 (GhidraScript)  
INFO  DumpRange.java> 820a8244 stw r11,0x50(r31) (GhidraScript)  
INFO  DumpRange.java> 820a8248 li r11,0x7 (GhidraScript)  
INFO  DumpRange.java> 820a824c stw r11,0x54(r31) (GhidraScript)  
INFO  DumpRange.java> 820a8250 subi r11,r28,0x6fb8 (GhidraScript)  
INFO  DumpRange.java> 820a8254 stw r11,0x58(r31) (GhidraScript)  
INFO  DumpRange.java> 820a8258 li r11,0x2 (GhidraScript)  
INFO  DumpRange.java> 820a825c stw r11,0x5c(r31) (GhidraScript)  
INFO  DumpRange.java> 820a8260 li r11,0x8 (GhidraScript)  
INFO  DumpRange.java> 820a8264 stw r11,0x60(r31) (GhidraScript)  
INFO  DumpRange.java> 820a8268 subi r11,r29,0x6f28 (GhidraScript)  
INFO  DumpRange.java> 820a826c stw r11,0x64(r31) (GhidraScript)  
INFO  DumpRange.java> 820a8270 li r11,0xd (GhidraScript)  
INFO  DumpRange.java> 820a8274 stw r11,0x68(r31) (GhidraScript)  
INFO  DumpRange.java> 820a8278 li r11,0x9 (GhidraScript)  
INFO  DumpRange.java> 820a827c stw r11,0x6c(r31) (GhidraScript)  
INFO  DumpRange.java> 820a8280 subi r11,r30,0x6f28 (GhidraScript)  
INFO  DumpRange.java> 820a8284 stw r11,0x70(r31) (GhidraScript)  
INFO  DumpRange.java> 820a8288 li r11,0xe (GhidraScript)  
INFO  DumpRange.java> 820a828c stw r11,0x74(r31) (GhidraScript)  
INFO  DumpRange.java> 820a8290 li r11,0xa (GhidraScript)  
INFO  DumpRange.java> 820a8294 stw r11,0x78(r31) (GhidraScript)  
INFO  DumpRange.java> 820a8298 subi r11,r6,0x6e98 (GhidraScript)  
INFO  DumpRange.java> 820a829c stw r11,0x7c(r31) (GhidraScript)  
INFO  DumpRange.java> 820a82a0 li r11,0xf (GhidraScript)  
INFO  DumpRange.java> 820a82a4 stw r11,0x80(r31) (GhidraScript)  
INFO  DumpRange.java> 820a82a8 li r11,0xb (GhidraScript)  
INFO  DumpRange.java> 820a82ac stw r11,0x84(r31) (GhidraScript)  
INFO  DumpRange.java> 820a82b0 subi r11,r7,0x6f28 (GhidraScript)  
INFO  DumpRange.java> 820a82b4 stw r11,0x88(r31) (GhidraScript)  
INFO  DumpRange.java> 820a82b8 li r11,0x10 (GhidraScript)  
INFO  DumpRange.java> 820a82bc stw r11,0x8c(r31) (GhidraScript)  
INFO  DumpRange.java> 820a82c0 li r11,0xc (GhidraScript)  
INFO  DumpRange.java> 820a82c4 stw r11,0x90(r31) (GhidraScript)  
INFO  DumpRange.java> 820a82c8 subi r11,r8,0x7048 (GhidraScript)  
INFO  DumpRange.java> 820a82cc stw r11,0x94(r31) (GhidraScript)  
INFO  DumpRange.java> 820a82d0 li r11,0x11 (GhidraScript)  
INFO  DumpRange.java> 820a82d4 stw r11,0x98(r31) (GhidraScript)  
INFO  DumpRange.java> 820a82d8 li r11,0xd (GhidraScript)  
INFO  DumpRange.java> 820a82dc stw r11,0x9c(r31) (GhidraScript)  
INFO  DumpRange.java> 820a82e0 subi r11,r9,0x6e08 (GhidraScript)  
INFO  DumpRange.java> 820a82e4 stw r11,0xa0(r31) (GhidraScript)  
INFO  DumpRange.java> 820a82e8 li r11,0x6 (GhidraScript)  
INFO  DumpRange.java> 820a82ec stw r11,0xa4(r31) (GhidraScript)  
INFO  DumpRange.java> 820a82f0 li r11,0xe (GhidraScript)  
INFO  DumpRange.java> 820a82f4 stw r11,0xa8(r31) (GhidraScript)  
INFO  DumpRange.java> 820a82f8 subi r11,r10,0x6d78 (GhidraScript)  
INFO  DumpRange.java> 820a82fc stw r11,0xac(r31) (GhidraScript)  
INFO  DumpRange.java> 820a8300 li r11,0x4 (GhidraScript)  
INFO  DumpRange.java> 820a8304 stw r11,0xb0(r31) (GhidraScript)  
INFO  DumpRange.java> 820a8308 subi r11,r4,0x1 (GhidraScript)  
INFO  DumpRange.java> 820a830c cmplwi cr6,r11,0x3 (GhidraScript)  
INFO  DumpRange.java> 820a8310 bgt cr6,0x820a859c (GhidraScript)  
INFO  DumpRange.java> 820a8314 lis r12,-0x7df5 (GhidraScript)  
INFO  DumpRange.java> 820a8318 subi r12,r12,0x7cd4 (GhidraScript)  
INFO  DumpRange.java> 820a831c rlwinm r0,r11,0x2,0x0,0x1d (GhidraScript)  
INFO  DumpRange.java> 820a8320 lwzx r0,r12,r0 (GhidraScript)  
INFO  DumpRange.java> 820a8324 mtspr CTR,r0 (GhidraScript)  
INFO  DumpRange.java> 820a8328 bctr (GhidraScript)  
INFO  DumpRange.java> 820a832c <not-disassembled> (GhidraScript)  
INFO  REPORT: Execute script: DecompileAt.java '0x820a7f48'  (HeadlessAnalyzer)  
INFO  SCRIPT: /fastdata/lavaulta/auto-re-agent/workspaces/ace-combat-6/scripts/DecompileAt.java (HeadlessAnalyzer)  
INFO  DecompileAt.java> FUNCTION 820a7f48 Function_820A7F48 (GhidraScript)  
INFO  DecompileAt.java> 
void Function_820A7F48(void)

{
                    /* WARNING: Subroutine does not return */
  FUN_82382efc();
}

 (GhidraScript)  
INFO  REPORT: Execute script: DecompileAt.java '0x820a8138'  (HeadlessAnalyzer)  
INFO  SCRIPT: /fastdata/lavaulta/auto-re-agent/workspaces/ace-combat-6/scripts/DecompileAt.java (HeadlessAnalyzer)  
INFO  DecompileAt.java> FUNCTION 820a8138 Function_820A8138 (GhidraScript)  
INFO  DecompileAt.java> 
void Function_820A8138(void)

{
                    /* WARNING: Subroutine does not return */
  FUN_82382ed4();
}

 (GhidraScript)  
INFO  REPORT: Execute script: ReferencesTo.java '0x820a7f48'  (HeadlessAnalyzer)  
INFO  SCRIPT: /fastdata/lavaulta/auto-re-agent/workspaces/ace-combat-6/scripts/ReferencesTo.java (HeadlessAnalyzer)  
INFO  ReferencesTo.java> 820551a0 DATA (GhidraScript)  
INFO  REPORT: Execute script: ReferencesTo.java '0x820a8138'  (HeadlessAnalyzer)  
INFO  SCRIPT: /fastdata/lavaulta/auto-re-agent/workspaces/ace-combat-6/scripts/ReferencesTo.java (HeadlessAnalyzer)  
INFO  ReferencesTo.java> 820551a4 DATA (GhidraScript)  
INFO  REPORT: Save succeeded for processed file: /default.xex (HeadlessAnalyzer)  
INFO  Using log config file: jar:file:/fastdata/lavaulta/auto-re-agent/.tools/ghidra_12.1.2_PUBLIC/Ghidra/Framework/Generic/lib/Generic.jar!/generic.log4j.xml (LoggingInitialization)  
INFO  Using log file: /home/lavaulta/.config/ghidra/ghidra_12.1.2_PUBLIC/application.log (LoggingInitialization)  
INFO  Loading user preferences: /home/lavaulta/.config/ghidra/ghidra_12.1.2_PUBLIC/preferences (Preferences)  
INFO  Searching for classes... (ClassSearcher)  
INFO  Ignoring class 'xexloaderwv.XEXLoaderWVLoader' from '/fastdata/lavaulta/auto-re-agent/.tools/ghidra_12.1.2_PUBLIC/Ghidra/Extensions/XEXLoaderWV/lib/XEXLoaderWV.jar'. Already found at '/fastdata/lavaulta/auto-re-agent/.tools/ghidra_12.1.2_PUBLIC/Ghidra/patch/XEXLoaderWV-java21.jar'. (ClassSearcher)  
INFO  Class search complete (1452 ms) (ClassSearcher)  
INFO  Initializing SSL Context (DefaultSSLContextInitializer)  
INFO  Initializing Random Number Generator... (SecureRandomFactory)  
INFO  Random Number Generator initialization complete: NativePRNGNonBlocking (SecureRandomFactory)  
INFO  Trust manager disabled, cacerts have not been set (DefaultTrustManagerFactory)  
INFO  Headless startup complete (3055 ms) (AnalyzeHeadless)  
INFO  Class searcher loaded 59 extension points (20 false positives) (ClassSearcher)  
INFO  HEADLESS Script Paths:
    /fastdata/lavaulta/auto-re-agent/.tools/ghidra_12.1.2_PUBLIC/Ghidra/Features/MicrosoftCodeAnalyzer/ghidra_scripts
    /fastdata/lavaulta/auto-re-agent/.tools/ghidra_12.1.2_PUBLIC/Ghidra/Features/PDB/ghidra_scripts
    /fastdata/lavaulta/auto-re-agent/.tools/ghidra_12.1.2_PUBLIC/Ghidra/Processors/8051/ghidra_scripts
    /fastdata/lavaulta/auto-re-agent/.tools/ghidra_12.1.2_PUBLIC/Ghidra/Features/Base/ghidra_scripts
    /fastdata/lavaulta/auto-re-agent/workspaces/ace-combat-6/scripts
    /fastdata/lavaulta/auto-re-agent/.tools/ghidra_12.1.2_PUBLIC/Ghidra/Features/FileFormats/ghidra_scripts
    /fastdata/lavaulta/auto-re-agent/.tools/ghidra_12.1.2_PUBLIC/Ghidra/Features/GnuDemangler/ghidra_scripts
    /fastdata/lavaulta/auto-re-agent/.tools/ghidra_12.1.2_PUBLIC/Ghidra/Extensions/ghidra-emotionengine-reloaded/ghidra_scripts
    /fastdata/lavaulta/auto-re-agent/.tools/ghidra_12.1.2_PUBLIC/Ghidra/Features/Decompiler/ghidra_scripts
    /fastdata/lavaulta/auto-re-agent/.tools/ghidra_12.1.2_PUBLIC/Ghidra/Features/FunctionID/ghidra_scripts
    /fastdata/lavaulta/auto-re-agent/.tools/ghidra_12.1.2_PUBLIC/Ghidra/Features/DecompilerDependent/ghidra_scripts
    /fastdata/lavaulta/auto-re-agent/.tools/ghidra_12.1.2_PUBLIC/Ghidra/Processors/DATA/ghidra_scripts
    /fastdata/lavaulta/auto-re-agent/.tools/ghidra_12.1.2_PUBLIC/Ghidra/Debug/Debugger-rmi-trace/ghidra_scripts
    /fastdata/lavaulta/auto-re-agent/.tools/ghidra_12.1.2_PUBLIC/Ghidra/Features/SwiftDemangler/ghidra_scripts
    /fastdata/lavaulta/auto-re-agent/.tools/ghidra_12.1.2_PUBLIC/Ghidra/Debug/Debugger/ghidra_scripts
    /fastdata/lavaulta/auto-re-agent/.tools/ghidra_12.1.2_PUBLIC/Ghidra/Processors/PIC/ghidra_scripts
    /fastdata/lavaulta/auto-re-agent/.tools/ghidra_12.1.2_PUBLIC/Ghidra/Extensions/XEXLoaderWV/ghidra_scripts
    /fastdata/lavaulta/auto-re-agent/.tools/ghidra_12.1.2_PUBLIC/Ghidra/Features/WildcardAssembler/ghidra_scripts
    /fastdata/lavaulta/auto-re-agent/.tools/ghidra_12.1.2_PUBLIC/Ghidra/Features/PyGhidra/ghidra_scripts
    /fastdata/lavaulta/auto-re-agent/.tools/ghidra_12.1.2_PUBLIC/Ghidra/Features/BSim/ghidra_scripts
    /fastdata/lavaulta/auto-re-agent/.tools/ghidra_12.1.2_PUBLIC/Ghidra/Features/VersionTracking/ghidra_scripts
    /fastdata/lavaulta/auto-re-agent/.tools/ghidra_12.1.2_PUBLIC/Ghidra/Features/BytePatterns/ghidra_scripts
    /fastdata/lavaulta/auto-re-agent/.tools/ghidra_12.1.2_PUBLIC/Ghidra/Processors/Atmel/ghidra_scripts
    /fastdata/lavaulta/auto-re-agent/.tools/ghidra_12.1.2_PUBLIC/Ghidra/Features/SystemEmulation/ghidra_scripts
    /fastdata/lavaulta/auto-re-agent/.tools/ghidra_12.1.2_PUBLIC/Ghidra/Processors/JVM/ghidra_scripts (HeadlessAnalyzer)  
INFO  HEADLESS: execution starts (HeadlessAnalyzer)  
INFO  Opening existing project: /fastdata/lavaulta/auto-re-agent/workspaces/ace-combat-6/ghidra-projects/ace-combat-6 (HeadlessAnalyzer)  
INFO  Opening project: /fastdata/lavaulta/auto-re-agent/workspaces/ace-combat-6/ghidra-projects/ace-combat-6 (HeadlessProject)  
INFO  REPORT: Processing project file: /default.xex (HeadlessAnalyzer)  
INFO  REPORT: Execute script: DumpU32Range.java '0x820a7f7c' '0x820a7f94'  (HeadlessAnalyzer)  
INFO  SCRIPT: /fastdata/lavaulta/auto-re-agent/workspaces/ace-combat-6/scripts/DumpU32Range.java (HeadlessAnalyzer)  
INFO  DumpU32Range.java> 820a7f7c 0x820a7f94 (GhidraScript)  
INFO  DumpU32Range.java> 820a7f80 0x820a8014 (GhidraScript)  
INFO  DumpU32Range.java> 820a7f84 0x820a809c (GhidraScript)  
INFO  DumpU32Range.java> 820a7f88 0x820a811c (GhidraScript)  
INFO  DumpU32Range.java> 820a7f8c 0x820a811c (GhidraScript)  
INFO  DumpU32Range.java> 820a7f90 0x820a811c (GhidraScript)  
INFO  REPORT: Execute script: DumpU32Range.java '0x820a832c' '0x820a8340'  (HeadlessAnalyzer)  
INFO  SCRIPT: /fastdata/lavaulta/auto-re-agent/workspaces/ace-combat-6/scripts/DumpU32Range.java (HeadlessAnalyzer)  
INFO  DumpU32Range.java> 820a832c 0x820a833c (GhidraScript)  
INFO  DumpU32Range.java> 820a8330 0x820a8470 (GhidraScript)  
INFO  DumpU32Range.java> 820a8334 0x820a84f0 (GhidraScript)  
INFO  DumpU32Range.java> 820a8338 0x820a8570 (GhidraScript)  
INFO  DumpU32Range.java> 820a833c 0x3fa0826e (GhidraScript)  
INFO  REPORT: Execute script: DumpRange.java '0x820a832c' '0x820a8600'  (HeadlessAnalyzer)  
INFO  SCRIPT: /fastdata/lavaulta/auto-re-agent/workspaces/ace-combat-6/scripts/DumpRange.java (HeadlessAnalyzer)  
INFO  DumpRange.java> 820a832c <not-disassembled> (GhidraScript)  
INFO  DumpRange.java> 820a8330 <not-disassembled> (GhidraScript)  
INFO  DumpRange.java> 820a8334 <not-disassembled> (GhidraScript)  
INFO  DumpRange.java> 820a8338 <not-disassembled> (GhidraScript)  
INFO  DumpRange.java> 820a833c lis r29,-0x7d92 (GhidraScript)  
INFO  DumpRange.java> 820a8340 lwz r11,0x4eb4(r29) (GhidraScript)  
INFO  DumpRange.java> 820a8344 addi r10,r11,0x70 (GhidraScript)  
INFO  DumpRange.java> 820a8348 lis r11,0x2 (GhidraScript)  
INFO  DumpRange.java> 820a834c ori r11,r11,0x43f8 (GhidraScript)  
INFO  DumpRange.java> 820a8350 lwzx r11,r10,r11 (GhidraScript)  
INFO  DumpRange.java> 820a8354 cmpwi cr6,r11,0x0 (GhidraScript)  
INFO  DumpRange.java> 820a8358 blt cr6,0x820a8364 (GhidraScript)  
INFO  DumpRange.java> 820a835c cmpwi cr6,r11,0x3 (GhidraScript)  
INFO  DumpRange.java> 820a8360 blt cr6,0x820a8368 (GhidraScript)  
INFO  DumpRange.java> 820a8364 li r11,0x0 (GhidraScript)  
INFO  DumpRange.java> 820a8368 lis r9,0x0 (GhidraScript)  
INFO  DumpRange.java> 820a836c lis r30,-0x7d96 (GhidraScript)  
INFO  DumpRange.java> 820a8370 ori r9,r9,0xa7e0 (GhidraScript)  
INFO  DumpRange.java> 820a8374 mullw r11,r11,r9 (GhidraScript)  
INFO  DumpRange.java> 820a8378 add r11,r11,r10 (GhidraScript)  
INFO  DumpRange.java> 820a837c lwz r11,0x4c70(r11) (GhidraScript)  
INFO  DumpRange.java> 820a8380 cmpwi cr6,r11,0x0 (GhidraScript)  
INFO  DumpRange.java> 820a8384 lwz r11,0x728(r30) (GhidraScript)  
INFO  DumpRange.java> 820a8388 lwz r10,0x4(r11) (GhidraScript)  
INFO  DumpRange.java> 820a838c bne cr6,0x820a8400 (GhidraScript)  
INFO  DumpRange.java> 820a8390 cmplwi cr6,r10,0x0 (GhidraScript)  
INFO  DumpRange.java> 820a8394 beq cr6,0x820a83b8 (GhidraScript)  
INFO  DumpRange.java> 820a8398 rlwinm r10,r10,0x0,0x0,0x1f (GhidraScript)  
INFO  DumpRange.java> 820a839c lwz r3,0x0(r10) (GhidraScript)  
INFO  DumpRange.java> 820a83a0 cmplwi cr6,r3,0x0 (GhidraScript)  
INFO  DumpRange.java> 820a83a4 beq cr6,0x820a83b8 (GhidraScript)  
INFO  DumpRange.java> 820a83a8 bl 0x8222bec8 (GhidraScript)  
INFO  DumpRange.java> 820a83ac lwz r11,0x728(r30) (GhidraScript)  
INFO  DumpRange.java> 820a83b0 or r31,r3,r3 (GhidraScript)  
INFO  DumpRange.java> 820a83b4 b 0x820a83bc (GhidraScript)  
INFO  DumpRange.java> 820a83b8 li r31,0x0 (GhidraScript)  
INFO  DumpRange.java> 820a83bc li r5,0x10 (GhidraScript)  
INFO  DumpRange.java> 820a83c0 li r4,0x29b0 (GhidraScript)  
INFO  DumpRange.java> 820a83c4 or r3,r11,r11 (GhidraScript)  
INFO  DumpRange.java> 820a83c8 bl 0x822257a8 (GhidraScript)  
INFO  DumpRange.java> 820a83cc rlwinm r11,r19,0x0,0x18,0x1f (GhidraScript)  
INFO  DumpRange.java> 820a83d0 cmplwi cr6,r11,0x0 (GhidraScript)  
INFO  DumpRange.java> 820a83d4 beq cr6,0x820a83f4 (GhidraScript)  
INFO  DumpRange.java> 820a83d8 lis r11,0x3 (GhidraScript)  
INFO  DumpRange.java> 820a83dc li r5,0x29b0 (GhidraScript)  
INFO  DumpRange.java> 820a83e0 ori r10,r11,0x60a8 (GhidraScript)  
INFO  DumpRange.java> 820a83e4 lwz r11,0x4eb4(r29) (GhidraScript)  
INFO  DumpRange.java> 820a83e8 or r4,r31,r31 (GhidraScript)  
INFO  DumpRange.java> 820a83ec lwzx r3,r11,r10 (GhidraScript)  
INFO  DumpRange.java> 820a83f0 bl 0x822744f0 (GhidraScript)  
INFO  DumpRange.java> 820a83f4 or r3,r31,r31 (GhidraScript)  
INFO  DumpRange.java> 820a83f8 addi r1,r1,0xc0 (GhidraScript)  
INFO  DumpRange.java> 820a83fc b 0x82382f24 (GhidraScript)  
INFO  DumpRange.java> 820a8400 cmplwi cr6,r10,0x0 (GhidraScript)  
INFO  DumpRange.java> 820a8404 beq cr6,0x820a8428 (GhidraScript)  
INFO  DumpRange.java> 820a8408 lwz r10,0x4(r11) (GhidraScript)  
INFO  DumpRange.java> 820a840c lwz r3,0x0(r10) (GhidraScript)  
INFO  DumpRange.java> 820a8410 cmplwi cr6,r3,0x0 (GhidraScript)  
INFO  DumpRange.java> 820a8414 beq cr6,0x820a8428 (GhidraScript)  
INFO  DumpRange.java> 820a8418 bl 0x82293c28 (GhidraScript)  
INFO  DumpRange.java> 820a841c lwz r11,0x728(r30) (GhidraScript)  
INFO  DumpRange.java> 820a8420 or r31,r3,r3 (GhidraScript)  
INFO  DumpRange.java> 820a8424 b 0x820a842c (GhidraScript)  
INFO  DumpRange.java> 820a8428 li r31,0x0 (GhidraScript)  
INFO  DumpRange.java> 820a842c li r5,0x10 (GhidraScript)  
INFO  DumpRange.java> 820a8430 li r4,0x2f80 (GhidraScript)  
INFO  DumpRange.java> 820a8434 or r3,r11,r11 (GhidraScript)  
INFO  DumpRange.java> 820a8438 bl 0x822257a8 (GhidraScript)  
INFO  DumpRange.java> 820a843c rlwinm r11,r19,0x0,0x18,0x1f (GhidraScript)  
INFO  DumpRange.java> 820a8440 cmplwi cr6,r11,0x0 (GhidraScript)  
INFO  DumpRange.java> 820a8444 beq cr6,0x820a8464 (GhidraScript)  
INFO  DumpRange.java> 820a8448 lis r11,0x3 (GhidraScript)  
INFO  DumpRange.java> 820a844c li r5,0x2f80 (GhidraScript)  
INFO  DumpRange.java> 820a8450 ori r10,r11,0x60a8 (GhidraScript)  
INFO  DumpRange.java> 820a8454 lwz r11,0x4eb4(r29) (GhidraScript)  
INFO  DumpRange.java> 820a8458 or r4,r31,r31 (GhidraScript)  
INFO  DumpRange.java> 820a845c lwzx r3,r11,r10 (GhidraScript)  
INFO  DumpRange.java> 820a8460 bl 0x822744f0 (GhidraScript)  
INFO  DumpRange.java> 820a8464 or r3,r31,r31 (GhidraScript)  
INFO  DumpRange.java> 820a8468 addi r1,r1,0xc0 (GhidraScript)  
INFO  DumpRange.java> 820a846c b 0x82382f24 (GhidraScript)  
INFO  DumpRange.java> 820a8470 lis r30,-0x7d96 (GhidraScript)  
INFO  DumpRange.java> 820a8474 lwz r11,0x728(r30) (GhidraScript)  
INFO  DumpRange.java> 820a8478 lwz r10,0x4(r11) (GhidraScript)  
INFO  DumpRange.java> 820a847c cmplwi cr6,r10,0x0 (GhidraScript)  
INFO  DumpRange.java> 820a8480 beq cr6,0x820a84a4 (GhidraScript)  
INFO  DumpRange.java> 820a8484 rlwinm r10,r10,0x0,0x0,0x1f (GhidraScript)  
INFO  DumpRange.java> 820a8488 lwz r3,0x0(r10) (GhidraScript)  
INFO  DumpRange.java> 820a848c cmplwi cr6,r3,0x0 (GhidraScript)  
INFO  DumpRange.java> 820a8490 beq cr6,0x820a84a4 (GhidraScript)  
INFO  DumpRange.java> 820a8494 bl 0x8229d9b0 (GhidraScript)  
INFO  DumpRange.java> 820a8498 lwz r11,0x728(r30) (GhidraScript)  
INFO  DumpRange.java> 820a849c or r31,r3,r3 (GhidraScript)  
INFO  DumpRange.java> 820a84a0 b 0x820a84a8 (GhidraScript)  
INFO  DumpRange.java> 820a84a4 li r31,0x0 (GhidraScript)  
INFO  DumpRange.java> 820a84a8 li r5,0x10 (GhidraScript)  
INFO  DumpRange.java> 820a84ac li r4,0x250 (GhidraScript)  
INFO  DumpRange.java> 820a84b0 or r3,r11,r11 (GhidraScript)  
INFO  DumpRange.java> 820a84b4 bl 0x822257a8 (GhidraScript)  
INFO  DumpRange.java> 820a84b8 rlwinm r11,r19,0x0,0x18,0x1f (GhidraScript)  
INFO  DumpRange.java> 820a84bc cmplwi cr6,r11,0x0 (GhidraScript)  
INFO  DumpRange.java> 820a84c0 beq cr6,0x820a84e4 (GhidraScript)  
INFO  DumpRange.java> 820a84c4 lis r11,0x3 (GhidraScript)  
INFO  DumpRange.java> 820a84c8 li r5,0x250 (GhidraScript)  
INFO  DumpRange.java> 820a84cc ori r10,r11,0x60a8 (GhidraScript)  
INFO  DumpRange.java> 820a84d0 lis r11,-0x7d92 (GhidraScript)  
INFO  DumpRange.java> 820a84d4 or r4,r31,r31 (GhidraScript)  
INFO  DumpRange.java> 820a84d8 lwz r11,0x4eb4(r11) (GhidraScript)  
INFO  DumpRange.java> 820a84dc lwzx r3,r11,r10 (GhidraScript)  
INFO  DumpRange.java> 820a84e0 bl 0x822744f0 (GhidraScript)  
INFO  DumpRange.java> 820a84e4 or r3,r31,r31 (GhidraScript)  
INFO  DumpRange.java> 820a84e8 addi r1,r1,0xc0 (GhidraScript)  
INFO  DumpRange.java> 820a84ec b 0x82382f24 (GhidraScript)  
INFO  DumpRange.java> 820a84f0 lis r30,-0x7d96 (GhidraScript)  
INFO  DumpRange.java> 820a84f4 lwz r11,0x728(r30) (GhidraScript)  
INFO  DumpRange.java> 820a84f8 lwz r10,0x4(r11) (GhidraScript)  
INFO  DumpRange.java> 820a84fc cmplwi cr6,r10,0x0 (GhidraScript)  
INFO  DumpRange.java> 820a8500 beq cr6,0x820a8524 (GhidraScript)  
INFO  DumpRange.java> 820a8504 rlwinm r10,r10,0x0,0x0,0x1f (GhidraScript)  
INFO  DumpRange.java> 820a8508 lwz r3,0x0(r10) (GhidraScript)  
INFO  DumpRange.java> 820a850c cmplwi cr6,r3,0x0 (GhidraScript)  
INFO  DumpRange.java> 820a8510 beq cr6,0x820a8524 (GhidraScript)  
INFO  DumpRange.java> 820a8514 bl 0x822a47e8 (GhidraScript)  
INFO  DumpRange.java> 820a8518 lwz r11,0x728(r30) (GhidraScript)  
INFO  DumpRange.java> 820a851c or r31,r3,r3 (GhidraScript)  
INFO  DumpRange.java> 820a8520 b 0x820a8528 (GhidraScript)  
INFO  DumpRange.java> 820a8524 li r31,0x0 (GhidraScript)  
INFO  DumpRange.java> 820a8528 li r5,0x10 (GhidraScript)  
INFO  DumpRange.java> 820a852c li r4,0x3a0 (GhidraScript)  
INFO  DumpRange.java> 820a8530 or r3,r11,r11 (GhidraScript)  
INFO  DumpRange.java> 820a8534 bl 0x822257a8 (GhidraScript)  
INFO  DumpRange.java> 820a8538 rlwinm r11,r19,0x0,0x18,0x1f (GhidraScript)  
INFO  DumpRange.java> 820a853c cmplwi cr6,r11,0x0 (GhidraScript)  
INFO  DumpRange.java> 820a8540 beq cr6,0x820a8564 (GhidraScript)  
INFO  DumpRange.java> 820a8544 lis r11,0x3 (GhidraScript)  
INFO  DumpRange.java> 820a8548 li r5,0x3a0 (GhidraScript)  
INFO  DumpRange.java> 820a854c ori r10,r11,0x60a8 (GhidraScript)  
INFO  DumpRange.java> 820a8550 lis r11,-0x7d92 (GhidraScript)  
INFO  DumpRange.java> 820a8554 or r4,r31,r31 (GhidraScript)  
INFO  DumpRange.java> 820a8558 lwz r11,0x4eb4(r11) (GhidraScript)  
INFO  DumpRange.java> 820a855c lwzx r3,r11,r10 (GhidraScript)  
INFO  DumpRange.java> 820a8560 bl 0x822744f0 (GhidraScript)  
INFO  DumpRange.java> 820a8564 or r3,r31,r31 (GhidraScript)  
INFO  DumpRange.java> 820a8568 addi r1,r1,0xc0 (GhidraScript)  
INFO  DumpRange.java> 820a856c b 0x82382f24 (GhidraScript)  
INFO  DumpRange.java> 820a8570 li r11,0x0 (GhidraScript)  
INFO  DumpRange.java> 820a8574 or r10,r31,r31 (GhidraScript)  
INFO  DumpRange.java> 820a8578 li r9,0x0 (GhidraScript)  
INFO  DumpRange.java> 820a857c lwz r8,0x0(r10) (GhidraScript)  
INFO  DumpRange.java> 820a8580 cmpw cr6,r8,r5 (GhidraScript)  
INFO  DumpRange.java> 820a8584 beq cr6,0x820a85a8 (GhidraScript)  
INFO  DumpRange.java> 820a8588 addi r9,r9,0xc (GhidraScript)  
INFO  DumpRange.java> 820a858c addi r11,r11,0x1 (GhidraScript)  
INFO  DumpRange.java> 820a8590 addi r10,r10,0xc (GhidraScript)  
INFO  DumpRange.java> 820a8594 cmplwi cr6,r9,0xb4 (GhidraScript)  
INFO  DumpRange.java> 820a8598 blt cr6,0x820a857c (GhidraScript)  
INFO  DumpRange.java> 820a859c li r3,0x0 (GhidraScript)  
INFO  DumpRange.java> 820a85a0 addi r1,r1,0xc0 (GhidraScript)  
INFO  DumpRange.java> 820a85a4 b 0x82382f24 (GhidraScript)  
INFO  DumpRange.java> 820a85a8 rlwinm r10,r11,0x1,0x0,0x1e (GhidraScript)  
INFO  DumpRange.java> 820a85ac addi r9,r31,0x4 (GhidraScript)  
INFO  DumpRange.java> 820a85b0 add r11,r11,r10 (GhidraScript)  
INFO  DumpRange.java> 820a85b4 or r4,r19,r19 (GhidraScript)  
INFO  DumpRange.java> 820a85b8 rlwinm r30,r11,0x2,0x0,0x1d (GhidraScript)  
INFO  DumpRange.java> 820a85bc lwzx r11,r30,r9 (GhidraScript)  
INFO  DumpRange.java> 820a85c0 mtspr CTR,r11 (GhidraScript)  
INFO  DumpRange.java> 820a85c4 bctrl (GhidraScript)  
INFO  DumpRange.java> 820a85c8 addi r11,r31,0x8 (GhidraScript)  
INFO  DumpRange.java> 820a85cc lwzx r11,r30,r11 (GhidraScript)  
INFO  DumpRange.java> 820a85d0 stw r11,0xb8(r3) (GhidraScript)  
INFO  DumpRange.java> 820a85d4 addi r1,r1,0xc0 (GhidraScript)  
INFO  DumpRange.java> 820a85d8 b 0x82382f24 (GhidraScript)  
INFO  DumpRange.java> 820a85dc <not-disassembled> (GhidraScript)  
INFO  DumpRange.java> 820a85e0 mfspr r12,LR (GhidraScript)  
INFO  DumpRange.java> 820a85e4 stw r12,-0x8(r1) (GhidraScript)  
INFO  DumpRange.java> 820a85e8 std r30,-0x18(r1) (GhidraScript)  
INFO  DumpRange.java> 820a85ec std r31,-0x10(r1) (GhidraScript)  
INFO  DumpRange.java> 820a85f0 stwu r1,-0x70(r1) (GhidraScript)  
INFO  DumpRange.java> 820a85f4 or r30,r4,r4 (GhidraScript)  
INFO  DumpRange.java> 820a85f8 cmplwi cr6,r30,0x0 (GhidraScript)  
INFO  DumpRange.java> 820a85fc beq cr6,0x820a865c (GhidraScript)  
INFO  REPORT: Execute script: DumpRange.java '0x820a8e08' '0x820a9000'  (HeadlessAnalyzer)  
INFO  SCRIPT: /fastdata/lavaulta/auto-re-agent/workspaces/ace-combat-6/scripts/DumpRange.java (HeadlessAnalyzer)  
INFO  DumpRange.java> 820a8e08 mfspr r12,LR (GhidraScript)  
INFO  DumpRange.java> 820a8e0c bl 0x82382efc (GhidraScript)  
INFO  DumpRange.java> 820a8e10 stwu r1,-0x70(r1) (GhidraScript)  
INFO  DumpRange.java> 820a8e14 lis r30,-0x7d96 (GhidraScript)  
INFO  DumpRange.java> 820a8e18 or r29,r4,r4 (GhidraScript)  
INFO  DumpRange.java> 820a8e1c lwz r11,0x728(r30) (GhidraScript)  
INFO  DumpRange.java> 820a8e20 lwz r10,0x4(r11) (GhidraScript)  
INFO  DumpRange.java> 820a8e24 cmplwi cr6,r10,0x0 (GhidraScript)  
INFO  DumpRange.java> 820a8e28 beq cr6,0x820a8e4c (GhidraScript)  
INFO  DumpRange.java> 820a8e2c rlwinm r10,r10,0x0,0x0,0x1f (GhidraScript)  
INFO  DumpRange.java> 820a8e30 lwz r3,0x0(r10) (GhidraScript)  
INFO  DumpRange.java> 820a8e34 cmplwi cr6,r3,0x0 (GhidraScript)  
INFO  DumpRange.java> 820a8e38 beq cr6,0x820a8e4c (GhidraScript)  
INFO  DumpRange.java> 820a8e3c bl 0x822986b0 (GhidraScript)  
INFO  DumpRange.java> 820a8e40 lwz r11,0x728(r30) (GhidraScript)  
INFO  DumpRange.java> 820a8e44 or r31,r3,r3 (GhidraScript)  
INFO  DumpRange.java> 820a8e48 b 0x820a8e50 (GhidraScript)  
INFO  DumpRange.java> 820a8e4c li r31,0x0 (GhidraScript)  
INFO  DumpRange.java> 820a8e50 li r5,0x10 (GhidraScript)  
INFO  DumpRange.java> 820a8e54 li r4,0x230 (GhidraScript)  
INFO  DumpRange.java> 820a8e58 or r3,r11,r11 (GhidraScript)  
INFO  DumpRange.java> 820a8e5c bl 0x822257a8 (GhidraScript)  
INFO  DumpRange.java> 820a8e60 rlwinm r11,r29,0x0,0x18,0x1f (GhidraScript)  
INFO  DumpRange.java> 820a8e64 cmplwi cr6,r11,0x0 (GhidraScript)  
INFO  DumpRange.java> 820a8e68 beq cr6,0x820a8e8c (GhidraScript)  
INFO  DumpRange.java> 820a8e6c lis r11,0x3 (GhidraScript)  
INFO  DumpRange.java> 820a8e70 li r5,0x230 (GhidraScript)  
INFO  DumpRange.java> 820a8e74 ori r10,r11,0x60a8 (GhidraScript)  
INFO  DumpRange.java> 820a8e78 lis r11,-0x7d92 (GhidraScript)  
INFO  DumpRange.java> 820a8e7c or r4,r31,r31 (GhidraScript)  
INFO  DumpRange.java> 820a8e80 lwz r11,0x4eb4(r11) (GhidraScript)  
INFO  DumpRange.java> 820a8e84 lwzx r3,r11,r10 (GhidraScript)  
INFO  DumpRange.java> 820a8e88 bl 0x822744f0 (GhidraScript)  
INFO  DumpRange.java> 820a8e8c or r3,r31,r31 (GhidraScript)  
INFO  DumpRange.java> 820a8e90 addi r1,r1,0x70 (GhidraScript)  
INFO  DumpRange.java> 820a8e94 b 0x82382f4c (GhidraScript)  
INFO  DumpRange.java> 820a8e98 mfspr r12,LR (GhidraScript)  
INFO  DumpRange.java> 820a8e9c bl 0x82382efc (GhidraScript)  
INFO  DumpRange.java> 820a8ea0 stwu r1,-0x70(r1) (GhidraScript)  
INFO  DumpRange.java> 820a8ea4 lis r30,-0x7d96 (GhidraScript)  
INFO  DumpRange.java> 820a8ea8 or r29,r4,r4 (GhidraScript)  
INFO  DumpRange.java> 820a8eac lwz r11,0x728(r30) (GhidraScript)  
INFO  DumpRange.java> 820a8eb0 lwz r10,0x4(r11) (GhidraScript)  
INFO  DumpRange.java> 820a8eb4 cmplwi cr6,r10,0x0 (GhidraScript)  
INFO  DumpRange.java> 820a8eb8 beq cr6,0x820a8edc (GhidraScript)  
INFO  DumpRange.java> 820a8ebc rlwinm r10,r10,0x0,0x0,0x1f (GhidraScript)  
INFO  DumpRange.java> 820a8ec0 lwz r3,0x0(r10) (GhidraScript)  
INFO  DumpRange.java> 820a8ec4 cmplwi cr6,r3,0x0 (GhidraScript)  
INFO  DumpRange.java> 820a8ec8 beq cr6,0x820a8edc (GhidraScript)  
INFO  DumpRange.java> 820a8ecc bl 0x8228f6b0 (GhidraScript)  
INFO  DumpRange.java> 820a8ed0 lwz r11,0x728(r30) (GhidraScript)  
INFO  DumpRange.java> 820a8ed4 or r31,r3,r3 (GhidraScript)  
INFO  DumpRange.java> 820a8ed8 b 0x820a8ee0 (GhidraScript)  
INFO  DumpRange.java> 820a8edc li r31,0x0 (GhidraScript)  
INFO  DumpRange.java> 820a8ee0 li r5,0x10 (GhidraScript)  
INFO  DumpRange.java> 820a8ee4 li r4,0x340 (GhidraScript)  
INFO  DumpRange.java> 820a8ee8 or r3,r11,r11 (GhidraScript)  
INFO  DumpRange.java> 820a8eec bl 0x822257a8 (GhidraScript)  
INFO  DumpRange.java> 820a8ef0 rlwinm r11,r29,0x0,0x18,0x1f (GhidraScript)  
INFO  DumpRange.java> 820a8ef4 cmplwi cr6,r11,0x0 (GhidraScript)  
INFO  DumpRange.java> 820a8ef8 beq cr6,0x820a8f1c (GhidraScript)  
INFO  DumpRange.java> 820a8efc lis r11,0x3 (GhidraScript)  
INFO  DumpRange.java> 820a8f00 li r5,0x340 (GhidraScript)  
INFO  DumpRange.java> 820a8f04 ori r10,r11,0x60a8 (GhidraScript)  
INFO  DumpRange.java> 820a8f08 lis r11,-0x7d92 (GhidraScript)  
INFO  DumpRange.java> 820a8f0c or r4,r31,r31 (GhidraScript)  
INFO  DumpRange.java> 820a8f10 lwz r11,0x4eb4(r11) (GhidraScript)  
INFO  DumpRange.java> 820a8f14 lwzx r3,r11,r10 (GhidraScript)  
INFO  DumpRange.java> 820a8f18 bl 0x822744f0 (GhidraScript)  
INFO  DumpRange.java> 820a8f1c or r3,r31,r31 (GhidraScript)  
INFO  DumpRange.java> 820a8f20 addi r1,r1,0x70 (GhidraScript)  
INFO  DumpRange.java> 820a8f24 b 0x82382f4c (GhidraScript)  
INFO  DumpRange.java> 820a8f28 mfspr r12,LR (GhidraScript)  
INFO  DumpRange.java> 820a8f2c bl 0x82382efc (GhidraScript)  
INFO  DumpRange.java> 820a8f30 stwu r1,-0x70(r1) (GhidraScript)  
INFO  DumpRange.java> 820a8f34 lis r30,-0x7d96 (GhidraScript)  
INFO  DumpRange.java> 820a8f38 or r29,r4,r4 (GhidraScript)  
INFO  DumpRange.java> 820a8f3c lwz r11,0x728(r30) (GhidraScript)  
INFO  DumpRange.java> 820a8f40 lwz r10,0x4(r11) (GhidraScript)  
INFO  DumpRange.java> 820a8f44 cmplwi cr6,r10,0x0 (GhidraScript)  
INFO  DumpRange.java> 820a8f48 beq cr6,0x820a8f6c (GhidraScript)  
INFO  DumpRange.java> 820a8f4c rlwinm r10,r10,0x0,0x0,0x1f (GhidraScript)  
INFO  DumpRange.java> 820a8f50 lwz r3,0x0(r10) (GhidraScript)  
INFO  DumpRange.java> 820a8f54 cmplwi cr6,r3,0x0 (GhidraScript)  
INFO  DumpRange.java> 820a8f58 beq cr6,0x820a8f6c (GhidraScript)  
INFO  DumpRange.java> 820a8f5c bl 0x822a2f10 (GhidraScript)  
INFO  DumpRange.java> 820a8f60 lwz r11,0x728(r30) (GhidraScript)  
INFO  DumpRange.java> 820a8f64 or r31,r3,r3 (GhidraScript)  
INFO  DumpRange.java> 820a8f68 b 0x820a8f70 (GhidraScript)  
INFO  DumpRange.java> 820a8f6c li r31,0x0 (GhidraScript)  
INFO  DumpRange.java> 820a8f70 li r5,0x10 (GhidraScript)  
INFO  DumpRange.java> 820a8f74 li r4,0x230 (GhidraScript)  
INFO  DumpRange.java> 820a8f78 or r3,r11,r11 (GhidraScript)  
INFO  DumpRange.java> 820a8f7c bl 0x822257a8 (GhidraScript)  
INFO  DumpRange.java> 820a8f80 rlwinm r11,r29,0x0,0x18,0x1f (GhidraScript)  
INFO  DumpRange.java> 820a8f84 cmplwi cr6,r11,0x0 (GhidraScript)  
INFO  DumpRange.java> 820a8f88 beq cr6,0x820a8fac (GhidraScript)  
INFO  DumpRange.java> 820a8f8c lis r11,0x3 (GhidraScript)  
INFO  DumpRange.java> 820a8f90 li r5,0x230 (GhidraScript)  
INFO  DumpRange.java> 820a8f94 ori r10,r11,0x60a8 (GhidraScript)  
INFO  DumpRange.java> 820a8f98 lis r11,-0x7d92 (GhidraScript)  
INFO  DumpRange.java> 820a8f9c or r4,r31,r31 (GhidraScript)  
INFO  DumpRange.java> 820a8fa0 lwz r11,0x4eb4(r11) (GhidraScript)  
INFO  DumpRange.java> 820a8fa4 lwzx r3,r11,r10 (GhidraScript)  
INFO  DumpRange.java> 820a8fa8 bl 0x822744f0 (GhidraScript)  
INFO  DumpRange.java> 820a8fac or r3,r31,r31 (GhidraScript)  
INFO  DumpRange.java> 820a8fb0 addi r1,r1,0x70 (GhidraScript)  
INFO  DumpRange.java> 820a8fb4 b 0x82382f4c (GhidraScript)  
INFO  DumpRange.java> 820a8fb8 mfspr r12,LR (GhidraScript)  
INFO  DumpRange.java> 820a8fbc bl 0x82382efc (GhidraScript)  
INFO  DumpRange.java> 820a8fc0 stwu r1,-0x70(r1) (GhidraScript)  
INFO  DumpRange.java> 820a8fc4 lis r30,-0x7d96 (GhidraScript)  
INFO  DumpRange.java> 820a8fc8 or r29,r4,r4 (GhidraScript)  
INFO  DumpRange.java> 820a8fcc lwz r11,0x728(r30) (GhidraScript)  
INFO  DumpRange.java> 820a8fd0 lwz r10,0x4(r11) (GhidraScript)  
INFO  DumpRange.java> 820a8fd4 cmplwi cr6,r10,0x0 (GhidraScript)  
INFO  DumpRange.java> 820a8fd8 beq cr6,0x820a8ffc (GhidraScript)  
INFO  DumpRange.java> 820a8fdc rlwinm r10,r10,0x0,0x0,0x1f (GhidraScript)  
INFO  DumpRange.java> 820a8fe0 lwz r3,0x0(r10) (GhidraScript)  
INFO  DumpRange.java> 820a8fe4 cmplwi cr6,r3,0x0 (GhidraScript)  
INFO  DumpRange.java> 820a8fe8 beq cr6,0x820a8ffc (GhidraScript)  
INFO  DumpRange.java> 820a8fec bl 0x822a67b8 (GhidraScript)  
INFO  DumpRange.java> 820a8ff0 lwz r11,0x728(r30) (GhidraScript)  
INFO  DumpRange.java> 820a8ff4 or r31,r3,r3 (GhidraScript)  
INFO  DumpRange.java> 820a8ff8 b 0x820a9000 (GhidraScript)  
INFO  DumpRange.java> 820a8ffc li r31,0x0 (GhidraScript)  
INFO  REPORT: Save succeeded for processed file: /default.xex (HeadlessAnalyzer)  
INFO  Using log config file: jar:file:/fastdata/lavaulta/auto-re-agent/.tools/ghidra_12.1.2_PUBLIC/Ghidra/Framework/Generic/lib/Generic.jar!/generic.log4j.xml (LoggingInitialization)  
INFO  Using log file: /home/lavaulta/.config/ghidra/ghidra_12.1.2_PUBLIC/application.log (LoggingInitialization)  
INFO  Loading user preferences: /home/lavaulta/.config/ghidra/ghidra_12.1.2_PUBLIC/preferences (Preferences)  
INFO  Searching for classes... (ClassSearcher)  
INFO  Ignoring class 'xexloaderwv.XEXLoaderWVLoader' from '/fastdata/lavaulta/auto-re-agent/.tools/ghidra_12.1.2_PUBLIC/Ghidra/Extensions/XEXLoaderWV/lib/XEXLoaderWV.jar'. Already found at '/fastdata/lavaulta/auto-re-agent/.tools/ghidra_12.1.2_PUBLIC/Ghidra/patch/XEXLoaderWV-java21.jar'. (ClassSearcher)  
INFO  Class search complete (1471 ms) (ClassSearcher)  
INFO  Initializing SSL Context (DefaultSSLContextInitializer)  
INFO  Initializing Random Number Generator... (SecureRandomFactory)  
INFO  Random Number Generator initialization complete: NativePRNGNonBlocking (SecureRandomFactory)  
INFO  Trust manager disabled, cacerts have not been set (DefaultTrustManagerFactory)  
INFO  Headless startup complete (2987 ms) (AnalyzeHeadless)  
INFO  Class searcher loaded 59 extension points (20 false positives) (ClassSearcher)  
INFO  HEADLESS Script Paths:
    /fastdata/lavaulta/auto-re-agent/.tools/ghidra_12.1.2_PUBLIC/Ghidra/Features/MicrosoftCodeAnalyzer/ghidra_scripts
    /fastdata/lavaulta/auto-re-agent/.tools/ghidra_12.1.2_PUBLIC/Ghidra/Features/PDB/ghidra_scripts
    /fastdata/lavaulta/auto-re-agent/.tools/ghidra_12.1.2_PUBLIC/Ghidra/Processors/8051/ghidra_scripts
    /fastdata/lavaulta/auto-re-agent/.tools/ghidra_12.1.2_PUBLIC/Ghidra/Features/Base/ghidra_scripts
    /fastdata/lavaulta/auto-re-agent/workspaces/ace-combat-6/scripts
    /fastdata/lavaulta/auto-re-agent/.tools/ghidra_12.1.2_PUBLIC/Ghidra/Features/FileFormats/ghidra_scripts
    /fastdata/lavaulta/auto-re-agent/.tools/ghidra_12.1.2_PUBLIC/Ghidra/Features/GnuDemangler/ghidra_scripts
    /fastdata/lavaulta/auto-re-agent/.tools/ghidra_12.1.2_PUBLIC/Ghidra/Extensions/ghidra-emotionengine-reloaded/ghidra_scripts
    /fastdata/lavaulta/auto-re-agent/.tools/ghidra_12.1.2_PUBLIC/Ghidra/Features/Decompiler/ghidra_scripts
    /fastdata/lavaulta/auto-re-agent/.tools/ghidra_12.1.2_PUBLIC/Ghidra/Features/FunctionID/ghidra_scripts
    /fastdata/lavaulta/auto-re-agent/.tools/ghidra_12.1.2_PUBLIC/Ghidra/Features/DecompilerDependent/ghidra_scripts
    /fastdata/lavaulta/auto-re-agent/.tools/ghidra_12.1.2_PUBLIC/Ghidra/Processors/DATA/ghidra_scripts
    /fastdata/lavaulta/auto-re-agent/.tools/ghidra_12.1.2_PUBLIC/Ghidra/Debug/Debugger-rmi-trace/ghidra_scripts
    /fastdata/lavaulta/auto-re-agent/.tools/ghidra_12.1.2_PUBLIC/Ghidra/Features/SwiftDemangler/ghidra_scripts
    /fastdata/lavaulta/auto-re-agent/.tools/ghidra_12.1.2_PUBLIC/Ghidra/Debug/Debugger/ghidra_scripts
    /fastdata/lavaulta/auto-re-agent/.tools/ghidra_12.1.2_PUBLIC/Ghidra/Processors/PIC/ghidra_scripts
    /fastdata/lavaulta/auto-re-agent/.tools/ghidra_12.1.2_PUBLIC/Ghidra/Extensions/XEXLoaderWV/ghidra_scripts
    /fastdata/lavaulta/auto-re-agent/.tools/ghidra_12.1.2_PUBLIC/Ghidra/Features/WildcardAssembler/ghidra_scripts
    /fastdata/lavaulta/auto-re-agent/.tools/ghidra_12.1.2_PUBLIC/Ghidra/Features/PyGhidra/ghidra_scripts
    /fastdata/lavaulta/auto-re-agent/.tools/ghidra_12.1.2_PUBLIC/Ghidra/Features/BSim/ghidra_scripts
    /fastdata/lavaulta/auto-re-agent/.tools/ghidra_12.1.2_PUBLIC/Ghidra/Features/VersionTracking/ghidra_scripts
    /fastdata/lavaulta/auto-re-agent/.tools/ghidra_12.1.2_PUBLIC/Ghidra/Features/BytePatterns/ghidra_scripts
    /fastdata/lavaulta/auto-re-agent/.tools/ghidra_12.1.2_PUBLIC/Ghidra/Processors/Atmel/ghidra_scripts
    /fastdata/lavaulta/auto-re-agent/.tools/ghidra_12.1.2_PUBLIC/Ghidra/Features/SystemEmulation/ghidra_scripts
    /fastdata/lavaulta/auto-re-agent/.tools/ghidra_12.1.2_PUBLIC/Ghidra/Processors/JVM/ghidra_scripts (HeadlessAnalyzer)  
INFO  HEADLESS: execution starts (HeadlessAnalyzer)  
INFO  Opening existing project: /fastdata/lavaulta/auto-re-agent/workspaces/ace-combat-6/ghidra-projects/ace-combat-6 (HeadlessAnalyzer)  
INFO  Opening project: /fastdata/lavaulta/auto-re-agent/workspaces/ace-combat-6/ghidra-projects/ace-combat-6 (HeadlessProject)  
INFO  REPORT: Processing project file: /default.xex (HeadlessAnalyzer)  
INFO  REPORT: Execute script: DumpRange.java '0x822a6560' '0x822a66c0'  (HeadlessAnalyzer)  
INFO  SCRIPT: /fastdata/lavaulta/auto-re-agent/workspaces/ace-combat-6/scripts/DumpRange.java (HeadlessAnalyzer)  
INFO  DumpRange.java> 822a6560 mfspr r12,LR (GhidraScript)  
INFO  DumpRange.java> 822a6564 stw r12,-0x8(r1) (GhidraScript)  
INFO  DumpRange.java> 822a6568 std r31,-0x10(r1) (GhidraScript)  
INFO  DumpRange.java> 822a656c stwu r1,-0x60(r1) (GhidraScript)  
INFO  DumpRange.java> 822a6570 or r31,r3,r3 (GhidraScript)  
INFO  DumpRange.java> 822a6574 bl 0x822a2330 (GhidraScript)  
INFO  DumpRange.java> 822a6578 lis r11,-0x7dfb (GhidraScript)  
INFO  DumpRange.java> 822a657c li r10,0x0 (GhidraScript)  
INFO  DumpRange.java> 822a6580 addi r11,r11,0x68d4 (GhidraScript)  
INFO  DumpRange.java> 822a6584 or r3,r31,r31 (GhidraScript)  
INFO  DumpRange.java> 822a6588 stw r10,0xf0(r31) (GhidraScript)  
INFO  DumpRange.java> 822a658c stw r11,0x0(r31) (GhidraScript)  
INFO  DumpRange.java> 822a6590 bl 0x822a1f20 (GhidraScript)  
INFO  DumpRange.java> 822a6594 or r3,r31,r31 (GhidraScript)  
INFO  DumpRange.java> 822a6598 addi r1,r1,0x60 (GhidraScript)  
INFO  DumpRange.java> 822a659c lwz r12,-0x8(r1) (GhidraScript)  
INFO  DumpRange.java> 822a65a0 mtspr LR,r12 (GhidraScript)  
INFO  DumpRange.java> 822a65a4 ld r31,-0x10(r1) (GhidraScript)  
INFO  DumpRange.java> 822a65a8 blr (GhidraScript)  
INFO  DumpRange.java> 822a65ac <not-disassembled> (GhidraScript)  
INFO  DumpRange.java> 822a65b0 mfspr r12,LR (GhidraScript)  
INFO  DumpRange.java> 822a65b4 bl 0x82382efc (GhidraScript)  
INFO  DumpRange.java> 822a65b8 stwu r1,-0x70(r1) (GhidraScript)  
INFO  DumpRange.java> 822a65bc lis r29,-0x7d92 (GhidraScript)  
INFO  DumpRange.java> 822a65c0 lis r11,0x2 (GhidraScript)  
INFO  DumpRange.java> 822a65c4 or r31,r3,r3 (GhidraScript)  
INFO  DumpRange.java> 822a65c8 ori r10,r11,0x9c80 (GhidraScript)  
INFO  DumpRange.java> 822a65cc or r30,r4,r4 (GhidraScript)  
INFO  DumpRange.java> 822a65d0 lwz r11,0x4eb4(r29) (GhidraScript)  
INFO  DumpRange.java> 822a65d4 lwzx r3,r11,r10 (GhidraScript)  
INFO  DumpRange.java> 822a65d8 lwz r11,0xc(r3) (GhidraScript)  
INFO  DumpRange.java> 822a65dc cmpwi cr6,r11,0x1 (GhidraScript)  
INFO  DumpRange.java> 822a65e0 bne cr6,0x822a6608 (GhidraScript)  
INFO  DumpRange.java> 822a65e4 bl 0x82266cc0 (GhidraScript)  
INFO  DumpRange.java> 822a65e8 rlwinm r11,r3,0x0,0x18,0x1f (GhidraScript)  
INFO  DumpRange.java> 822a65ec cmplwi cr6,r11,0x0 (GhidraScript)  
INFO  DumpRange.java> 822a65f0 bne cr6,0x822a6608 (GhidraScript)  
INFO  DumpRange.java> 822a65f4 or r3,r31,r31 (GhidraScript)  
INFO  DumpRange.java> 822a65f8 lwz r4,0xf0(r31) (GhidraScript)  
INFO  DumpRange.java> 822a65fc bl 0x822a6508 (GhidraScript)  
INFO  DumpRange.java> 822a6600 addi r1,r1,0x70 (GhidraScript)  
INFO  DumpRange.java> 822a6604 b 0x82382f4c (GhidraScript)  
INFO  DumpRange.java> 822a6608 lwz r6,0xe0(r31) (GhidraScript)  
INFO  DumpRange.java> 822a660c li r7,0x0 (GhidraScript)  
INFO  DumpRange.java> 822a6610 lwz r11,0x0(r6) (GhidraScript)  
INFO  DumpRange.java> 822a6614 lbz r8,0x0(r11) (GhidraScript)  
INFO  DumpRange.java> 822a6618 lis r11,-0x7e00 (GhidraScript)  
INFO  DumpRange.java> 822a661c lfs f0,0x82c(r11) (GhidraScript)  
INFO  DumpRange.java> 822a6620 li r4,0x0 (GhidraScript)  
INFO  DumpRange.java> 822a6624 cmpwi cr6,r8,0x0 (GhidraScript)  
INFO  DumpRange.java> 822a6628 ble cr6,0x822a66b8 (GhidraScript)  
INFO  DumpRange.java> 822a662c lwz r11,0x4(r6) (GhidraScript)  
INFO  DumpRange.java> 822a6630 addi r9,r11,0x4 (GhidraScript)  
INFO  DumpRange.java> 822a6634 lwz r11,0x0(r9) (GhidraScript)  
INFO  DumpRange.java> 822a6638 lwz r10,0x0(r11) (GhidraScript)  
INFO  DumpRange.java> 822a663c lbz r10,0x0(r10) (GhidraScript)  
INFO  DumpRange.java> 822a6640 cmplwi cr6,r10,0x0 (GhidraScript)  
INFO  DumpRange.java> 822a6644 bne cr6,0x822a66a8 (GhidraScript)  
INFO  DumpRange.java> 822a6648 lwz r11,0x4(r11) (GhidraScript)  
INFO  DumpRange.java> 822a664c lwz r11,0x0(r11) (GhidraScript)  
INFO  DumpRange.java> 822a6650 lbz r10,0x28(r11) (GhidraScript)  
INFO  DumpRange.java> 822a6654 cmplwi cr6,r10,0x0 (GhidraScript)  
INFO  DumpRange.java> 822a6658 bne cr6,0x822a66a8 (GhidraScript)  
INFO  DumpRange.java> 822a665c lbz r10,0x29(r11) (GhidraScript)  
INFO  DumpRange.java> 822a6660 cmpw cr6,r10,r30 (GhidraScript)  
INFO  DumpRange.java> 822a6664 bne cr6,0x822a66a8 (GhidraScript)  
INFO  DumpRange.java> 822a6668 lfs f13,0x0(r11) (GhidraScript)  
INFO  DumpRange.java> 822a666c fcmpu cr6,f13,f0 (GhidraScript)  
INFO  DumpRange.java> 822a6670 bne cr6,0x822a66a8 (GhidraScript)  
INFO  DumpRange.java> 822a6674 lbz r10,0x2b(r11) (GhidraScript)  
INFO  DumpRange.java> 822a6678 rlwinm r11,r10,0x0,0x1c,0x1c (GhidraScript)  
INFO  DumpRange.java> 822a667c cmplwi cr6,r11,0x0 (GhidraScript)  
INFO  DumpRange.java> 822a6680 bne cr6,0x822a66a8 (GhidraScript)  
INFO  DumpRange.java> 822a6684 cmpwi cr6,r7,0x0 (GhidraScript)  
INFO  DumpRange.java> 822a6688 bne cr6,0x822a6698 (GhidraScript)  
INFO  DumpRange.java> 822a668c rlwinm r10,r10,0x0,0x1a,0x1a (GhidraScript)  
INFO  DumpRange.java> 822a6690 cmplwi cr6,r10,0x0 (GhidraScript)  
INFO  DumpRange.java> 822a6694 beq cr6,0x822a669c (GhidraScript)  
INFO  DumpRange.java> 822a6698 li r11,0x1 (GhidraScript)  
INFO  DumpRange.java> 822a669c rlwinm r11,r11,0x0,0x18,0x1f (GhidraScript)  
INFO  DumpRange.java> 822a66a0 cmplwi cr6,r11,0x0 (GhidraScript)  
INFO  DumpRange.java> 822a66a4 bne cr6,0x822a66cc (GhidraScript)  
INFO  DumpRange.java> 822a66a8 addi r4,r4,0x1 (GhidraScript)  
INFO  DumpRange.java> 822a66ac addi r9,r9,0x8 (GhidraScript)  
INFO  DumpRange.java> 822a66b0 cmpw cr6,r4,r8 (GhidraScript)  
INFO  DumpRange.java> 822a66b4 blt cr6,0x822a6634 (GhidraScript)  
INFO  DumpRange.java> 822a66b8 addi r7,r7,0x1 (GhidraScript)  
INFO  DumpRange.java> 822a66bc cmpwi cr6,r7,0x2 (GhidraScript)  
INFO  REPORT: Execute script: DumpRange.java '0x822a8570' '0x822a86d0'  (HeadlessAnalyzer)  
INFO  SCRIPT: /fastdata/lavaulta/auto-re-agent/workspaces/ace-combat-6/scripts/DumpRange.java (HeadlessAnalyzer)  
INFO  DumpRange.java> 822a8570 mfspr r12,LR (GhidraScript)  
INFO  DumpRange.java> 822a8574 stw r12,-0x8(r1) (GhidraScript)  
INFO  DumpRange.java> 822a8578 std r31,-0x10(r1) (GhidraScript)  
INFO  DumpRange.java> 822a857c stwu r1,-0x60(r1) (GhidraScript)  
INFO  DumpRange.java> 822a8580 or r31,r3,r3 (GhidraScript)  
INFO  DumpRange.java> 822a8584 bl 0x822986b0 (GhidraScript)  
INFO  DumpRange.java> 822a8588 lis r11,-0x7dff (GhidraScript)  
INFO  DumpRange.java> 822a858c lis r10,-0x7dff (GhidraScript)  
INFO  DumpRange.java> 822a8590 subi r11,r11,0x6550 (GhidraScript)  
INFO  DumpRange.java> 822a8594 subi r10,r10,0x6bc4 (GhidraScript)  
INFO  DumpRange.java> 822a8598 or r3,r31,r31 (GhidraScript)  
INFO  DumpRange.java> 822a859c stw r11,0x0(r31) (GhidraScript)  
INFO  DumpRange.java> 822a85a0 stw r10,0xf0(r31) (GhidraScript)  
INFO  DumpRange.java> 822a85a4 bl 0x822980c8 (GhidraScript)  
INFO  DumpRange.java> 822a85a8 or r3,r31,r31 (GhidraScript)  
INFO  DumpRange.java> 822a85ac addi r1,r1,0x60 (GhidraScript)  
INFO  DumpRange.java> 822a85b0 lwz r12,-0x8(r1) (GhidraScript)  
INFO  DumpRange.java> 822a85b4 mtspr LR,r12 (GhidraScript)  
INFO  DumpRange.java> 822a85b8 ld r31,-0x10(r1) (GhidraScript)  
INFO  DumpRange.java> 822a85bc blr (GhidraScript)  
INFO  DumpRange.java> 822a85c0 mfspr r12,LR (GhidraScript)  
INFO  DumpRange.java> 822a85c4 bl 0x82382efc (GhidraScript)  
INFO  DumpRange.java> 822a85c8 stwu r1,-0x70(r1) (GhidraScript)  
INFO  DumpRange.java> 822a85cc lis r11,0x2 (GhidraScript)  
INFO  DumpRange.java> 822a85d0 or r31,r3,r3 (GhidraScript)  
INFO  DumpRange.java> 822a85d4 ori r10,r11,0x9fc8 (GhidraScript)  
INFO  DumpRange.java> 822a85d8 lis r11,-0x7d92 (GhidraScript)  
INFO  DumpRange.java> 822a85dc addi r9,r31,0x80 (GhidraScript)  
INFO  DumpRange.java> 822a85e0 li r5,0x10 (GhidraScript)  
INFO  DumpRange.java> 822a85e4 li r6,0x20 (GhidraScript)  
INFO  DumpRange.java> 822a85e8 li r7,0x40 (GhidraScript)  
INFO  DumpRange.java> 822a85ec lwz r11,0x4eb4(r11) (GhidraScript)  
INFO  DumpRange.java> 822a85f0 lwzx r11,r11,r10 (GhidraScript)  
INFO  DumpRange.java> 822a85f4 rlwinm r10,r4,0x0,0x18,0x1f (GhidraScript)  
INFO  DumpRange.java> 822a85f8 cmplwi cr6,r10,0x0 (GhidraScript)  
INFO  DumpRange.java> 822a85fc lwz r11,0x1008(r11) (GhidraScript)  
INFO  DumpRange.java> 822a8600 addi r8,r11,0x10 (GhidraScript)  
INFO  DumpRange.java> 822a8604 addi r11,r9,0x10 (GhidraScript)  
INFO  DumpRange.java> 822a8608 addi r10,r8,0x10 (GhidraScript)  
INFO  DumpRange.java> 822a860c <not-disassembled> (GhidraScript)  
INFO  DumpRange.java> 822a8610 <not-disassembled> (GhidraScript)  
INFO  DumpRange.java> 822a8614 <not-disassembled> (GhidraScript)  
INFO  DumpRange.java> 822a8618 <not-disassembled> (GhidraScript)  
INFO  DumpRange.java> 822a861c <not-disassembled> (GhidraScript)  
INFO  DumpRange.java> 822a8620 <not-disassembled> (GhidraScript)  
INFO  DumpRange.java> 822a8624 <not-disassembled> (GhidraScript)  
INFO  DumpRange.java> 822a8628 <not-disassembled> (GhidraScript)  
INFO  DumpRange.java> 822a862c beq cr6,0x822a8698 (GhidraScript)  
INFO  DumpRange.java> 822a8630 lwz r11,0xdc(r31) (GhidraScript)  
INFO  DumpRange.java> 822a8634 li r29,0x0 (GhidraScript)  
INFO  DumpRange.java> 822a8638 cmpwi cr6,r11,0x0 (GhidraScript)  
INFO  DumpRange.java> 822a863c ble cr6,0x822a8698 (GhidraScript)  
INFO  DumpRange.java> 822a8640 li r30,0x0 (GhidraScript)  
INFO  DumpRange.java> 822a8644 lwz r11,0xd8(r31) (GhidraScript)  
INFO  DumpRange.java> 822a8648 li r5,0x0 (GhidraScript)  
INFO  DumpRange.java> 822a864c li r4,0x7d4 (GhidraScript)  
INFO  DumpRange.java> 822a8650 lwzx r3,r11,r30 (GhidraScript)  
INFO  DumpRange.java> 822a8654 lwz r11,0x0(r3) (GhidraScript)  
INFO  DumpRange.java> 822a8658 lwz r11,0x24(r11) (GhidraScript)  
INFO  DumpRange.java> 822a865c mtspr CTR,r11 (GhidraScript)  
INFO  DumpRange.java> 822a8660 bctrl (GhidraScript)  
INFO  DumpRange.java> 822a8664 lwz r11,0xd8(r31) (GhidraScript)  
INFO  DumpRange.java> 822a8668 li r5,0x0 (GhidraScript)  
INFO  DumpRange.java> 822a866c li r4,0x7d5 (GhidraScript)  
INFO  DumpRange.java> 822a8670 lwzx r3,r11,r30 (GhidraScript)  
INFO  DumpRange.java> 822a8674 lwz r11,0x0(r3) (GhidraScript)  
INFO  DumpRange.java> 822a8678 lwz r11,0x24(r11) (GhidraScript)  
INFO  DumpRange.java> 822a867c mtspr CTR,r11 (GhidraScript)  
INFO  DumpRange.java> 822a8680 bctrl (GhidraScript)  
INFO  DumpRange.java> 822a8684 lwz r11,0xdc(r31) (GhidraScript)  
INFO  DumpRange.java> 822a8688 addi r29,r29,0x1 (GhidraScript)  
INFO  DumpRange.java> 822a868c addi r30,r30,0x4 (GhidraScript)  
INFO  DumpRange.java> 822a8690 cmpw cr6,r29,r11 (GhidraScript)  
INFO  DumpRange.java> 822a8694 blt cr6,0x822a8644 (GhidraScript)  
INFO  DumpRange.java> 822a8698 addi r1,r1,0x70 (GhidraScript)  
INFO  DumpRange.java> 822a869c b 0x82382f4c (GhidraScript)  
INFO  DumpRange.java> 822a86a0 mfspr r12,LR (GhidraScript)  
INFO  DumpRange.java> 822a86a4 stw r12,-0x8(r1) (GhidraScript)  
INFO  DumpRange.java> 822a86a8 std r30,-0x18(r1) (GhidraScript)  
INFO  DumpRange.java> 822a86ac std r31,-0x10(r1) (GhidraScript)  
INFO  DumpRange.java> 822a86b0 stfd f31,-0x20(r1) (GhidraScript)  
INFO  DumpRange.java> 822a86b4 stwu r1,-0x70(r1) (GhidraScript)  
INFO  DumpRange.java> 822a86b8 or r31,r3,r3 (GhidraScript)  
INFO  DumpRange.java> 822a86bc fmr f31,f1 (GhidraScript)  
INFO  DumpRange.java> 822a86c0 or r30,r5,r5 (GhidraScript)  
INFO  DumpRange.java> 822a86c4 lwz r11,0x108(r31) (GhidraScript)  
INFO  DumpRange.java> 822a86c8 cmpwi cr6,r11,0x3 (GhidraScript)  
INFO  DumpRange.java> 822a86cc beq cr6,0x822a874c (GhidraScript)  
INFO  REPORT: Execute script: DumpRange.java '0x822986b0' '0x82298820'  (HeadlessAnalyzer)  
INFO  SCRIPT: /fastdata/lavaulta/auto-re-agent/workspaces/ace-combat-6/scripts/DumpRange.java (HeadlessAnalyzer)  
INFO  DumpRange.java> 822986b0 mfspr r12,LR (GhidraScript)  
INFO  DumpRange.java> 822986b4 bl 0x82382ef0 (GhidraScript)  
INFO  DumpRange.java> 822986b8 stwu r1,-0xa0(r1) (GhidraScript)  
INFO  DumpRange.java> 822986bc or r31,r3,r3 (GhidraScript)  
INFO  DumpRange.java> 822986c0 bl 0x822a2330 (GhidraScript)  
INFO  DumpRange.java> 822986c4 li r30,0x0 (GhidraScript)  
INFO  DumpRange.java> 822986c8 li r29,-0x1 (GhidraScript)  
INFO  DumpRange.java> 822986cc addi r3,r31,0xf0 (GhidraScript)  
INFO  DumpRange.java> 822986d0 stw r30,0x50(r1) (GhidraScript)  
INFO  DumpRange.java> 822986d4 stw r30,0x54(r1) (GhidraScript)  
INFO  DumpRange.java> 822986d8 stw r30,0x58(r1) (GhidraScript)  
INFO  DumpRange.java> 822986dc stw r29,0x5c(r1) (GhidraScript)  
INFO  DumpRange.java> 822986e0 ld r4,0x50(r1) (GhidraScript)  
INFO  DumpRange.java> 822986e4 ld r5,0x58(r1) (GhidraScript)  
INFO  DumpRange.java> 822986e8 bl 0x822957e0 (GhidraScript)  
INFO  DumpRange.java> 822986ec lis r11,-0x7dff (GhidraScript)  
INFO  DumpRange.java> 822986f0 stw r30,0x108(r31) (GhidraScript)  
INFO  DumpRange.java> 822986f4 lis r10,-0x7dff (GhidraScript)  
INFO  DumpRange.java> 822986f8 stw r30,0x10c(r31) (GhidraScript)  
INFO  DumpRange.java> 822986fc subi r11,r11,0x6bc0 (GhidraScript)  
INFO  DumpRange.java> 82298700 stw r30,0x114(r31) (GhidraScript)  
INFO  DumpRange.java> 82298704 subi r10,r10,0x6bc4 (GhidraScript)  
INFO  DumpRange.java> 82298708 stw r29,0x118(r31) (GhidraScript)  
INFO  DumpRange.java> 8229870c li r9,-0x2 (GhidraScript)  
INFO  DumpRange.java> 82298710 addi r3,r31,0x11c (GhidraScript)  
INFO  DumpRange.java> 82298714 stw r11,0x0(r31) (GhidraScript)  
INFO  DumpRange.java> 82298718 stw r10,0xf0(r31) (GhidraScript)  
INFO  DumpRange.java> 8229871c stw r9,0x110(r31) (GhidraScript)  
INFO  DumpRange.java> 82298720 bl 0x82317d60 (GhidraScript)  
INFO  DumpRange.java> 82298724 addi r3,r31,0x12c (GhidraScript)  
INFO  DumpRange.java> 82298728 bl 0x82317d60 (GhidraScript)  
INFO  DumpRange.java> 8229872c lis r10,-0x7e00 (GhidraScript)  
INFO  DumpRange.java> 82298730 addi r11,r31,0x13c (GhidraScript)  
INFO  DumpRange.java> 82298734 addi r28,r31,0x1d8 (GhidraScript)  
INFO  DumpRange.java> 82298738 li r9,-0x1 (GhidraScript)  
INFO  DumpRange.java> 8229873c li r26,0x2 (GhidraScript)  
INFO  DumpRange.java> 82298740 lfs f0,0x82c(r10) (GhidraScript)  
INFO  DumpRange.java> 82298744 lis r10,-0x7dff (GhidraScript)  
INFO  DumpRange.java> 82298748 or r3,r31,r31 (GhidraScript)  
INFO  DumpRange.java> 8229874c subi r10,r10,0x72cc (GhidraScript)  
INFO  DumpRange.java> 82298750 addi r27,r31,0x1c8 (GhidraScript)  
INFO  DumpRange.java> 82298754 stw r10,0x0(r11) (GhidraScript)  
INFO  DumpRange.java> 82298758 lis r10,-0x7dff (GhidraScript)  
INFO  DumpRange.java> 8229875c stb r30,0x4(r11) (GhidraScript)  
INFO  DumpRange.java> 82298760 stb r30,0x10(r11) (GhidraScript)  
INFO  DumpRange.java> 82298764 stb r30,0x1c(r11) (GhidraScript)  
INFO  DumpRange.java> 82298768 stb r30,0x28(r11) (GhidraScript)  
INFO  DumpRange.java> 8229876c stb r30,0x34(r11) (GhidraScript)  
INFO  DumpRange.java> 82298770 lfs f13,-0x742c(r10) (GhidraScript)  
INFO  DumpRange.java> 82298774 stw r30,0x40(r11) (GhidraScript)  
INFO  DumpRange.java> 82298778 lis r10,-0x7e00 (GhidraScript)  
INFO  DumpRange.java> 8229877c sth r29,0x18e(r31) (GhidraScript)  
INFO  DumpRange.java> 82298780 addi r29,r31,0x1e0 (GhidraScript)  
INFO  DumpRange.java> 82298784 li r11,0xff (GhidraScript)  
INFO  DumpRange.java> 82298788 stfs f0,0x180(r31) (GhidraScript)  
INFO  DumpRange.java> 8229878c stfs f0,0x184(r31) (GhidraScript)  
INFO  DumpRange.java> 82298790 sth r30,0x18c(r31) (GhidraScript)  
INFO  DumpRange.java> 82298794 stfs f0,0x194(r31) (GhidraScript)  
INFO  DumpRange.java> 82298798 stw r30,0x19c(r31) (GhidraScript)  
INFO  DumpRange.java> 8229879c stw r30,0x1a0(r31) (GhidraScript)  
INFO  DumpRange.java> 822987a0 lfs f12,0x60cc(r10) (GhidraScript)  
INFO  DumpRange.java> 822987a4 stw r30,0x1a4(r31) (GhidraScript)  
INFO  DumpRange.java> 822987a8 stw r30,0x1a8(r31) (GhidraScript)  
INFO  DumpRange.java> 822987ac stw r30,0x1ac(r31) (GhidraScript)  
INFO  DumpRange.java> 822987b0 stw r30,0x1b0(r31) (GhidraScript)  
INFO  DumpRange.java> 822987b4 stw r30,0x1b4(r31) (GhidraScript)  
INFO  DumpRange.java> 822987b8 stw r30,0x1b8(r31) (GhidraScript)  
INFO  DumpRange.java> 822987bc stw r30,0x1bc(r31) (GhidraScript)  
INFO  DumpRange.java> 822987c0 stw r30,0x1c0(r31) (GhidraScript)  
INFO  DumpRange.java> 822987c4 stw r30,0x1c4(r31) (GhidraScript)  
INFO  DumpRange.java> 822987c8 stb r30,0x1c8(r31) (GhidraScript)  
INFO  DumpRange.java> 822987cc stw r30,0x0(r28) (GhidraScript)  
INFO  DumpRange.java> 822987d0 stw r30,0x4(r28) (GhidraScript)  
INFO  DumpRange.java> 822987d4 stfs f0,0x0(r29) (GhidraScript)  
INFO  DumpRange.java> 822987d8 stfs f0,0x4(r29) (GhidraScript)  
INFO  DumpRange.java> 822987dc sth r9,0x3c(r29) (GhidraScript)  
INFO  DumpRange.java> 822987e0 stfs f0,0x8(r29) (GhidraScript)  
INFO  DumpRange.java> 822987e4 sth r30,0x3e(r29) (GhidraScript)  
INFO  DumpRange.java> 822987e8 stfs f0,0xc(r29) (GhidraScript)  
INFO  DumpRange.java> 822987ec sth r30,0x40(r29) (GhidraScript)  
INFO  DumpRange.java> 822987f0 stfs f0,0x10(r29) (GhidraScript)  
INFO  DumpRange.java> 822987f4 stb r30,0x42(r29) (GhidraScript)  
INFO  DumpRange.java> 822987f8 stfs f0,0x14(r29) (GhidraScript)  
INFO  DumpRange.java> 822987fc stb r11,0x43(r29) (GhidraScript)  
INFO  DumpRange.java> 82298800 stfs f0,0x18(r29) (GhidraScript)  
INFO  DumpRange.java> 82298804 stb r11,0x44(r29) (GhidraScript)  
INFO  DumpRange.java> 82298808 stfs f0,0x1c(r29) (GhidraScript)  
INFO  DumpRange.java> 8229880c stb r30,0x45(r29) (GhidraScript)  
INFO  DumpRange.java> 82298810 stfs f0,0x20(r29) (GhidraScript)  
INFO  DumpRange.java> 82298814 stb r11,0x46(r29) (GhidraScript)  
INFO  DumpRange.java> 82298818 stfs f13,0x28(r29) (GhidraScript)  
INFO  DumpRange.java> 8229881c stb r11,0x47(r29) (GhidraScript)  
INFO  REPORT: Execute script: DumpU32Range.java '0x82056920' '0x82056950'  (HeadlessAnalyzer)  
INFO  SCRIPT: /fastdata/lavaulta/auto-re-agent/workspaces/ace-combat-6/scripts/DumpU32Range.java (HeadlessAnalyzer)  
INFO  DumpU32Range.java> 82056920 0x820a6fb0 (GhidraScript)  
INFO  DumpU32Range.java> 82056924 0x822ddbe8 (GhidraScript)  
INFO  DumpU32Range.java> 82056928 0x822ddbe8 (GhidraScript)  
INFO  DumpU32Range.java> 8205692c 0x822ddbe8 (GhidraScript)  
INFO  DumpU32Range.java> 82056930 0x8206e254 (GhidraScript)  
INFO  DumpU32Range.java> 82056934 0x820a6fb8 (GhidraScript)  
INFO  DumpU32Range.java> 82056938 0x822663a8 (GhidraScript)  
INFO  DumpU32Range.java> 8205693c 0x822663a8 (GhidraScript)  
INFO  DumpU32Range.java> 82056940 0x82266390 (GhidraScript)  
INFO  DumpU32Range.java> 82056944 0x822663a8 (GhidraScript)  
INFO  DumpU32Range.java> 82056948 0x822663a8 (GhidraScript)  
INFO  DumpU32Range.java> 8205694c 0x822ddbe8 (GhidraScript)  
INFO  REPORT: Execute script: ReferencesTo.java '0x82056934'  (HeadlessAnalyzer)  
INFO  SCRIPT: /fastdata/lavaulta/auto-re-agent/workspaces/ace-combat-6/scripts/ReferencesTo.java (HeadlessAnalyzer)  
INFO  ReferencesTo.java> 820a8048 DATA (GhidraScript)  
INFO  REPORT: Save succeeded for processed file: /default.xex (HeadlessAnalyzer)  
INFO  Using log config file: jar:file:/fastdata/lavaulta/auto-re-agent/.tools/ghidra_12.1.2_PUBLIC/Ghidra/Framework/Generic/lib/Generic.jar!/generic.log4j.xml (LoggingInitialization)  
INFO  Using log file: /home/lavaulta/.config/ghidra/ghidra_12.1.2_PUBLIC/application.log (LoggingInitialization)  
INFO  Loading user preferences: /home/lavaulta/.config/ghidra/ghidra_12.1.2_PUBLIC/preferences (Preferences)  
INFO  Searching for classes... (ClassSearcher)  
INFO  Ignoring class 'xexloaderwv.XEXLoaderWVLoader' from '/fastdata/lavaulta/auto-re-agent/.tools/ghidra_12.1.2_PUBLIC/Ghidra/Extensions/XEXLoaderWV/lib/XEXLoaderWV.jar'. Already found at '/fastdata/lavaulta/auto-re-agent/.tools/ghidra_12.1.2_PUBLIC/Ghidra/patch/XEXLoaderWV-java21.jar'. (ClassSearcher)  
INFO  Class search complete (1926 ms) (ClassSearcher)  
INFO  Initializing SSL Context (DefaultSSLContextInitializer)  
INFO  Initializing Random Number Generator... (SecureRandomFactory)  
INFO  Random Number Generator initialization complete: NativePRNGNonBlocking (SecureRandomFactory)  
INFO  Trust manager disabled, cacerts have not been set (DefaultTrustManagerFactory)  
INFO  Headless startup complete (3708 ms) (AnalyzeHeadless)  
INFO  Class searcher loaded 59 extension points (20 false positives) (ClassSearcher)  
INFO  HEADLESS Script Paths:
    /fastdata/lavaulta/auto-re-agent/.tools/ghidra_12.1.2_PUBLIC/Ghidra/Features/MicrosoftCodeAnalyzer/ghidra_scripts
    /fastdata/lavaulta/auto-re-agent/.tools/ghidra_12.1.2_PUBLIC/Ghidra/Features/PDB/ghidra_scripts
    /fastdata/lavaulta/auto-re-agent/.tools/ghidra_12.1.2_PUBLIC/Ghidra/Processors/8051/ghidra_scripts
    /fastdata/lavaulta/auto-re-agent/.tools/ghidra_12.1.2_PUBLIC/Ghidra/Features/Base/ghidra_scripts
    /fastdata/lavaulta/auto-re-agent/workspaces/ace-combat-6/scripts
    /fastdata/lavaulta/auto-re-agent/.tools/ghidra_12.1.2_PUBLIC/Ghidra/Features/FileFormats/ghidra_scripts
    /fastdata/lavaulta/auto-re-agent/.tools/ghidra_12.1.2_PUBLIC/Ghidra/Features/GnuDemangler/ghidra_scripts
    /fastdata/lavaulta/auto-re-agent/.tools/ghidra_12.1.2_PUBLIC/Ghidra/Extensions/ghidra-emotionengine-reloaded/ghidra_scripts
    /fastdata/lavaulta/auto-re-agent/.tools/ghidra_12.1.2_PUBLIC/Ghidra/Features/Decompiler/ghidra_scripts
    /fastdata/lavaulta/auto-re-agent/.tools/ghidra_12.1.2_PUBLIC/Ghidra/Features/FunctionID/ghidra_scripts
    /fastdata/lavaulta/auto-re-agent/.tools/ghidra_12.1.2_PUBLIC/Ghidra/Features/DecompilerDependent/ghidra_scripts
    /fastdata/lavaulta/auto-re-agent/.tools/ghidra_12.1.2_PUBLIC/Ghidra/Processors/DATA/ghidra_scripts
    /fastdata/lavaulta/auto-re-agent/.tools/ghidra_12.1.2_PUBLIC/Ghidra/Debug/Debugger-rmi-trace/ghidra_scripts
    /fastdata/lavaulta/auto-re-agent/.tools/ghidra_12.1.2_PUBLIC/Ghidra/Features/SwiftDemangler/ghidra_scripts
    /fastdata/lavaulta/auto-re-agent/.tools/ghidra_12.1.2_PUBLIC/Ghidra/Debug/Debugger/ghidra_scripts
    /fastdata/lavaulta/auto-re-agent/.tools/ghidra_12.1.2_PUBLIC/Ghidra/Processors/PIC/ghidra_scripts
    /fastdata/lavaulta/auto-re-agent/.tools/ghidra_12.1.2_PUBLIC/Ghidra/Extensions/XEXLoaderWV/ghidra_scripts
    /fastdata/lavaulta/auto-re-agent/.tools/ghidra_12.1.2_PUBLIC/Ghidra/Features/WildcardAssembler/ghidra_scripts
    /fastdata/lavaulta/auto-re-agent/.tools/ghidra_12.1.2_PUBLIC/Ghidra/Features/PyGhidra/ghidra_scripts
    /fastdata/lavaulta/auto-re-agent/.tools/ghidra_12.1.2_PUBLIC/Ghidra/Features/BSim/ghidra_scripts
    /fastdata/lavaulta/auto-re-agent/.tools/ghidra_12.1.2_PUBLIC/Ghidra/Features/VersionTracking/ghidra_scripts
    /fastdata/lavaulta/auto-re-agent/.tools/ghidra_12.1.2_PUBLIC/Ghidra/Features/BytePatterns/ghidra_scripts
    /fastdata/lavaulta/auto-re-agent/.tools/ghidra_12.1.2_PUBLIC/Ghidra/Processors/Atmel/ghidra_scripts
    /fastdata/lavaulta/auto-re-agent/.tools/ghidra_12.1.2_PUBLIC/Ghidra/Features/SystemEmulation/ghidra_scripts
    /fastdata/lavaulta/auto-re-agent/.tools/ghidra_12.1.2_PUBLIC/Ghidra/Processors/JVM/ghidra_scripts (HeadlessAnalyzer)  
INFO  HEADLESS: execution starts (HeadlessAnalyzer)  
INFO  Opening existing project: /fastdata/lavaulta/auto-re-agent/workspaces/ace-combat-6/ghidra-projects/ace-combat-6 (HeadlessAnalyzer)  
INFO  Opening project: /fastdata/lavaulta/auto-re-agent/workspaces/ace-combat-6/ghidra-projects/ace-combat-6 (HeadlessProject)  
INFO  REPORT: Processing project file: /default.xex (HeadlessAnalyzer)  
INFO  REPORT: Execute script: DumpU32Range.java '0x820568c0' '0x82056960'  (HeadlessAnalyzer)  
INFO  SCRIPT: /fastdata/lavaulta/auto-re-agent/workspaces/ace-combat-6/scripts/DumpU32Range.java (HeadlessAnalyzer)  
INFO  DumpU32Range.java> 820568c0 0x820a6fb0 (GhidraScript)  
INFO  DumpU32Range.java> 820568c4 0x822ddbe8 (GhidraScript)  
INFO  DumpU32Range.java> 820568c8 0x822ddbe8 (GhidraScript)  
INFO  DumpU32Range.java> 820568cc 0x822ddbe8 (GhidraScript)  
INFO  DumpU32Range.java> 820568d0 0x8206e2a4 (GhidraScript)  
INFO  DumpU32Range.java> 820568d4 0x820a6fb8 (GhidraScript)  
INFO  DumpU32Range.java> 820568d8 0x82266390 (GhidraScript)  
INFO  DumpU32Range.java> 820568dc 0x822663a8 (GhidraScript)  
INFO  DumpU32Range.java> 820568e0 0x822663a8 (GhidraScript)  
INFO  DumpU32Range.java> 820568e4 0x822663a8 (GhidraScript)  
INFO  DumpU32Range.java> 820568e8 0x822663a8 (GhidraScript)  
INFO  DumpU32Range.java> 820568ec 0x822ddbe8 (GhidraScript)  
INFO  DumpU32Range.java> 820568f0 0x822ddbe8 (GhidraScript)  
INFO  DumpU32Range.java> 820568f4 0x822ddbe8 (GhidraScript)  
INFO  DumpU32Range.java> 820568f8 0x822663a8 (GhidraScript)  
INFO  DumpU32Range.java> 820568fc 0x822663a8 (GhidraScript)  
INFO  DumpU32Range.java> 82056900 0x822663a8 (GhidraScript)  
INFO  DumpU32Range.java> 82056904 0x820a3638 (GhidraScript)  
INFO  DumpU32Range.java> 82056908 0x822a2b08 (GhidraScript)  
INFO  DumpU32Range.java> 8205690c 0x822a6500 (GhidraScript)  
INFO  DumpU32Range.java> 82056910 0x822a6710 (GhidraScript)  
INFO  DumpU32Range.java> 82056914 0x822a1c08 (GhidraScript)  
INFO  DumpU32Range.java> 82056918 0x822a2c80 (GhidraScript)  
INFO  DumpU32Range.java> 8205691c 0x822ddbe8 (GhidraScript)  
INFO  DumpU32Range.java> 82056920 0x820a6fb0 (GhidraScript)  
INFO  DumpU32Range.java> 82056924 0x822ddbe8 (GhidraScript)  
INFO  DumpU32Range.java> 82056928 0x822ddbe8 (GhidraScript)  
INFO  DumpU32Range.java> 8205692c 0x822ddbe8 (GhidraScript)  
INFO  DumpU32Range.java> 82056930 0x8206e254 (GhidraScript)  
INFO  DumpU32Range.java> 82056934 0x820a6fb8 (GhidraScript)  
INFO  DumpU32Range.java> 82056938 0x822663a8 (GhidraScript)  
INFO  DumpU32Range.java> 8205693c 0x822663a8 (GhidraScript)  
INFO  DumpU32Range.java> 82056940 0x82266390 (GhidraScript)  
INFO  DumpU32Range.java> 82056944 0x822663a8 (GhidraScript)  
INFO  DumpU32Range.java> 82056948 0x822663a8 (GhidraScript)  
INFO  DumpU32Range.java> 8205694c 0x822ddbe8 (GhidraScript)  
INFO  DumpU32Range.java> 82056950 0x822ddbe8 (GhidraScript)  
INFO  DumpU32Range.java> 82056954 0x822ddbe8 (GhidraScript)  
INFO  DumpU32Range.java> 82056958 0x822663a8 (GhidraScript)  
INFO  DumpU32Range.java> 8205695c 0x822663a8 (GhidraScript)  
INFO  REPORT: Execute script: DumpU32Range.java '0x82009420' '0x82009460'  (HeadlessAnalyzer)  
INFO  SCRIPT: /fastdata/lavaulta/auto-re-agent/workspaces/ace-combat-6/scripts/DumpU32Range.java (HeadlessAnalyzer)  
INFO  DumpU32Range.java> 82009420 0x8228f868 (GhidraScript)  
INFO  DumpU32Range.java> 82009424 0x822931b0 (GhidraScript)  
INFO  DumpU32Range.java> 82009428 0x3e9b26ca (GhidraScript)  
INFO  DumpU32Range.java> 8200942c 0x43fa0000 (GhidraScript)  
INFO  DumpU32Range.java> 82009430 0x40a00000 (GhidraScript)  
INFO  DumpU32Range.java> 82009434 0x461c3f9a (GhidraScript)  
INFO  DumpU32Range.java> 82009438 0xc3480000 (GhidraScript)  
INFO  DumpU32Range.java> 8200943c 0x82298948 (GhidraScript)  
INFO  DumpU32Range.java> 82009440 0x82298a78 (GhidraScript)  
INFO  DumpU32Range.java> 82009444 0x822663a8 (GhidraScript)  
INFO  DumpU32Range.java> 82009448 0x822663a8 (GhidraScript)  
INFO  DumpU32Range.java> 8200944c 0x822663a8 (GhidraScript)  
INFO  DumpU32Range.java> 82009450 0x82298950 (GhidraScript)  
INFO  DumpU32Range.java> 82009454 0x82298880 (GhidraScript)  
INFO  DumpU32Range.java> 82009458 0x822988e0 (GhidraScript)  
INFO  DumpU32Range.java> 8200945c 0x822988f0 (GhidraScript)  
INFO  REPORT: Execute script: DumpU32Range.java '0x82009a90' '0x82009ad0'  (HeadlessAnalyzer)  
INFO  SCRIPT: /fastdata/lavaulta/auto-re-agent/workspaces/ace-combat-6/scripts/DumpU32Range.java (HeadlessAnalyzer)  
INFO  DumpU32Range.java> 82009a90 0x822ddbe8 (GhidraScript)  
INFO  DumpU32Range.java> 82009a94 0x822a6de8 (GhidraScript)  
INFO  DumpU32Range.java> 82009a98 0xbe800000 (GhidraScript)  
INFO  DumpU32Range.java> 82009a9c 0x39800100 (GhidraScript)  
INFO  DumpU32Range.java> 82009aa0 0xc61c4000 (GhidraScript)  
INFO  DumpU32Range.java> 82009aa4 0x45d6dbf2 (GhidraScript)  
INFO  DumpU32Range.java> 82009aa8 0x438f3d4c (GhidraScript)  
INFO  DumpU32Range.java> 82009aac 0x00000000 (GhidraScript)  
INFO  DumpU32Range.java> 82009ab0 0x82298a78 (GhidraScript)  
INFO  DumpU32Range.java> 82009ab4 0x822663a8 (GhidraScript)  
INFO  DumpU32Range.java> 82009ab8 0x82266390 (GhidraScript)  
INFO  DumpU32Range.java> 82009abc 0x822663a8 (GhidraScript)  
INFO  DumpU32Range.java> 82009ac0 0x82298950 (GhidraScript)  
INFO  DumpU32Range.java> 82009ac4 0x82298880 (GhidraScript)  
INFO  DumpU32Range.java> 82009ac8 0x822988e0 (GhidraScript)  
INFO  DumpU32Range.java> 82009acc 0x822988f0 (GhidraScript)  
INFO  REPORT: Save succeeded for processed file: /default.xex (HeadlessAnalyzer)  
INFO  Using log config file: jar:file:/fastdata/lavaulta/auto-re-agent/.tools/ghidra_12.1.2_PUBLIC/Ghidra/Framework/Generic/lib/Generic.jar!/generic.log4j.xml (LoggingInitialization)  
INFO  Using log file: /home/lavaulta/.config/ghidra/ghidra_12.1.2_PUBLIC/application.log (LoggingInitialization)  
INFO  Loading user preferences: /home/lavaulta/.config/ghidra/ghidra_12.1.2_PUBLIC/preferences (Preferences)  
INFO  Searching for classes... (ClassSearcher)  
INFO  Ignoring class 'xexloaderwv.XEXLoaderWVLoader' from '/fastdata/lavaulta/auto-re-agent/.tools/ghidra_12.1.2_PUBLIC/Ghidra/Extensions/XEXLoaderWV/lib/XEXLoaderWV.jar'. Already found at '/fastdata/lavaulta/auto-re-agent/.tools/ghidra_12.1.2_PUBLIC/Ghidra/patch/XEXLoaderWV-java21.jar'. (ClassSearcher)  
INFO  Class search complete (1625 ms) (ClassSearcher)  
INFO  Initializing SSL Context (DefaultSSLContextInitializer)  
INFO  Initializing Random Number Generator... (SecureRandomFactory)  
INFO  Random Number Generator initialization complete: NativePRNGNonBlocking (SecureRandomFactory)  
INFO  Trust manager disabled, cacerts have not been set (DefaultTrustManagerFactory)  
INFO  Headless startup complete (3236 ms) (AnalyzeHeadless)  
INFO  Class searcher loaded 59 extension points (20 false positives) (ClassSearcher)  
INFO  HEADLESS Script Paths:
    /fastdata/lavaulta/auto-re-agent/.tools/ghidra_12.1.2_PUBLIC/Ghidra/Features/MicrosoftCodeAnalyzer/ghidra_scripts
    /fastdata/lavaulta/auto-re-agent/.tools/ghidra_12.1.2_PUBLIC/Ghidra/Features/PDB/ghidra_scripts
    /fastdata/lavaulta/auto-re-agent/.tools/ghidra_12.1.2_PUBLIC/Ghidra/Processors/8051/ghidra_scripts
    /fastdata/lavaulta/auto-re-agent/.tools/ghidra_12.1.2_PUBLIC/Ghidra/Features/Base/ghidra_scripts
    /fastdata/lavaulta/auto-re-agent/workspaces/ace-combat-6/scripts
    /fastdata/lavaulta/auto-re-agent/.tools/ghidra_12.1.2_PUBLIC/Ghidra/Features/FileFormats/ghidra_scripts
    /fastdata/lavaulta/auto-re-agent/.tools/ghidra_12.1.2_PUBLIC/Ghidra/Features/GnuDemangler/ghidra_scripts
    /fastdata/lavaulta/auto-re-agent/.tools/ghidra_12.1.2_PUBLIC/Ghidra/Extensions/ghidra-emotionengine-reloaded/ghidra_scripts
    /fastdata/lavaulta/auto-re-agent/.tools/ghidra_12.1.2_PUBLIC/Ghidra/Features/Decompiler/ghidra_scripts
    /fastdata/lavaulta/auto-re-agent/.tools/ghidra_12.1.2_PUBLIC/Ghidra/Features/FunctionID/ghidra_scripts
    /fastdata/lavaulta/auto-re-agent/.tools/ghidra_12.1.2_PUBLIC/Ghidra/Features/DecompilerDependent/ghidra_scripts
    /fastdata/lavaulta/auto-re-agent/.tools/ghidra_12.1.2_PUBLIC/Ghidra/Processors/DATA/ghidra_scripts
    /fastdata/lavaulta/auto-re-agent/.tools/ghidra_12.1.2_PUBLIC/Ghidra/Debug/Debugger-rmi-trace/ghidra_scripts
    /fastdata/lavaulta/auto-re-agent/.tools/ghidra_12.1.2_PUBLIC/Ghidra/Features/SwiftDemangler/ghidra_scripts
    /fastdata/lavaulta/auto-re-agent/.tools/ghidra_12.1.2_PUBLIC/Ghidra/Debug/Debugger/ghidra_scripts
    /fastdata/lavaulta/auto-re-agent/.tools/ghidra_12.1.2_PUBLIC/Ghidra/Processors/PIC/ghidra_scripts
    /fastdata/lavaulta/auto-re-agent/.tools/ghidra_12.1.2_PUBLIC/Ghidra/Extensions/XEXLoaderWV/ghidra_scripts
    /fastdata/lavaulta/auto-re-agent/.tools/ghidra_12.1.2_PUBLIC/Ghidra/Features/WildcardAssembler/ghidra_scripts
    /fastdata/lavaulta/auto-re-agent/.tools/ghidra_12.1.2_PUBLIC/Ghidra/Features/PyGhidra/ghidra_scripts
    /fastdata/lavaulta/auto-re-agent/.tools/ghidra_12.1.2_PUBLIC/Ghidra/Features/BSim/ghidra_scripts
    /fastdata/lavaulta/auto-re-agent/.tools/ghidra_12.1.2_PUBLIC/Ghidra/Features/VersionTracking/ghidra_scripts
    /fastdata/lavaulta/auto-re-agent/.tools/ghidra_12.1.2_PUBLIC/Ghidra/Features/BytePatterns/ghidra_scripts
    /fastdata/lavaulta/auto-re-agent/.tools/ghidra_12.1.2_PUBLIC/Ghidra/Processors/Atmel/ghidra_scripts
    /fastdata/lavaulta/auto-re-agent/.tools/ghidra_12.1.2_PUBLIC/Ghidra/Features/SystemEmulation/ghidra_scripts
    /fastdata/lavaulta/auto-re-agent/.tools/ghidra_12.1.2_PUBLIC/Ghidra/Processors/JVM/ghidra_scripts (HeadlessAnalyzer)  
INFO  HEADLESS: execution starts (HeadlessAnalyzer)  
INFO  Opening existing project: /fastdata/lavaulta/auto-re-agent/workspaces/ace-combat-6/ghidra-projects/ace-combat-6 (HeadlessAnalyzer)  
INFO  Opening project: /fastdata/lavaulta/auto-re-agent/workspaces/ace-combat-6/ghidra-projects/ace-combat-6 (HeadlessProject)  
INFO  REPORT: Processing project file: /default.xex (HeadlessAnalyzer)  
INFO  REPORT: Execute script: DumpU32Range.java '0x8206e240' '0x8206e300'  (HeadlessAnalyzer)  
INFO  SCRIPT: /fastdata/lavaulta/auto-re-agent/workspaces/ace-combat-6/scripts/DumpU32Range.java (HeadlessAnalyzer)  
INFO  DumpU32Range.java> 8206e240 0x00000000 (GhidraScript)  
INFO  DumpU32Range.java> 8206e244 0xffffffff (GhidraScript)  
INFO  DumpU32Range.java> 8206e248 0x00000000 (GhidraScript)  
INFO  DumpU32Range.java> 8206e24c 0x00000040 (GhidraScript)  
INFO  DumpU32Range.java> 8206e250 0x8206e220 (GhidraScript)  
INFO  DumpU32Range.java> 8206e254 0x00000000 (GhidraScript)  
INFO  DumpU32Range.java> 8206e258 0x00000000 (GhidraScript)  
INFO  DumpU32Range.java> 8206e25c 0x00000000 (GhidraScript)  
INFO  DumpU32Range.java> 8206e260 0x8268fd38 (GhidraScript)  
INFO  DumpU32Range.java> 8206e264 0x8206e268 (GhidraScript)  
INFO  DumpU32Range.java> 8206e268 0x00000000 (GhidraScript)  
INFO  DumpU32Range.java> 8206e26c 0x00000000 (GhidraScript)  
INFO  DumpU32Range.java> 8206e270 0x00000003 (GhidraScript)  
INFO  DumpU32Range.java> 8206e274 0x8206e278 (GhidraScript)  
INFO  DumpU32Range.java> 8206e278 0x8206e288 (GhidraScript)  
INFO  DumpU32Range.java> 8206e27c 0x8206e2d4 (GhidraScript)  
INFO  DumpU32Range.java> 8206e280 0x8206e31c (GhidraScript)  
INFO  DumpU32Range.java> 8206e284 0x00000000 (GhidraScript)  
INFO  DumpU32Range.java> 8206e288 0x8268fd38 (GhidraScript)  
INFO  DumpU32Range.java> 8206e28c 0x00000002 (GhidraScript)  
INFO  DumpU32Range.java> 8206e290 0x00000000 (GhidraScript)  
INFO  DumpU32Range.java> 8206e294 0xffffffff (GhidraScript)  
INFO  DumpU32Range.java> 8206e298 0x00000000 (GhidraScript)  
INFO  DumpU32Range.java> 8206e29c 0x00000040 (GhidraScript)  
INFO  DumpU32Range.java> 8206e2a0 0x8206e268 (GhidraScript)  
INFO  DumpU32Range.java> 8206e2a4 0x00000000 (GhidraScript)  
INFO  DumpU32Range.java> 8206e2a8 0x00000000 (GhidraScript)  
INFO  DumpU32Range.java> 8206e2ac 0x00000000 (GhidraScript)  
INFO  DumpU32Range.java> 8206e2b0 0x8268fd60 (GhidraScript)  
INFO  DumpU32Range.java> 8206e2b4 0x8206e2b8 (GhidraScript)  
INFO  DumpU32Range.java> 8206e2b8 0x00000000 (GhidraScript)  
INFO  DumpU32Range.java> 8206e2bc 0x00000000 (GhidraScript)  
INFO  DumpU32Range.java> 8206e2c0 0x00000002 (GhidraScript)  
INFO  DumpU32Range.java> 8206e2c4 0x8206e2c8 (GhidraScript)  
INFO  DumpU32Range.java> 8206e2c8 0x8206e2d4 (GhidraScript)  
INFO  DumpU32Range.java> 8206e2cc 0x8206e31c (GhidraScript)  
INFO  DumpU32Range.java> 8206e2d0 0x00000000 (GhidraScript)  
INFO  DumpU32Range.java> 8206e2d4 0x8268fd60 (GhidraScript)  
INFO  DumpU32Range.java> 8206e2d8 0x00000001 (GhidraScript)  
INFO  DumpU32Range.java> 8206e2dc 0x00000000 (GhidraScript)  
INFO  DumpU32Range.java> 8206e2e0 0xffffffff (GhidraScript)  
INFO  DumpU32Range.java> 8206e2e4 0x00000000 (GhidraScript)  
INFO  DumpU32Range.java> 8206e2e8 0x00000040 (GhidraScript)  
INFO  DumpU32Range.java> 8206e2ec 0x8206e2b8 (GhidraScript)  
INFO  DumpU32Range.java> 8206e2f0 0x00000000 (GhidraScript)  
INFO  DumpU32Range.java> 8206e2f4 0x00000000 (GhidraScript)  
INFO  DumpU32Range.java> 8206e2f8 0x00000000 (GhidraScript)  
INFO  DumpU32Range.java> 8206e2fc 0x8268fd84 (GhidraScript)  
INFO  REPORT: Execute script: DumpBytes.java '0x8268fb00' '0x200'  (HeadlessAnalyzer)  
INFO  SCRIPT: /fastdata/lavaulta/auto-re-agent/workspaces/ace-combat-6/scripts/DumpBytes.java (HeadlessAnalyzer)  
INFO  DumpBytes.java> 8268fb00 69 6f 50 6c 61 79 4d 61 6e 61 67 65 72 4f 6e 6c (GhidraScript)  
INFO  DumpBytes.java> 8268fb10 69 6e 65 40 41 43 45 36 40 40 00 00 82 01 88 c8 (GhidraScript)  
INFO  DumpBytes.java> 8268fb20 00 00 00 00 2e 3f 41 56 43 41 63 65 36 52 61 64 (GhidraScript)  
INFO  DumpBytes.java> 8268fb30 69 6f 41 72 72 69 76 61 6c 50 61 63 6b 54 61 62 (GhidraScript)  
INFO  DumpBytes.java> 8268fb40 6c 65 40 41 43 45 36 40 40 00 00 00 82 01 88 c8 (GhidraScript)  
INFO  DumpBytes.java> 8268fb50 00 00 00 00 2e 3f 41 56 43 41 63 65 36 52 61 64 (GhidraScript)  
INFO  DumpBytes.java> 8268fb60 69 6f 52 65 71 75 65 73 74 50 61 63 6b 54 61 62 (GhidraScript)  
INFO  DumpBytes.java> 8268fb70 6c 65 40 41 43 45 36 40 40 00 00 00 82 01 88 c8 (GhidraScript)  
INFO  DumpBytes.java> 8268fb80 00 00 00 00 2e 3f 41 56 43 41 63 65 36 52 61 64 (GhidraScript)  
INFO  DumpBytes.java> 8268fb90 69 6f 50 61 63 6b 54 61 62 6c 65 40 41 43 45 36 (GhidraScript)  
INFO  DumpBytes.java> 8268fba0 40 40 00 00 82 01 88 c8 00 00 00 00 2e 3f 41 56 (GhidraScript)  
INFO  DumpBytes.java> 8268fbb0 43 41 63 65 36 52 61 64 69 6f 52 65 73 6f 75 72 (GhidraScript)  
INFO  DumpBytes.java> 8268fbc0 63 65 4d 61 6e 61 67 65 72 42 61 73 65 40 41 43 (GhidraScript)  
INFO  DumpBytes.java> 8268fbd0 45 36 40 40 00 00 00 00 82 01 88 c8 00 00 00 00 (GhidraScript)  
INFO  DumpBytes.java> 8268fbe0 2e 3f 41 56 43 41 63 65 36 52 61 64 69 6f 4d 69 (GhidraScript)  
INFO  DumpBytes.java> 8268fbf0 73 73 69 6f 6e 44 61 74 61 40 41 43 45 36 40 40 (GhidraScript)  
INFO  DumpBytes.java> 8268fc00 00 00 00 00 82 01 88 c8 00 00 00 00 2e 3f 41 56 (GhidraScript)  
INFO  DumpBytes.java> 8268fc10 43 41 63 65 36 52 61 64 69 6f 4c 69 76 65 50 6c (GhidraScript)  
INFO  DumpBytes.java> 8268fc20 61 79 43 6f 6e 74 72 6f 6c 44 61 74 61 4f 6e 6c (GhidraScript)  
INFO  DumpBytes.java> 8268fc30 69 6e 65 40 41 43 45 36 40 40 00 00 82 01 88 c8 (GhidraScript)  
INFO  DumpBytes.java> 8268fc40 00 00 00 00 2e 3f 41 56 43 41 63 65 36 52 61 64 (GhidraScript)  
INFO  DumpBytes.java> 8268fc50 69 6f 4c 69 76 65 50 6c 61 79 43 6f 6e 74 72 6f (GhidraScript)  
INFO  DumpBytes.java> 8268fc60 6c 44 61 74 61 40 41 43 45 36 40 40 00 00 00 00 (GhidraScript)  
INFO  DumpBytes.java> 8268fc70 82 01 88 c8 00 00 00 00 2e 3f 41 56 43 41 63 65 (GhidraScript)  
INFO  DumpBytes.java> 8268fc80 36 52 61 64 69 6f 50 61 63 6b 44 61 74 61 40 41 (GhidraScript)  
INFO  DumpBytes.java> 8268fc90 43 45 36 40 40 00 00 00 82 01 88 c8 00 00 00 00 (GhidraScript)  
INFO  DumpBytes.java> 8268fca0 2e 3f 41 56 43 41 63 65 36 52 61 64 69 6f 50 6c (GhidraScript)  
INFO  DumpBytes.java> 8268fcb0 61 79 44 61 74 61 40 41 43 45 36 40 40 00 00 00 (GhidraScript)  
INFO  DumpBytes.java> 8268fcc0 82 01 88 c8 00 00 00 00 2e 3f 41 56 43 41 63 65 (GhidraScript)  
INFO  DumpBytes.java> 8268fcd0 36 52 61 64 69 6f 54 65 78 74 44 65 63 6f 72 61 (GhidraScript)  
INFO  DumpBytes.java> 8268fce0 74 65 40 41 43 45 36 40 40 00 00 00 82 01 88 c8 (GhidraScript)  
INFO  DumpBytes.java> 8268fcf0 00 00 00 00 2e 3f 41 56 43 41 63 65 36 52 61 64 (GhidraScript)  
INFO  REPORT: Save succeeded for processed file: /default.xex (HeadlessAnalyzer)  
INFO  Using log config file: jar:file:/fastdata/lavaulta/auto-re-agent/.tools/ghidra_12.1.2_PUBLIC/Ghidra/Framework/Generic/lib/Generic.jar!/generic.log4j.xml (LoggingInitialization)  
INFO  Using log file: /home/lavaulta/.config/ghidra/ghidra_12.1.2_PUBLIC/application.log (LoggingInitialization)  
INFO  Loading user preferences: /home/lavaulta/.config/ghidra/ghidra_12.1.2_PUBLIC/preferences (Preferences)  
INFO  Searching for classes... (ClassSearcher)  
INFO  Ignoring class 'xexloaderwv.XEXLoaderWVLoader' from '/fastdata/lavaulta/auto-re-agent/.tools/ghidra_12.1.2_PUBLIC/Ghidra/Extensions/XEXLoaderWV/lib/XEXLoaderWV.jar'. Already found at '/fastdata/lavaulta/auto-re-agent/.tools/ghidra_12.1.2_PUBLIC/Ghidra/patch/XEXLoaderWV-java21.jar'. (ClassSearcher)  
INFO  Class search complete (1608 ms) (ClassSearcher)  
INFO  Initializing SSL Context (DefaultSSLContextInitializer)  
INFO  Initializing Random Number Generator... (SecureRandomFactory)  
INFO  Random Number Generator initialization complete: NativePRNGNonBlocking (SecureRandomFactory)  
INFO  Trust manager disabled, cacerts have not been set (DefaultTrustManagerFactory)  
INFO  Headless startup complete (3170 ms) (AnalyzeHeadless)  
INFO  Class searcher loaded 59 extension points (20 false positives) (ClassSearcher)  
INFO  HEADLESS Script Paths:
    /fastdata/lavaulta/auto-re-agent/.tools/ghidra_12.1.2_PUBLIC/Ghidra/Features/MicrosoftCodeAnalyzer/ghidra_scripts
    /fastdata/lavaulta/auto-re-agent/.tools/ghidra_12.1.2_PUBLIC/Ghidra/Features/PDB/ghidra_scripts
    /fastdata/lavaulta/auto-re-agent/.tools/ghidra_12.1.2_PUBLIC/Ghidra/Processors/8051/ghidra_scripts
    /fastdata/lavaulta/auto-re-agent/.tools/ghidra_12.1.2_PUBLIC/Ghidra/Features/Base/ghidra_scripts
    /fastdata/lavaulta/auto-re-agent/workspaces/ace-combat-6/scripts
    /fastdata/lavaulta/auto-re-agent/.tools/ghidra_12.1.2_PUBLIC/Ghidra/Features/FileFormats/ghidra_scripts
    /fastdata/lavaulta/auto-re-agent/.tools/ghidra_12.1.2_PUBLIC/Ghidra/Features/GnuDemangler/ghidra_scripts
    /fastdata/lavaulta/auto-re-agent/.tools/ghidra_12.1.2_PUBLIC/Ghidra/Extensions/ghidra-emotionengine-reloaded/ghidra_scripts
    /fastdata/lavaulta/auto-re-agent/.tools/ghidra_12.1.2_PUBLIC/Ghidra/Features/Decompiler/ghidra_scripts
    /fastdata/lavaulta/auto-re-agent/.tools/ghidra_12.1.2_PUBLIC/Ghidra/Features/FunctionID/ghidra_scripts
    /fastdata/lavaulta/auto-re-agent/.tools/ghidra_12.1.2_PUBLIC/Ghidra/Features/DecompilerDependent/ghidra_scripts
    /fastdata/lavaulta/auto-re-agent/.tools/ghidra_12.1.2_PUBLIC/Ghidra/Processors/DATA/ghidra_scripts
    /fastdata/lavaulta/auto-re-agent/.tools/ghidra_12.1.2_PUBLIC/Ghidra/Debug/Debugger-rmi-trace/ghidra_scripts
    /fastdata/lavaulta/auto-re-agent/.tools/ghidra_12.1.2_PUBLIC/Ghidra/Features/SwiftDemangler/ghidra_scripts
    /fastdata/lavaulta/auto-re-agent/.tools/ghidra_12.1.2_PUBLIC/Ghidra/Debug/Debugger/ghidra_scripts
    /fastdata/lavaulta/auto-re-agent/.tools/ghidra_12.1.2_PUBLIC/Ghidra/Processors/PIC/ghidra_scripts
    /fastdata/lavaulta/auto-re-agent/.tools/ghidra_12.1.2_PUBLIC/Ghidra/Extensions/XEXLoaderWV/ghidra_scripts
    /fastdata/lavaulta/auto-re-agent/.tools/ghidra_12.1.2_PUBLIC/Ghidra/Features/WildcardAssembler/ghidra_scripts
    /fastdata/lavaulta/auto-re-agent/.tools/ghidra_12.1.2_PUBLIC/Ghidra/Features/PyGhidra/ghidra_scripts
    /fastdata/lavaulta/auto-re-agent/.tools/ghidra_12.1.2_PUBLIC/Ghidra/Features/BSim/ghidra_scripts
    /fastdata/lavaulta/auto-re-agent/.tools/ghidra_12.1.2_PUBLIC/Ghidra/Features/VersionTracking/ghidra_scripts
    /fastdata/lavaulta/auto-re-agent/.tools/ghidra_12.1.2_PUBLIC/Ghidra/Features/BytePatterns/ghidra_scripts
    /fastdata/lavaulta/auto-re-agent/.tools/ghidra_12.1.2_PUBLIC/Ghidra/Processors/Atmel/ghidra_scripts
    /fastdata/lavaulta/auto-re-agent/.tools/ghidra_12.1.2_PUBLIC/Ghidra/Features/SystemEmulation/ghidra_scripts
    /fastdata/lavaulta/auto-re-agent/.tools/ghidra_12.1.2_PUBLIC/Ghidra/Processors/JVM/ghidra_scripts (HeadlessAnalyzer)  
INFO  HEADLESS: execution starts (HeadlessAnalyzer)  
INFO  Opening existing project: /fastdata/lavaulta/auto-re-agent/workspaces/ace-combat-6/ghidra-projects/ace-combat-6 (HeadlessAnalyzer)  
INFO  Opening project: /fastdata/lavaulta/auto-re-agent/workspaces/ace-combat-6/ghidra-projects/ace-combat-6 (HeadlessProject)  
INFO  REPORT: Processing project file: /default.xex (HeadlessAnalyzer)  
INFO  REPORT: Execute script: DumpBytes.java '0x8268fd30' '0x100'  (HeadlessAnalyzer)  
INFO  SCRIPT: /fastdata/lavaulta/auto-re-agent/workspaces/ace-combat-6/scripts/DumpBytes.java (HeadlessAnalyzer)  
INFO  DumpBytes.java> 8268fd30 43 45 36 40 40 00 00 00 82 01 88 c8 00 00 00 00 (GhidraScript)  
INFO  DumpBytes.java> 8268fd40 2e 3f 41 56 43 41 63 65 36 55 6e 69 74 4f 74 68 (GhidraScript)  
INFO  DumpBytes.java> 8268fd50 65 72 50 6c 61 79 65 72 40 41 43 45 36 40 40 00 (GhidraScript)  
INFO  DumpBytes.java> 8268fd60 82 01 88 c8 00 00 00 00 2e 3f 41 56 43 41 63 65 (GhidraScript)  
INFO  DumpBytes.java> 8268fd70 36 55 6e 69 74 50 6c 61 79 65 72 40 41 43 45 36 (GhidraScript)  
INFO  DumpBytes.java> 8268fd80 40 40 00 00 82 01 88 c8 00 00 00 00 2e 3f 41 56 (GhidraScript)  
INFO  DumpBytes.java> 8268fd90 43 41 63 65 36 55 6e 69 74 40 41 43 45 36 40 40 (GhidraScript)  
INFO  DumpBytes.java> 8268fda0 00 00 00 00 00 00 00 00 00 00 00 00 00 00 00 00 (GhidraScript)  
INFO  DumpBytes.java> 8268fdb0 78 79 7a 77 30 31 5f 5f 00 01 00 00 00 00 00 00 (GhidraScript)  
INFO  DumpBytes.java> 8268fdc0 82 06 98 ec 82 06 98 e8 82 05 a4 28 82 05 a4 24 (GhidraScript)  
INFO  DumpBytes.java> 8268fdd0 82 06 98 e4 82 06 98 e0 82 06 98 dc 82 06 98 d8 (GhidraScript)  
INFO  DumpBytes.java> 8268fde0 82 06 98 d4 82 06 98 cc 82 05 a4 4c 82 06 98 c8 (GhidraScript)  
INFO  DumpBytes.java> 8268fdf0 82 06 98 c0 82 06 98 b8 82 06 98 b0 82 06 98 ac (GhidraScript)  
INFO  DumpBytes.java> 8268fe00 82 06 98 a8 82 06 98 a0 82 06 98 98 82 06 98 90 (GhidraScript)  
INFO  DumpBytes.java> 8268fe10 82 06 98 80 82 06 98 70 82 06 98 60 82 06 98 50 (GhidraScript)  
INFO  DumpBytes.java> 8268fe20 82 06 98 48 82 06 98 40 82 06 98 38 82 06 98 30 (GhidraScript)  
INFO  REPORT: Execute script: DumpU32Range.java '0x8206e300' '0x8206e370'  (HeadlessAnalyzer)  
INFO  SCRIPT: /fastdata/lavaulta/auto-re-agent/workspaces/ace-combat-6/scripts/DumpU32Range.java (HeadlessAnalyzer)  
INFO  DumpU32Range.java> 8206e300 0x8206e304 (GhidraScript)  
INFO  DumpU32Range.java> 8206e304 0x00000000 (GhidraScript)  
INFO  DumpU32Range.java> 8206e308 0x00000000 (GhidraScript)  
INFO  DumpU32Range.java> 8206e30c 0x00000001 (GhidraScript)  
INFO  DumpU32Range.java> 8206e310 0x8206e314 (GhidraScript)  
INFO  DumpU32Range.java> 8206e314 0x8206e31c (GhidraScript)  
INFO  DumpU32Range.java> 8206e318 0x00000000 (GhidraScript)  
INFO  DumpU32Range.java> 8206e31c 0x8268fd84 (GhidraScript)  
INFO  DumpU32Range.java> 8206e320 0x00000000 (GhidraScript)  
INFO  DumpU32Range.java> 8206e324 0x00000000 (GhidraScript)  
INFO  DumpU32Range.java> 8206e328 0xffffffff (GhidraScript)  
INFO  DumpU32Range.java> 8206e32c 0x00000000 (GhidraScript)  
INFO  DumpU32Range.java> 8206e330 0x00000040 (GhidraScript)  
INFO  DumpU32Range.java> 8206e334 0x8206e304 (GhidraScript)  
INFO  DumpU32Range.java> 8206e338 0x00000000 (GhidraScript)  
INFO  DumpU32Range.java> 8206e33c 0x00000000 (GhidraScript)  
INFO  DumpU32Range.java> 8206e340 0x00000000 (GhidraScript)  
INFO  DumpU32Range.java> 8206e344 0x826e5758 (GhidraScript)  
INFO  DumpU32Range.java> 8206e348 0x8206e34c (GhidraScript)  
INFO  DumpU32Range.java> 8206e34c 0x00000000 (GhidraScript)  
INFO  DumpU32Range.java> 8206e350 0x00000000 (GhidraScript)  
INFO  DumpU32Range.java> 8206e354 0x00000001 (GhidraScript)  
INFO  DumpU32Range.java> 8206e358 0x8206e35c (GhidraScript)  
INFO  DumpU32Range.java> 8206e35c 0x8206e364 (GhidraScript)  
INFO  DumpU32Range.java> 8206e360 0x00000000 (GhidraScript)  
INFO  DumpU32Range.java> 8206e364 0x826e5758 (GhidraScript)  
INFO  DumpU32Range.java> 8206e368 0x00000000 (GhidraScript)  
INFO  DumpU32Range.java> 8206e36c 0x00000000 (GhidraScript)  
INFO  REPORT: Save succeeded for processed file: /default.xex (HeadlessAnalyzer)  
INFO  Using log config file: jar:file:/fastdata/lavaulta/auto-re-agent/.tools/ghidra_12.1.2_PUBLIC/Ghidra/Framework/Generic/lib/Generic.jar!/generic.log4j.xml (LoggingInitialization)  
INFO  Using log file: /home/lavaulta/.config/ghidra/ghidra_12.1.2_PUBLIC/application.log (LoggingInitialization)  
INFO  Loading user preferences: /home/lavaulta/.config/ghidra/ghidra_12.1.2_PUBLIC/preferences (Preferences)  
INFO  Searching for classes... (ClassSearcher)  
INFO  Ignoring class 'xexloaderwv.XEXLoaderWVLoader' from '/fastdata/lavaulta/auto-re-agent/.tools/ghidra_12.1.2_PUBLIC/Ghidra/Extensions/XEXLoaderWV/lib/XEXLoaderWV.jar'. Already found at '/fastdata/lavaulta/auto-re-agent/.tools/ghidra_12.1.2_PUBLIC/Ghidra/patch/XEXLoaderWV-java21.jar'. (ClassSearcher)  
INFO  Class search complete (1564 ms) (ClassSearcher)  
INFO  Initializing SSL Context (DefaultSSLContextInitializer)  
INFO  Initializing Random Number Generator... (SecureRandomFactory)  
INFO  Random Number Generator initialization complete: NativePRNGNonBlocking (SecureRandomFactory)  
INFO  Trust manager disabled, cacerts have not been set (DefaultTrustManagerFactory)  
INFO  Headless startup complete (3108 ms) (AnalyzeHeadless)  
INFO  Class searcher loaded 59 extension points (20 false positives) (ClassSearcher)  
INFO  HEADLESS Script Paths:
    /fastdata/lavaulta/auto-re-agent/.tools/ghidra_12.1.2_PUBLIC/Ghidra/Features/MicrosoftCodeAnalyzer/ghidra_scripts
    /fastdata/lavaulta/auto-re-agent/.tools/ghidra_12.1.2_PUBLIC/Ghidra/Features/PDB/ghidra_scripts
    /fastdata/lavaulta/auto-re-agent/.tools/ghidra_12.1.2_PUBLIC/Ghidra/Processors/8051/ghidra_scripts
    /fastdata/lavaulta/auto-re-agent/.tools/ghidra_12.1.2_PUBLIC/Ghidra/Features/Base/ghidra_scripts
    /fastdata/lavaulta/auto-re-agent/workspaces/ace-combat-6/scripts
    /fastdata/lavaulta/auto-re-agent/.tools/ghidra_12.1.2_PUBLIC/Ghidra/Features/FileFormats/ghidra_scripts
    /fastdata/lavaulta/auto-re-agent/.tools/ghidra_12.1.2_PUBLIC/Ghidra/Features/GnuDemangler/ghidra_scripts
    /fastdata/lavaulta/auto-re-agent/.tools/ghidra_12.1.2_PUBLIC/Ghidra/Extensions/ghidra-emotionengine-reloaded/ghidra_scripts
    /fastdata/lavaulta/auto-re-agent/.tools/ghidra_12.1.2_PUBLIC/Ghidra/Features/Decompiler/ghidra_scripts
    /fastdata/lavaulta/auto-re-agent/.tools/ghidra_12.1.2_PUBLIC/Ghidra/Features/FunctionID/ghidra_scripts
    /fastdata/lavaulta/auto-re-agent/.tools/ghidra_12.1.2_PUBLIC/Ghidra/Features/DecompilerDependent/ghidra_scripts
    /fastdata/lavaulta/auto-re-agent/.tools/ghidra_12.1.2_PUBLIC/Ghidra/Processors/DATA/ghidra_scripts
    /fastdata/lavaulta/auto-re-agent/.tools/ghidra_12.1.2_PUBLIC/Ghidra/Debug/Debugger-rmi-trace/ghidra_scripts
    /fastdata/lavaulta/auto-re-agent/.tools/ghidra_12.1.2_PUBLIC/Ghidra/Features/SwiftDemangler/ghidra_scripts
    /fastdata/lavaulta/auto-re-agent/.tools/ghidra_12.1.2_PUBLIC/Ghidra/Debug/Debugger/ghidra_scripts
    /fastdata/lavaulta/auto-re-agent/.tools/ghidra_12.1.2_PUBLIC/Ghidra/Processors/PIC/ghidra_scripts
    /fastdata/lavaulta/auto-re-agent/.tools/ghidra_12.1.2_PUBLIC/Ghidra/Extensions/XEXLoaderWV/ghidra_scripts
    /fastdata/lavaulta/auto-re-agent/.tools/ghidra_12.1.2_PUBLIC/Ghidra/Features/WildcardAssembler/ghidra_scripts
    /fastdata/lavaulta/auto-re-agent/.tools/ghidra_12.1.2_PUBLIC/Ghidra/Features/PyGhidra/ghidra_scripts
    /fastdata/lavaulta/auto-re-agent/.tools/ghidra_12.1.2_PUBLIC/Ghidra/Features/BSim/ghidra_scripts
    /fastdata/lavaulta/auto-re-agent/.tools/ghidra_12.1.2_PUBLIC/Ghidra/Features/VersionTracking/ghidra_scripts
    /fastdata/lavaulta/auto-re-agent/.tools/ghidra_12.1.2_PUBLIC/Ghidra/Features/BytePatterns/ghidra_scripts
    /fastdata/lavaulta/auto-re-agent/.tools/ghidra_12.1.2_PUBLIC/Ghidra/Processors/Atmel/ghidra_scripts
    /fastdata/lavaulta/auto-re-agent/.tools/ghidra_12.1.2_PUBLIC/Ghidra/Features/SystemEmulation/ghidra_scripts
    /fastdata/lavaulta/auto-re-agent/.tools/ghidra_12.1.2_PUBLIC/Ghidra/Processors/JVM/ghidra_scripts (HeadlessAnalyzer)  
INFO  HEADLESS: execution starts (HeadlessAnalyzer)  
INFO  Opening existing project: /fastdata/lavaulta/auto-re-agent/workspaces/ace-combat-6/ghidra-projects/ace-combat-6 (HeadlessAnalyzer)  
INFO  Opening project: /fastdata/lavaulta/auto-re-agent/workspaces/ace-combat-6/ghidra-projects/ace-combat-6 (HeadlessProject)  
INFO  REPORT: Processing project file: /default.xex (HeadlessAnalyzer)  
INFO  REPORT: Execute script: ReferencesTo.java '0x82063438'  (HeadlessAnalyzer)  
INFO  SCRIPT: /fastdata/lavaulta/auto-re-agent/workspaces/ace-combat-6/scripts/ReferencesTo.java (HeadlessAnalyzer)  
INFO  ReferencesTo.java> 8218c91c PARAM (GhidraScript)  
INFO  REPORT: Execute script: FindU32Any.java '0x82063438'  (HeadlessAnalyzer)  
INFO  SCRIPT: /fastdata/lavaulta/auto-re-agent/workspaces/ace-combat-6/scripts/FindU32Any.java (HeadlessAnalyzer)  
INFO  REPORT: Execute script: FindSymbolReferences.java 'MissionAircraft'  (HeadlessAnalyzer)  
INFO  SCRIPT: /fastdata/lavaulta/auto-re-agent/workspaces/ace-combat-6/scripts/FindSymbolReferences.java (HeadlessAnalyzer)  
INFO  FindSymbolReferences.java> s_MissionAircraft_82063438 82063438 Label (GhidraScript)  
INFO  FindSymbolReferences.java> REF 8218c91c PARAM (GhidraScript)  
INFO  REPORT: Save succeeded for processed file: /default.xex (HeadlessAnalyzer)  
INFO  Using log config file: jar:file:/fastdata/lavaulta/auto-re-agent/.tools/ghidra_12.1.2_PUBLIC/Ghidra/Framework/Generic/lib/Generic.jar!/generic.log4j.xml (LoggingInitialization)  
INFO  Using log file: /home/lavaulta/.config/ghidra/ghidra_12.1.2_PUBLIC/application.log (LoggingInitialization)  
INFO  Loading user preferences: /home/lavaulta/.config/ghidra/ghidra_12.1.2_PUBLIC/preferences (Preferences)  
INFO  Searching for classes... (ClassSearcher)  
INFO  Ignoring class 'xexloaderwv.XEXLoaderWVLoader' from '/fastdata/lavaulta/auto-re-agent/.tools/ghidra_12.1.2_PUBLIC/Ghidra/Extensions/XEXLoaderWV/lib/XEXLoaderWV.jar'. Already found at '/fastdata/lavaulta/auto-re-agent/.tools/ghidra_12.1.2_PUBLIC/Ghidra/patch/XEXLoaderWV-java21.jar'. (ClassSearcher)  
INFO  Class search complete (1546 ms) (ClassSearcher)  
INFO  Initializing SSL Context (DefaultSSLContextInitializer)  
INFO  Initializing Random Number Generator... (SecureRandomFactory)  
INFO  Random Number Generator initialization complete: NativePRNGNonBlocking (SecureRandomFactory)  
INFO  Trust manager disabled, cacerts have not been set (DefaultTrustManagerFactory)  
INFO  Headless startup complete (3080 ms) (AnalyzeHeadless)  
INFO  Class searcher loaded 59 extension points (20 false positives) (ClassSearcher)  
INFO  HEADLESS Script Paths:
    /fastdata/lavaulta/auto-re-agent/.tools/ghidra_12.1.2_PUBLIC/Ghidra/Features/MicrosoftCodeAnalyzer/ghidra_scripts
    /fastdata/lavaulta/auto-re-agent/.tools/ghidra_12.1.2_PUBLIC/Ghidra/Features/PDB/ghidra_scripts
    /fastdata/lavaulta/auto-re-agent/.tools/ghidra_12.1.2_PUBLIC/Ghidra/Processors/8051/ghidra_scripts
    /fastdata/lavaulta/auto-re-agent/.tools/ghidra_12.1.2_PUBLIC/Ghidra/Features/Base/ghidra_scripts
    /fastdata/lavaulta/auto-re-agent/workspaces/ace-combat-6/scripts
    /fastdata/lavaulta/auto-re-agent/.tools/ghidra_12.1.2_PUBLIC/Ghidra/Features/FileFormats/ghidra_scripts
    /fastdata/lavaulta/auto-re-agent/.tools/ghidra_12.1.2_PUBLIC/Ghidra/Features/GnuDemangler/ghidra_scripts
    /fastdata/lavaulta/auto-re-agent/.tools/ghidra_12.1.2_PUBLIC/Ghidra/Extensions/ghidra-emotionengine-reloaded/ghidra_scripts
    /fastdata/lavaulta/auto-re-agent/.tools/ghidra_12.1.2_PUBLIC/Ghidra/Features/Decompiler/ghidra_scripts
    /fastdata/lavaulta/auto-re-agent/.tools/ghidra_12.1.2_PUBLIC/Ghidra/Features/FunctionID/ghidra_scripts
    /fastdata/lavaulta/auto-re-agent/.tools/ghidra_12.1.2_PUBLIC/Ghidra/Features/DecompilerDependent/ghidra_scripts
    /fastdata/lavaulta/auto-re-agent/.tools/ghidra_12.1.2_PUBLIC/Ghidra/Processors/DATA/ghidra_scripts
    /fastdata/lavaulta/auto-re-agent/.tools/ghidra_12.1.2_PUBLIC/Ghidra/Debug/Debugger-rmi-trace/ghidra_scripts
    /fastdata/lavaulta/auto-re-agent/.tools/ghidra_12.1.2_PUBLIC/Ghidra/Features/SwiftDemangler/ghidra_scripts
    /fastdata/lavaulta/auto-re-agent/.tools/ghidra_12.1.2_PUBLIC/Ghidra/Debug/Debugger/ghidra_scripts
    /fastdata/lavaulta/auto-re-agent/.tools/ghidra_12.1.2_PUBLIC/Ghidra/Processors/PIC/ghidra_scripts
    /fastdata/lavaulta/auto-re-agent/.tools/ghidra_12.1.2_PUBLIC/Ghidra/Extensions/XEXLoaderWV/ghidra_scripts
    /fastdata/lavaulta/auto-re-agent/.tools/ghidra_12.1.2_PUBLIC/Ghidra/Features/WildcardAssembler/ghidra_scripts
    /fastdata/lavaulta/auto-re-agent/.tools/ghidra_12.1.2_PUBLIC/Ghidra/Features/PyGhidra/ghidra_scripts
    /fastdata/lavaulta/auto-re-agent/.tools/ghidra_12.1.2_PUBLIC/Ghidra/Features/BSim/ghidra_scripts
    /fastdata/lavaulta/auto-re-agent/.tools/ghidra_12.1.2_PUBLIC/Ghidra/Features/VersionTracking/ghidra_scripts
    /fastdata/lavaulta/auto-re-agent/.tools/ghidra_12.1.2_PUBLIC/Ghidra/Features/BytePatterns/ghidra_scripts
    /fastdata/lavaulta/auto-re-agent/.tools/ghidra_12.1.2_PUBLIC/Ghidra/Processors/Atmel/ghidra_scripts
    /fastdata/lavaulta/auto-re-agent/.tools/ghidra_12.1.2_PUBLIC/Ghidra/Features/SystemEmulation/ghidra_scripts
    /fastdata/lavaulta/auto-re-agent/.tools/ghidra_12.1.2_PUBLIC/Ghidra/Processors/JVM/ghidra_scripts (HeadlessAnalyzer)  
INFO  HEADLESS: execution starts (HeadlessAnalyzer)  
INFO  Opening existing project: /fastdata/lavaulta/auto-re-agent/workspaces/ace-combat-6/ghidra-projects/ace-combat-6 (HeadlessAnalyzer)  
INFO  Opening project: /fastdata/lavaulta/auto-re-agent/workspaces/ace-combat-6/ghidra-projects/ace-combat-6 (HeadlessProject)  
INFO  REPORT: Processing project file: /default.xex (HeadlessAnalyzer)  
INFO  REPORT: Execute script: DumpRange.java '0x8218c850' '0x8218c9d0'  (HeadlessAnalyzer)  
INFO  SCRIPT: /fastdata/lavaulta/auto-re-agent/workspaces/ace-combat-6/scripts/DumpRange.java (HeadlessAnalyzer)  
INFO  DumpRange.java> 8218c850 stw r11,0x48(r30) (GhidraScript)  
INFO  DumpRange.java> 8218c854 bgt 0x8218cca0 (GhidraScript)  
INFO  DumpRange.java> 8218c858 bl 0x821d29b0 (GhidraScript)  
INFO  DumpRange.java> 8218c85c cmpwi cr6,r3,0x0 (GhidraScript)  
INFO  DumpRange.java> 8218c860 beq cr6,0x8218cca0 (GhidraScript)  
INFO  DumpRange.java> 8218c864 addi r28,r30,0x270 (GhidraScript)  
INFO  DumpRange.java> 8218c868 bl 0x821f3ba0 (GhidraScript)  
INFO  DumpRange.java> 8218c86c or r4,r3,r3 (GhidraScript)  
INFO  DumpRange.java> 8218c870 or r3,r28,r28 (GhidraScript)  
INFO  DumpRange.java> 8218c874 bl 0x821482b8 (GhidraScript)  
INFO  DumpRange.java> 8218c878 rlwinm r11,r3,0x0,0x18,0x1f (GhidraScript)  
INFO  DumpRange.java> 8218c87c cmplwi cr6,r11,0x0 (GhidraScript)  
INFO  DumpRange.java> 8218c880 beq cr6,0x8218cca0 (GhidraScript)  
INFO  DumpRange.java> 8218c884 lis r29,-0x7dc0 (GhidraScript)  
INFO  DumpRange.java> 8218c888 lwz r3,-0x64d8(r29) (GhidraScript)  
INFO  DumpRange.java> 8218c88c lwz r11,0x0(r3) (GhidraScript)  
INFO  DumpRange.java> 8218c890 lwz r11,0x168(r11) (GhidraScript)  
INFO  DumpRange.java> 8218c894 mtspr CTR,r11 (GhidraScript)  
INFO  DumpRange.java> 8218c898 bctrl (GhidraScript)  
INFO  DumpRange.java> 8218c89c rlwinm r11,r3,0x0,0x18,0x1f (GhidraScript)  
INFO  DumpRange.java> 8218c8a0 cmplwi cr6,r11,0x0 (GhidraScript)  
INFO  DumpRange.java> 8218c8a4 bne cr6,0x8218cca0 (GhidraScript)  
INFO  DumpRange.java> 8218c8a8 lwz r3,-0x64d8(r29) (GhidraScript)  
INFO  DumpRange.java> 8218c8ac li r4,0x0 (GhidraScript)  
INFO  DumpRange.java> 8218c8b0 lwz r11,0x0(r3) (GhidraScript)  
INFO  DumpRange.java> 8218c8b4 lwz r11,0xfc(r11) (GhidraScript)  
INFO  DumpRange.java> 8218c8b8 mtspr CTR,r11 (GhidraScript)  
INFO  DumpRange.java> 8218c8bc bctrl (GhidraScript)  
INFO  DumpRange.java> 8218c8c0 lwz r3,-0x64d8(r29) (GhidraScript)  
INFO  DumpRange.java> 8218c8c4 lwz r11,0x0(r3) (GhidraScript)  
INFO  DumpRange.java> 8218c8c8 lwz r11,0x1c8(r11) (GhidraScript)  
INFO  DumpRange.java> 8218c8cc mtspr CTR,r11 (GhidraScript)  
INFO  DumpRange.java> 8218c8d0 bctrl (GhidraScript)  
INFO  DumpRange.java> 8218c8d4 lwz r11,0x0(r28) (GhidraScript)  
INFO  DumpRange.java> 8218c8d8 or r3,r28,r28 (GhidraScript)  
INFO  DumpRange.java> 8218c8dc lwz r11,0xa4(r11) (GhidraScript)  
INFO  DumpRange.java> 8218c8e0 mtspr CTR,r11 (GhidraScript)  
INFO  DumpRange.java> 8218c8e4 bctrl (GhidraScript)  
INFO  DumpRange.java> 8218c8e8 lis r11,0x1 (GhidraScript)  
INFO  DumpRange.java> 8218c8ec li r27,0x1 (GhidraScript)  
INFO  DumpRange.java> 8218c8f0 ori r11,r11,0xd970 (GhidraScript)  
INFO  DumpRange.java> 8218c8f4 lbzx r11,r30,r11 (GhidraScript)  
INFO  DumpRange.java> 8218c8f8 cmplwi cr6,r11,0x0 (GhidraScript)  
INFO  DumpRange.java> 8218c8fc beq cr6,0x8218cc70 (GhidraScript)  
INFO  DumpRange.java> 8218c900 lwz r11,-0x45f0(r24) (GhidraScript)  
INFO  DumpRange.java> 8218c904 or r3,r31,r31 (GhidraScript)  
INFO  DumpRange.java> 8218c908 lwz r4,0x54(r11) (GhidraScript)  
INFO  DumpRange.java> 8218c90c bl 0x821d2fc0 (GhidraScript)  
INFO  DumpRange.java> 8218c910 lis r11,-0x7dfa (GhidraScript)  
INFO  DumpRange.java> 8218c914 or r31,r3,r3 (GhidraScript)  
INFO  DumpRange.java> 8218c918 addi r11,r11,0x3438 (GhidraScript)  
INFO  DumpRange.java> 8218c91c or r3,r11,r11 (GhidraScript)  
INFO  DumpRange.java> 8218c920 bl 0x821d1c68 (GhidraScript)  
INFO  DumpRange.java> 8218c924 or r4,r3,r3 (GhidraScript)  
INFO  DumpRange.java> 8218c928 or r3,r31,r31 (GhidraScript)  
INFO  DumpRange.java> 8218c92c bl 0x821d2fc0 (GhidraScript)  
INFO  DumpRange.java> 8218c930 or r26,r3,r3 (GhidraScript)  
INFO  DumpRange.java> 8218c934 cmplwi cr6,r26,0x0 (GhidraScript)  
INFO  DumpRange.java> 8218c938 beq cr6,0x8218cc70 (GhidraScript)  
INFO  DumpRange.java> 8218c93c lis r28,-0x7d92 (GhidraScript)  
INFO  DumpRange.java> 8218c940 lwz r11,0x4eb4(r28) (GhidraScript)  
INFO  DumpRange.java> 8218c944 lwz r10,0x78(r11) (GhidraScript)  
INFO  DumpRange.java> 8218c948 cmpwi cr6,r10,0x3 (GhidraScript)  
INFO  DumpRange.java> 8218c94c bne cr6,0x8218c958 (GhidraScript)  
INFO  DumpRange.java> 8218c950 li r3,0x15a (GhidraScript)  
INFO  DumpRange.java> 8218c954 b 0x8218c96c (GhidraScript)  
INFO  DumpRange.java> 8218c958 li r4,0x0 (GhidraScript)  
INFO  DumpRange.java> 8218c95c addi r3,r11,0x70 (GhidraScript)  
INFO  DumpRange.java> 8218c960 bl 0x82090438 (GhidraScript)  
INFO  DumpRange.java> 8218c964 rlwinm r11,r3,0x2,0x0,0x1d (GhidraScript)  
INFO  DumpRange.java> 8218c968 addi r3,r11,0x15a (GhidraScript)  
INFO  DumpRange.java> 8218c96c li r4,0x0 (GhidraScript)  
INFO  DumpRange.java> 8218c970 bl 0x821d1060 (GhidraScript)  
INFO  DumpRange.java> 8218c974 or r4,r3,r3 (GhidraScript)  
INFO  DumpRange.java> 8218c978 or r3,r25,r25 (GhidraScript)  
INFO  DumpRange.java> 8218c97c bl 0x821d2fc0 (GhidraScript)  
INFO  DumpRange.java> 8218c980 lwz r11,0x4eb4(r28) (GhidraScript)  
INFO  DumpRange.java> 8218c984 or r29,r3,r3 (GhidraScript)  
INFO  DumpRange.java> 8218c988 lwz r10,0x78(r11) (GhidraScript)  
INFO  DumpRange.java> 8218c98c cmpwi cr6,r10,0x3 (GhidraScript)  
INFO  DumpRange.java> 8218c990 bne cr6,0x8218c99c (GhidraScript)  
INFO  DumpRange.java> 8218c994 li r11,0x15b (GhidraScript)  
INFO  DumpRange.java> 8218c998 b 0x8218c9ec (GhidraScript)  
INFO  DumpRange.java> 8218c99c addi r30,r11,0x70 (GhidraScript)  
INFO  DumpRange.java> 8218c9a0 li r4,0x0 (GhidraScript)  
INFO  DumpRange.java> 8218c9a4 or r3,r30,r30 (GhidraScript)  
INFO  DumpRange.java> 8218c9a8 bl 0x821521b0 (GhidraScript)  
INFO  DumpRange.java> 8218c9ac or r31,r3,r3 (GhidraScript)  
INFO  DumpRange.java> 8218c9b0 li r4,0x0 (GhidraScript)  
INFO  DumpRange.java> 8218c9b4 or r3,r30,r30 (GhidraScript)  
INFO  DumpRange.java> 8218c9b8 bl 0x82090438 (GhidraScript)  
INFO  DumpRange.java> 8218c9bc rlwinm r11,r3,0x2,0x0,0x1d (GhidraScript)  
INFO  DumpRange.java> 8218c9c0 cmpwi cr6,r31,0x0 (GhidraScript)  
INFO  DumpRange.java> 8218c9c4 addi r11,r11,0x15a (GhidraScript)  
INFO  DumpRange.java> 8218c9c8 blt cr6,0x8218c9ec (GhidraScript)  
INFO  DumpRange.java> 8218c9cc cmpwi cr6,r31,0x3 (GhidraScript)  
INFO  REPORT: Execute script: DecompileAt.java '0x8218c91c'  (HeadlessAnalyzer)  
INFO  SCRIPT: /fastdata/lavaulta/auto-re-agent/workspaces/ace-combat-6/scripts/DecompileAt.java (HeadlessAnalyzer)  
ERROR DecompileAt.java> no function contains 8218c91c (GhidraScript)  
INFO  REPORT: Save succeeded for processed file: /default.xex (HeadlessAnalyzer)  
INFO  Using log config file: jar:file:/fastdata/lavaulta/auto-re-agent/.tools/ghidra_12.1.2_PUBLIC/Ghidra/Framework/Generic/lib/Generic.jar!/generic.log4j.xml (LoggingInitialization)  
INFO  Using log file: /home/lavaulta/.config/ghidra/ghidra_12.1.2_PUBLIC/application.log (LoggingInitialization)  
INFO  Loading user preferences: /home/lavaulta/.config/ghidra/ghidra_12.1.2_PUBLIC/preferences (Preferences)  
INFO  Searching for classes... (ClassSearcher)  
INFO  Ignoring class 'xexloaderwv.XEXLoaderWVLoader' from '/fastdata/lavaulta/auto-re-agent/.tools/ghidra_12.1.2_PUBLIC/Ghidra/Extensions/XEXLoaderWV/lib/XEXLoaderWV.jar'. Already found at '/fastdata/lavaulta/auto-re-agent/.tools/ghidra_12.1.2_PUBLIC/Ghidra/patch/XEXLoaderWV-java21.jar'. (ClassSearcher)  
INFO  Class search complete (1543 ms) (ClassSearcher)  
INFO  Initializing SSL Context (DefaultSSLContextInitializer)  
INFO  Initializing Random Number Generator... (SecureRandomFactory)  
INFO  Random Number Generator initialization complete: NativePRNGNonBlocking (SecureRandomFactory)  
INFO  Trust manager disabled, cacerts have not been set (DefaultTrustManagerFactory)  
INFO  Headless startup complete (3322 ms) (AnalyzeHeadless)  
INFO  Class searcher loaded 59 extension points (20 false positives) (ClassSearcher)  
INFO  HEADLESS Script Paths:
    /fastdata/lavaulta/auto-re-agent/.tools/ghidra_12.1.2_PUBLIC/Ghidra/Features/MicrosoftCodeAnalyzer/ghidra_scripts
    /fastdata/lavaulta/auto-re-agent/.tools/ghidra_12.1.2_PUBLIC/Ghidra/Features/PDB/ghidra_scripts
    /fastdata/lavaulta/auto-re-agent/.tools/ghidra_12.1.2_PUBLIC/Ghidra/Processors/8051/ghidra_scripts
    /fastdata/lavaulta/auto-re-agent/.tools/ghidra_12.1.2_PUBLIC/Ghidra/Features/Base/ghidra_scripts
    /fastdata/lavaulta/auto-re-agent/workspaces/ace-combat-6/scripts
    /fastdata/lavaulta/auto-re-agent/.tools/ghidra_12.1.2_PUBLIC/Ghidra/Features/FileFormats/ghidra_scripts
    /fastdata/lavaulta/auto-re-agent/.tools/ghidra_12.1.2_PUBLIC/Ghidra/Features/GnuDemangler/ghidra_scripts
    /fastdata/lavaulta/auto-re-agent/.tools/ghidra_12.1.2_PUBLIC/Ghidra/Extensions/ghidra-emotionengine-reloaded/ghidra_scripts
    /fastdata/lavaulta/auto-re-agent/.tools/ghidra_12.1.2_PUBLIC/Ghidra/Features/Decompiler/ghidra_scripts
    /fastdata/lavaulta/auto-re-agent/.tools/ghidra_12.1.2_PUBLIC/Ghidra/Features/FunctionID/ghidra_scripts
    /fastdata/lavaulta/auto-re-agent/.tools/ghidra_12.1.2_PUBLIC/Ghidra/Features/DecompilerDependent/ghidra_scripts
    /fastdata/lavaulta/auto-re-agent/.tools/ghidra_12.1.2_PUBLIC/Ghidra/Processors/DATA/ghidra_scripts
    /fastdata/lavaulta/auto-re-agent/.tools/ghidra_12.1.2_PUBLIC/Ghidra/Debug/Debugger-rmi-trace/ghidra_scripts
    /fastdata/lavaulta/auto-re-agent/.tools/ghidra_12.1.2_PUBLIC/Ghidra/Features/SwiftDemangler/ghidra_scripts
    /fastdata/lavaulta/auto-re-agent/.tools/ghidra_12.1.2_PUBLIC/Ghidra/Debug/Debugger/ghidra_scripts
    /fastdata/lavaulta/auto-re-agent/.tools/ghidra_12.1.2_PUBLIC/Ghidra/Processors/PIC/ghidra_scripts
    /fastdata/lavaulta/auto-re-agent/.tools/ghidra_12.1.2_PUBLIC/Ghidra/Extensions/XEXLoaderWV/ghidra_scripts
    /fastdata/lavaulta/auto-re-agent/.tools/ghidra_12.1.2_PUBLIC/Ghidra/Features/WildcardAssembler/ghidra_scripts
    /fastdata/lavaulta/auto-re-agent/.tools/ghidra_12.1.2_PUBLIC/Ghidra/Features/PyGhidra/ghidra_scripts
    /fastdata/lavaulta/auto-re-agent/.tools/ghidra_12.1.2_PUBLIC/Ghidra/Features/BSim/ghidra_scripts
    /fastdata/lavaulta/auto-re-agent/.tools/ghidra_12.1.2_PUBLIC/Ghidra/Features/VersionTracking/ghidra_scripts
    /fastdata/lavaulta/auto-re-agent/.tools/ghidra_12.1.2_PUBLIC/Ghidra/Features/BytePatterns/ghidra_scripts
    /fastdata/lavaulta/auto-re-agent/.tools/ghidra_12.1.2_PUBLIC/Ghidra/Processors/Atmel/ghidra_scripts
    /fastdata/lavaulta/auto-re-agent/.tools/ghidra_12.1.2_PUBLIC/Ghidra/Features/SystemEmulation/ghidra_scripts
    /fastdata/lavaulta/auto-re-agent/.tools/ghidra_12.1.2_PUBLIC/Ghidra/Processors/JVM/ghidra_scripts (HeadlessAnalyzer)  
INFO  HEADLESS: execution starts (HeadlessAnalyzer)  
INFO  Opening existing project: /fastdata/lavaulta/auto-re-agent/workspaces/ace-combat-6/ghidra-projects/ace-combat-6 (HeadlessAnalyzer)  
INFO  Opening project: /fastdata/lavaulta/auto-re-agent/workspaces/ace-combat-6/ghidra-projects/ace-combat-6 (HeadlessProject)  
INFO  REPORT: Processing project file: /default.xex (HeadlessAnalyzer)  
INFO  REPORT: Execute script: DumpU32Range.java '0x82056960' '0x820569b0'  (HeadlessAnalyzer)  
INFO  SCRIPT: /fastdata/lavaulta/auto-re-agent/workspaces/ace-combat-6/scripts/DumpU32Range.java (HeadlessAnalyzer)  
INFO  DumpU32Range.java> 82056960 0x822663a8 (GhidraScript)  
INFO  DumpU32Range.java> 82056964 0x820a3638 (GhidraScript)  
INFO  DumpU32Range.java> 82056968 0x822a2b08 (GhidraScript)  
INFO  DumpU32Range.java> 8205696c 0x822a6500 (GhidraScript)  
INFO  DumpU32Range.java> 82056970 0x822a6710 (GhidraScript)  
INFO  DumpU32Range.java> 82056974 0x822a1c08 (GhidraScript)  
INFO  DumpU32Range.java> 82056978 0x822a2c80 (GhidraScript)  
INFO  DumpU32Range.java> 8205697c 0x822ddbe8 (GhidraScript)  
INFO  DumpU32Range.java> 82056980 0x820a6fb0 (GhidraScript)  
INFO  DumpU32Range.java> 82056984 0x822ddbe8 (GhidraScript)  
INFO  DumpU32Range.java> 82056988 0x822ddbe8 (GhidraScript)  
INFO  DumpU32Range.java> 8205698c 0x822ddbe8 (GhidraScript)  
INFO  DumpU32Range.java> 82056990 0x47656e65 (GhidraScript)  
INFO  DumpU32Range.java> 82056994 0x72616c44 (GhidraScript)  
INFO  DumpU32Range.java> 82056998 0x61746150 (GhidraScript)  
INFO  DumpU32Range.java> 8205699c 0x726f6365 (GhidraScript)  
INFO  DumpU32Range.java> 820569a0 0x73730000 (GhidraScript)  
INFO  DumpU32Range.java> 820569a4 0x28697369 (GhidraScript)  
INFO  DumpU32Range.java> 820569a8 0x29000000 (GhidraScript)  
INFO  DumpU32Range.java> 820569ac 0x69000000 (GhidraScript)  
INFO  REPORT: Execute script: DumpRange.java '0x822ddbd0' '0x822ddc10'  (HeadlessAnalyzer)  
INFO  SCRIPT: /fastdata/lavaulta/auto-re-agent/workspaces/ace-combat-6/scripts/DumpRange.java (HeadlessAnalyzer)  
INFO  DumpRange.java> 822ddbd0 lwz r11,0x4eb4(r11) (GhidraScript)  
INFO  DumpRange.java> 822ddbd4 lwzx r3,r11,r10 (GhidraScript)  
INFO  DumpRange.java> 822ddbd8 lwz r11,0x0(r3) (GhidraScript)  
INFO  DumpRange.java> 822ddbdc lwz r11,0xc0(r11) (GhidraScript)  
INFO  DumpRange.java> 822ddbe0 mtspr CTR,r11 (GhidraScript)  
INFO  DumpRange.java> 822ddbe4 bctr (GhidraScript)  
INFO  DumpRange.java> 822ddbe8 blr (GhidraScript)  
INFO  DumpRange.java> 822ddbec <not-disassembled> (GhidraScript)  
INFO  DumpRange.java> 822ddbf0 lwz r11,0x198(r3) (GhidraScript)  
INFO  DumpRange.java> 822ddbf4 cmpwi cr6,r11,0x3 (GhidraScript)  
INFO  DumpRange.java> 822ddbf8 beq cr6,0x822ddc14 (GhidraScript)  
INFO  DumpRange.java> 822ddbfc lis r11,-0x7df9 (GhidraScript)  
INFO  DumpRange.java> 822ddc00 lfs f13,0x110(r3) (GhidraScript)  
INFO  DumpRange.java> 822ddc04 li r3,0x0 (GhidraScript)  
INFO  DumpRange.java> 822ddc08 lfs f0,-0x60a4(r11) (GhidraScript)  
INFO  DumpRange.java> 822ddc0c fcmpu cr6,f13,f0 (GhidraScript)  
INFO  REPORT: Save succeeded for processed file: /default.xex (HeadlessAnalyzer)  
INFO  Using log config file: jar:file:/fastdata/lavaulta/auto-re-agent/.tools/ghidra_12.1.2_PUBLIC/Ghidra/Framework/Generic/lib/Generic.jar!/generic.log4j.xml (LoggingInitialization)  
INFO  Using log file: /home/lavaulta/.config/ghidra/ghidra_12.1.2_PUBLIC/application.log (LoggingInitialization)  
INFO  Loading user preferences: /home/lavaulta/.config/ghidra/ghidra_12.1.2_PUBLIC/preferences (Preferences)  
INFO  Searching for classes... (ClassSearcher)  
INFO  Ignoring class 'xexloaderwv.XEXLoaderWVLoader' from '/fastdata/lavaulta/auto-re-agent/.tools/ghidra_12.1.2_PUBLIC/Ghidra/Extensions/XEXLoaderWV/lib/XEXLoaderWV.jar'. Already found at '/fastdata/lavaulta/auto-re-agent/.tools/ghidra_12.1.2_PUBLIC/Ghidra/patch/XEXLoaderWV-java21.jar'. (ClassSearcher)  
INFO  Class search complete (1736 ms) (ClassSearcher)  
INFO  Initializing SSL Context (DefaultSSLContextInitializer)  
INFO  Initializing Random Number Generator... (SecureRandomFactory)  
INFO  Random Number Generator initialization complete: NativePRNGNonBlocking (SecureRandomFactory)  
INFO  Trust manager disabled, cacerts have not been set (DefaultTrustManagerFactory)  
INFO  Headless startup complete (3353 ms) (AnalyzeHeadless)  
INFO  Class searcher loaded 59 extension points (20 false positives) (ClassSearcher)  
INFO  HEADLESS Script Paths:
    /fastdata/lavaulta/auto-re-agent/.tools/ghidra_12.1.2_PUBLIC/Ghidra/Features/MicrosoftCodeAnalyzer/ghidra_scripts
    /fastdata/lavaulta/auto-re-agent/.tools/ghidra_12.1.2_PUBLIC/Ghidra/Features/PDB/ghidra_scripts
    /fastdata/lavaulta/auto-re-agent/.tools/ghidra_12.1.2_PUBLIC/Ghidra/Processors/8051/ghidra_scripts
    /fastdata/lavaulta/auto-re-agent/.tools/ghidra_12.1.2_PUBLIC/Ghidra/Features/Base/ghidra_scripts
    /fastdata/lavaulta/auto-re-agent/workspaces/ace-combat-6/scripts
    /fastdata/lavaulta/auto-re-agent/.tools/ghidra_12.1.2_PUBLIC/Ghidra/Features/FileFormats/ghidra_scripts
    /fastdata/lavaulta/auto-re-agent/.tools/ghidra_12.1.2_PUBLIC/Ghidra/Features/GnuDemangler/ghidra_scripts
    /fastdata/lavaulta/auto-re-agent/.tools/ghidra_12.1.2_PUBLIC/Ghidra/Extensions/ghidra-emotionengine-reloaded/ghidra_scripts
    /fastdata/lavaulta/auto-re-agent/.tools/ghidra_12.1.2_PUBLIC/Ghidra/Features/Decompiler/ghidra_scripts
    /fastdata/lavaulta/auto-re-agent/.tools/ghidra_12.1.2_PUBLIC/Ghidra/Features/FunctionID/ghidra_scripts
    /fastdata/lavaulta/auto-re-agent/.tools/ghidra_12.1.2_PUBLIC/Ghidra/Features/DecompilerDependent/ghidra_scripts
    /fastdata/lavaulta/auto-re-agent/.tools/ghidra_12.1.2_PUBLIC/Ghidra/Processors/DATA/ghidra_scripts
    /fastdata/lavaulta/auto-re-agent/.tools/ghidra_12.1.2_PUBLIC/Ghidra/Debug/Debugger-rmi-trace/ghidra_scripts
    /fastdata/lavaulta/auto-re-agent/.tools/ghidra_12.1.2_PUBLIC/Ghidra/Features/SwiftDemangler/ghidra_scripts
    /fastdata/lavaulta/auto-re-agent/.tools/ghidra_12.1.2_PUBLIC/Ghidra/Debug/Debugger/ghidra_scripts
    /fastdata/lavaulta/auto-re-agent/.tools/ghidra_12.1.2_PUBLIC/Ghidra/Processors/PIC/ghidra_scripts
    /fastdata/lavaulta/auto-re-agent/.tools/ghidra_12.1.2_PUBLIC/Ghidra/Extensions/XEXLoaderWV/ghidra_scripts
    /fastdata/lavaulta/auto-re-agent/.tools/ghidra_12.1.2_PUBLIC/Ghidra/Features/WildcardAssembler/ghidra_scripts
    /fastdata/lavaulta/auto-re-agent/.tools/ghidra_12.1.2_PUBLIC/Ghidra/Features/PyGhidra/ghidra_scripts
    /fastdata/lavaulta/auto-re-agent/.tools/ghidra_12.1.2_PUBLIC/Ghidra/Features/BSim/ghidra_scripts
    /fastdata/lavaulta/auto-re-agent/.tools/ghidra_12.1.2_PUBLIC/Ghidra/Features/VersionTracking/ghidra_scripts
    /fastdata/lavaulta/auto-re-agent/.tools/ghidra_12.1.2_PUBLIC/Ghidra/Features/BytePatterns/ghidra_scripts
    /fastdata/lavaulta/auto-re-agent/.tools/ghidra_12.1.2_PUBLIC/Ghidra/Processors/Atmel/ghidra_scripts
    /fastdata/lavaulta/auto-re-agent/.tools/ghidra_12.1.2_PUBLIC/Ghidra/Features/SystemEmulation/ghidra_scripts
    /fastdata/lavaulta/auto-re-agent/.tools/ghidra_12.1.2_PUBLIC/Ghidra/Processors/JVM/ghidra_scripts (HeadlessAnalyzer)  
INFO  HEADLESS: execution starts (HeadlessAnalyzer)  
INFO  Opening existing project: /fastdata/lavaulta/auto-re-agent/workspaces/ace-combat-6/ghidra-projects/ace-combat-6 (HeadlessAnalyzer)  
INFO  Opening project: /fastdata/lavaulta/auto-re-agent/workspaces/ace-combat-6/ghidra-projects/ace-combat-6 (HeadlessProject)  
INFO  REPORT: Processing project file: /default.xex (HeadlessAnalyzer)  
INFO  REPORT: Execute script: DumpRange.java '0x8222bec8' '0x8222bf80'  (HeadlessAnalyzer)  
INFO  SCRIPT: /fastdata/lavaulta/auto-re-agent/workspaces/ace-combat-6/scripts/DumpRange.java (HeadlessAnalyzer)  
INFO  DumpRange.java> 8222bec8 mfspr r12,LR (GhidraScript)  
INFO  DumpRange.java> 8222becc bl 0x82382ef4 (GhidraScript)  
INFO  DumpRange.java> 8222bed0 stfd f30,-0x40(r1) (GhidraScript)  
INFO  DumpRange.java> 8222bed4 stfd f31,-0x38(r1) (GhidraScript)  
INFO  DumpRange.java> 8222bed8 stwu r1,-0x90(r1) (GhidraScript)  
INFO  DumpRange.java> 8222bedc or r31,r3,r3 (GhidraScript)  
INFO  DumpRange.java> 8222bee0 bl 0x822fd2c8 (GhidraScript)  
INFO  DumpRange.java> 8222bee4 lis r11,-0x7e00 (GhidraScript)  
INFO  DumpRange.java> 8222bee8 lis r10,-0x7e00 (GhidraScript)  
INFO  DumpRange.java> 8222beec lis r9,-0x7e00 (GhidraScript)  
INFO  DumpRange.java> 8222bef0 addi r3,r31,0x2a0 (GhidraScript)  
INFO  DumpRange.java> 8222bef4 addi r9,r9,0x7a08 (GhidraScript)  
INFO  DumpRange.java> 8222bef8 lfs f31,0x82c(r11) (GhidraScript)  
INFO  DumpRange.java> 8222befc lis r11,-0x7dfb (GhidraScript)  
INFO  DumpRange.java> 8222bf00 lfs f30,0x1348(r10) (GhidraScript)  
INFO  DumpRange.java> 8222bf04 lis r10,-0x7e00 (GhidraScript)  
INFO  DumpRange.java> 8222bf08 addi r11,r11,0x4db0 (GhidraScript)  
INFO  DumpRange.java> 8222bf0c addi r10,r10,0x7a10 (GhidraScript)  
INFO  DumpRange.java> 8222bf10 stw r11,0x220(r31) (GhidraScript)  
INFO  DumpRange.java> 8222bf14 stw r10,0x0(r31) (GhidraScript)  
INFO  DumpRange.java> 8222bf18 stw r9,0x220(r31) (GhidraScript)  
INFO  DumpRange.java> 8222bf1c stfs f31,0x240(r31) (GhidraScript)  
INFO  DumpRange.java> 8222bf20 stfs f31,0x244(r31) (GhidraScript)  
INFO  DumpRange.java> 8222bf24 stfs f31,0x248(r31) (GhidraScript)  
INFO  DumpRange.java> 8222bf28 stfs f30,0x24c(r31) (GhidraScript)  
INFO  DumpRange.java> 8222bf2c stfs f31,0x250(r31) (GhidraScript)  
INFO  DumpRange.java> 8222bf30 stfs f31,0x254(r31) (GhidraScript)  
INFO  DumpRange.java> 8222bf34 stfs f31,0x258(r31) (GhidraScript)  
INFO  DumpRange.java> 8222bf38 stfs f30,0x25c(r31) (GhidraScript)  
INFO  DumpRange.java> 8222bf3c stfs f31,0x260(r31) (GhidraScript)  
INFO  DumpRange.java> 8222bf40 stfs f31,0x264(r31) (GhidraScript)  
INFO  DumpRange.java> 8222bf44 stfs f31,0x268(r31) (GhidraScript)  
INFO  DumpRange.java> 8222bf48 stfs f30,0x26c(r31) (GhidraScript)  
INFO  DumpRange.java> 8222bf4c stfs f31,0x270(r31) (GhidraScript)  
INFO  DumpRange.java> 8222bf50 stfs f31,0x274(r31) (GhidraScript)  
INFO  DumpRange.java> 8222bf54 stfs f31,0x278(r31) (GhidraScript)  
INFO  DumpRange.java> 8222bf58 stfs f30,0x27c(r31) (GhidraScript)  
INFO  DumpRange.java> 8222bf5c bl 0x823008f8 (GhidraScript)  
INFO  DumpRange.java> 8222bf60 lis r11,-0x7dff (GhidraScript)  
INFO  DumpRange.java> 8222bf64 lis r10,-0x7dfb (GhidraScript)  
INFO  DumpRange.java> 8222bf68 subi r11,r11,0x72cc (GhidraScript)  
INFO  DumpRange.java> 8222bf6c addi r27,r10,0x4dc4 (GhidraScript)  
INFO  DumpRange.java> 8222bf70 li r30,0x0 (GhidraScript)  
INFO  DumpRange.java> 8222bf74 addi r3,r31,0x56c (GhidraScript)  
INFO  DumpRange.java> 8222bf78 stw r11,0x54c(r31) (GhidraScript)  
INFO  DumpRange.java> 8222bf7c stw r27,0x55c(r31) (GhidraScript)  
INFO  REPORT: Execute script: DumpRange.java '0x82293c28' '0x82293ce0'  (HeadlessAnalyzer)  
INFO  SCRIPT: /fastdata/lavaulta/auto-re-agent/workspaces/ace-combat-6/scripts/DumpRange.java (HeadlessAnalyzer)  
INFO  DumpRange.java> 82293c28 mfspr r12,LR (GhidraScript)  
INFO  DumpRange.java> 82293c2c stw r12,-0x8(r1) (GhidraScript)  
INFO  DumpRange.java> 82293c30 std r30,-0x18(r1) (GhidraScript)  
INFO  DumpRange.java> 82293c34 std r31,-0x10(r1) (GhidraScript)  
INFO  DumpRange.java> 82293c38 stwu r1,-0x70(r1) (GhidraScript)  
INFO  DumpRange.java> 82293c3c or r31,r3,r3 (GhidraScript)  
INFO  DumpRange.java> 82293c40 bl 0x8222bec8 (GhidraScript)  
INFO  DumpRange.java> 82293c44 lis r11,-0x7dff (GhidraScript)  
INFO  DumpRange.java> 82293c48 lis r10,-0x7dff (GhidraScript)  
INFO  DumpRange.java> 82293c4c subi r11,r11,0x6ed0 (GhidraScript)  
INFO  DumpRange.java> 82293c50 subi r10,r10,0x6ed8 (GhidraScript)  
INFO  DumpRange.java> 82293c54 addi r30,r31,0x29b0 (GhidraScript)  
INFO  DumpRange.java> 82293c58 or r3,r30,r30 (GhidraScript)  
INFO  DumpRange.java> 82293c5c stw r11,0x0(r31) (GhidraScript)  
INFO  DumpRange.java> 82293c60 stw r10,0x220(r31) (GhidraScript)  
INFO  DumpRange.java> 82293c64 bl 0x82329640 (GhidraScript)  
INFO  DumpRange.java> 82293c68 or r3,r31,r31 (GhidraScript)  
INFO  DumpRange.java> 82293c6c stw r30,0x1330(r31) (GhidraScript)  
INFO  DumpRange.java> 82293c70 addi r1,r1,0x70 (GhidraScript)  
INFO  DumpRange.java> 82293c74 lwz r12,-0x8(r1) (GhidraScript)  
INFO  DumpRange.java> 82293c78 mtspr LR,r12 (GhidraScript)  
INFO  DumpRange.java> 82293c7c ld r30,-0x18(r1) (GhidraScript)  
INFO  DumpRange.java> 82293c80 ld r31,-0x10(r1) (GhidraScript)  
INFO  DumpRange.java> 82293c84 blr (GhidraScript)  
INFO  DumpRange.java> 82293c88 mfspr r12,LR (GhidraScript)  
INFO  DumpRange.java> 82293c8c stw r12,-0x8(r1) (GhidraScript)  
INFO  DumpRange.java> 82293c90 std r30,-0x18(r1) (GhidraScript)  
INFO  DumpRange.java> 82293c94 std r31,-0x10(r1) (GhidraScript)  
INFO  DumpRange.java> 82293c98 stwu r1,-0x70(r1) (GhidraScript)  
INFO  DumpRange.java> 82293c9c lis r11,-0x7dff (GhidraScript)  
INFO  DumpRange.java> 82293ca0 lis r10,-0x7dff (GhidraScript)  
INFO  DumpRange.java> 82293ca4 or r31,r3,r3 (GhidraScript)  
INFO  DumpRange.java> 82293ca8 subi r11,r11,0x6ed0 (GhidraScript)  
INFO  DumpRange.java> 82293cac subi r10,r10,0x6ed8 (GhidraScript)  
INFO  DumpRange.java> 82293cb0 addi r3,r31,0x29b0 (GhidraScript)  
INFO  DumpRange.java> 82293cb4 or r30,r4,r4 (GhidraScript)  
INFO  DumpRange.java> 82293cb8 stw r11,0x0(r31) (GhidraScript)  
INFO  DumpRange.java> 82293cbc stw r10,0x220(r31) (GhidraScript)  
INFO  DumpRange.java> 82293cc0 bl 0x82329428 (GhidraScript)  
INFO  DumpRange.java> 82293cc4 or r3,r31,r31 (GhidraScript)  
INFO  DumpRange.java> 82293cc8 bl 0x82227b08 (GhidraScript)  
INFO  DumpRange.java> 82293ccc rlwinm r11,r30,0x0,0x1f,0x1f (GhidraScript)  
INFO  DumpRange.java> 82293cd0 or r3,r31,r31 (GhidraScript)  
INFO  DumpRange.java> 82293cd4 cmplwi cr6,r11,0x0 (GhidraScript)  
INFO  DumpRange.java> 82293cd8 beq cr6,0x82293ce4 (GhidraScript)  
INFO  DumpRange.java> 82293cdc bl 0x82380070 (GhidraScript)  
INFO  REPORT: Execute script: DumpRange.java '0x8229d9b0' '0x8229da68'  (HeadlessAnalyzer)  
INFO  SCRIPT: /fastdata/lavaulta/auto-re-agent/workspaces/ace-combat-6/scripts/DumpRange.java (HeadlessAnalyzer)  
INFO  DumpRange.java> 8229d9b0 mfspr r12,LR (GhidraScript)  
INFO  DumpRange.java> 8229d9b4 stw r12,-0x8(r1) (GhidraScript)  
INFO  DumpRange.java> 8229d9b8 std r31,-0x10(r1) (GhidraScript)  
INFO  DumpRange.java> 8229d9bc stwu r1,-0x60(r1) (GhidraScript)  
INFO  DumpRange.java> 8229d9c0 or r31,r3,r3 (GhidraScript)  
INFO  DumpRange.java> 8229d9c4 bl 0x822fd2c8 (GhidraScript)  
INFO  DumpRange.java> 8229d9c8 lis r11,-0x7dff (GhidraScript)  
INFO  DumpRange.java> 8229d9cc li r10,-0x1 (GhidraScript)  
INFO  DumpRange.java> 8229d9d0 subi r11,r11,0x6b48 (GhidraScript)  
INFO  DumpRange.java> 8229d9d4 li r9,0x0 (GhidraScript)  
INFO  DumpRange.java> 8229d9d8 li r8,0x4 (GhidraScript)  
INFO  DumpRange.java> 8229d9dc or r3,r31,r31 (GhidraScript)  
INFO  DumpRange.java> 8229d9e0 stw r10,0x220(r31) (GhidraScript)  
INFO  DumpRange.java> 8229d9e4 stw r11,0x0(r31) (GhidraScript)  
INFO  DumpRange.java> 8229d9e8 stb r9,0x224(r31) (GhidraScript)  
INFO  DumpRange.java> 8229d9ec stw r8,0xb8(r31) (GhidraScript)  
INFO  DumpRange.java> 8229d9f0 addi r1,r1,0x60 (GhidraScript)  
INFO  DumpRange.java> 8229d9f4 lwz r12,-0x8(r1) (GhidraScript)  
INFO  DumpRange.java> 8229d9f8 mtspr LR,r12 (GhidraScript)  
INFO  DumpRange.java> 8229d9fc ld r31,-0x10(r1) (GhidraScript)  
INFO  DumpRange.java> 8229da00 blr (GhidraScript)  
INFO  DumpRange.java> 8229da04 <not-disassembled> (GhidraScript)  
INFO  DumpRange.java> 8229da08 stw r4,0x220(r3) (GhidraScript)  
INFO  DumpRange.java> 8229da0c blr (GhidraScript)  
INFO  DumpRange.java> 8229da10 lwz r3,0x220(r3) (GhidraScript)  
INFO  DumpRange.java> 8229da14 blr (GhidraScript)  
INFO  DumpRange.java> 8229da18 lbz r3,0x224(r3) (GhidraScript)  
INFO  DumpRange.java> 8229da1c blr (GhidraScript)  
INFO  DumpRange.java> 8229da20 lfs f1,0x230(r3) (GhidraScript)  
INFO  DumpRange.java> 8229da24 blr (GhidraScript)  
INFO  DumpRange.java> 8229da28 lfs f1,0x234(r3) (GhidraScript)  
INFO  DumpRange.java> 8229da2c blr (GhidraScript)  
INFO  DumpRange.java> 8229da30 lfs f1,0x238(r3) (GhidraScript)  
INFO  DumpRange.java> 8229da34 blr (GhidraScript)  
INFO  DumpRange.java> 8229da38 lwz r3,0x23c(r3) (GhidraScript)  
INFO  DumpRange.java> 8229da3c blr (GhidraScript)  
INFO  DumpRange.java> 8229da40 mfspr r12,LR (GhidraScript)  
INFO  DumpRange.java> 8229da44 stw r12,-0x8(r1) (GhidraScript)  
INFO  DumpRange.java> 8229da48 std r30,-0x18(r1) (GhidraScript)  
INFO  DumpRange.java> 8229da4c std r31,-0x10(r1) (GhidraScript)  
INFO  DumpRange.java> 8229da50 stwu r1,-0x70(r1) (GhidraScript)  
INFO  DumpRange.java> 8229da54 lis r11,-0x7dff (GhidraScript)  
INFO  DumpRange.java> 8229da58 or r31,r3,r3 (GhidraScript)  
INFO  DumpRange.java> 8229da5c subi r11,r11,0x6b48 (GhidraScript)  
INFO  DumpRange.java> 8229da60 or r30,r4,r4 (GhidraScript)  
INFO  DumpRange.java> 8229da64 stw r11,0x0(r31) (GhidraScript)  
INFO  REPORT: Execute script: DumpRange.java '0x822a47e8' '0x822a48a0'  (HeadlessAnalyzer)  
INFO  SCRIPT: /fastdata/lavaulta/auto-re-agent/workspaces/ace-combat-6/scripts/DumpRange.java (HeadlessAnalyzer)  
INFO  DumpRange.java> 822a47e8 mfspr r12,LR (GhidraScript)  
INFO  DumpRange.java> 822a47ec stw r12,-0x8(r1) (GhidraScript)  
INFO  DumpRange.java> 822a47f0 std r31,-0x10(r1) (GhidraScript)  
INFO  DumpRange.java> 822a47f4 stwu r1,-0x60(r1) (GhidraScript)  
INFO  DumpRange.java> 822a47f8 or r31,r3,r3 (GhidraScript)  
INFO  DumpRange.java> 822a47fc bl 0x8228f6b0 (GhidraScript)  
INFO  DumpRange.java> 822a4800 lis r11,-0x7dff (GhidraScript)  
INFO  DumpRange.java> 822a4804 li r10,0x0 (GhidraScript)  
INFO  DumpRange.java> 822a4808 subi r11,r11,0x6800 (GhidraScript)  
INFO  DumpRange.java> 822a480c or r3,r31,r31 (GhidraScript)  
INFO  DumpRange.java> 822a4810 stw r10,0x398(r31) (GhidraScript)  
INFO  DumpRange.java> 822a4814 stw r11,0x0(r31) (GhidraScript)  
INFO  DumpRange.java> 822a4818 bl 0x82299878 (GhidraScript)  
INFO  DumpRange.java> 822a481c or r3,r31,r31 (GhidraScript)  
INFO  DumpRange.java> 822a4820 addi r1,r1,0x60 (GhidraScript)  
INFO  DumpRange.java> 822a4824 lwz r12,-0x8(r1) (GhidraScript)  
INFO  DumpRange.java> 822a4828 mtspr LR,r12 (GhidraScript)  
INFO  DumpRange.java> 822a482c ld r31,-0x10(r1) (GhidraScript)  
INFO  DumpRange.java> 822a4830 blr (GhidraScript)  
INFO  DumpRange.java> 822a4834 <not-disassembled> (GhidraScript)  
INFO  DumpRange.java> 822a4838 lwz r3,0x398(r3) (GhidraScript)  
INFO  DumpRange.java> 822a483c blr (GhidraScript)  
INFO  DumpRange.java> 822a4840 mfspr r12,LR (GhidraScript)  
INFO  DumpRange.java> 822a4844 stw r12,-0x8(r1) (GhidraScript)  
INFO  DumpRange.java> 822a4848 std r30,-0x18(r1) (GhidraScript)  
INFO  DumpRange.java> 822a484c std r31,-0x10(r1) (GhidraScript)  
INFO  DumpRange.java> 822a4850 stwu r1,-0x70(r1) (GhidraScript)  
INFO  DumpRange.java> 822a4854 lis r11,-0x7dff (GhidraScript)  
INFO  DumpRange.java> 822a4858 or r31,r3,r3 (GhidraScript)  
INFO  DumpRange.java> 822a485c subi r11,r11,0x70a8 (GhidraScript)  
INFO  DumpRange.java> 822a4860 addi r3,r31,0x220 (GhidraScript)  
INFO  DumpRange.java> 822a4864 or r30,r4,r4 (GhidraScript)  
INFO  DumpRange.java> 822a4868 stw r11,0x0(r31) (GhidraScript)  
INFO  DumpRange.java> 822a486c bl 0x82328558 (GhidraScript)  
INFO  DumpRange.java> 822a4870 or r3,r31,r31 (GhidraScript)  
INFO  DumpRange.java> 822a4874 bl 0x82227a80 (GhidraScript)  
INFO  DumpRange.java> 822a4878 rlwinm r11,r30,0x0,0x1f,0x1f (GhidraScript)  
INFO  DumpRange.java> 822a487c or r3,r31,r31 (GhidraScript)  
INFO  DumpRange.java> 822a4880 cmplwi cr6,r11,0x0 (GhidraScript)  
INFO  DumpRange.java> 822a4884 beq cr6,0x822a4890 (GhidraScript)  
INFO  DumpRange.java> 822a4888 bl 0x82380070 (GhidraScript)  
INFO  DumpRange.java> 822a488c or r3,r31,r31 (GhidraScript)  
INFO  DumpRange.java> 822a4890 addi r1,r1,0x70 (GhidraScript)  
INFO  DumpRange.java> 822a4894 lwz r12,-0x8(r1) (GhidraScript)  
INFO  DumpRange.java> 822a4898 mtspr LR,r12 (GhidraScript)  
INFO  DumpRange.java> 822a489c ld r30,-0x18(r1) (GhidraScript)  
INFO  REPORT: Execute script: DumpRange.java '0x8228f6b0' '0x8228f768'  (HeadlessAnalyzer)  
INFO  SCRIPT: /fastdata/lavaulta/auto-re-agent/workspaces/ace-combat-6/scripts/DumpRange.java (HeadlessAnalyzer)  
INFO  DumpRange.java> 8228f6b0 mfspr r12,LR (GhidraScript)  
INFO  DumpRange.java> 8228f6b4 stw r12,-0x8(r1) (GhidraScript)  
INFO  DumpRange.java> 8228f6b8 std r30,-0x18(r1) (GhidraScript)  
INFO  DumpRange.java> 8228f6bc std r31,-0x10(r1) (GhidraScript)  
INFO  DumpRange.java> 8228f6c0 stwu r1,-0x70(r1) (GhidraScript)  
INFO  DumpRange.java> 8228f6c4 or r31,r3,r3 (GhidraScript)  
INFO  DumpRange.java> 8228f6c8 bl 0x822fd2c8 (GhidraScript)  
INFO  DumpRange.java> 8228f6cc lis r11,-0x7dff (GhidraScript)  
INFO  DumpRange.java> 8228f6d0 addi r30,r31,0x220 (GhidraScript)  
INFO  DumpRange.java> 8228f6d4 subi r11,r11,0x70a8 (GhidraScript)  
INFO  DumpRange.java> 8228f6d8 or r3,r30,r30 (GhidraScript)  
INFO  DumpRange.java> 8228f6dc stw r11,0x0(r31) (GhidraScript)  
INFO  DumpRange.java> 8228f6e0 bl 0x82328d40 (GhidraScript)  
INFO  DumpRange.java> 8228f6e4 lwz r10,0x220(r31) (GhidraScript)  
INFO  DumpRange.java> 8228f6e8 li r11,0x0 (GhidraScript)  
INFO  DumpRange.java> 8228f6ec li r9,0x4 (GhidraScript)  
INFO  DumpRange.java> 8228f6f0 or r4,r31,r31 (GhidraScript)  
INFO  DumpRange.java> 8228f6f4 or r3,r30,r30 (GhidraScript)  
INFO  DumpRange.java> 8228f6f8 lwz r10,0x20(r10) (GhidraScript)  
INFO  DumpRange.java> 8228f6fc stw r11,0x2fc(r31) (GhidraScript)  
INFO  DumpRange.java> 8228f700 stw r11,0x328(r31) (GhidraScript)  
INFO  DumpRange.java> 8228f704 stw r9,0xb8(r31) (GhidraScript)  
INFO  DumpRange.java> 8228f708 mtspr CTR,r10 (GhidraScript)  
INFO  DumpRange.java> 8228f70c bctrl (GhidraScript)  
INFO  DumpRange.java> 8228f710 or r3,r31,r31 (GhidraScript)  
INFO  DumpRange.java> 8228f714 bl 0x82298b08 (GhidraScript)  
INFO  DumpRange.java> 8228f718 or r3,r31,r31 (GhidraScript)  
INFO  DumpRange.java> 8228f71c addi r1,r1,0x70 (GhidraScript)  
INFO  DumpRange.java> 8228f720 lwz r12,-0x8(r1) (GhidraScript)  
INFO  DumpRange.java> 8228f724 mtspr LR,r12 (GhidraScript)  
INFO  DumpRange.java> 8228f728 ld r30,-0x18(r1) (GhidraScript)  
INFO  DumpRange.java> 8228f72c ld r31,-0x10(r1) (GhidraScript)  
INFO  DumpRange.java> 8228f730 blr (GhidraScript)  
INFO  DumpRange.java> 8228f734 <not-disassembled> (GhidraScript)  
INFO  DumpRange.java> 8228f738 lfs f1,0x240(r3) (GhidraScript)  
INFO  DumpRange.java> 8228f73c blr (GhidraScript)  
INFO  DumpRange.java> 8228f740 stfs f1,0x318(r3) (GhidraScript)  
INFO  DumpRange.java> 8228f744 blr (GhidraScript)  
INFO  DumpRange.java> 8228f748 lis r11,-0x7e00 (GhidraScript)  
INFO  DumpRange.java> 8228f74c lfs f0,0x318(r3) (GhidraScript)  
INFO  DumpRange.java> 8228f750 lfs f1,0x1348(r11) (GhidraScript)  
INFO  DumpRange.java> 8228f754 fcmpu cr6,f0,f1 (GhidraScript)  
INFO  DumpRange.java> 8228f758 bgtlr cr6 (GhidraScript)  
INFO  DumpRange.java> 8228f75c lis r11,-0x7e00 (GhidraScript)  
INFO  DumpRange.java> 8228f760 lfs f1,0x82c(r11) (GhidraScript)  
INFO  DumpRange.java> 8228f764 fcmpu cr6,f0,f1 (GhidraScript)  
INFO  REPORT: Execute script: DumpRange.java '0x822a2f10' '0x822a2fc8'  (HeadlessAnalyzer)  
INFO  SCRIPT: /fastdata/lavaulta/auto-re-agent/workspaces/ace-combat-6/scripts/DumpRange.java (HeadlessAnalyzer)  
INFO  DumpRange.java> 822a2f10 mfspr r12,LR (GhidraScript)  
INFO  DumpRange.java> 822a2f14 stw r12,-0x8(r1) (GhidraScript)  
INFO  DumpRange.java> 822a2f18 std r31,-0x10(r1) (GhidraScript)  
INFO  DumpRange.java> 822a2f1c stwu r1,-0x60(r1) (GhidraScript)  
INFO  DumpRange.java> 822a2f20 or r31,r3,r3 (GhidraScript)  
INFO  DumpRange.java> 822a2f24 bl 0x8229a470 (GhidraScript)  
INFO  DumpRange.java> 822a2f28 lis r11,-0x7dff (GhidraScript)  
INFO  DumpRange.java> 822a2f2c li r10,0x0 (GhidraScript)  
INFO  DumpRange.java> 822a2f30 subi r11,r11,0x69a8 (GhidraScript)  
INFO  DumpRange.java> 822a2f34 li r9,0x5 (GhidraScript)  
INFO  DumpRange.java> 822a2f38 or r3,r31,r31 (GhidraScript)  
INFO  DumpRange.java> 822a2f3c stw r10,0x200(r31) (GhidraScript)  
INFO  DumpRange.java> 822a2f40 stw r11,0x0(r31) (GhidraScript)  
INFO  DumpRange.java> 822a2f44 stw r9,0xb8(r31) (GhidraScript)  
INFO  DumpRange.java> 822a2f48 bl 0x82298b08 (GhidraScript)  
INFO  DumpRange.java> 822a2f4c or r3,r31,r31 (GhidraScript)  
INFO  DumpRange.java> 822a2f50 addi r1,r1,0x60 (GhidraScript)  
INFO  DumpRange.java> 822a2f54 lwz r12,-0x8(r1) (GhidraScript)  
INFO  DumpRange.java> 822a2f58 mtspr LR,r12 (GhidraScript)  
INFO  DumpRange.java> 822a2f5c ld r31,-0x10(r1) (GhidraScript)  
INFO  DumpRange.java> 822a2f60 blr (GhidraScript)  
INFO  DumpRange.java> 822a2f64 <not-disassembled> (GhidraScript)  
INFO  DumpRange.java> 822a2f68 lfs f1,0x204(r3) (GhidraScript)  
INFO  DumpRange.java> 822a2f6c blr (GhidraScript)  
INFO  DumpRange.java> 822a2f70 mfspr r12,LR (GhidraScript)  
INFO  DumpRange.java> 822a2f74 stw r12,-0x8(r1) (GhidraScript)  
INFO  DumpRange.java> 822a2f78 std r31,-0x10(r1) (GhidraScript)  
INFO  DumpRange.java> 822a2f7c stwu r1,-0x60(r1) (GhidraScript)  
INFO  DumpRange.java> 822a2f80 or r31,r3,r3 (GhidraScript)  
INFO  DumpRange.java> 822a2f84 bl 0x8229a620 (GhidraScript)  
INFO  DumpRange.java> 822a2f88 lis r11,-0x7e00 (GhidraScript)  
INFO  DumpRange.java> 822a2f8c li r10,-0x1 (GhidraScript)  
INFO  DumpRange.java> 822a2f90 lfs f0,0x82c(r11) (GhidraScript)  
INFO  DumpRange.java> 822a2f94 stfs f0,0x204(r31) (GhidraScript)  
INFO  DumpRange.java> 822a2f98 stw r10,0x220(r31) (GhidraScript)  
INFO  DumpRange.java> 822a2f9c stfs f0,0x20c(r31) (GhidraScript)  
INFO  DumpRange.java> 822a2fa0 stfs f0,0x214(r31) (GhidraScript)  
INFO  DumpRange.java> 822a2fa4 stfs f0,0x218(r31) (GhidraScript)  
INFO  DumpRange.java> 822a2fa8 addi r1,r1,0x60 (GhidraScript)  
INFO  DumpRange.java> 822a2fac lwz r12,-0x8(r1) (GhidraScript)  
INFO  DumpRange.java> 822a2fb0 mtspr LR,r12 (GhidraScript)  
INFO  DumpRange.java> 822a2fb4 ld r31,-0x10(r1) (GhidraScript)  
INFO  DumpRange.java> 822a2fb8 blr (GhidraScript)  
INFO  DumpRange.java> 822a2fbc <not-disassembled> (GhidraScript)  
INFO  DumpRange.java> 822a2fc0 mfspr r12,LR (GhidraScript)  
INFO  DumpRange.java> 822a2fc4 stw r12,-0x8(r1) (GhidraScript)  
INFO  REPORT: Execute script: DumpRange.java '0x822a67b8' '0x822a6870'  (HeadlessAnalyzer)  
INFO  SCRIPT: /fastdata/lavaulta/auto-re-agent/workspaces/ace-combat-6/scripts/DumpRange.java (HeadlessAnalyzer)  
INFO  DumpRange.java> 822a67b8 mfspr r12,LR (GhidraScript)  
INFO  DumpRange.java> 822a67bc stw r12,-0x8(r1) (GhidraScript)  
INFO  DumpRange.java> 822a67c0 std r31,-0x10(r1) (GhidraScript)  
INFO  DumpRange.java> 822a67c4 stwu r1,-0x60(r1) (GhidraScript)  
INFO  DumpRange.java> 822a67c8 or r31,r3,r3 (GhidraScript)  
INFO  DumpRange.java> 822a67cc bl 0x8229a470 (GhidraScript)  
INFO  DumpRange.java> 822a67d0 lis r10,-0x7e00 (GhidraScript)  
INFO  DumpRange.java> 822a67d4 lis r11,-0x7dff (GhidraScript)  
INFO  DumpRange.java> 822a67d8 li r9,0x0 (GhidraScript)  
INFO  DumpRange.java> 822a67dc subi r11,r11,0x66a0 (GhidraScript)  
INFO  DumpRange.java> 822a67e0 li r8,0x6 (GhidraScript)  
INFO  DumpRange.java> 822a67e4 lfs f0,0x82c(r10) (GhidraScript)  
INFO  DumpRange.java> 822a67e8 li r10,-0x1 (GhidraScript)  
INFO  DumpRange.java> 822a67ec or r3,r31,r31 (GhidraScript)  
INFO  DumpRange.java> 822a67f0 stfs f0,0x224(r31) (GhidraScript)  
INFO  DumpRange.java> 822a67f4 stw r9,0x200(r31) (GhidraScript)  
INFO  DumpRange.java> 822a67f8 stw r11,0x0(r31) (GhidraScript)  
INFO  DumpRange.java> 822a67fc stw r8,0xb8(r31) (GhidraScript)  
INFO  DumpRange.java> 822a6800 sth r10,0x218(r31) (GhidraScript)  
INFO  DumpRange.java> 822a6804 bl 0x82298b08 (GhidraScript)  
INFO  DumpRange.java> 822a6808 or r3,r31,r31 (GhidraScript)  
INFO  DumpRange.java> 822a680c addi r1,r1,0x60 (GhidraScript)  
INFO  DumpRange.java> 822a6810 lwz r12,-0x8(r1) (GhidraScript)  
INFO  DumpRange.java> 822a6814 mtspr LR,r12 (GhidraScript)  
INFO  DumpRange.java> 822a6818 ld r31,-0x10(r1) (GhidraScript)  
INFO  DumpRange.java> 822a681c blr (GhidraScript)  
INFO  DumpRange.java> 822a6820 stfs f1,0x210(r3) (GhidraScript)  
INFO  DumpRange.java> 822a6824 blr (GhidraScript)  
INFO  DumpRange.java> 822a6828 lfs f1,0x210(r3) (GhidraScript)  
INFO  DumpRange.java> 822a682c blr (GhidraScript)  
INFO  DumpRange.java> 822a6830 mfspr r12,LR (GhidraScript)  
INFO  DumpRange.java> 822a6834 bl 0x82382ee8 (GhidraScript)  
INFO  DumpRange.java> 822a6838 stwu r1,-0xa0(r1) (GhidraScript)  
INFO  DumpRange.java> 822a683c or r29,r3,r3 (GhidraScript)  
INFO  DumpRange.java> 822a6840 lwz r11,0x15c(r29) (GhidraScript)  
INFO  DumpRange.java> 822a6844 cmplwi cr6,r11,0x0 (GhidraScript)  
INFO  DumpRange.java> 822a6848 beq cr6,0x822a695c (GhidraScript)  
INFO  DumpRange.java> 822a684c lwz r11,0x90(r11) (GhidraScript)  
INFO  DumpRange.java> 822a6850 lwz r25,0x1c(r11) (GhidraScript)  
INFO  DumpRange.java> 822a6854 cmplwi cr6,r25,0x0 (GhidraScript)  
INFO  DumpRange.java> 822a6858 beq cr6,0x822a695c (GhidraScript)  
INFO  DumpRange.java> 822a685c li r11,0x0 (GhidraScript)  
INFO  DumpRange.java> 822a6860 or r3,r25,r25 (GhidraScript)  
INFO  DumpRange.java> 822a6864 sth r11,0x218(r29) (GhidraScript)  
INFO  DumpRange.java> 822a6868 bl 0x821d10d0 (GhidraScript)  
INFO  DumpRange.java> 822a686c or r24,r3,r3 (GhidraScript)  
INFO  REPORT: Save succeeded for processed file: /default.xex (HeadlessAnalyzer)  
INFO  Using log config file: jar:file:/fastdata/lavaulta/auto-re-agent/.tools/ghidra_12.1.2_PUBLIC/Ghidra/Framework/Generic/lib/Generic.jar!/generic.log4j.xml (LoggingInitialization)  
INFO  Using log file: /home/lavaulta/.config/ghidra/ghidra_12.1.2_PUBLIC/application.log (LoggingInitialization)  
INFO  Loading user preferences: /home/lavaulta/.config/ghidra/ghidra_12.1.2_PUBLIC/preferences (Preferences)  
INFO  Searching for classes... (ClassSearcher)  
INFO  Ignoring class 'xexloaderwv.XEXLoaderWVLoader' from '/fastdata/lavaulta/auto-re-agent/.tools/ghidra_12.1.2_PUBLIC/Ghidra/Extensions/XEXLoaderWV/lib/XEXLoaderWV.jar'. Already found at '/fastdata/lavaulta/auto-re-agent/.tools/ghidra_12.1.2_PUBLIC/Ghidra/patch/XEXLoaderWV-java21.jar'. (ClassSearcher)  
INFO  Class search complete (1640 ms) (ClassSearcher)  
INFO  Initializing SSL Context (DefaultSSLContextInitializer)  
INFO  Initializing Random Number Generator... (SecureRandomFactory)  
INFO  Random Number Generator initialization complete: NativePRNGNonBlocking (SecureRandomFactory)  
INFO  Trust manager disabled, cacerts have not been set (DefaultTrustManagerFactory)  
INFO  Headless startup complete (3300 ms) (AnalyzeHeadless)  
INFO  Class searcher loaded 59 extension points (20 false positives) (ClassSearcher)  
INFO  HEADLESS Script Paths:
    /fastdata/lavaulta/auto-re-agent/.tools/ghidra_12.1.2_PUBLIC/Ghidra/Features/MicrosoftCodeAnalyzer/ghidra_scripts
    /fastdata/lavaulta/auto-re-agent/.tools/ghidra_12.1.2_PUBLIC/Ghidra/Features/PDB/ghidra_scripts
    /fastdata/lavaulta/auto-re-agent/.tools/ghidra_12.1.2_PUBLIC/Ghidra/Processors/8051/ghidra_scripts
    /fastdata/lavaulta/auto-re-agent/.tools/ghidra_12.1.2_PUBLIC/Ghidra/Features/Base/ghidra_scripts
    /fastdata/lavaulta/auto-re-agent/workspaces/ace-combat-6/scripts
    /fastdata/lavaulta/auto-re-agent/.tools/ghidra_12.1.2_PUBLIC/Ghidra/Features/FileFormats/ghidra_scripts
    /fastdata/lavaulta/auto-re-agent/.tools/ghidra_12.1.2_PUBLIC/Ghidra/Features/GnuDemangler/ghidra_scripts
    /fastdata/lavaulta/auto-re-agent/.tools/ghidra_12.1.2_PUBLIC/Ghidra/Extensions/ghidra-emotionengine-reloaded/ghidra_scripts
    /fastdata/lavaulta/auto-re-agent/.tools/ghidra_12.1.2_PUBLIC/Ghidra/Features/Decompiler/ghidra_scripts
    /fastdata/lavaulta/auto-re-agent/.tools/ghidra_12.1.2_PUBLIC/Ghidra/Features/FunctionID/ghidra_scripts
    /fastdata/lavaulta/auto-re-agent/.tools/ghidra_12.1.2_PUBLIC/Ghidra/Features/DecompilerDependent/ghidra_scripts
    /fastdata/lavaulta/auto-re-agent/.tools/ghidra_12.1.2_PUBLIC/Ghidra/Processors/DATA/ghidra_scripts
    /fastdata/lavaulta/auto-re-agent/.tools/ghidra_12.1.2_PUBLIC/Ghidra/Debug/Debugger-rmi-trace/ghidra_scripts
    /fastdata/lavaulta/auto-re-agent/.tools/ghidra_12.1.2_PUBLIC/Ghidra/Features/SwiftDemangler/ghidra_scripts
    /fastdata/lavaulta/auto-re-agent/.tools/ghidra_12.1.2_PUBLIC/Ghidra/Debug/Debugger/ghidra_scripts
    /fastdata/lavaulta/auto-re-agent/.tools/ghidra_12.1.2_PUBLIC/Ghidra/Processors/PIC/ghidra_scripts
    /fastdata/lavaulta/auto-re-agent/.tools/ghidra_12.1.2_PUBLIC/Ghidra/Extensions/XEXLoaderWV/ghidra_scripts
    /fastdata/lavaulta/auto-re-agent/.tools/ghidra_12.1.2_PUBLIC/Ghidra/Features/WildcardAssembler/ghidra_scripts
    /fastdata/lavaulta/auto-re-agent/.tools/ghidra_12.1.2_PUBLIC/Ghidra/Features/PyGhidra/ghidra_scripts
    /fastdata/lavaulta/auto-re-agent/.tools/ghidra_12.1.2_PUBLIC/Ghidra/Features/BSim/ghidra_scripts
    /fastdata/lavaulta/auto-re-agent/.tools/ghidra_12.1.2_PUBLIC/Ghidra/Features/VersionTracking/ghidra_scripts
    /fastdata/lavaulta/auto-re-agent/.tools/ghidra_12.1.2_PUBLIC/Ghidra/Features/BytePatterns/ghidra_scripts
    /fastdata/lavaulta/auto-re-agent/.tools/ghidra_12.1.2_PUBLIC/Ghidra/Processors/Atmel/ghidra_scripts
    /fastdata/lavaulta/auto-re-agent/.tools/ghidra_12.1.2_PUBLIC/Ghidra/Features/SystemEmulation/ghidra_scripts
    /fastdata/lavaulta/auto-re-agent/.tools/ghidra_12.1.2_PUBLIC/Ghidra/Processors/JVM/ghidra_scripts (HeadlessAnalyzer)  
INFO  HEADLESS: execution starts (HeadlessAnalyzer)  
INFO  Opening existing project: /fastdata/lavaulta/auto-re-agent/workspaces/ace-combat-6/ghidra-projects/ace-combat-6 (HeadlessAnalyzer)  
INFO  Opening project: /fastdata/lavaulta/auto-re-agent/workspaces/ace-combat-6/ghidra-projects/ace-combat-6 (HeadlessProject)  
INFO  REPORT: Processing project file: /default.xex (HeadlessAnalyzer)  
INFO  REPORT: Execute script: DumpU32Range.java '0x820079f0' '0x82007a20'  (HeadlessAnalyzer)  
INFO  SCRIPT: /fastdata/lavaulta/auto-re-agent/workspaces/ace-combat-6/scripts/DumpU32Range.java (HeadlessAnalyzer)  
INFO  DumpU32Range.java> 820079f0 0x822ddbe8 (GhidraScript)  
INFO  DumpU32Range.java> 820079f4 0x822993a0 (GhidraScript)  
INFO  DumpU32Range.java> 820079f8 0x822ddbe8 (GhidraScript)  
INFO  DumpU32Range.java> 820079fc 0x822663a8 (GhidraScript)  
INFO  DumpU32Range.java> 82007a00 0x822ddbe8 (GhidraScript)  
INFO  DumpU32Range.java> 82007a04 0x82299878 (GhidraScript)  
INFO  DumpU32Range.java> 82007a08 0x82227d68 (GhidraScript)  
INFO  DumpU32Range.java> 82007a0c 0x8222a218 (GhidraScript)  
INFO  DumpU32Range.java> 82007a10 0x82229200 (GhidraScript)  
INFO  DumpU32Range.java> 82007a14 0x82227cd0 (GhidraScript)  
INFO  DumpU32Range.java> 82007a18 0x820add08 (GhidraScript)  
INFO  DumpU32Range.java> 82007a1c 0x82226cd0 (GhidraScript)  
INFO  REPORT: Execute script: DumpU32Range.java '0x82008f40' '0x82008f68'  (HeadlessAnalyzer)  
INFO  SCRIPT: /fastdata/lavaulta/auto-re-agent/workspaces/ace-combat-6/scripts/DumpU32Range.java (HeadlessAnalyzer)  
INFO  DumpU32Range.java> 82008f40 0x8228df98 (GhidraScript)  
INFO  DumpU32Range.java> 82008f44 0x8228df48 (GhidraScript)  
INFO  DumpU32Range.java> 82008f48 0x8228e520 (GhidraScript)  
INFO  DumpU32Range.java> 82008f4c 0x8228e7d8 (GhidraScript)  
INFO  DumpU32Range.java> 82008f50 0x5368d4a5 (GhidraScript)  
INFO  DumpU32Range.java> 82008f54 0xbf490fdb (GhidraScript)  
INFO  DumpU32Range.java> 82008f58 0x822a4840 (GhidraScript)  
INFO  DumpU32Range.java> 82008f5c 0x820adcf0 (GhidraScript)  
INFO  DumpU32Range.java> 82008f60 0x820add08 (GhidraScript)  
INFO  DumpU32Range.java> 82008f64 0x82226cd0 (GhidraScript)  
INFO  REPORT: Execute script: DumpU32Range.java '0x82009118' '0x82009140'  (HeadlessAnalyzer)  
INFO  SCRIPT: /fastdata/lavaulta/auto-re-agent/workspaces/ace-combat-6/scripts/DumpU32Range.java (HeadlessAnalyzer)  
INFO  DumpU32Range.java> 82009118 0x4b742400 (GhidraScript)  
INFO  DumpU32Range.java> 8200911c 0xc4af0000 (GhidraScript)  
INFO  DumpU32Range.java> 82009120 0x4479c000 (GhidraScript)  
INFO  DumpU32Range.java> 82009124 0x4b095440 (GhidraScript)  
INFO  DumpU32Range.java> 82009128 0x82293d00 (GhidraScript)  
INFO  DumpU32Range.java> 8200912c 0x8222a218 (GhidraScript)  
INFO  DumpU32Range.java> 82009130 0x82293c88 (GhidraScript)  
INFO  DumpU32Range.java> 82009134 0x82227cd0 (GhidraScript)  
INFO  DumpU32Range.java> 82009138 0x820add08 (GhidraScript)  
INFO  DumpU32Range.java> 8200913c 0x82226cd0 (GhidraScript)  
INFO  REPORT: Execute script: DumpU32Range.java '0x820094a0' '0x820094c8'  (HeadlessAnalyzer)  
INFO  SCRIPT: /fastdata/lavaulta/auto-re-agent/workspaces/ace-combat-6/scripts/DumpU32Range.java (HeadlessAnalyzer)  
INFO  DumpU32Range.java> 820094a0 0x3fb65718 (GhidraScript)  
INFO  DumpU32Range.java> 820094a4 0x48000000 (GhidraScript)  
INFO  DumpU32Range.java> 820094a8 0x42c80000 (GhidraScript)  
INFO  DumpU32Range.java> 820094ac 0x41200000 (GhidraScript)  
INFO  DumpU32Range.java> 820094b0 0x501502f9 (GhidraScript)  
INFO  DumpU32Range.java> 820094b4 0x00000000 (GhidraScript)  
INFO  DumpU32Range.java> 820094b8 0x8229da40 (GhidraScript)  
INFO  DumpU32Range.java> 820094bc 0x820adcf0 (GhidraScript)  
INFO  DumpU32Range.java> 820094c0 0x820add08 (GhidraScript)  
INFO  DumpU32Range.java> 820094c4 0x82226cd0 (GhidraScript)  
INFO  REPORT: Execute script: DumpU32Range.java '0x82009640' '0x82009668'  (HeadlessAnalyzer)  
INFO  SCRIPT: /fastdata/lavaulta/auto-re-agent/workspaces/ace-combat-6/scripts/DumpU32Range.java (HeadlessAnalyzer)  
INFO  DumpU32Range.java> 82009640 0x40c38800 (GhidraScript)  
INFO  DumpU32Range.java> 82009644 0x00000000 (GhidraScript)  
INFO  DumpU32Range.java> 82009648 0x408f4000 (GhidraScript)  
INFO  DumpU32Range.java> 8200964c 0x00000000 (GhidraScript)  
INFO  DumpU32Range.java> 82009650 0xc0c90fdb (GhidraScript)  
INFO  DumpU32Range.java> 82009654 0x00000000 (GhidraScript)  
INFO  DumpU32Range.java> 82009658 0x822a8818 (GhidraScript)  
INFO  DumpU32Range.java> 8200965c 0x820adcf0 (GhidraScript)  
INFO  DumpU32Range.java> 82009660 0x820add08 (GhidraScript)  
INFO  DumpU32Range.java> 82009664 0x82226cd0 (GhidraScript)  
INFO  REPORT: Execute script: DumpU32Range.java '0x820097e8' '0x82009810'  (HeadlessAnalyzer)  
INFO  SCRIPT: /fastdata/lavaulta/auto-re-agent/workspaces/ace-combat-6/scripts/DumpU32Range.java (HeadlessAnalyzer)  
INFO  DumpU32Range.java> 820097e8 0x00000006 (GhidraScript)  
INFO  DumpU32Range.java> 820097ec 0x0000000b (GhidraScript)  
INFO  DumpU32Range.java> 820097f0 0x00000007 (GhidraScript)  
INFO  DumpU32Range.java> 820097f4 0x00000012 (GhidraScript)  
INFO  DumpU32Range.java> 820097f8 0x00000020 (GhidraScript)  
INFO  DumpU32Range.java> 820097fc 0x00000000 (GhidraScript)  
INFO  DumpU32Range.java> 82009800 0x822a4840 (GhidraScript)  
INFO  DumpU32Range.java> 82009804 0x820adcf0 (GhidraScript)  
INFO  DumpU32Range.java> 82009808 0x820add08 (GhidraScript)  
INFO  DumpU32Range.java> 8200980c 0x82226cd0 (GhidraScript)  
INFO  REPORT: Execute script: DumpU32Range.java '0x82009948' '0x82009970'  (HeadlessAnalyzer)  
INFO  SCRIPT: /fastdata/lavaulta/auto-re-agent/workspaces/ace-combat-6/scripts/DumpU32Range.java (HeadlessAnalyzer)  
INFO  DumpU32Range.java> 82009948 0x82266398 (GhidraScript)  
INFO  DumpU32Range.java> 8200994c 0x82266398 (GhidraScript)  
INFO  DumpU32Range.java> 82009950 0x8228f838 (GhidraScript)  
INFO  DumpU32Range.java> 82009954 0x8228f858 (GhidraScript)  
INFO  DumpU32Range.java> 82009958 0x8228f868 (GhidraScript)  
INFO  DumpU32Range.java> 8200995c 0x822a5710 (GhidraScript)  
INFO  DumpU32Range.java> 82009960 0x822a8818 (GhidraScript)  
INFO  DumpU32Range.java> 82009964 0x820adcf0 (GhidraScript)  
INFO  DumpU32Range.java> 82009968 0x820add08 (GhidraScript)  
INFO  DumpU32Range.java> 8200996c 0x82226cd0 (GhidraScript)  
INFO  REPORT: Save succeeded for processed file: /default.xex (HeadlessAnalyzer)  
INFO  Using log config file: jar:file:/fastdata/lavaulta/auto-re-agent/.tools/ghidra_12.1.2_PUBLIC/Ghidra/Framework/Generic/lib/Generic.jar!/generic.log4j.xml (LoggingInitialization)  
INFO  Using log file: /home/lavaulta/.config/ghidra/ghidra_12.1.2_PUBLIC/application.log (LoggingInitialization)  
INFO  Loading user preferences: /home/lavaulta/.config/ghidra/ghidra_12.1.2_PUBLIC/preferences (Preferences)  
INFO  Searching for classes... (ClassSearcher)  
INFO  Ignoring class 'xexloaderwv.XEXLoaderWVLoader' from '/fastdata/lavaulta/auto-re-agent/.tools/ghidra_12.1.2_PUBLIC/Ghidra/Extensions/XEXLoaderWV/lib/XEXLoaderWV.jar'. Already found at '/fastdata/lavaulta/auto-re-agent/.tools/ghidra_12.1.2_PUBLIC/Ghidra/patch/XEXLoaderWV-java21.jar'. (ClassSearcher)  
INFO  Class search complete (1498 ms) (ClassSearcher)  
INFO  Initializing SSL Context (DefaultSSLContextInitializer)  
INFO  Initializing Random Number Generator... (SecureRandomFactory)  
INFO  Random Number Generator initialization complete: NativePRNGNonBlocking (SecureRandomFactory)  
INFO  Trust manager disabled, cacerts have not been set (DefaultTrustManagerFactory)  
INFO  Headless startup complete (3034 ms) (AnalyzeHeadless)  
INFO  Class searcher loaded 59 extension points (20 false positives) (ClassSearcher)  
INFO  HEADLESS Script Paths:
    /fastdata/lavaulta/auto-re-agent/.tools/ghidra_12.1.2_PUBLIC/Ghidra/Features/MicrosoftCodeAnalyzer/ghidra_scripts
    /fastdata/lavaulta/auto-re-agent/.tools/ghidra_12.1.2_PUBLIC/Ghidra/Features/PDB/ghidra_scripts
    /fastdata/lavaulta/auto-re-agent/.tools/ghidra_12.1.2_PUBLIC/Ghidra/Processors/8051/ghidra_scripts
    /fastdata/lavaulta/auto-re-agent/.tools/ghidra_12.1.2_PUBLIC/Ghidra/Features/Base/ghidra_scripts
    /fastdata/lavaulta/auto-re-agent/workspaces/ace-combat-6/scripts
    /fastdata/lavaulta/auto-re-agent/.tools/ghidra_12.1.2_PUBLIC/Ghidra/Features/FileFormats/ghidra_scripts
    /fastdata/lavaulta/auto-re-agent/.tools/ghidra_12.1.2_PUBLIC/Ghidra/Features/GnuDemangler/ghidra_scripts
    /fastdata/lavaulta/auto-re-agent/.tools/ghidra_12.1.2_PUBLIC/Ghidra/Extensions/ghidra-emotionengine-reloaded/ghidra_scripts
    /fastdata/lavaulta/auto-re-agent/.tools/ghidra_12.1.2_PUBLIC/Ghidra/Features/Decompiler/ghidra_scripts
    /fastdata/lavaulta/auto-re-agent/.tools/ghidra_12.1.2_PUBLIC/Ghidra/Features/FunctionID/ghidra_scripts
    /fastdata/lavaulta/auto-re-agent/.tools/ghidra_12.1.2_PUBLIC/Ghidra/Features/DecompilerDependent/ghidra_scripts
    /fastdata/lavaulta/auto-re-agent/.tools/ghidra_12.1.2_PUBLIC/Ghidra/Processors/DATA/ghidra_scripts
    /fastdata/lavaulta/auto-re-agent/.tools/ghidra_12.1.2_PUBLIC/Ghidra/Debug/Debugger-rmi-trace/ghidra_scripts
    /fastdata/lavaulta/auto-re-agent/.tools/ghidra_12.1.2_PUBLIC/Ghidra/Features/SwiftDemangler/ghidra_scripts
    /fastdata/lavaulta/auto-re-agent/.tools/ghidra_12.1.2_PUBLIC/Ghidra/Debug/Debugger/ghidra_scripts
    /fastdata/lavaulta/auto-re-agent/.tools/ghidra_12.1.2_PUBLIC/Ghidra/Processors/PIC/ghidra_scripts
    /fastdata/lavaulta/auto-re-agent/.tools/ghidra_12.1.2_PUBLIC/Ghidra/Extensions/XEXLoaderWV/ghidra_scripts
    /fastdata/lavaulta/auto-re-agent/.tools/ghidra_12.1.2_PUBLIC/Ghidra/Features/WildcardAssembler/ghidra_scripts
    /fastdata/lavaulta/auto-re-agent/.tools/ghidra_12.1.2_PUBLIC/Ghidra/Features/PyGhidra/ghidra_scripts
    /fastdata/lavaulta/auto-re-agent/.tools/ghidra_12.1.2_PUBLIC/Ghidra/Features/BSim/ghidra_scripts
    /fastdata/lavaulta/auto-re-agent/.tools/ghidra_12.1.2_PUBLIC/Ghidra/Features/VersionTracking/ghidra_scripts
    /fastdata/lavaulta/auto-re-agent/.tools/ghidra_12.1.2_PUBLIC/Ghidra/Features/BytePatterns/ghidra_scripts
    /fastdata/lavaulta/auto-re-agent/.tools/ghidra_12.1.2_PUBLIC/Ghidra/Processors/Atmel/ghidra_scripts
    /fastdata/lavaulta/auto-re-agent/.tools/ghidra_12.1.2_PUBLIC/Ghidra/Features/SystemEmulation/ghidra_scripts
    /fastdata/lavaulta/auto-re-agent/.tools/ghidra_12.1.2_PUBLIC/Ghidra/Processors/JVM/ghidra_scripts (HeadlessAnalyzer)  
INFO  HEADLESS: execution starts (HeadlessAnalyzer)  
INFO  Opening existing project: /fastdata/lavaulta/auto-re-agent/workspaces/ace-combat-6/ghidra-projects/ace-combat-6 (HeadlessAnalyzer)  
INFO  Opening project: /fastdata/lavaulta/auto-re-agent/workspaces/ace-combat-6/ghidra-projects/ace-combat-6 (HeadlessProject)  
INFO  REPORT: Processing project file: /default.xex (HeadlessAnalyzer)  
INFO  REPORT: Execute script: DumpU32Range.java '0x8200948c' '0x82009498'  (HeadlessAnalyzer)  
INFO  SCRIPT: /fastdata/lavaulta/auto-re-agent/workspaces/ace-combat-6/scripts/DumpU32Range.java (HeadlessAnalyzer)  
INFO  DumpU32Range.java> 8200948c 0x82298190 (GhidraScript)  
INFO  DumpU32Range.java> 82009490 0x82297a40 (GhidraScript)  
INFO  DumpU32Range.java> 82009494 0x822974c8 (GhidraScript)  
INFO  REPORT: Execute script: DumpU32Range.java '0x82009afc' '0x82009b08'  (HeadlessAnalyzer)  
INFO  SCRIPT: /fastdata/lavaulta/auto-re-agent/workspaces/ace-combat-6/scripts/DumpU32Range.java (HeadlessAnalyzer)  
INFO  DumpU32Range.java> 82009afc 0x82298190 (GhidraScript)  
INFO  DumpU32Range.java> 82009b00 0x82297a40 (GhidraScript)  
INFO  DumpU32Range.java> 82009b04 0x822974c8 (GhidraScript)  
INFO  REPORT: Execute script: DumpU32Range.java '0x82007a5c' '0x82007a68'  (HeadlessAnalyzer)  
INFO  SCRIPT: /fastdata/lavaulta/auto-re-agent/workspaces/ace-combat-6/scripts/DumpU32Range.java (HeadlessAnalyzer)  
INFO  DumpU32Range.java> 82007a5c 0x82226c20 (GhidraScript)  
INFO  DumpU32Range.java> 82007a60 0x822fd0c8 (GhidraScript)  
INFO  DumpU32Range.java> 82007a64 0x82266390 (GhidraScript)  
INFO  REPORT: Execute script: DumpU32Range.java '0x8200917c' '0x82009188'  (HeadlessAnalyzer)  
INFO  SCRIPT: /fastdata/lavaulta/auto-re-agent/workspaces/ace-combat-6/scripts/DumpU32Range.java (HeadlessAnalyzer)  
INFO  DumpU32Range.java> 8200917c 0x82226c20 (GhidraScript)  
INFO  DumpU32Range.java> 82009180 0x822fd0c8 (GhidraScript)  
INFO  DumpU32Range.java> 82009184 0x82266390 (GhidraScript)  
INFO  REPORT: Execute script: DumpU32Range.java '0x82009504' '0x82009510'  (HeadlessAnalyzer)  
INFO  SCRIPT: /fastdata/lavaulta/auto-re-agent/workspaces/ace-combat-6/scripts/DumpU32Range.java (HeadlessAnalyzer)  
INFO  DumpU32Range.java> 82009504 0x82225848 (GhidraScript)  
INFO  DumpU32Range.java> 82009508 0x822fd0c8 (GhidraScript)  
INFO  DumpU32Range.java> 8200950c 0x822663a8 (GhidraScript)  
INFO  REPORT: Execute script: DumpU32Range.java '0x8200984c' '0x82009858'  (HeadlessAnalyzer)  
INFO  SCRIPT: /fastdata/lavaulta/auto-re-agent/workspaces/ace-combat-6/scripts/DumpU32Range.java (HeadlessAnalyzer)  
INFO  DumpU32Range.java> 8200984c 0x82225848 (GhidraScript)  
INFO  DumpU32Range.java> 82009850 0x8228f678 (GhidraScript)  
INFO  DumpU32Range.java> 82009854 0x822663a8 (GhidraScript)  
INFO  REPORT: Execute script: DumpU32Range.java '0x82008fa4' '0x82008fb0'  (HeadlessAnalyzer)  
INFO  SCRIPT: /fastdata/lavaulta/auto-re-agent/workspaces/ace-combat-6/scripts/DumpU32Range.java (HeadlessAnalyzer)  
INFO  DumpU32Range.java> 82008fa4 0x82225848 (GhidraScript)  
INFO  DumpU32Range.java> 82008fa8 0x8228f678 (GhidraScript)  
INFO  DumpU32Range.java> 82008fac 0x822663a8 (GhidraScript)  
INFO  REPORT: Execute script: DumpU32Range.java '0x820096a4' '0x820096b0'  (HeadlessAnalyzer)  
INFO  SCRIPT: /fastdata/lavaulta/auto-re-agent/workspaces/ace-combat-6/scripts/DumpU32Range.java (HeadlessAnalyzer)  
INFO  DumpU32Range.java> 820096a4 0x82225848 (GhidraScript)  
INFO  DumpU32Range.java> 820096a8 0x822a30f0 (GhidraScript)  
INFO  DumpU32Range.java> 820096ac 0x822663a8 (GhidraScript)  
INFO  REPORT: Execute script: DumpU32Range.java '0x820099ac' '0x820099b8'  (HeadlessAnalyzer)  
INFO  SCRIPT: /fastdata/lavaulta/auto-re-agent/workspaces/ace-combat-6/scripts/DumpU32Range.java (HeadlessAnalyzer)  
INFO  DumpU32Range.java> 820099ac 0x82225848 (GhidraScript)  
INFO  DumpU32Range.java> 820099b0 0x822a6c48 (GhidraScript)  
INFO  DumpU32Range.java> 820099b4 0x822663a8 (GhidraScript)  
INFO  REPORT: Save succeeded for processed file: /default.xex (HeadlessAnalyzer)  
INFO  Using log config file: jar:file:/fastdata/lavaulta/auto-re-agent/.tools/ghidra_12.1.2_PUBLIC/Ghidra/Framework/Generic/lib/Generic.jar!/generic.log4j.xml (LoggingInitialization)  
INFO  Using log file: /home/lavaulta/.config/ghidra/ghidra_12.1.2_PUBLIC/application.log (LoggingInitialization)  
INFO  Loading user preferences: /home/lavaulta/.config/ghidra/ghidra_12.1.2_PUBLIC/preferences (Preferences)  
INFO  Searching for classes... (ClassSearcher)  
INFO  Ignoring class 'xexloaderwv.XEXLoaderWVLoader' from '/fastdata/lavaulta/auto-re-agent/.tools/ghidra_12.1.2_PUBLIC/Ghidra/Extensions/XEXLoaderWV/lib/XEXLoaderWV.jar'. Already found at '/fastdata/lavaulta/auto-re-agent/.tools/ghidra_12.1.2_PUBLIC/Ghidra/patch/XEXLoaderWV-java21.jar'. (ClassSearcher)  
INFO  Class search complete (1520 ms) (ClassSearcher)  
INFO  Initializing SSL Context (DefaultSSLContextInitializer)  
INFO  Initializing Random Number Generator... (SecureRandomFactory)  
INFO  Random Number Generator initialization complete: NativePRNGNonBlocking (SecureRandomFactory)  
INFO  Trust manager disabled, cacerts have not been set (DefaultTrustManagerFactory)  
INFO  Headless startup complete (3128 ms) (AnalyzeHeadless)  
INFO  Class searcher loaded 59 extension points (20 false positives) (ClassSearcher)  
INFO  HEADLESS Script Paths:
    /fastdata/lavaulta/auto-re-agent/.tools/ghidra_12.1.2_PUBLIC/Ghidra/Features/MicrosoftCodeAnalyzer/ghidra_scripts
    /fastdata/lavaulta/auto-re-agent/.tools/ghidra_12.1.2_PUBLIC/Ghidra/Features/PDB/ghidra_scripts
    /fastdata/lavaulta/auto-re-agent/.tools/ghidra_12.1.2_PUBLIC/Ghidra/Processors/8051/ghidra_scripts
    /fastdata/lavaulta/auto-re-agent/.tools/ghidra_12.1.2_PUBLIC/Ghidra/Features/Base/ghidra_scripts
    /fastdata/lavaulta/auto-re-agent/workspaces/ace-combat-6/scripts
    /fastdata/lavaulta/auto-re-agent/.tools/ghidra_12.1.2_PUBLIC/Ghidra/Features/FileFormats/ghidra_scripts
    /fastdata/lavaulta/auto-re-agent/.tools/ghidra_12.1.2_PUBLIC/Ghidra/Features/GnuDemangler/ghidra_scripts
    /fastdata/lavaulta/auto-re-agent/.tools/ghidra_12.1.2_PUBLIC/Ghidra/Extensions/ghidra-emotionengine-reloaded/ghidra_scripts
    /fastdata/lavaulta/auto-re-agent/.tools/ghidra_12.1.2_PUBLIC/Ghidra/Features/Decompiler/ghidra_scripts
    /fastdata/lavaulta/auto-re-agent/.tools/ghidra_12.1.2_PUBLIC/Ghidra/Features/FunctionID/ghidra_scripts
    /fastdata/lavaulta/auto-re-agent/.tools/ghidra_12.1.2_PUBLIC/Ghidra/Features/DecompilerDependent/ghidra_scripts
    /fastdata/lavaulta/auto-re-agent/.tools/ghidra_12.1.2_PUBLIC/Ghidra/Processors/DATA/ghidra_scripts
    /fastdata/lavaulta/auto-re-agent/.tools/ghidra_12.1.2_PUBLIC/Ghidra/Debug/Debugger-rmi-trace/ghidra_scripts
    /fastdata/lavaulta/auto-re-agent/.tools/ghidra_12.1.2_PUBLIC/Ghidra/Features/SwiftDemangler/ghidra_scripts
    /fastdata/lavaulta/auto-re-agent/.tools/ghidra_12.1.2_PUBLIC/Ghidra/Debug/Debugger/ghidra_scripts
    /fastdata/lavaulta/auto-re-agent/.tools/ghidra_12.1.2_PUBLIC/Ghidra/Processors/PIC/ghidra_scripts
    /fastdata/lavaulta/auto-re-agent/.tools/ghidra_12.1.2_PUBLIC/Ghidra/Extensions/XEXLoaderWV/ghidra_scripts
    /fastdata/lavaulta/auto-re-agent/.tools/ghidra_12.1.2_PUBLIC/Ghidra/Features/WildcardAssembler/ghidra_scripts
    /fastdata/lavaulta/auto-re-agent/.tools/ghidra_12.1.2_PUBLIC/Ghidra/Features/PyGhidra/ghidra_scripts
    /fastdata/lavaulta/auto-re-agent/.tools/ghidra_12.1.2_PUBLIC/Ghidra/Features/BSim/ghidra_scripts
    /fastdata/lavaulta/auto-re-agent/.tools/ghidra_12.1.2_PUBLIC/Ghidra/Features/VersionTracking/ghidra_scripts
    /fastdata/lavaulta/auto-re-agent/.tools/ghidra_12.1.2_PUBLIC/Ghidra/Features/BytePatterns/ghidra_scripts
    /fastdata/lavaulta/auto-re-agent/.tools/ghidra_12.1.2_PUBLIC/Ghidra/Processors/Atmel/ghidra_scripts
    /fastdata/lavaulta/auto-re-agent/.tools/ghidra_12.1.2_PUBLIC/Ghidra/Features/SystemEmulation/ghidra_scripts
    /fastdata/lavaulta/auto-re-agent/.tools/ghidra_12.1.2_PUBLIC/Ghidra/Processors/JVM/ghidra_scripts (HeadlessAnalyzer)  
INFO  HEADLESS: execution starts (HeadlessAnalyzer)  
INFO  Opening existing project: /fastdata/lavaulta/auto-re-agent/workspaces/ace-combat-6/ghidra-projects/ace-combat-6 (HeadlessAnalyzer)  
INFO  Opening project: /fastdata/lavaulta/auto-re-agent/workspaces/ace-combat-6/ghidra-projects/ace-combat-6 (HeadlessProject)  
INFO  REPORT: Processing project file: /default.xex (HeadlessAnalyzer)  
INFO  REPORT: Execute script: DumpRange.java '0x82297a40' '0x82297bd0'  (HeadlessAnalyzer)  
INFO  SCRIPT: /fastdata/lavaulta/auto-re-agent/workspaces/ace-combat-6/scripts/DumpRange.java (HeadlessAnalyzer)  
INFO  DumpRange.java> 82297a40 mfspr r12,LR (GhidraScript)  
INFO  DumpRange.java> 82297a44 stw r12,-0x8(r1) (GhidraScript)  
INFO  DumpRange.java> 82297a48 std r30,-0x18(r1) (GhidraScript)  
INFO  DumpRange.java> 82297a4c std r31,-0x10(r1) (GhidraScript)  
INFO  DumpRange.java> 82297a50 stwu r1,-0x80(r1) (GhidraScript)  
INFO  DumpRange.java> 82297a54 or r31,r3,r3 (GhidraScript)  
INFO  DumpRange.java> 82297a58 lwz r11,0xe0(r31) (GhidraScript)  
INFO  DumpRange.java> 82297a5c cmplwi cr6,r11,0x0 (GhidraScript)  
INFO  DumpRange.java> 82297a60 beq cr6,0x82297b08 (GhidraScript)  
INFO  DumpRange.java> 82297a64 lwz r10,0x0(r11) (GhidraScript)  
INFO  DumpRange.java> 82297a68 li r30,0x0 (GhidraScript)  
INFO  DumpRange.java> 82297a6c or r4,r30,r30 (GhidraScript)  
INFO  DumpRange.java> 82297a70 lbz r10,0x0(r10) (GhidraScript)  
INFO  DumpRange.java> 82297a74 cmplwi cr6,r10,0x0 (GhidraScript)  
INFO  DumpRange.java> 82297a78 beq cr6,0x82297b08 (GhidraScript)  
INFO  DumpRange.java> 82297a7c lwz r11,0x4(r11) (GhidraScript)  
INFO  DumpRange.java> 82297a80 addi r11,r11,0x4 (GhidraScript)  
INFO  DumpRange.java> 82297a84 lwz r10,0x0(r11) (GhidraScript)  
INFO  DumpRange.java> 82297a88 lwz r9,0x0(r10) (GhidraScript)  
INFO  DumpRange.java> 82297a8c lbz r9,0x0(r9) (GhidraScript)  
INFO  DumpRange.java> 82297a90 cmplwi cr6,r9,0x0 (GhidraScript)  
INFO  DumpRange.java> 82297a94 bne cr6,0x82297aac (GhidraScript)  
INFO  DumpRange.java> 82297a98 lwz r10,0x4(r10) (GhidraScript)  
INFO  DumpRange.java> 82297a9c lwz r10,0x0(r10) (GhidraScript)  
INFO  DumpRange.java> 82297aa0 lbz r10,0x28(r10) (GhidraScript)  
INFO  DumpRange.java> 82297aa4 cmplwi cr6,r10,0x2 (GhidraScript)  
INFO  DumpRange.java> 82297aa8 beq cr6,0x82297acc (GhidraScript)  
INFO  DumpRange.java> 82297aac lwz r10,0xe0(r31) (GhidraScript)  
INFO  DumpRange.java> 82297ab0 addi r4,r4,0x1 (GhidraScript)  
INFO  DumpRange.java> 82297ab4 addi r11,r11,0x8 (GhidraScript)  
INFO  DumpRange.java> 82297ab8 lwz r10,0x0(r10) (GhidraScript)  
INFO  DumpRange.java> 82297abc lbz r10,0x0(r10) (GhidraScript)  
INFO  DumpRange.java> 82297ac0 cmpw cr6,r4,r10 (GhidraScript)  
INFO  DumpRange.java> 82297ac4 blt cr6,0x82297a84 (GhidraScript)  
INFO  DumpRange.java> 82297ac8 b 0x82297b08 (GhidraScript)  
INFO  DumpRange.java> 82297acc lwz r11,0x60(r31) (GhidraScript)  
INFO  DumpRange.java> 82297ad0 or r3,r31,r31 (GhidraScript)  
INFO  DumpRange.java> 82297ad4 ori r11,r11,0x100 (GhidraScript)  
INFO  DumpRange.java> 82297ad8 stw r11,0x60(r31) (GhidraScript)  
INFO  DumpRange.java> 82297adc bl 0x82296e40 (GhidraScript)  
INFO  DumpRange.java> 82297ae0 lis r11,-0x7dd7 (GhidraScript)  
INFO  DumpRange.java> 82297ae4 stw r30,0x54(r1) (GhidraScript)  
INFO  DumpRange.java> 82297ae8 addi r3,r31,0xf0 (GhidraScript)  
INFO  DumpRange.java> 82297aec stw r30,0x58(r1) (GhidraScript)  
INFO  DumpRange.java> 82297af0 addi r11,r11,0x7540 (GhidraScript)  
INFO  DumpRange.java> 82297af4 stw r30,0x5c(r1) (GhidraScript)  
INFO  DumpRange.java> 82297af8 ld r5,0x58(r1) (GhidraScript)  
INFO  DumpRange.java> 82297afc stw r11,0x50(r1) (GhidraScript)  
INFO  DumpRange.java> 82297b00 ld r4,0x50(r1) (GhidraScript)  
INFO  DumpRange.java> 82297b04 bl 0x822950a0 (GhidraScript)  
INFO  DumpRange.java> 82297b08 addi r1,r1,0x80 (GhidraScript)  
INFO  DumpRange.java> 82297b0c lwz r12,-0x8(r1) (GhidraScript)  
INFO  DumpRange.java> 82297b10 mtspr LR,r12 (GhidraScript)  
INFO  DumpRange.java> 82297b14 ld r30,-0x18(r1) (GhidraScript)  
INFO  DumpRange.java> 82297b18 ld r31,-0x10(r1) (GhidraScript)  
INFO  DumpRange.java> 82297b1c blr (GhidraScript)  
INFO  DumpRange.java> 82297b20 mfspr r12,LR (GhidraScript)  
INFO  DumpRange.java> 82297b24 bl 0x82382ef0 (GhidraScript)  
INFO  DumpRange.java> 82297b28 stwu r1,-0xa0(r1) (GhidraScript)  
INFO  DumpRange.java> 82297b2c or r31,r3,r3 (GhidraScript)  
INFO  DumpRange.java> 82297b30 cmpwi cr6,r4,-0x3 (GhidraScript)  
INFO  DumpRange.java> 82297b34 beq cr6,0x82297d34 (GhidraScript)  
INFO  DumpRange.java> 82297b38 cmpwi cr6,r4,-0x2 (GhidraScript)  
INFO  DumpRange.java> 82297b3c beq cr6,0x82297b7c (GhidraScript)  
INFO  DumpRange.java> 82297b40 cmpwi cr6,r4,-0x1 (GhidraScript)  
INFO  DumpRange.java> 82297b44 bne cr6,0x82297dc4 (GhidraScript)  
INFO  DumpRange.java> 82297b48 lwz r11,0x0(r31) (GhidraScript)  
INFO  DumpRange.java> 82297b4c lwz r11,0x5c(r11) (GhidraScript)  
INFO  DumpRange.java> 82297b50 mtspr CTR,r11 (GhidraScript)  
INFO  DumpRange.java> 82297b54 bctrl (GhidraScript)  
INFO  DumpRange.java> 82297b58 cmplwi cr6,r3,0x0 (GhidraScript)  
INFO  DumpRange.java> 82297b5c beq cr6,0x82297dc4 (GhidraScript)  
INFO  DumpRange.java> 82297b60 lis r11,-0x7e00 (GhidraScript)  
INFO  DumpRange.java> 82297b64 or r3,r31,r31 (GhidraScript)  
INFO  DumpRange.java> 82297b68 lfs f1,0x82c(r11) (GhidraScript)  
INFO  DumpRange.java> 82297b6c bl 0x82296df0 (GhidraScript)  
INFO  DumpRange.java> 82297b70 li r3,0x0 (GhidraScript)  
INFO  DumpRange.java> 82297b74 addi r1,r1,0xa0 (GhidraScript)  
INFO  DumpRange.java> 82297b78 b 0x82382f40 (GhidraScript)  
INFO  DumpRange.java> 82297b7c lwz r11,0xe0(r31) (GhidraScript)  
INFO  DumpRange.java> 82297b80 li r27,0x0 (GhidraScript)  
INFO  DumpRange.java> 82297b84 or r26,r27,r27 (GhidraScript)  
INFO  DumpRange.java> 82297b88 lwz r11,0x0(r11) (GhidraScript)  
INFO  DumpRange.java> 82297b8c lbz r11,0x0(r11) (GhidraScript)  
INFO  DumpRange.java> 82297b90 cmplwi cr6,r11,0x0 (GhidraScript)  
INFO  DumpRange.java> 82297b94 beq cr6,0x82297dc4 (GhidraScript)  
INFO  DumpRange.java> 82297b98 lis r11,0x2 (GhidraScript)  
INFO  DumpRange.java> 82297b9c or r29,r27,r27 (GhidraScript)  
INFO  DumpRange.java> 82297ba0 lis r28,-0x7d92 (GhidraScript)  
INFO  DumpRange.java> 82297ba4 ori r30,r11,0x9c80 (GhidraScript)  
INFO  DumpRange.java> 82297ba8 lwz r11,0xe0(r31) (GhidraScript)  
INFO  DumpRange.java> 82297bac lwz r11,0x4(r11) (GhidraScript)  
INFO  DumpRange.java> 82297bb0 add r11,r11,r29 (GhidraScript)  
INFO  DumpRange.java> 82297bb4 lwz r11,0x4(r11) (GhidraScript)  
INFO  DumpRange.java> 82297bb8 lwz r10,0x0(r11) (GhidraScript)  
INFO  DumpRange.java> 82297bbc lbz r10,0x0(r10) (GhidraScript)  
INFO  DumpRange.java> 82297bc0 cmplwi cr6,r10,0x0 (GhidraScript)  
INFO  DumpRange.java> 82297bc4 bne cr6,0x82297c6c (GhidraScript)  
INFO  DumpRange.java> 82297bc8 lwz r11,0x4(r11) (GhidraScript)  
INFO  DumpRange.java> 82297bcc or r3,r27,r27 (GhidraScript)  
INFO  REPORT: Execute script: DumpRange.java '0x822fd0c8' '0x822fd200'  (HeadlessAnalyzer)  
INFO  SCRIPT: /fastdata/lavaulta/auto-re-agent/workspaces/ace-combat-6/scripts/DumpRange.java (HeadlessAnalyzer)  
INFO  DumpRange.java> 822fd0c8 stw r4,0x180(r3) (GhidraScript)  
INFO  DumpRange.java> 822fd0cc lwz r11,0x8(r4) (GhidraScript)  
INFO  DumpRange.java> 822fd0d0 stw r11,0x210(r3) (GhidraScript)  
INFO  DumpRange.java> 822fd0d4 blr (GhidraScript)  
INFO  DumpRange.java> 822fd0d8 mfspr r12,LR (GhidraScript)  
INFO  DumpRange.java> 822fd0dc stw r12,-0x8(r1) (GhidraScript)  
INFO  DumpRange.java> 822fd0e0 std r30,-0x18(r1) (GhidraScript)  
INFO  DumpRange.java> 822fd0e4 std r31,-0x10(r1) (GhidraScript)  
INFO  DumpRange.java> 822fd0e8 stwu r1,-0x70(r1) (GhidraScript)  
INFO  DumpRange.java> 822fd0ec or r30,r3,r3 (GhidraScript)  
INFO  DumpRange.java> 822fd0f0 or r31,r4,r4 (GhidraScript)  
INFO  DumpRange.java> 822fd0f4 bl 0x82298fd0 (GhidraScript)  
INFO  DumpRange.java> 822fd0f8 cmpwi cr6,r31,0x9 (GhidraScript)  
INFO  DumpRange.java> 822fd0fc beq cr6,0x822fd138 (GhidraScript)  
INFO  DumpRange.java> 822fd100 cmpwi cr6,r31,0xa (GhidraScript)  
INFO  DumpRange.java> 822fd104 beq cr6,0x822fd138 (GhidraScript)  
INFO  DumpRange.java> 822fd108 cmpwi cr6,r31,0x5 (GhidraScript)  
INFO  DumpRange.java> 822fd10c beq cr6,0x822fd138 (GhidraScript)  
INFO  DumpRange.java> 822fd110 cmpwi cr6,r31,0x6 (GhidraScript)  
INFO  DumpRange.java> 822fd114 beq cr6,0x822fd138 (GhidraScript)  
INFO  DumpRange.java> 822fd118 cmpwi cr6,r31,0x7 (GhidraScript)  
INFO  DumpRange.java> 822fd11c beq cr6,0x822fd138 (GhidraScript)  
INFO  DumpRange.java> 822fd120 cmpwi cr6,r31,0x8 (GhidraScript)  
INFO  DumpRange.java> 822fd124 beq cr6,0x822fd138 (GhidraScript)  
INFO  DumpRange.java> 822fd128 cmpwi cr6,r31,0x3 (GhidraScript)  
INFO  DumpRange.java> 822fd12c beq cr6,0x822fd138 (GhidraScript)  
INFO  DumpRange.java> 822fd130 cmpwi cr6,r31,0x4 (GhidraScript)  
INFO  DumpRange.java> 822fd134 bne cr6,0x822fd13c (GhidraScript)  
INFO  DumpRange.java> 822fd138 stw r3,0x214(r30) (GhidraScript)  
INFO  DumpRange.java> 822fd13c addi r1,r1,0x70 (GhidraScript)  
INFO  DumpRange.java> 822fd140 lwz r12,-0x8(r1) (GhidraScript)  
INFO  DumpRange.java> 822fd144 mtspr LR,r12 (GhidraScript)  
INFO  DumpRange.java> 822fd148 ld r30,-0x18(r1) (GhidraScript)  
INFO  DumpRange.java> 822fd14c ld r31,-0x10(r1) (GhidraScript)  
INFO  DumpRange.java> 822fd150 blr (GhidraScript)  
INFO  DumpRange.java> 822fd154 <not-disassembled> (GhidraScript)  
INFO  DumpRange.java> 822fd158 mfspr r12,LR (GhidraScript)  
INFO  DumpRange.java> 822fd15c bl 0x82382ef8 (GhidraScript)  
INFO  DumpRange.java> 822fd160 stfd f31,-0x30(r1) (GhidraScript)  
INFO  DumpRange.java> 822fd164 stwu r1,-0x80(r1) (GhidraScript)  
INFO  DumpRange.java> 822fd168 or r31,r4,r4 (GhidraScript)  
INFO  DumpRange.java> 822fd16c fmr f31,f1 (GhidraScript)  
INFO  DumpRange.java> 822fd170 or r30,r3,r3 (GhidraScript)  
INFO  DumpRange.java> 822fd174 or r29,r6,r6 (GhidraScript)  
INFO  DumpRange.java> 822fd178 or r28,r7,r7 (GhidraScript)  
INFO  DumpRange.java> 822fd17c cmpwi cr6,r31,0x4 (GhidraScript)  
INFO  DumpRange.java> 822fd180 beq cr6,0x822fd194 (GhidraScript)  
INFO  DumpRange.java> 822fd184 cmpwi cr6,r31,0x5 (GhidraScript)  
INFO  DumpRange.java> 822fd188 beq cr6,0x822fd194 (GhidraScript)  
INFO  DumpRange.java> 822fd18c cmpwi cr6,r31,0x6 (GhidraScript)  
INFO  DumpRange.java> 822fd190 bne cr6,0x822fd1bc (GhidraScript)  
INFO  DumpRange.java> 822fd194 lis r11,0x3 (GhidraScript)  
INFO  DumpRange.java> 822fd198 or r4,r30,r30 (GhidraScript)  
INFO  DumpRange.java> 822fd19c ori r10,r11,0x6054 (GhidraScript)  
INFO  DumpRange.java> 822fd1a0 lis r11,-0x7d92 (GhidraScript)  
INFO  DumpRange.java> 822fd1a4 lwz r11,0x4eb4(r11) (GhidraScript)  
INFO  DumpRange.java> 822fd1a8 lwzx r3,r11,r10 (GhidraScript)  
INFO  DumpRange.java> 822fd1ac lwz r11,0x0(r3) (GhidraScript)  
INFO  DumpRange.java> 822fd1b0 lwz r11,0xc8(r11) (GhidraScript)  
INFO  DumpRange.java> 822fd1b4 mtspr CTR,r11 (GhidraScript)  
INFO  DumpRange.java> 822fd1b8 bctrl (GhidraScript)  
INFO  DumpRange.java> 822fd1bc or r7,r28,r28 (GhidraScript)  
INFO  DumpRange.java> 822fd1c0 fmr f1,f31 (GhidraScript)  
INFO  DumpRange.java> 822fd1c4 or r6,r29,r29 (GhidraScript)  
INFO  DumpRange.java> 822fd1c8 or r4,r31,r31 (GhidraScript)  
INFO  DumpRange.java> 822fd1cc or r3,r30,r30 (GhidraScript)  
INFO  DumpRange.java> 822fd1d0 bl 0x82299260 (GhidraScript)  
INFO  DumpRange.java> 822fd1d4 cmpwi cr6,r31,0x2 (GhidraScript)  
INFO  DumpRange.java> 822fd1d8 bne cr6,0x822fd1e0 (GhidraScript)  
INFO  DumpRange.java> 822fd1dc stw r3,0x214(r30) (GhidraScript)  
INFO  DumpRange.java> 822fd1e0 addi r1,r1,0x80 (GhidraScript)  
INFO  DumpRange.java> 822fd1e4 lfd f31,-0x30(r1) (GhidraScript)  
INFO  DumpRange.java> 822fd1e8 b 0x82382f48 (GhidraScript)  
INFO  DumpRange.java> 822fd1ec <not-disassembled> (GhidraScript)  
INFO  DumpRange.java> 822fd1f0 mfspr r12,LR (GhidraScript)  
INFO  DumpRange.java> 822fd1f4 stw r12,-0x8(r1) (GhidraScript)  
INFO  DumpRange.java> 822fd1f8 std r30,-0x18(r1) (GhidraScript)  
INFO  DumpRange.java> 822fd1fc std r31,-0x10(r1) (GhidraScript)  
INFO  REPORT: Execute script: DumpRange.java '0x8228f678' '0x8228f6b0'  (HeadlessAnalyzer)  
INFO  SCRIPT: /fastdata/lavaulta/auto-re-agent/workspaces/ace-combat-6/scripts/DumpRange.java (HeadlessAnalyzer)  
INFO  DumpRange.java> 8228f678 stw r4,0x180(r3) (GhidraScript)  
INFO  DumpRange.java> 8228f67c lwz r11,0x8(r4) (GhidraScript)  
INFO  DumpRange.java> 8228f680 stw r11,0x210(r3) (GhidraScript)  
INFO  DumpRange.java> 8228f684 lwz r11,0x4(r4) (GhidraScript)  
INFO  DumpRange.java> 8228f688 cmplwi cr6,r11,0x0 (GhidraScript)  
INFO  DumpRange.java> 8228f68c beqlr cr6 (GhidraScript)  
INFO  DumpRange.java> 8228f690 lwz r11,0x4(r11) (GhidraScript)  
INFO  DumpRange.java> 8228f694 cmplwi cr6,r11,0x0 (GhidraScript)  
INFO  DumpRange.java> 8228f698 beqlr cr6 (GhidraScript)  
INFO  DumpRange.java> 8228f69c lwz r11,0x0(r11) (GhidraScript)  
INFO  DumpRange.java> 8228f6a0 stw r11,0x2fc(r3) (GhidraScript)  
INFO  DumpRange.java> 8228f6a4 stw r11,0x2a0(r3) (GhidraScript)  
INFO  DumpRange.java> 8228f6a8 blr (GhidraScript)  
INFO  DumpRange.java> 8228f6ac <not-disassembled> (GhidraScript)  
INFO  REPORT: Execute script: DumpRange.java '0x822a30f0' '0x822a3200'  (HeadlessAnalyzer)  
INFO  SCRIPT: /fastdata/lavaulta/auto-re-agent/workspaces/ace-combat-6/scripts/DumpRange.java (HeadlessAnalyzer)  
INFO  DumpRange.java> 822a30f0 cmplwi cr6,r4,0x0 (GhidraScript)  
INFO  DumpRange.java> 822a30f4 stw r4,0x180(r3) (GhidraScript)  
INFO  DumpRange.java> 822a30f8 beq cr6,0x822a3120 (GhidraScript)  
INFO  DumpRange.java> 822a30fc lwz r11,0x4(r4) (GhidraScript)  
INFO  DumpRange.java> 822a3100 cmplwi cr6,r11,0x0 (GhidraScript)  
INFO  DumpRange.java> 822a3104 beq cr6,0x822a3120 (GhidraScript)  
INFO  DumpRange.java> 822a3108 lwz r11,0xc(r11) (GhidraScript)  
INFO  DumpRange.java> 822a310c cmplwi cr6,r11,0x0 (GhidraScript)  
INFO  DumpRange.java> 822a3110 beq cr6,0x822a3120 (GhidraScript)  
INFO  DumpRange.java> 822a3114 lwz r11,0x0(r11) (GhidraScript)  
INFO  DumpRange.java> 822a3118 stw r11,0x200(r3) (GhidraScript)  
INFO  DumpRange.java> 822a311c blr (GhidraScript)  
INFO  DumpRange.java> 822a3120 li r11,0x0 (GhidraScript)  
INFO  DumpRange.java> 822a3124 stw r11,0x200(r3) (GhidraScript)  
INFO  DumpRange.java> 822a3128 blr (GhidraScript)  
INFO  DumpRange.java> 822a312c <not-disassembled> (GhidraScript)  
INFO  DumpRange.java> 822a3130 mfspr r12,LR (GhidraScript)  
INFO  DumpRange.java> 822a3134 stw r12,-0x8(r1) (GhidraScript)  
INFO  DumpRange.java> 822a3138 std r30,-0x18(r1) (GhidraScript)  
INFO  DumpRange.java> 822a313c std r31,-0x10(r1) (GhidraScript)  
INFO  DumpRange.java> 822a3140 stwu r1,-0x70(r1) (GhidraScript)  
INFO  DumpRange.java> 822a3144 or r30,r3,r3 (GhidraScript)  
INFO  DumpRange.java> 822a3148 or r31,r4,r4 (GhidraScript)  
INFO  DumpRange.java> 822a314c bl 0x82298fd0 (GhidraScript)  
INFO  DumpRange.java> 822a3150 cmpwi cr6,r31,0x9 (GhidraScript)  
INFO  DumpRange.java> 822a3154 beq cr6,0x822a3190 (GhidraScript)  
INFO  DumpRange.java> 822a3158 cmpwi cr6,r31,0xa (GhidraScript)  
INFO  DumpRange.java> 822a315c beq cr6,0x822a3190 (GhidraScript)  
INFO  DumpRange.java> 822a3160 cmpwi cr6,r31,0x5 (GhidraScript)  
INFO  DumpRange.java> 822a3164 beq cr6,0x822a3190 (GhidraScript)  
INFO  DumpRange.java> 822a3168 cmpwi cr6,r31,0x6 (GhidraScript)  
INFO  DumpRange.java> 822a316c beq cr6,0x822a3190 (GhidraScript)  
INFO  DumpRange.java> 822a3170 cmpwi cr6,r31,0x7 (GhidraScript)  
INFO  DumpRange.java> 822a3174 beq cr6,0x822a3190 (GhidraScript)  
INFO  DumpRange.java> 822a3178 cmpwi cr6,r31,0x8 (GhidraScript)  
INFO  DumpRange.java> 822a317c beq cr6,0x822a3190 (GhidraScript)  
INFO  DumpRange.java> 822a3180 cmpwi cr6,r31,0x3 (GhidraScript)  
INFO  DumpRange.java> 822a3184 beq cr6,0x822a3190 (GhidraScript)  
INFO  DumpRange.java> 822a3188 cmpwi cr6,r31,0x4 (GhidraScript)  
INFO  DumpRange.java> 822a318c bne cr6,0x822a3194 (GhidraScript)  
INFO  DumpRange.java> 822a3190 stw r3,0x220(r30) (GhidraScript)  
INFO  DumpRange.java> 822a3194 addi r1,r1,0x70 (GhidraScript)  
INFO  DumpRange.java> 822a3198 lwz r12,-0x8(r1) (GhidraScript)  
INFO  DumpRange.java> 822a319c mtspr LR,r12 (GhidraScript)  
INFO  DumpRange.java> 822a31a0 ld r30,-0x18(r1) (GhidraScript)  
INFO  DumpRange.java> 822a31a4 ld r31,-0x10(r1) (GhidraScript)  
INFO  DumpRange.java> 822a31a8 blr (GhidraScript)  
INFO  DumpRange.java> 822a31ac <not-disassembled> (GhidraScript)  
INFO  DumpRange.java> 822a31b0 mfspr r12,LR (GhidraScript)  
INFO  DumpRange.java> 822a31b4 stw r12,-0x8(r1) (GhidraScript)  
INFO  DumpRange.java> 822a31b8 std r30,-0x18(r1) (GhidraScript)  
INFO  DumpRange.java> 822a31bc std r31,-0x10(r1) (GhidraScript)  
INFO  DumpRange.java> 822a31c0 stwu r1,-0x70(r1) (GhidraScript)  
INFO  DumpRange.java> 822a31c4 or r31,r3,r3 (GhidraScript)  
INFO  DumpRange.java> 822a31c8 cmpwi cr6,r4,0x1 (GhidraScript)  
INFO  DumpRange.java> 822a31cc bne cr6,0x822a321c (GhidraScript)  
INFO  DumpRange.java> 822a31d0 lis r30,-0x7d92 (GhidraScript)  
INFO  DumpRange.java> 822a31d4 lwz r4,0x220(r31) (GhidraScript)  
INFO  DumpRange.java> 822a31d8 lis r11,0x3 (GhidraScript)  
INFO  DumpRange.java> 822a31dc ori r10,r11,0x6054 (GhidraScript)  
INFO  DumpRange.java> 822a31e0 lwz r11,0x4eb4(r30) (GhidraScript)  
INFO  DumpRange.java> 822a31e4 lwzx r3,r11,r10 (GhidraScript)  
INFO  DumpRange.java> 822a31e8 lwz r11,0x0(r3) (GhidraScript)  
INFO  DumpRange.java> 822a31ec lwz r11,0xc0(r11) (GhidraScript)  
INFO  DumpRange.java> 822a31f0 mtspr CTR,r11 (GhidraScript)  
INFO  DumpRange.java> 822a31f4 bctrl (GhidraScript)  
INFO  DumpRange.java> 822a31f8 li r11,-0x1 (GhidraScript)  
INFO  DumpRange.java> 822a31fc lis r10,0x3 (GhidraScript)  
INFO  REPORT: Execute script: DumpRange.java '0x822a6c48' '0x822a6d50'  (HeadlessAnalyzer)  
INFO  SCRIPT: /fastdata/lavaulta/auto-re-agent/workspaces/ace-combat-6/scripts/DumpRange.java (HeadlessAnalyzer)  
INFO  DumpRange.java> 822a6c48 cmplwi cr6,r4,0x0 (GhidraScript)  
INFO  DumpRange.java> 822a6c4c stw r4,0x180(r3) (GhidraScript)  
INFO  DumpRange.java> 822a6c50 beq cr6,0x822a6c78 (GhidraScript)  
INFO  DumpRange.java> 822a6c54 lwz r11,0x4(r4) (GhidraScript)  
INFO  DumpRange.java> 822a6c58 cmplwi cr6,r11,0x0 (GhidraScript)  
INFO  DumpRange.java> 822a6c5c beq cr6,0x822a6c78 (GhidraScript)  
INFO  DumpRange.java> 822a6c60 lwz r11,0x8(r11) (GhidraScript)  
INFO  DumpRange.java> 822a6c64 cmplwi cr6,r11,0x0 (GhidraScript)  
INFO  DumpRange.java> 822a6c68 beq cr6,0x822a6c78 (GhidraScript)  
INFO  DumpRange.java> 822a6c6c lwz r11,0x0(r11) (GhidraScript)  
INFO  DumpRange.java> 822a6c70 stw r11,0x200(r3) (GhidraScript)  
INFO  DumpRange.java> 822a6c74 blr (GhidraScript)  
INFO  DumpRange.java> 822a6c78 li r11,0x0 (GhidraScript)  
INFO  DumpRange.java> 822a6c7c stw r11,0x200(r3) (GhidraScript)  
INFO  DumpRange.java> 822a6c80 blr (GhidraScript)  
INFO  DumpRange.java> 822a6c84 <not-disassembled> (GhidraScript)  
INFO  DumpRange.java> 822a6c88 mfspr r12,LR (GhidraScript)  
INFO  DumpRange.java> 822a6c8c stw r12,-0x8(r1) (GhidraScript)  
INFO  DumpRange.java> 822a6c90 std r30,-0x18(r1) (GhidraScript)  
INFO  DumpRange.java> 822a6c94 std r31,-0x10(r1) (GhidraScript)  
INFO  DumpRange.java> 822a6c98 stfd f31,-0x20(r1) (GhidraScript)  
INFO  DumpRange.java> 822a6c9c stwu r1,-0x90(r1) (GhidraScript)  
INFO  DumpRange.java> 822a6ca0 or r31,r3,r3 (GhidraScript)  
INFO  DumpRange.java> 822a6ca4 bl 0x8229a620 (GhidraScript)  
INFO  DumpRange.java> 822a6ca8 lis r11,-0x7e00 (GhidraScript)  
INFO  DumpRange.java> 822a6cac lwz r9,0xb8(r31) (GhidraScript)  
INFO  DumpRange.java> 822a6cb0 li r10,0x0 (GhidraScript)  
INFO  DumpRange.java> 822a6cb4 cmpwi cr6,r9,0x7 (GhidraScript)  
INFO  DumpRange.java> 822a6cb8 lfs f31,0x82c(r11) (GhidraScript)  
INFO  DumpRange.java> 822a6cbc stfs f31,0x204(r31) (GhidraScript)  
INFO  DumpRange.java> 822a6cc0 sth r10,0x21a(r31) (GhidraScript)  
INFO  DumpRange.java> 822a6cc4 stfs f31,0x208(r31) (GhidraScript)  
INFO  DumpRange.java> 822a6cc8 stfs f31,0x20c(r31) (GhidraScript)  
INFO  DumpRange.java> 822a6ccc stfs f31,0x210(r31) (GhidraScript)  
INFO  DumpRange.java> 822a6cd0 stfs f31,0x214(r31) (GhidraScript)  
INFO  DumpRange.java> 822a6cd4 bne cr6,0x822a6db4 (GhidraScript)  
INFO  DumpRange.java> 822a6cd8 lfs f0,0x224(r31) (GhidraScript)  
INFO  DumpRange.java> 822a6cdc fcmpu cr6,f0,f31 (GhidraScript)  
INFO  DumpRange.java> 822a6ce0 bne cr6,0x822a6db4 (GhidraScript)  
INFO  DumpRange.java> 822a6ce4 lwz r11,0x180(r31) (GhidraScript)  
INFO  DumpRange.java> 822a6ce8 lwz r3,0x15c(r31) (GhidraScript)  
INFO  DumpRange.java> 822a6cec cmplwi cr6,r3,0x0 (GhidraScript)  
INFO  DumpRange.java> 822a6cf0 lwz r30,0x0(r11) (GhidraScript)  
INFO  DumpRange.java> 822a6cf4 beq cr6,0x822a6db4 (GhidraScript)  
INFO  DumpRange.java> 822a6cf8 cmplwi cr6,r30,0x0 (GhidraScript)  
INFO  DumpRange.java> 822a6cfc beq cr6,0x822a6db4 (GhidraScript)  
INFO  DumpRange.java> 822a6d00 lis r11,-0x7df9 (GhidraScript)  
INFO  DumpRange.java> 822a6d04 addi r4,r1,0x50 (GhidraScript)  
INFO  DumpRange.java> 822a6d08 lfs f0,-0x6448(r11) (GhidraScript)  
INFO  DumpRange.java> 822a6d0c lis r11,-0x7df9 (GhidraScript)  
INFO  DumpRange.java> 822a6d10 stfs f0,0x50(r1) (GhidraScript)  
INFO  DumpRange.java> 822a6d14 stfs f0,0x58(r1) (GhidraScript)  
INFO  DumpRange.java> 822a6d18 stfs f0,0x60(r1) (GhidraScript)  
INFO  DumpRange.java> 822a6d1c lfs f13,-0x6444(r11) (GhidraScript)  
INFO  DumpRange.java> 822a6d20 stfs f13,0x54(r1) (GhidraScript)  
INFO  DumpRange.java> 822a6d24 stfs f13,0x5c(r1) (GhidraScript)  
INFO  DumpRange.java> 822a6d28 stfs f13,0x64(r1) (GhidraScript)  
INFO  DumpRange.java> 822a6d2c bl 0x82225010 (GhidraScript)  
INFO  DumpRange.java> 822a6d30 rlwinm r11,r3,0x0,0x18,0x1f (GhidraScript)  
INFO  DumpRange.java> 822a6d34 cmplwi cr6,r11,0x0 (GhidraScript)  
INFO  DumpRange.java> 822a6d38 beq cr6,0x822a6db4 (GhidraScript)  
INFO  DumpRange.java> 822a6d3c lfs f0,0x50(r1) (GhidraScript)  
INFO  DumpRange.java> 822a6d40 fneg f0,f0 (GhidraScript)  
INFO  DumpRange.java> 822a6d44 lfs f13,0x54(r1) (GhidraScript)  
INFO  DumpRange.java> 822a6d48 stfs f13,0x224(r31) (GhidraScript)  
INFO  DumpRange.java> 822a6d4c fcmpu cr6,f0,f13 (GhidraScript)  
INFO  REPORT: Save succeeded for processed file: /default.xex (HeadlessAnalyzer)  
INFO  Using log config file: jar:file:/fastdata/lavaulta/auto-re-agent/.tools/ghidra_12.1.2_PUBLIC/Ghidra/Framework/Generic/lib/Generic.jar!/generic.log4j.xml (LoggingInitialization)  
INFO  Using log file: /home/lavaulta/.config/ghidra/ghidra_12.1.2_PUBLIC/application.log (LoggingInitialization)  
INFO  Loading user preferences: /home/lavaulta/.config/ghidra/ghidra_12.1.2_PUBLIC/preferences (Preferences)  
INFO  Searching for classes... (ClassSearcher)  
INFO  Ignoring class 'xexloaderwv.XEXLoaderWVLoader' from '/fastdata/lavaulta/auto-re-agent/.tools/ghidra_12.1.2_PUBLIC/Ghidra/Extensions/XEXLoaderWV/lib/XEXLoaderWV.jar'. Already found at '/fastdata/lavaulta/auto-re-agent/.tools/ghidra_12.1.2_PUBLIC/Ghidra/patch/XEXLoaderWV-java21.jar'. (ClassSearcher)  
INFO  Class search complete (1587 ms) (ClassSearcher)  
INFO  Initializing SSL Context (DefaultSSLContextInitializer)  
INFO  Initializing Random Number Generator... (SecureRandomFactory)  
INFO  Random Number Generator initialization complete: NativePRNGNonBlocking (SecureRandomFactory)  
INFO  Trust manager disabled, cacerts have not been set (DefaultTrustManagerFactory)  
INFO  Headless startup complete (3093 ms) (AnalyzeHeadless)  
INFO  Class searcher loaded 59 extension points (20 false positives) (ClassSearcher)  
INFO  HEADLESS Script Paths:
    /fastdata/lavaulta/auto-re-agent/.tools/ghidra_12.1.2_PUBLIC/Ghidra/Features/MicrosoftCodeAnalyzer/ghidra_scripts
    /fastdata/lavaulta/auto-re-agent/.tools/ghidra_12.1.2_PUBLIC/Ghidra/Features/PDB/ghidra_scripts
    /fastdata/lavaulta/auto-re-agent/.tools/ghidra_12.1.2_PUBLIC/Ghidra/Processors/8051/ghidra_scripts
    /fastdata/lavaulta/auto-re-agent/.tools/ghidra_12.1.2_PUBLIC/Ghidra/Features/Base/ghidra_scripts
    /fastdata/lavaulta/auto-re-agent/workspaces/ace-combat-6/scripts
    /fastdata/lavaulta/auto-re-agent/.tools/ghidra_12.1.2_PUBLIC/Ghidra/Features/FileFormats/ghidra_scripts
    /fastdata/lavaulta/auto-re-agent/.tools/ghidra_12.1.2_PUBLIC/Ghidra/Features/GnuDemangler/ghidra_scripts
    /fastdata/lavaulta/auto-re-agent/.tools/ghidra_12.1.2_PUBLIC/Ghidra/Extensions/ghidra-emotionengine-reloaded/ghidra_scripts
    /fastdata/lavaulta/auto-re-agent/.tools/ghidra_12.1.2_PUBLIC/Ghidra/Features/Decompiler/ghidra_scripts
    /fastdata/lavaulta/auto-re-agent/.tools/ghidra_12.1.2_PUBLIC/Ghidra/Features/FunctionID/ghidra_scripts
    /fastdata/lavaulta/auto-re-agent/.tools/ghidra_12.1.2_PUBLIC/Ghidra/Features/DecompilerDependent/ghidra_scripts
    /fastdata/lavaulta/auto-re-agent/.tools/ghidra_12.1.2_PUBLIC/Ghidra/Processors/DATA/ghidra_scripts
    /fastdata/lavaulta/auto-re-agent/.tools/ghidra_12.1.2_PUBLIC/Ghidra/Debug/Debugger-rmi-trace/ghidra_scripts
    /fastdata/lavaulta/auto-re-agent/.tools/ghidra_12.1.2_PUBLIC/Ghidra/Features/SwiftDemangler/ghidra_scripts
    /fastdata/lavaulta/auto-re-agent/.tools/ghidra_12.1.2_PUBLIC/Ghidra/Debug/Debugger/ghidra_scripts
    /fastdata/lavaulta/auto-re-agent/.tools/ghidra_12.1.2_PUBLIC/Ghidra/Processors/PIC/ghidra_scripts
    /fastdata/lavaulta/auto-re-agent/.tools/ghidra_12.1.2_PUBLIC/Ghidra/Extensions/XEXLoaderWV/ghidra_scripts
    /fastdata/lavaulta/auto-re-agent/.tools/ghidra_12.1.2_PUBLIC/Ghidra/Features/WildcardAssembler/ghidra_scripts
    /fastdata/lavaulta/auto-re-agent/.tools/ghidra_12.1.2_PUBLIC/Ghidra/Features/PyGhidra/ghidra_scripts
    /fastdata/lavaulta/auto-re-agent/.tools/ghidra_12.1.2_PUBLIC/Ghidra/Features/BSim/ghidra_scripts
    /fastdata/lavaulta/auto-re-agent/.tools/ghidra_12.1.2_PUBLIC/Ghidra/Features/VersionTracking/ghidra_scripts
    /fastdata/lavaulta/auto-re-agent/.tools/ghidra_12.1.2_PUBLIC/Ghidra/Features/BytePatterns/ghidra_scripts
    /fastdata/lavaulta/auto-re-agent/.tools/ghidra_12.1.2_PUBLIC/Ghidra/Processors/Atmel/ghidra_scripts
    /fastdata/lavaulta/auto-re-agent/.tools/ghidra_12.1.2_PUBLIC/Ghidra/Features/SystemEmulation/ghidra_scripts
    /fastdata/lavaulta/auto-re-agent/.tools/ghidra_12.1.2_PUBLIC/Ghidra/Processors/JVM/ghidra_scripts (HeadlessAnalyzer)  
INFO  HEADLESS: execution starts (HeadlessAnalyzer)  
INFO  Opening existing project: /fastdata/lavaulta/auto-re-agent/workspaces/ace-combat-6/ghidra-projects/ace-combat-6 (HeadlessAnalyzer)  
INFO  Opening project: /fastdata/lavaulta/auto-re-agent/workspaces/ace-combat-6/ghidra-projects/ace-combat-6 (HeadlessProject)  
INFO  REPORT: Processing project file: /default.xex (HeadlessAnalyzer)  
INFO  REPORT: Execute script: DumpRange.java '0x820a9048' '0x820a90d8'  (HeadlessAnalyzer)  
INFO  SCRIPT: /fastdata/lavaulta/auto-re-agent/workspaces/ace-combat-6/scripts/DumpRange.java (HeadlessAnalyzer)  
INFO  DumpRange.java> 820a9048 mfspr r12,LR (GhidraScript)  
INFO  DumpRange.java> 820a904c bl 0x82382efc (GhidraScript)  
INFO  DumpRange.java> 820a9050 stwu r1,-0x70(r1) (GhidraScript)  
INFO  DumpRange.java> 820a9054 lis r30,-0x7d96 (GhidraScript)  
INFO  DumpRange.java> 820a9058 or r29,r4,r4 (GhidraScript)  
INFO  DumpRange.java> 820a905c lwz r11,0x728(r30) (GhidraScript)  
INFO  DumpRange.java> 820a9060 lwz r10,0x4(r11) (GhidraScript)  
INFO  DumpRange.java> 820a9064 cmplwi cr6,r10,0x0 (GhidraScript)  
INFO  DumpRange.java> 820a9068 beq cr6,0x820a908c (GhidraScript)  
INFO  DumpRange.java> 820a906c rlwinm r10,r10,0x0,0x0,0x1f (GhidraScript)  
INFO  DumpRange.java> 820a9070 lwz r3,0x0(r10) (GhidraScript)  
INFO  DumpRange.java> 820a9074 cmplwi cr6,r3,0x0 (GhidraScript)  
INFO  DumpRange.java> 820a9078 beq cr6,0x820a908c (GhidraScript)  
INFO  DumpRange.java> 820a907c bl 0x822a9fe8 (GhidraScript)  
INFO  DumpRange.java> 820a9080 lwz r11,0x728(r30) (GhidraScript)  
INFO  DumpRange.java> 820a9084 or r31,r3,r3 (GhidraScript)  
INFO  DumpRange.java> 820a9088 b 0x820a9090 (GhidraScript)  
INFO  DumpRange.java> 820a908c li r31,0x0 (GhidraScript)  
INFO  DumpRange.java> 820a9090 li r5,0x10 (GhidraScript)  
INFO  DumpRange.java> 820a9094 li r4,0x230 (GhidraScript)  
INFO  DumpRange.java> 820a9098 or r3,r11,r11 (GhidraScript)  
INFO  DumpRange.java> 820a909c bl 0x822257a8 (GhidraScript)  
INFO  DumpRange.java> 820a90a0 rlwinm r11,r29,0x0,0x18,0x1f (GhidraScript)  
INFO  DumpRange.java> 820a90a4 cmplwi cr6,r11,0x0 (GhidraScript)  
INFO  DumpRange.java> 820a90a8 beq cr6,0x820a90cc (GhidraScript)  
INFO  DumpRange.java> 820a90ac lis r11,0x3 (GhidraScript)  
INFO  DumpRange.java> 820a90b0 li r5,0x230 (GhidraScript)  
INFO  DumpRange.java> 820a90b4 ori r10,r11,0x60a8 (GhidraScript)  
INFO  DumpRange.java> 820a90b8 lis r11,-0x7d92 (GhidraScript)  
INFO  DumpRange.java> 820a90bc or r4,r31,r31 (GhidraScript)  
INFO  DumpRange.java> 820a90c0 lwz r11,0x4eb4(r11) (GhidraScript)  
INFO  DumpRange.java> 820a90c4 lwzx r3,r11,r10 (GhidraScript)  
INFO  DumpRange.java> 820a90c8 bl 0x822744f0 (GhidraScript)  
INFO  DumpRange.java> 820a90cc or r3,r31,r31 (GhidraScript)  
INFO  DumpRange.java> 820a90d0 addi r1,r1,0x70 (GhidraScript)  
INFO  DumpRange.java> 820a90d4 b 0x82382f4c (GhidraScript)  
INFO  REPORT: Execute script: DumpRange.java '0x820a90d8' '0x820a9168'  (HeadlessAnalyzer)  
INFO  SCRIPT: /fastdata/lavaulta/auto-re-agent/workspaces/ace-combat-6/scripts/DumpRange.java (HeadlessAnalyzer)  
INFO  DumpRange.java> 820a90d8 mfspr r12,LR (GhidraScript)  
INFO  DumpRange.java> 820a90dc bl 0x82382efc (GhidraScript)  
INFO  DumpRange.java> 820a90e0 stwu r1,-0x70(r1) (GhidraScript)  
INFO  DumpRange.java> 820a90e4 lis r30,-0x7d96 (GhidraScript)  
INFO  DumpRange.java> 820a90e8 or r29,r4,r4 (GhidraScript)  
INFO  DumpRange.java> 820a90ec lwz r11,0x728(r30) (GhidraScript)  
INFO  DumpRange.java> 820a90f0 lwz r10,0x4(r11) (GhidraScript)  
INFO  DumpRange.java> 820a90f4 cmplwi cr6,r10,0x0 (GhidraScript)  
INFO  DumpRange.java> 820a90f8 beq cr6,0x820a911c (GhidraScript)  
INFO  DumpRange.java> 820a90fc rlwinm r10,r10,0x0,0x0,0x1f (GhidraScript)  
INFO  DumpRange.java> 820a9100 lwz r3,0x0(r10) (GhidraScript)  
INFO  DumpRange.java> 820a9104 cmplwi cr6,r3,0x0 (GhidraScript)  
INFO  DumpRange.java> 820a9108 beq cr6,0x820a911c (GhidraScript)  
INFO  DumpRange.java> 820a910c bl 0x8229a470 (GhidraScript)  
INFO  DumpRange.java> 820a9110 lwz r11,0x728(r30) (GhidraScript)  
INFO  DumpRange.java> 820a9114 or r31,r3,r3 (GhidraScript)  
INFO  DumpRange.java> 820a9118 b 0x820a9120 (GhidraScript)  
INFO  DumpRange.java> 820a911c li r31,0x0 (GhidraScript)  
INFO  DumpRange.java> 820a9120 li r5,0x10 (GhidraScript)  
INFO  DumpRange.java> 820a9124 li r4,0x200 (GhidraScript)  
INFO  DumpRange.java> 820a9128 or r3,r11,r11 (GhidraScript)  
INFO  DumpRange.java> 820a912c bl 0x822257a8 (GhidraScript)  
INFO  DumpRange.java> 820a9130 rlwinm r11,r29,0x0,0x18,0x1f (GhidraScript)  
INFO  DumpRange.java> 820a9134 cmplwi cr6,r11,0x0 (GhidraScript)  
INFO  DumpRange.java> 820a9138 beq cr6,0x820a915c (GhidraScript)  
INFO  DumpRange.java> 820a913c lis r11,0x3 (GhidraScript)  
INFO  DumpRange.java> 820a9140 li r5,0x200 (GhidraScript)  
INFO  DumpRange.java> 820a9144 ori r10,r11,0x60a8 (GhidraScript)  
INFO  DumpRange.java> 820a9148 lis r11,-0x7d92 (GhidraScript)  
INFO  DumpRange.java> 820a914c or r4,r31,r31 (GhidraScript)  
INFO  DumpRange.java> 820a9150 lwz r11,0x4eb4(r11) (GhidraScript)  
INFO  DumpRange.java> 820a9154 lwzx r3,r11,r10 (GhidraScript)  
INFO  DumpRange.java> 820a9158 bl 0x822744f0 (GhidraScript)  
INFO  DumpRange.java> 820a915c or r3,r31,r31 (GhidraScript)  
INFO  DumpRange.java> 820a9160 addi r1,r1,0x70 (GhidraScript)  
INFO  DumpRange.java> 820a9164 b 0x82382f4c (GhidraScript)  
INFO  REPORT: Execute script: DumpRange.java '0x820a9168' '0x820a91f8'  (HeadlessAnalyzer)  
INFO  SCRIPT: /fastdata/lavaulta/auto-re-agent/workspaces/ace-combat-6/scripts/DumpRange.java (HeadlessAnalyzer)  
INFO  DumpRange.java> 820a9168 mfspr r12,LR (GhidraScript)  
INFO  DumpRange.java> 820a916c bl 0x82382efc (GhidraScript)  
INFO  DumpRange.java> 820a9170 stwu r1,-0x70(r1) (GhidraScript)  
INFO  DumpRange.java> 820a9174 lis r30,-0x7d96 (GhidraScript)  
INFO  DumpRange.java> 820a9178 or r29,r4,r4 (GhidraScript)  
INFO  DumpRange.java> 820a917c lwz r11,0x728(r30) (GhidraScript)  
INFO  DumpRange.java> 820a9180 lwz r10,0x4(r11) (GhidraScript)  
INFO  DumpRange.java> 820a9184 cmplwi cr6,r10,0x0 (GhidraScript)  
INFO  DumpRange.java> 820a9188 beq cr6,0x820a91ac (GhidraScript)  
INFO  DumpRange.java> 820a918c rlwinm r10,r10,0x0,0x0,0x1f (GhidraScript)  
INFO  DumpRange.java> 820a9190 lwz r3,0x0(r10) (GhidraScript)  
INFO  DumpRange.java> 820a9194 cmplwi cr6,r3,0x0 (GhidraScript)  
INFO  DumpRange.java> 820a9198 beq cr6,0x820a91ac (GhidraScript)  
INFO  DumpRange.java> 820a919c bl 0x822aa558 (GhidraScript)  
INFO  DumpRange.java> 820a91a0 lwz r11,0x728(r30) (GhidraScript)  
INFO  DumpRange.java> 820a91a4 or r31,r3,r3 (GhidraScript)  
INFO  DumpRange.java> 820a91a8 b 0x820a91b0 (GhidraScript)  
INFO  DumpRange.java> 820a91ac li r31,0x0 (GhidraScript)  
INFO  DumpRange.java> 820a91b0 li r5,0x10 (GhidraScript)  
INFO  DumpRange.java> 820a91b4 li r4,0x200 (GhidraScript)  
INFO  DumpRange.java> 820a91b8 or r3,r11,r11 (GhidraScript)  
INFO  DumpRange.java> 820a91bc bl 0x822257a8 (GhidraScript)  
INFO  DumpRange.java> 820a91c0 rlwinm r11,r29,0x0,0x18,0x1f (GhidraScript)  
INFO  DumpRange.java> 820a91c4 cmplwi cr6,r11,0x0 (GhidraScript)  
INFO  DumpRange.java> 820a91c8 beq cr6,0x820a91ec (GhidraScript)  
INFO  DumpRange.java> 820a91cc lis r11,0x3 (GhidraScript)  
INFO  DumpRange.java> 820a91d0 li r5,0x200 (GhidraScript)  
INFO  DumpRange.java> 820a91d4 ori r10,r11,0x60a8 (GhidraScript)  
INFO  DumpRange.java> 820a91d8 lis r11,-0x7d92 (GhidraScript)  
INFO  DumpRange.java> 820a91dc or r4,r31,r31 (GhidraScript)  
INFO  DumpRange.java> 820a91e0 lwz r11,0x4eb4(r11) (GhidraScript)  
INFO  DumpRange.java> 820a91e4 lwzx r3,r11,r10 (GhidraScript)  
INFO  DumpRange.java> 820a91e8 bl 0x822744f0 (GhidraScript)  
INFO  DumpRange.java> 820a91ec or r3,r31,r31 (GhidraScript)  
INFO  DumpRange.java> 820a91f0 addi r1,r1,0x70 (GhidraScript)  
INFO  DumpRange.java> 820a91f4 b 0x82382f4c (GhidraScript)  
INFO  REPORT: Execute script: DumpRange.java '0x820a91f8' '0x820a9288'  (HeadlessAnalyzer)  
INFO  SCRIPT: /fastdata/lavaulta/auto-re-agent/workspaces/ace-combat-6/scripts/DumpRange.java (HeadlessAnalyzer)  
INFO  DumpRange.java> 820a91f8 mfspr r12,LR (GhidraScript)  
INFO  DumpRange.java> 820a91fc bl 0x82382efc (GhidraScript)  
INFO  DumpRange.java> 820a9200 stwu r1,-0x70(r1) (GhidraScript)  
INFO  DumpRange.java> 820a9204 lis r30,-0x7d96 (GhidraScript)  
INFO  DumpRange.java> 820a9208 or r29,r4,r4 (GhidraScript)  
INFO  DumpRange.java> 820a920c lwz r11,0x728(r30) (GhidraScript)  
INFO  DumpRange.java> 820a9210 lwz r10,0x4(r11) (GhidraScript)  
INFO  DumpRange.java> 820a9214 cmplwi cr6,r10,0x0 (GhidraScript)  
INFO  DumpRange.java> 820a9218 beq cr6,0x820a923c (GhidraScript)  
INFO  DumpRange.java> 820a921c rlwinm r10,r10,0x0,0x0,0x1f (GhidraScript)  
INFO  DumpRange.java> 820a9220 lwz r3,0x0(r10) (GhidraScript)  
INFO  DumpRange.java> 820a9224 cmplwi cr6,r3,0x0 (GhidraScript)  
INFO  DumpRange.java> 820a9228 beq cr6,0x820a923c (GhidraScript)  
INFO  DumpRange.java> 820a922c bl 0x822a87c8 (GhidraScript)  
INFO  DumpRange.java> 820a9230 lwz r11,0x728(r30) (GhidraScript)  
INFO  DumpRange.java> 820a9234 or r31,r3,r3 (GhidraScript)  
INFO  DumpRange.java> 820a9238 b 0x820a9240 (GhidraScript)  
INFO  DumpRange.java> 820a923c li r31,0x0 (GhidraScript)  
INFO  DumpRange.java> 820a9240 li r5,0x10 (GhidraScript)  
INFO  DumpRange.java> 820a9244 li r4,0x3a0 (GhidraScript)  
INFO  DumpRange.java> 820a9248 or r3,r11,r11 (GhidraScript)  
INFO  DumpRange.java> 820a924c bl 0x822257a8 (GhidraScript)  
INFO  DumpRange.java> 820a9250 rlwinm r11,r29,0x0,0x18,0x1f (GhidraScript)  
INFO  DumpRange.java> 820a9254 cmplwi cr6,r11,0x0 (GhidraScript)  
INFO  DumpRange.java> 820a9258 beq cr6,0x820a927c (GhidraScript)  
INFO  DumpRange.java> 820a925c lis r11,0x3 (GhidraScript)  
INFO  DumpRange.java> 820a9260 li r5,0x3a0 (GhidraScript)  
INFO  DumpRange.java> 820a9264 ori r10,r11,0x60a8 (GhidraScript)  
INFO  DumpRange.java> 820a9268 lis r11,-0x7d92 (GhidraScript)  
INFO  DumpRange.java> 820a926c or r4,r31,r31 (GhidraScript)  
INFO  DumpRange.java> 820a9270 lwz r11,0x4eb4(r11) (GhidraScript)  
INFO  DumpRange.java> 820a9274 lwzx r3,r11,r10 (GhidraScript)  
INFO  DumpRange.java> 820a9278 bl 0x822744f0 (GhidraScript)  
INFO  DumpRange.java> 820a927c or r3,r31,r31 (GhidraScript)  
INFO  DumpRange.java> 820a9280 addi r1,r1,0x70 (GhidraScript)  
INFO  DumpRange.java> 820a9284 b 0x82382f4c (GhidraScript)  
INFO  REPORT: Execute script: DumpRange.java '0x820a9288' '0x820a9320'  (HeadlessAnalyzer)  
INFO  SCRIPT: /fastdata/lavaulta/auto-re-agent/workspaces/ace-combat-6/scripts/DumpRange.java (HeadlessAnalyzer)  
INFO  DumpRange.java> 820a9288 mfspr r12,LR (GhidraScript)  
INFO  DumpRange.java> 820a928c bl 0x82382efc (GhidraScript)  
INFO  DumpRange.java> 820a9290 stwu r1,-0x70(r1) (GhidraScript)  
INFO  DumpRange.java> 820a9294 lis r30,-0x7d96 (GhidraScript)  
INFO  DumpRange.java> 820a9298 or r29,r4,r4 (GhidraScript)  
INFO  DumpRange.java> 820a929c lwz r11,0x728(r30) (GhidraScript)  
INFO  DumpRange.java> 820a92a0 lwz r10,0x4(r11) (GhidraScript)  
INFO  DumpRange.java> 820a92a4 cmplwi cr6,r10,0x0 (GhidraScript)  
INFO  DumpRange.java> 820a92a8 beq cr6,0x820a92cc (GhidraScript)  
INFO  DumpRange.java> 820a92ac rlwinm r10,r10,0x0,0x0,0x1f (GhidraScript)  
INFO  DumpRange.java> 820a92b0 lwz r3,0x0(r10) (GhidraScript)  
INFO  DumpRange.java> 820a92b4 cmplwi cr6,r3,0x0 (GhidraScript)  
INFO  DumpRange.java> 820a92b8 beq cr6,0x820a92cc (GhidraScript)  
INFO  DumpRange.java> 820a92bc bl 0x82294110 (GhidraScript)  
INFO  DumpRange.java> 820a92c0 lwz r11,0x728(r30) (GhidraScript)  
INFO  DumpRange.java> 820a92c4 or r31,r3,r3 (GhidraScript)  
INFO  DumpRange.java> 820a92c8 b 0x820a92d0 (GhidraScript)  
INFO  DumpRange.java> 820a92cc li r31,0x0 (GhidraScript)  
INFO  DumpRange.java> 820a92d0 li r5,0x10 (GhidraScript)  
INFO  DumpRange.java> 820a92d4 li r4,0x360 (GhidraScript)  
INFO  DumpRange.java> 820a92d8 or r3,r11,r11 (GhidraScript)  
INFO  DumpRange.java> 820a92dc bl 0x822257a8 (GhidraScript)  
INFO  DumpRange.java> 820a92e0 rlwinm r11,r29,0x0,0x18,0x1f (GhidraScript)  
INFO  DumpRange.java> 820a92e4 cmplwi cr6,r11,0x0 (GhidraScript)  
INFO  DumpRange.java> 820a92e8 beq cr6,0x820a930c (GhidraScript)  
INFO  DumpRange.java> 820a92ec lis r11,0x3 (GhidraScript)  
INFO  DumpRange.java> 820a92f0 li r5,0x360 (GhidraScript)  
INFO  DumpRange.java> 820a92f4 ori r10,r11,0x60a8 (GhidraScript)  
INFO  DumpRange.java> 820a92f8 lis r11,-0x7d92 (GhidraScript)  
INFO  DumpRange.java> 820a92fc or r4,r31,r31 (GhidraScript)  
INFO  DumpRange.java> 820a9300 lwz r11,0x4eb4(r11) (GhidraScript)  
INFO  DumpRange.java> 820a9304 lwzx r3,r11,r10 (GhidraScript)  
INFO  DumpRange.java> 820a9308 bl 0x822744f0 (GhidraScript)  
INFO  DumpRange.java> 820a930c or r3,r31,r31 (GhidraScript)  
INFO  DumpRange.java> 820a9310 addi r1,r1,0x70 (GhidraScript)  
INFO  DumpRange.java> 820a9314 b 0x82382f4c (GhidraScript)  
INFO  DumpRange.java> 820a9318 mfspr r12,LR (GhidraScript)  
INFO  DumpRange.java> 820a931c bl 0x82382ef4 (GhidraScript)  
INFO  REPORT: Save succeeded for processed file: /default.xex (HeadlessAnalyzer)  
INFO  Using log config file: jar:file:/fastdata/lavaulta/auto-re-agent/.tools/ghidra_12.1.2_PUBLIC/Ghidra/Framework/Generic/lib/Generic.jar!/generic.log4j.xml (LoggingInitialization)  
INFO  Using log file: /home/lavaulta/.config/ghidra/ghidra_12.1.2_PUBLIC/application.log (LoggingInitialization)  
INFO  Loading user preferences: /home/lavaulta/.config/ghidra/ghidra_12.1.2_PUBLIC/preferences (Preferences)  
INFO  Searching for classes... (ClassSearcher)  
INFO  Ignoring class 'xexloaderwv.XEXLoaderWVLoader' from '/fastdata/lavaulta/auto-re-agent/.tools/ghidra_12.1.2_PUBLIC/Ghidra/Extensions/XEXLoaderWV/lib/XEXLoaderWV.jar'. Already found at '/fastdata/lavaulta/auto-re-agent/.tools/ghidra_12.1.2_PUBLIC/Ghidra/patch/XEXLoaderWV-java21.jar'. (ClassSearcher)  
INFO  Class search complete (1407 ms) (ClassSearcher)  
INFO  Initializing SSL Context (DefaultSSLContextInitializer)  
INFO  Initializing Random Number Generator... (SecureRandomFactory)  
INFO  Random Number Generator initialization complete: NativePRNGNonBlocking (SecureRandomFactory)  
INFO  Trust manager disabled, cacerts have not been set (DefaultTrustManagerFactory)  
INFO  Headless startup complete (2876 ms) (AnalyzeHeadless)  
INFO  Class searcher loaded 59 extension points (20 false positives) (ClassSearcher)  
INFO  HEADLESS Script Paths:
    /fastdata/lavaulta/auto-re-agent/.tools/ghidra_12.1.2_PUBLIC/Ghidra/Features/MicrosoftCodeAnalyzer/ghidra_scripts
    /fastdata/lavaulta/auto-re-agent/.tools/ghidra_12.1.2_PUBLIC/Ghidra/Features/PDB/ghidra_scripts
    /fastdata/lavaulta/auto-re-agent/.tools/ghidra_12.1.2_PUBLIC/Ghidra/Processors/8051/ghidra_scripts
    /fastdata/lavaulta/auto-re-agent/.tools/ghidra_12.1.2_PUBLIC/Ghidra/Features/Base/ghidra_scripts
    /fastdata/lavaulta/auto-re-agent/workspaces/ace-combat-6/scripts
    /fastdata/lavaulta/auto-re-agent/.tools/ghidra_12.1.2_PUBLIC/Ghidra/Features/FileFormats/ghidra_scripts
    /fastdata/lavaulta/auto-re-agent/.tools/ghidra_12.1.2_PUBLIC/Ghidra/Features/GnuDemangler/ghidra_scripts
    /fastdata/lavaulta/auto-re-agent/.tools/ghidra_12.1.2_PUBLIC/Ghidra/Extensions/ghidra-emotionengine-reloaded/ghidra_scripts
    /fastdata/lavaulta/auto-re-agent/.tools/ghidra_12.1.2_PUBLIC/Ghidra/Features/Decompiler/ghidra_scripts
    /fastdata/lavaulta/auto-re-agent/.tools/ghidra_12.1.2_PUBLIC/Ghidra/Features/FunctionID/ghidra_scripts
    /fastdata/lavaulta/auto-re-agent/.tools/ghidra_12.1.2_PUBLIC/Ghidra/Features/DecompilerDependent/ghidra_scripts
    /fastdata/lavaulta/auto-re-agent/.tools/ghidra_12.1.2_PUBLIC/Ghidra/Processors/DATA/ghidra_scripts
    /fastdata/lavaulta/auto-re-agent/.tools/ghidra_12.1.2_PUBLIC/Ghidra/Debug/Debugger-rmi-trace/ghidra_scripts
    /fastdata/lavaulta/auto-re-agent/.tools/ghidra_12.1.2_PUBLIC/Ghidra/Features/SwiftDemangler/ghidra_scripts
    /fastdata/lavaulta/auto-re-agent/.tools/ghidra_12.1.2_PUBLIC/Ghidra/Debug/Debugger/ghidra_scripts
    /fastdata/lavaulta/auto-re-agent/.tools/ghidra_12.1.2_PUBLIC/Ghidra/Processors/PIC/ghidra_scripts
    /fastdata/lavaulta/auto-re-agent/.tools/ghidra_12.1.2_PUBLIC/Ghidra/Extensions/XEXLoaderWV/ghidra_scripts
    /fastdata/lavaulta/auto-re-agent/.tools/ghidra_12.1.2_PUBLIC/Ghidra/Features/WildcardAssembler/ghidra_scripts
    /fastdata/lavaulta/auto-re-agent/.tools/ghidra_12.1.2_PUBLIC/Ghidra/Features/PyGhidra/ghidra_scripts
    /fastdata/lavaulta/auto-re-agent/.tools/ghidra_12.1.2_PUBLIC/Ghidra/Features/BSim/ghidra_scripts
    /fastdata/lavaulta/auto-re-agent/.tools/ghidra_12.1.2_PUBLIC/Ghidra/Features/VersionTracking/ghidra_scripts
    /fastdata/lavaulta/auto-re-agent/.tools/ghidra_12.1.2_PUBLIC/Ghidra/Features/BytePatterns/ghidra_scripts
    /fastdata/lavaulta/auto-re-agent/.tools/ghidra_12.1.2_PUBLIC/Ghidra/Processors/Atmel/ghidra_scripts
    /fastdata/lavaulta/auto-re-agent/.tools/ghidra_12.1.2_PUBLIC/Ghidra/Features/SystemEmulation/ghidra_scripts
    /fastdata/lavaulta/auto-re-agent/.tools/ghidra_12.1.2_PUBLIC/Ghidra/Processors/JVM/ghidra_scripts (HeadlessAnalyzer)  
INFO  HEADLESS: execution starts (HeadlessAnalyzer)  
INFO  Opening existing project: /fastdata/lavaulta/auto-re-agent/workspaces/ace-combat-6/ghidra-projects/ace-combat-6 (HeadlessAnalyzer)  
INFO  Opening project: /fastdata/lavaulta/auto-re-agent/workspaces/ace-combat-6/ghidra-projects/ace-combat-6 (HeadlessProject)  
INFO  REPORT: Processing project file: /default.xex (HeadlessAnalyzer)  
INFO  REPORT: Execute script: DumpRange.java '0x822a9fe8' '0x822aa060'  (HeadlessAnalyzer)  
INFO  SCRIPT: /fastdata/lavaulta/auto-re-agent/workspaces/ace-combat-6/scripts/DumpRange.java (HeadlessAnalyzer)  
INFO  DumpRange.java> 822a9fe8 mfspr r12,LR (GhidraScript)  
INFO  DumpRange.java> 822a9fec stw r12,-0x8(r1) (GhidraScript)  
INFO  DumpRange.java> 822a9ff0 std r31,-0x10(r1) (GhidraScript)  
INFO  DumpRange.java> 822a9ff4 stwu r1,-0x60(r1) (GhidraScript)  
INFO  DumpRange.java> 822a9ff8 or r31,r3,r3 (GhidraScript)  
INFO  DumpRange.java> 822a9ffc bl 0x8229a470 (GhidraScript)  
INFO  DumpRange.java> 822aa000 lis r11,-0x7e00 (GhidraScript)  
INFO  DumpRange.java> 822aa004 lis r10,-0x7e00 (GhidraScript)  
INFO  DumpRange.java> 822aa008 li r9,0x2 (GhidraScript)  
INFO  DumpRange.java> 822aa00c or r3,r31,r31 (GhidraScript)  
INFO  DumpRange.java> 822aa010 lfs f0,0x82c(r11) (GhidraScript)  
INFO  DumpRange.java> 822aa014 lis r11,-0x7dff (GhidraScript)  
INFO  DumpRange.java> 822aa018 lfs f13,0x1348(r10) (GhidraScript)  
INFO  DumpRange.java> 822aa01c subi r11,r11,0x62a0 (GhidraScript)  
INFO  DumpRange.java> 822aa020 stw r11,0x0(r31) (GhidraScript)  
INFO  DumpRange.java> 822aa024 stfs f0,0x200(r31) (GhidraScript)  
INFO  DumpRange.java> 822aa028 stfs f0,0x204(r31) (GhidraScript)  
INFO  DumpRange.java> 822aa02c stfs f0,0x208(r31) (GhidraScript)  
INFO  DumpRange.java> 822aa030 stfs f0,0x20c(r31) (GhidraScript)  
INFO  DumpRange.java> 822aa034 stfs f0,0x210(r31) (GhidraScript)  
INFO  DumpRange.java> 822aa038 stfs f0,0x214(r31) (GhidraScript)  
INFO  DumpRange.java> 822aa03c stfs f0,0x218(r31) (GhidraScript)  
INFO  DumpRange.java> 822aa040 stfs f13,0x21c(r31) (GhidraScript)  
INFO  DumpRange.java> 822aa044 stw r9,0xb8(r31) (GhidraScript)  
INFO  DumpRange.java> 822aa048 addi r1,r1,0x60 (GhidraScript)  
INFO  DumpRange.java> 822aa04c lwz r12,-0x8(r1) (GhidraScript)  
INFO  DumpRange.java> 822aa050 mtspr LR,r12 (GhidraScript)  
INFO  DumpRange.java> 822aa054 ld r31,-0x10(r1) (GhidraScript)  
INFO  DumpRange.java> 822aa058 blr (GhidraScript)  
INFO  DumpRange.java> 822aa05c <not-disassembled> (GhidraScript)  
INFO  REPORT: Execute script: DumpRange.java '0x8229a470' '0x8229a4e8'  (HeadlessAnalyzer)  
INFO  SCRIPT: /fastdata/lavaulta/auto-re-agent/workspaces/ace-combat-6/scripts/DumpRange.java (HeadlessAnalyzer)  
INFO  DumpRange.java> 8229a470 mfspr r12,LR (GhidraScript)  
INFO  DumpRange.java> 8229a474 stw r12,-0x8(r1) (GhidraScript)  
INFO  DumpRange.java> 8229a478 std r30,-0x18(r1) (GhidraScript)  
INFO  DumpRange.java> 8229a47c std r31,-0x10(r1) (GhidraScript)  
INFO  DumpRange.java> 8229a480 stfd f31,-0x20(r1) (GhidraScript)  
INFO  DumpRange.java> 8229a484 stwu r1,-0x70(r1) (GhidraScript)  
INFO  DumpRange.java> 8229a488 lis r9,-0x7e00 (GhidraScript)  
INFO  DumpRange.java> 8229a48c or r31,r3,r3 (GhidraScript)  
INFO  DumpRange.java> 8229a490 lis r10,-0x7e00 (GhidraScript)  
INFO  DumpRange.java> 8229a494 addi r11,r31,0x10 (GhidraScript)  
INFO  DumpRange.java> 8229a498 li r30,0x0 (GhidraScript)  
INFO  DumpRange.java> 8229a49c lfs f0,0x1348(r9) (GhidraScript)  
INFO  DumpRange.java> 8229a4a0 lis r9,-0x7dfb (GhidraScript)  
INFO  DumpRange.java> 8229a4a4 li r7,0x1 (GhidraScript)  
INFO  DumpRange.java> 8229a4a8 addi r8,r9,0x72c0 (GhidraScript)  
INFO  DumpRange.java> 8229a4ac lfs f31,0x82c(r10) (GhidraScript)  
INFO  DumpRange.java> 8229a4b0 lis r9,-0x7dfb (GhidraScript)  
INFO  DumpRange.java> 8229a4b4 addi r10,r31,0x60 (GhidraScript)  
INFO  DumpRange.java> 8229a4b8 addi r9,r9,0x4d94 (GhidraScript)  
INFO  DumpRange.java> 8229a4bc addi r3,r31,0x1c0 (GhidraScript)  
INFO  DumpRange.java> 8229a4c0 stw r8,0x0(r31) (GhidraScript)  
INFO  DumpRange.java> 8229a4c4 stfs f0,0x4c(r11) (GhidraScript)  
INFO  DumpRange.java> 8229a4c8 stfs f31,0x40(r11) (GhidraScript)  
INFO  DumpRange.java> 8229a4cc lis r8,-0x7e00 (GhidraScript)  
INFO  DumpRange.java> 8229a4d0 stfs f31,0x44(r11) (GhidraScript)  
INFO  DumpRange.java> 8229a4d4 stfs f31,0x48(r11) (GhidraScript)  
INFO  DumpRange.java> 8229a4d8 stw r9,0x0(r11) (GhidraScript)  
INFO  DumpRange.java> 8229a4dc lis r11,-0x7dc1 (GhidraScript)  
INFO  DumpRange.java> 8229a4e0 stfs f0,0x4c(r10) (GhidraScript)  
INFO  DumpRange.java> 8229a4e4 stfs f31,0x40(r10) (GhidraScript)  
INFO  REPORT: Execute script: DumpRange.java '0x822aa558' '0x822aa5d0'  (HeadlessAnalyzer)  
INFO  SCRIPT: /fastdata/lavaulta/auto-re-agent/workspaces/ace-combat-6/scripts/DumpRange.java (HeadlessAnalyzer)  
INFO  DumpRange.java> 822aa558 mfspr r12,LR (GhidraScript)  
INFO  DumpRange.java> 822aa55c stw r12,-0x8(r1) (GhidraScript)  
INFO  DumpRange.java> 822aa560 std r31,-0x10(r1) (GhidraScript)  
INFO  DumpRange.java> 822aa564 stwu r1,-0x60(r1) (GhidraScript)  
INFO  DumpRange.java> 822aa568 or r31,r3,r3 (GhidraScript)  
INFO  DumpRange.java> 822aa56c bl 0x8229a470 (GhidraScript)  
INFO  DumpRange.java> 822aa570 lis r11,-0x7dff (GhidraScript)  
INFO  DumpRange.java> 822aa574 li r10,0xf (GhidraScript)  
INFO  DumpRange.java> 822aa578 subi r11,r11,0x6168 (GhidraScript)  
INFO  DumpRange.java> 822aa57c or r3,r31,r31 (GhidraScript)  
INFO  DumpRange.java> 822aa580 stw r10,0xb8(r31) (GhidraScript)  
INFO  DumpRange.java> 822aa584 stw r11,0x0(r31) (GhidraScript)  
INFO  DumpRange.java> 822aa588 addi r1,r1,0x60 (GhidraScript)  
INFO  DumpRange.java> 822aa58c lwz r12,-0x8(r1) (GhidraScript)  
INFO  DumpRange.java> 822aa590 mtspr LR,r12 (GhidraScript)  
INFO  DumpRange.java> 822aa594 ld r31,-0x10(r1) (GhidraScript)  
INFO  DumpRange.java> 822aa598 blr (GhidraScript)  
INFO  DumpRange.java> 822aa59c <not-disassembled> (GhidraScript)  
INFO  DumpRange.java> 822aa5a0 lis r11,0x2 (GhidraScript)  
INFO  DumpRange.java> 822aa5a4 ori r10,r11,0x9fc8 (GhidraScript)  
INFO  DumpRange.java> 822aa5a8 lis r11,-0x7d92 (GhidraScript)  
INFO  DumpRange.java> 822aa5ac lwz r11,0x4eb4(r11) (GhidraScript)  
INFO  DumpRange.java> 822aa5b0 lwzx r11,r11,r10 (GhidraScript)  
INFO  DumpRange.java> 822aa5b4 lwz r9,0x1008(r11) (GhidraScript)  
INFO  DumpRange.java> 822aa5b8 cmplwi cr6,r9,0x0 (GhidraScript)  
INFO  DumpRange.java> 822aa5bc beqlr cr6 (GhidraScript)  
INFO  DumpRange.java> 822aa5c0 li r8,0x50 (GhidraScript)  
INFO  DumpRange.java> 822aa5c4 addi r10,r3,0x50 (GhidraScript)  
INFO  DumpRange.java> 822aa5c8 subi r11,r1,0x10 (GhidraScript)  
INFO  DumpRange.java> 822aa5cc <not-disassembled> (GhidraScript)  
INFO  REPORT: Execute script: DumpRange.java '0x822a87c8' '0x822a8840'  (HeadlessAnalyzer)  
INFO  SCRIPT: /fastdata/lavaulta/auto-re-agent/workspaces/ace-combat-6/scripts/DumpRange.java (HeadlessAnalyzer)  
INFO  DumpRange.java> 822a87c8 mfspr r12,LR (GhidraScript)  
INFO  DumpRange.java> 822a87cc stw r12,-0x8(r1) (GhidraScript)  
INFO  DumpRange.java> 822a87d0 std r31,-0x10(r1) (GhidraScript)  
INFO  DumpRange.java> 822a87d4 stwu r1,-0x60(r1) (GhidraScript)  
INFO  DumpRange.java> 822a87d8 or r31,r3,r3 (GhidraScript)  
INFO  DumpRange.java> 822a87dc bl 0x822a67b8 (GhidraScript)  
INFO  DumpRange.java> 822a87e0 lis r11,-0x7dff (GhidraScript)  
INFO  DumpRange.java> 822a87e4 li r10,0x6 (GhidraScript)  
INFO  DumpRange.java> 822a87e8 subi r11,r11,0x63d8 (GhidraScript)  
INFO  DumpRange.java> 822a87ec or r3,r31,r31 (GhidraScript)  
INFO  DumpRange.java> 822a87f0 stw r10,0xb8(r31) (GhidraScript)  
INFO  DumpRange.java> 822a87f4 stw r11,0x0(r31) (GhidraScript)  
INFO  DumpRange.java> 822a87f8 bl 0x82298b08 (GhidraScript)  
INFO  DumpRange.java> 822a87fc or r3,r31,r31 (GhidraScript)  
INFO  DumpRange.java> 822a8800 addi r1,r1,0x60 (GhidraScript)  
INFO  DumpRange.java> 822a8804 lwz r12,-0x8(r1) (GhidraScript)  
INFO  DumpRange.java> 822a8808 mtspr LR,r12 (GhidraScript)  
INFO  DumpRange.java> 822a880c ld r31,-0x10(r1) (GhidraScript)  
INFO  DumpRange.java> 822a8810 blr (GhidraScript)  
INFO  DumpRange.java> 822a8814 <not-disassembled> (GhidraScript)  
INFO  DumpRange.java> 822a8818 mfspr r12,LR (GhidraScript)  
INFO  DumpRange.java> 822a881c stw r12,-0x8(r1) (GhidraScript)  
INFO  DumpRange.java> 822a8820 std r30,-0x18(r1) (GhidraScript)  
INFO  DumpRange.java> 822a8824 std r31,-0x10(r1) (GhidraScript)  
INFO  DumpRange.java> 822a8828 stwu r1,-0x70(r1) (GhidraScript)  
INFO  DumpRange.java> 822a882c lis r11,-0x7e00 (GhidraScript)  
INFO  DumpRange.java> 822a8830 or r31,r3,r3 (GhidraScript)  
INFO  DumpRange.java> 822a8834 addi r11,r11,0x78d0 (GhidraScript)  
INFO  DumpRange.java> 822a8838 addi r3,r31,0x1e4 (GhidraScript)  
INFO  DumpRange.java> 822a883c or r30,r4,r4 (GhidraScript)  
INFO  REPORT: Execute script: DumpRange.java '0x82294110' '0x82294188'  (HeadlessAnalyzer)  
INFO  SCRIPT: /fastdata/lavaulta/auto-re-agent/workspaces/ace-combat-6/scripts/DumpRange.java (HeadlessAnalyzer)  
INFO  DumpRange.java> 82294110 mfspr r12,LR (GhidraScript)  
INFO  DumpRange.java> 82294114 stw r12,-0x8(r1) (GhidraScript)  
INFO  DumpRange.java> 82294118 std r31,-0x10(r1) (GhidraScript)  
INFO  DumpRange.java> 8229411c stwu r1,-0x60(r1) (GhidraScript)  
INFO  DumpRange.java> 82294120 or r31,r3,r3 (GhidraScript)  
INFO  DumpRange.java> 82294124 bl 0x8228f6b0 (GhidraScript)  
INFO  DumpRange.java> 82294128 lis r11,-0x7dff (GhidraScript)  
INFO  DumpRange.java> 8229412c or r3,r31,r31 (GhidraScript)  
INFO  DumpRange.java> 82294130 subi r11,r11,0x6d38 (GhidraScript)  
INFO  DumpRange.java> 82294134 stw r11,0x0(r31) (GhidraScript)  
INFO  DumpRange.java> 82294138 bl 0x82298b08 (GhidraScript)  
INFO  DumpRange.java> 8229413c or r3,r31,r31 (GhidraScript)  
INFO  DumpRange.java> 82294140 addi r1,r1,0x60 (GhidraScript)  
INFO  DumpRange.java> 82294144 lwz r12,-0x8(r1) (GhidraScript)  
INFO  DumpRange.java> 82294148 mtspr LR,r12 (GhidraScript)  
INFO  DumpRange.java> 8229414c ld r31,-0x10(r1) (GhidraScript)  
INFO  DumpRange.java> 82294150 blr (GhidraScript)  
INFO  DumpRange.java> 82294154 <not-disassembled> (GhidraScript)  
INFO  DumpRange.java> 82294158 lis r11,-0x7dff (GhidraScript)  
INFO  DumpRange.java> 8229415c lfs f13,0x34c(r3) (GhidraScript)  
INFO  DumpRange.java> 82294160 lfs f0,-0x6bd8(r11) (GhidraScript)  
INFO  DumpRange.java> 82294164 lis r11,-0x7e00 (GhidraScript)  
INFO  DumpRange.java> 82294168 fmuls f0,f13,f0 (GhidraScript)  
INFO  DumpRange.java> 8229416c lfs f1,0x82c(r11) (GhidraScript)  
INFO  DumpRange.java> 82294170 fcmpu cr6,f0,f1 (GhidraScript)  
INFO  DumpRange.java> 82294174 bltlr cr6 (GhidraScript)  
INFO  DumpRange.java> 82294178 lis r11,-0x7e00 (GhidraScript)  
INFO  DumpRange.java> 8229417c lfs f1,0x1348(r11) (GhidraScript)  
INFO  DumpRange.java> 82294180 fcmpu cr6,f0,f1 (GhidraScript)  
INFO  DumpRange.java> 82294184 bgtlr cr6 (GhidraScript)  
INFO  REPORT: Save succeeded for processed file: /default.xex (HeadlessAnalyzer)  
INFO  Using log config file: jar:file:/fastdata/lavaulta/auto-re-agent/.tools/ghidra_12.1.2_PUBLIC/Ghidra/Framework/Generic/lib/Generic.jar!/generic.log4j.xml (LoggingInitialization)  
INFO  Using log file: /home/lavaulta/.config/ghidra/ghidra_12.1.2_PUBLIC/application.log (LoggingInitialization)  
INFO  Loading user preferences: /home/lavaulta/.config/ghidra/ghidra_12.1.2_PUBLIC/preferences (Preferences)  
INFO  Searching for classes... (ClassSearcher)  
INFO  Ignoring class 'xexloaderwv.XEXLoaderWVLoader' from '/fastdata/lavaulta/auto-re-agent/.tools/ghidra_12.1.2_PUBLIC/Ghidra/Extensions/XEXLoaderWV/lib/XEXLoaderWV.jar'. Already found at '/fastdata/lavaulta/auto-re-agent/.tools/ghidra_12.1.2_PUBLIC/Ghidra/patch/XEXLoaderWV-java21.jar'. (ClassSearcher)  
INFO  Class search complete (1556 ms) (ClassSearcher)  
INFO  Initializing SSL Context (DefaultSSLContextInitializer)  
INFO  Initializing Random Number Generator... (SecureRandomFactory)  
INFO  Random Number Generator initialization complete: NativePRNGNonBlocking (SecureRandomFactory)  
INFO  Trust manager disabled, cacerts have not been set (DefaultTrustManagerFactory)  
INFO  Headless startup complete (3180 ms) (AnalyzeHeadless)  
INFO  Class searcher loaded 59 extension points (20 false positives) (ClassSearcher)  
INFO  HEADLESS Script Paths:
    /fastdata/lavaulta/auto-re-agent/.tools/ghidra_12.1.2_PUBLIC/Ghidra/Features/MicrosoftCodeAnalyzer/ghidra_scripts
    /fastdata/lavaulta/auto-re-agent/.tools/ghidra_12.1.2_PUBLIC/Ghidra/Features/PDB/ghidra_scripts
    /fastdata/lavaulta/auto-re-agent/.tools/ghidra_12.1.2_PUBLIC/Ghidra/Processors/8051/ghidra_scripts
    /fastdata/lavaulta/auto-re-agent/.tools/ghidra_12.1.2_PUBLIC/Ghidra/Features/Base/ghidra_scripts
    /fastdata/lavaulta/auto-re-agent/workspaces/ace-combat-6/scripts
    /fastdata/lavaulta/auto-re-agent/.tools/ghidra_12.1.2_PUBLIC/Ghidra/Features/FileFormats/ghidra_scripts
    /fastdata/lavaulta/auto-re-agent/.tools/ghidra_12.1.2_PUBLIC/Ghidra/Features/GnuDemangler/ghidra_scripts
    /fastdata/lavaulta/auto-re-agent/.tools/ghidra_12.1.2_PUBLIC/Ghidra/Extensions/ghidra-emotionengine-reloaded/ghidra_scripts
    /fastdata/lavaulta/auto-re-agent/.tools/ghidra_12.1.2_PUBLIC/Ghidra/Features/Decompiler/ghidra_scripts
    /fastdata/lavaulta/auto-re-agent/.tools/ghidra_12.1.2_PUBLIC/Ghidra/Features/FunctionID/ghidra_scripts
    /fastdata/lavaulta/auto-re-agent/.tools/ghidra_12.1.2_PUBLIC/Ghidra/Features/DecompilerDependent/ghidra_scripts
    /fastdata/lavaulta/auto-re-agent/.tools/ghidra_12.1.2_PUBLIC/Ghidra/Processors/DATA/ghidra_scripts
    /fastdata/lavaulta/auto-re-agent/.tools/ghidra_12.1.2_PUBLIC/Ghidra/Debug/Debugger-rmi-trace/ghidra_scripts
    /fastdata/lavaulta/auto-re-agent/.tools/ghidra_12.1.2_PUBLIC/Ghidra/Features/SwiftDemangler/ghidra_scripts
    /fastdata/lavaulta/auto-re-agent/.tools/ghidra_12.1.2_PUBLIC/Ghidra/Debug/Debugger/ghidra_scripts
    /fastdata/lavaulta/auto-re-agent/.tools/ghidra_12.1.2_PUBLIC/Ghidra/Processors/PIC/ghidra_scripts
    /fastdata/lavaulta/auto-re-agent/.tools/ghidra_12.1.2_PUBLIC/Ghidra/Extensions/XEXLoaderWV/ghidra_scripts
    /fastdata/lavaulta/auto-re-agent/.tools/ghidra_12.1.2_PUBLIC/Ghidra/Features/WildcardAssembler/ghidra_scripts
    /fastdata/lavaulta/auto-re-agent/.tools/ghidra_12.1.2_PUBLIC/Ghidra/Features/PyGhidra/ghidra_scripts
    /fastdata/lavaulta/auto-re-agent/.tools/ghidra_12.1.2_PUBLIC/Ghidra/Features/BSim/ghidra_scripts
    /fastdata/lavaulta/auto-re-agent/.tools/ghidra_12.1.2_PUBLIC/Ghidra/Features/VersionTracking/ghidra_scripts
    /fastdata/lavaulta/auto-re-agent/.tools/ghidra_12.1.2_PUBLIC/Ghidra/Features/BytePatterns/ghidra_scripts
    /fastdata/lavaulta/auto-re-agent/.tools/ghidra_12.1.2_PUBLIC/Ghidra/Processors/Atmel/ghidra_scripts
    /fastdata/lavaulta/auto-re-agent/.tools/ghidra_12.1.2_PUBLIC/Ghidra/Features/SystemEmulation/ghidra_scripts
    /fastdata/lavaulta/auto-re-agent/.tools/ghidra_12.1.2_PUBLIC/Ghidra/Processors/JVM/ghidra_scripts (HeadlessAnalyzer)  
INFO  HEADLESS: execution starts (HeadlessAnalyzer)  
INFO  Opening existing project: /fastdata/lavaulta/auto-re-agent/workspaces/ace-combat-6/ghidra-projects/ace-combat-6 (HeadlessAnalyzer)  
INFO  Opening project: /fastdata/lavaulta/auto-re-agent/workspaces/ace-combat-6/ghidra-projects/ace-combat-6 (HeadlessProject)  
INFO  REPORT: Processing project file: /default.xex (HeadlessAnalyzer)  
INFO  REPORT: Execute script: DumpU32Range.java '0x82009dac' '0x82009db8'  (HeadlessAnalyzer)  
INFO  SCRIPT: /fastdata/lavaulta/auto-re-agent/workspaces/ace-combat-6/scripts/DumpU32Range.java (HeadlessAnalyzer)  
INFO  DumpU32Range.java> 82009dac 0x82225848 (GhidraScript)  
INFO  DumpU32Range.java> 82009db0 0x82225850 (GhidraScript)  
INFO  DumpU32Range.java> 82009db4 0x822663a8 (GhidraScript)  
INFO  REPORT: Execute script: DumpU32Range.java '0x8200730c' '0x82007318'  (HeadlessAnalyzer)  
INFO  SCRIPT: /fastdata/lavaulta/auto-re-agent/workspaces/ace-combat-6/scripts/DumpU32Range.java (HeadlessAnalyzer)  
INFO  DumpU32Range.java> 8200730c 0x00000000 (GhidraScript)  
INFO  DumpU32Range.java> 82007310 0x8218a978 (GhidraScript)  
INFO  DumpU32Range.java> 82007314 0x820adcf0 (GhidraScript)  
INFO  REPORT: Execute script: DumpU32Range.java '0x82009ee4' '0x82009ef0'  (HeadlessAnalyzer)  
INFO  SCRIPT: /fastdata/lavaulta/auto-re-agent/workspaces/ace-combat-6/scripts/DumpU32Range.java (HeadlessAnalyzer)  
INFO  DumpU32Range.java> 82009ee4 0x82225848 (GhidraScript)  
INFO  DumpU32Range.java> 82009ee8 0x82225850 (GhidraScript)  
INFO  DumpU32Range.java> 82009eec 0x822663a8 (GhidraScript)  
INFO  REPORT: Execute script: DumpU32Range.java '0x82009c74' '0x82009c80'  (HeadlessAnalyzer)  
INFO  SCRIPT: /fastdata/lavaulta/auto-re-agent/workspaces/ace-combat-6/scripts/DumpU32Range.java (HeadlessAnalyzer)  
INFO  DumpU32Range.java> 82009c74 0x82225848 (GhidraScript)  
INFO  DumpU32Range.java> 82009c78 0x822a6c48 (GhidraScript)  
INFO  DumpU32Range.java> 82009c7c 0x822663a8 (GhidraScript)  
INFO  REPORT: Execute script: DumpU32Range.java '0x82009314' '0x82009320'  (HeadlessAnalyzer)  
INFO  SCRIPT: /fastdata/lavaulta/auto-re-agent/workspaces/ace-combat-6/scripts/DumpU32Range.java (HeadlessAnalyzer)  
INFO  DumpU32Range.java> 82009314 0x82225848 (GhidraScript)  
INFO  DumpU32Range.java> 82009318 0x8228f678 (GhidraScript)  
INFO  DumpU32Range.java> 8200931c 0x822663a8 (GhidraScript)  
INFO  REPORT: Save succeeded for processed file: /default.xex (HeadlessAnalyzer)  
INFO  Using log config file: jar:file:/fastdata/lavaulta/auto-re-agent/.tools/ghidra_12.1.2_PUBLIC/Ghidra/Framework/Generic/lib/Generic.jar!/generic.log4j.xml (LoggingInitialization)  
INFO  Using log file: /home/lavaulta/.config/ghidra/ghidra_12.1.2_PUBLIC/application.log (LoggingInitialization)  
INFO  Loading user preferences: /home/lavaulta/.config/ghidra/ghidra_12.1.2_PUBLIC/preferences (Preferences)  
INFO  Searching for classes... (ClassSearcher)  
INFO  Ignoring class 'xexloaderwv.XEXLoaderWVLoader' from '/fastdata/lavaulta/auto-re-agent/.tools/ghidra_12.1.2_PUBLIC/Ghidra/Extensions/XEXLoaderWV/lib/XEXLoaderWV.jar'. Already found at '/fastdata/lavaulta/auto-re-agent/.tools/ghidra_12.1.2_PUBLIC/Ghidra/patch/XEXLoaderWV-java21.jar'. (ClassSearcher)  
INFO  Class search complete (1527 ms) (ClassSearcher)  
INFO  Initializing SSL Context (DefaultSSLContextInitializer)  
INFO  Initializing Random Number Generator... (SecureRandomFactory)  
INFO  Random Number Generator initialization complete: NativePRNGNonBlocking (SecureRandomFactory)  
INFO  Trust manager disabled, cacerts have not been set (DefaultTrustManagerFactory)  
INFO  Headless startup complete (3141 ms) (AnalyzeHeadless)  
INFO  Class searcher loaded 59 extension points (20 false positives) (ClassSearcher)  
INFO  HEADLESS Script Paths:
    /fastdata/lavaulta/auto-re-agent/.tools/ghidra_12.1.2_PUBLIC/Ghidra/Features/MicrosoftCodeAnalyzer/ghidra_scripts
    /fastdata/lavaulta/auto-re-agent/.tools/ghidra_12.1.2_PUBLIC/Ghidra/Features/PDB/ghidra_scripts
    /fastdata/lavaulta/auto-re-agent/.tools/ghidra_12.1.2_PUBLIC/Ghidra/Processors/8051/ghidra_scripts
    /fastdata/lavaulta/auto-re-agent/.tools/ghidra_12.1.2_PUBLIC/Ghidra/Features/Base/ghidra_scripts
    /fastdata/lavaulta/auto-re-agent/workspaces/ace-combat-6/scripts
    /fastdata/lavaulta/auto-re-agent/.tools/ghidra_12.1.2_PUBLIC/Ghidra/Features/FileFormats/ghidra_scripts
    /fastdata/lavaulta/auto-re-agent/.tools/ghidra_12.1.2_PUBLIC/Ghidra/Features/GnuDemangler/ghidra_scripts
    /fastdata/lavaulta/auto-re-agent/.tools/ghidra_12.1.2_PUBLIC/Ghidra/Extensions/ghidra-emotionengine-reloaded/ghidra_scripts
    /fastdata/lavaulta/auto-re-agent/.tools/ghidra_12.1.2_PUBLIC/Ghidra/Features/Decompiler/ghidra_scripts
    /fastdata/lavaulta/auto-re-agent/.tools/ghidra_12.1.2_PUBLIC/Ghidra/Features/FunctionID/ghidra_scripts
    /fastdata/lavaulta/auto-re-agent/.tools/ghidra_12.1.2_PUBLIC/Ghidra/Features/DecompilerDependent/ghidra_scripts
    /fastdata/lavaulta/auto-re-agent/.tools/ghidra_12.1.2_PUBLIC/Ghidra/Processors/DATA/ghidra_scripts
    /fastdata/lavaulta/auto-re-agent/.tools/ghidra_12.1.2_PUBLIC/Ghidra/Debug/Debugger-rmi-trace/ghidra_scripts
    /fastdata/lavaulta/auto-re-agent/.tools/ghidra_12.1.2_PUBLIC/Ghidra/Features/SwiftDemangler/ghidra_scripts
    /fastdata/lavaulta/auto-re-agent/.tools/ghidra_12.1.2_PUBLIC/Ghidra/Debug/Debugger/ghidra_scripts
    /fastdata/lavaulta/auto-re-agent/.tools/ghidra_12.1.2_PUBLIC/Ghidra/Processors/PIC/ghidra_scripts
    /fastdata/lavaulta/auto-re-agent/.tools/ghidra_12.1.2_PUBLIC/Ghidra/Extensions/XEXLoaderWV/ghidra_scripts
    /fastdata/lavaulta/auto-re-agent/.tools/ghidra_12.1.2_PUBLIC/Ghidra/Features/WildcardAssembler/ghidra_scripts
    /fastdata/lavaulta/auto-re-agent/.tools/ghidra_12.1.2_PUBLIC/Ghidra/Features/PyGhidra/ghidra_scripts
    /fastdata/lavaulta/auto-re-agent/.tools/ghidra_12.1.2_PUBLIC/Ghidra/Features/BSim/ghidra_scripts
    /fastdata/lavaulta/auto-re-agent/.tools/ghidra_12.1.2_PUBLIC/Ghidra/Features/VersionTracking/ghidra_scripts
    /fastdata/lavaulta/auto-re-agent/.tools/ghidra_12.1.2_PUBLIC/Ghidra/Features/BytePatterns/ghidra_scripts
    /fastdata/lavaulta/auto-re-agent/.tools/ghidra_12.1.2_PUBLIC/Ghidra/Processors/Atmel/ghidra_scripts
    /fastdata/lavaulta/auto-re-agent/.tools/ghidra_12.1.2_PUBLIC/Ghidra/Features/SystemEmulation/ghidra_scripts
    /fastdata/lavaulta/auto-re-agent/.tools/ghidra_12.1.2_PUBLIC/Ghidra/Processors/JVM/ghidra_scripts (HeadlessAnalyzer)  
INFO  HEADLESS: execution starts (HeadlessAnalyzer)  
INFO  Opening existing project: /fastdata/lavaulta/auto-re-agent/workspaces/ace-combat-6/ghidra-projects/ace-combat-6 (HeadlessAnalyzer)  
INFO  Opening project: /fastdata/lavaulta/auto-re-agent/workspaces/ace-combat-6/ghidra-projects/ace-combat-6 (HeadlessProject)  
INFO  REPORT: Processing project file: /default.xex (HeadlessAnalyzer)  
INFO  REPORT: Execute script: DumpRange.java '0x82225840' '0x82225860'  (HeadlessAnalyzer)  
INFO  SCRIPT: /fastdata/lavaulta/auto-re-agent/workspaces/ace-combat-6/scripts/DumpRange.java (HeadlessAnalyzer)  
INFO  DumpRange.java> 82225840 ld r31,-0x10(r1) (GhidraScript)  
INFO  DumpRange.java> 82225844 blr (GhidraScript)  
INFO  DumpRange.java> 82225848 lwz r3,0x15c(r3) (GhidraScript)  
INFO  DumpRange.java> 8222584c blr (GhidraScript)  
INFO  DumpRange.java> 82225850 stw r4,0x180(r3) (GhidraScript)  
INFO  DumpRange.java> 82225854 blr (GhidraScript)  
INFO  DumpRange.java> 82225858 lwz r3,0x16c(r3) (GhidraScript)  
INFO  DumpRange.java> 8222585c blr (GhidraScript)  
INFO  REPORT: Execute script: DumpRange.java '0x8218a978' '0x8218aa40'  (HeadlessAnalyzer)  
INFO  SCRIPT: /fastdata/lavaulta/auto-re-agent/workspaces/ace-combat-6/scripts/DumpRange.java (HeadlessAnalyzer)  
INFO  DumpRange.java> 8218a978 mfspr r12,LR (GhidraScript)  
INFO  DumpRange.java> 8218a97c stw r12,-0x8(r1) (GhidraScript)  
INFO  DumpRange.java> 8218a980 std r30,-0x18(r1) (GhidraScript)  
INFO  DumpRange.java> 8218a984 std r31,-0x10(r1) (GhidraScript)  
INFO  DumpRange.java> 8218a988 stwu r1,-0x70(r1) (GhidraScript)  
INFO  DumpRange.java> 8218a98c lis r11,-0x7dfa (GhidraScript)  
INFO  DumpRange.java> 8218a990 lis r10,-0x7dfb (GhidraScript)  
INFO  DumpRange.java> 8218a994 or r31,r3,r3 (GhidraScript)  
INFO  DumpRange.java> 8218a998 addi r11,r11,0x32fc (GhidraScript)  
INFO  DumpRange.java> 8218a99c addi r10,r10,0x4d9c (GhidraScript)  
INFO  DumpRange.java> 8218a9a0 addi r3,r31,0x2a0 (GhidraScript)  
INFO  DumpRange.java> 8218a9a4 or r30,r4,r4 (GhidraScript)  
INFO  DumpRange.java> 8218a9a8 stw r11,0x0(r31) (GhidraScript)  
INFO  DumpRange.java> 8218a9ac stw r10,0x2e0(r31) (GhidraScript)  
INFO  DumpRange.java> 8218a9b0 bl 0x822c5e10 (GhidraScript)  
INFO  DumpRange.java> 8218a9b4 lis r11,-0x7dfa (GhidraScript)  
INFO  DumpRange.java> 8218a9b8 or r3,r31,r31 (GhidraScript)  
INFO  DumpRange.java> 8218a9bc addi r11,r11,0x3224 (GhidraScript)  
INFO  DumpRange.java> 8218a9c0 stw r11,0x1d0(r31) (GhidraScript)  
INFO  DumpRange.java> 8218a9c4 bl 0x822c64f8 (GhidraScript)  
INFO  DumpRange.java> 8218a9c8 rlwinm r11,r30,0x0,0x1f,0x1f (GhidraScript)  
INFO  DumpRange.java> 8218a9cc or r3,r31,r31 (GhidraScript)  
INFO  DumpRange.java> 8218a9d0 cmplwi cr6,r11,0x0 (GhidraScript)  
INFO  DumpRange.java> 8218a9d4 beq cr6,0x8218a9e0 (GhidraScript)  
INFO  DumpRange.java> 8218a9d8 bl 0x82380070 (GhidraScript)  
INFO  DumpRange.java> 8218a9dc or r3,r31,r31 (GhidraScript)  
INFO  DumpRange.java> 8218a9e0 addi r1,r1,0x70 (GhidraScript)  
INFO  DumpRange.java> 8218a9e4 lwz r12,-0x8(r1) (GhidraScript)  
INFO  DumpRange.java> 8218a9e8 mtspr LR,r12 (GhidraScript)  
INFO  DumpRange.java> 8218a9ec ld r30,-0x18(r1) (GhidraScript)  
INFO  DumpRange.java> 8218a9f0 ld r31,-0x10(r1) (GhidraScript)  
INFO  DumpRange.java> 8218a9f4 blr (GhidraScript)  
INFO  DumpRange.java> 8218a9f8 b 0x8218ab58 (GhidraScript)  
INFO  DumpRange.java> 8218a9fc <not-disassembled> (GhidraScript)  
INFO  DumpRange.java> 8218aa00 b 0x822169a8 (GhidraScript)  
INFO  DumpRange.java> 8218aa04 <not-disassembled> (GhidraScript)  
INFO  DumpRange.java> 8218aa08 mfspr r12,LR (GhidraScript)  
INFO  DumpRange.java> 8218aa0c stw r12,-0x8(r1) (GhidraScript)  
INFO  DumpRange.java> 8218aa10 std r30,-0x18(r1) (GhidraScript)  
INFO  DumpRange.java> 8218aa14 std r31,-0x10(r1) (GhidraScript)  
INFO  DumpRange.java> 8218aa18 stfd f31,-0x20(r1) (GhidraScript)  
INFO  DumpRange.java> 8218aa1c stwu r1,-0x70(r1) (GhidraScript)  
INFO  DumpRange.java> 8218aa20 or r31,r3,r3 (GhidraScript)  
INFO  DumpRange.java> 8218aa24 bl 0x822c6918 (GhidraScript)  
INFO  DumpRange.java> 8218aa28 lis r11,-0x7dfa (GhidraScript)  
INFO  DumpRange.java> 8218aa2c addi r3,r31,0x130 (GhidraScript)  
INFO  DumpRange.java> 8218aa30 addi r11,r11,0x32fc (GhidraScript)  
INFO  DumpRange.java> 8218aa34 stw r11,0x0(r31) (GhidraScript)  
INFO  DumpRange.java> 8218aa38 bl 0x8218a690 (GhidraScript)  
INFO  DumpRange.java> 8218aa3c addi r3,r31,0x1d0 (GhidraScript)  
INFO  REPORT: Save succeeded for processed file: /default.xex (HeadlessAnalyzer)  
INFO  Using log config file: jar:file:/fastdata/lavaulta/auto-re-agent/.tools/ghidra_12.1.2_PUBLIC/Ghidra/Framework/Generic/lib/Generic.jar!/generic.log4j.xml (LoggingInitialization)  
INFO  Using log file: /home/lavaulta/.config/ghidra/ghidra_12.1.2_PUBLIC/application.log (LoggingInitialization)  
INFO  Loading user preferences: /home/lavaulta/.config/ghidra/ghidra_12.1.2_PUBLIC/preferences (Preferences)  
INFO  Searching for classes... (ClassSearcher)  
INFO  Ignoring class 'xexloaderwv.XEXLoaderWVLoader' from '/fastdata/lavaulta/auto-re-agent/.tools/ghidra_12.1.2_PUBLIC/Ghidra/Extensions/XEXLoaderWV/lib/XEXLoaderWV.jar'. Already found at '/fastdata/lavaulta/auto-re-agent/.tools/ghidra_12.1.2_PUBLIC/Ghidra/patch/XEXLoaderWV-java21.jar'. (ClassSearcher)  
INFO  Class search complete (1733 ms) (ClassSearcher)  
INFO  Initializing SSL Context (DefaultSSLContextInitializer)  
INFO  Initializing Random Number Generator... (SecureRandomFactory)  
INFO  Random Number Generator initialization complete: NativePRNGNonBlocking (SecureRandomFactory)  
INFO  Trust manager disabled, cacerts have not been set (DefaultTrustManagerFactory)  
INFO  Headless startup complete (3314 ms) (AnalyzeHeadless)  
INFO  Class searcher loaded 59 extension points (20 false positives) (ClassSearcher)  
INFO  HEADLESS Script Paths:
    /fastdata/lavaulta/auto-re-agent/.tools/ghidra_12.1.2_PUBLIC/Ghidra/Features/MicrosoftCodeAnalyzer/ghidra_scripts
    /fastdata/lavaulta/auto-re-agent/.tools/ghidra_12.1.2_PUBLIC/Ghidra/Features/PDB/ghidra_scripts
    /fastdata/lavaulta/auto-re-agent/.tools/ghidra_12.1.2_PUBLIC/Ghidra/Processors/8051/ghidra_scripts
    /fastdata/lavaulta/auto-re-agent/.tools/ghidra_12.1.2_PUBLIC/Ghidra/Features/Base/ghidra_scripts
    /fastdata/lavaulta/auto-re-agent/workspaces/ace-combat-6/scripts
    /fastdata/lavaulta/auto-re-agent/.tools/ghidra_12.1.2_PUBLIC/Ghidra/Features/FileFormats/ghidra_scripts
    /fastdata/lavaulta/auto-re-agent/.tools/ghidra_12.1.2_PUBLIC/Ghidra/Features/GnuDemangler/ghidra_scripts
    /fastdata/lavaulta/auto-re-agent/.tools/ghidra_12.1.2_PUBLIC/Ghidra/Extensions/ghidra-emotionengine-reloaded/ghidra_scripts
    /fastdata/lavaulta/auto-re-agent/.tools/ghidra_12.1.2_PUBLIC/Ghidra/Features/Decompiler/ghidra_scripts
    /fastdata/lavaulta/auto-re-agent/.tools/ghidra_12.1.2_PUBLIC/Ghidra/Features/FunctionID/ghidra_scripts
    /fastdata/lavaulta/auto-re-agent/.tools/ghidra_12.1.2_PUBLIC/Ghidra/Features/DecompilerDependent/ghidra_scripts
    /fastdata/lavaulta/auto-re-agent/.tools/ghidra_12.1.2_PUBLIC/Ghidra/Processors/DATA/ghidra_scripts
    /fastdata/lavaulta/auto-re-agent/.tools/ghidra_12.1.2_PUBLIC/Ghidra/Debug/Debugger-rmi-trace/ghidra_scripts
    /fastdata/lavaulta/auto-re-agent/.tools/ghidra_12.1.2_PUBLIC/Ghidra/Features/SwiftDemangler/ghidra_scripts
    /fastdata/lavaulta/auto-re-agent/.tools/ghidra_12.1.2_PUBLIC/Ghidra/Debug/Debugger/ghidra_scripts
    /fastdata/lavaulta/auto-re-agent/.tools/ghidra_12.1.2_PUBLIC/Ghidra/Processors/PIC/ghidra_scripts
    /fastdata/lavaulta/auto-re-agent/.tools/ghidra_12.1.2_PUBLIC/Ghidra/Extensions/XEXLoaderWV/ghidra_scripts
    /fastdata/lavaulta/auto-re-agent/.tools/ghidra_12.1.2_PUBLIC/Ghidra/Features/WildcardAssembler/ghidra_scripts
    /fastdata/lavaulta/auto-re-agent/.tools/ghidra_12.1.2_PUBLIC/Ghidra/Features/PyGhidra/ghidra_scripts
    /fastdata/lavaulta/auto-re-agent/.tools/ghidra_12.1.2_PUBLIC/Ghidra/Features/BSim/ghidra_scripts
    /fastdata/lavaulta/auto-re-agent/.tools/ghidra_12.1.2_PUBLIC/Ghidra/Features/VersionTracking/ghidra_scripts
    /fastdata/lavaulta/auto-re-agent/.tools/ghidra_12.1.2_PUBLIC/Ghidra/Features/BytePatterns/ghidra_scripts
    /fastdata/lavaulta/auto-re-agent/.tools/ghidra_12.1.2_PUBLIC/Ghidra/Processors/Atmel/ghidra_scripts
    /fastdata/lavaulta/auto-re-agent/.tools/ghidra_12.1.2_PUBLIC/Ghidra/Features/SystemEmulation/ghidra_scripts
    /fastdata/lavaulta/auto-re-agent/.tools/ghidra_12.1.2_PUBLIC/Ghidra/Processors/JVM/ghidra_scripts (HeadlessAnalyzer)  
INFO  HEADLESS: execution starts (HeadlessAnalyzer)  
INFO  Opening existing project: /fastdata/lavaulta/auto-re-agent/workspaces/ace-combat-6/ghidra-projects/ace-combat-6 (HeadlessAnalyzer)  
INFO  Opening project: /fastdata/lavaulta/auto-re-agent/workspaces/ace-combat-6/ghidra-projects/ace-combat-6 (HeadlessProject)  
INFO  REPORT: Processing project file: /default.xex (HeadlessAnalyzer)  
INFO  REPORT: Execute script: DumpRange.java '0x8229a4e8' '0x8229a620'  (HeadlessAnalyzer)  
INFO  SCRIPT: /fastdata/lavaulta/auto-re-agent/workspaces/ace-combat-6/scripts/DumpRange.java (HeadlessAnalyzer)  
INFO  DumpRange.java> 8229a4e8 stw r9,0x0(r10) (GhidraScript)  
INFO  DumpRange.java> 8229a4ec stfs f31,0x44(r10) (GhidraScript)  
INFO  DumpRange.java> 8229a4f0 addi r8,r8,0x78d0 (GhidraScript)  
INFO  DumpRange.java> 8229a4f4 stfs f31,0x48(r10) (GhidraScript)  
INFO  DumpRange.java> 8229a4f8 stw r30,0xb0(r31) (GhidraScript)  
INFO  DumpRange.java> 8229a4fc stw r30,0xb4(r31) (GhidraScript)  
INFO  DumpRange.java> 8229a500 lis r9,-0x7e00 (GhidraScript)  
INFO  DumpRange.java> 8229a504 stw r30,0xb8(r31) (GhidraScript)  
INFO  DumpRange.java> 8229a508 stb r7,0xbc(r31) (GhidraScript)  
INFO  DumpRange.java> 8229a50c stb r7,0xbd(r31) (GhidraScript)  
INFO  DumpRange.java> 8229a510 stw r30,0xc0(r31) (GhidraScript)  
INFO  DumpRange.java> 8229a514 stw r30,0xc4(r31) (GhidraScript)  
INFO  DumpRange.java> 8229a518 lwz r10,0x6da4(r11) (GhidraScript)  
INFO  DumpRange.java> 8229a51c stw r10,0xb0(r31) (GhidraScript)  
INFO  DumpRange.java> 8229a520 lwz r10,0x6da4(r11) (GhidraScript)  
INFO  DumpRange.java> 8229a524 addi r10,r10,0x1 (GhidraScript)  
INFO  DumpRange.java> 8229a528 stw r10,0x6da4(r11) (GhidraScript)  
INFO  DumpRange.java> 8229a52c lis r11,-0x7dfb (GhidraScript)  
INFO  DumpRange.java> 8229a530 stw r8,0x0(r31) (GhidraScript)  
INFO  DumpRange.java> 8229a534 stfs f0,0xdc(r31) (GhidraScript)  
INFO  DumpRange.java> 8229a538 stfs f31,0xd0(r31) (GhidraScript)  
INFO  DumpRange.java> 8229a53c addi r10,r11,0x4d9c (GhidraScript)  
INFO  DumpRange.java> 8229a540 stfs f31,0xd4(r31) (GhidraScript)  
INFO  DumpRange.java> 8229a544 li r11,0xff (GhidraScript)  
INFO  DumpRange.java> 8229a548 stfs f31,0xd8(r31) (GhidraScript)  
INFO  DumpRange.java> 8229a54c stfs f0,0xec(r31) (GhidraScript)  
INFO  DumpRange.java> 8229a550 stfs f31,0xe0(r31) (GhidraScript)  
INFO  DumpRange.java> 8229a554 stfs f31,0xe4(r31) (GhidraScript)  
INFO  DumpRange.java> 8229a558 stfs f31,0xe8(r31) (GhidraScript)  
INFO  DumpRange.java> 8229a55c stfs f0,0xfc(r31) (GhidraScript)  
INFO  DumpRange.java> 8229a560 lfs f0,0x828(r9) (GhidraScript)  
INFO  DumpRange.java> 8229a564 lis r9,-0x7df9 (GhidraScript)  
INFO  DumpRange.java> 8229a568 stfs f31,0xf0(r31) (GhidraScript)  
INFO  DumpRange.java> 8229a56c stfs f31,0xf4(r31) (GhidraScript)  
INFO  DumpRange.java> 8229a570 stfs f31,0xf8(r31) (GhidraScript)  
INFO  DumpRange.java> 8229a574 stfs f31,0x100(r31) (GhidraScript)  
INFO  DumpRange.java> 8229a578 stfs f31,0x104(r31) (GhidraScript)  
INFO  DumpRange.java> 8229a57c stfs f31,0x108(r31) (GhidraScript)  
INFO  DumpRange.java> 8229a580 stfs f31,0x10c(r31) (GhidraScript)  
INFO  DumpRange.java> 8229a584 stw r30,0x118(r31) (GhidraScript)  
INFO  DumpRange.java> 8229a588 lfs f13,-0x62e4(r9) (GhidraScript)  
INFO  DumpRange.java> 8229a58c stw r30,0x11c(r31) (GhidraScript)  
INFO  DumpRange.java> 8229a590 stfs f0,0x114(r31) (GhidraScript)  
INFO  DumpRange.java> 8229a594 stw r30,0x15c(r31) (GhidraScript)  
INFO  DumpRange.java> 8229a598 stfs f13,0x168(r31) (GhidraScript)  
INFO  DumpRange.java> 8229a59c stw r11,0x170(r31) (GhidraScript)  
INFO  DumpRange.java> 8229a5a0 stw r11,0x174(r31) (GhidraScript)  
INFO  DumpRange.java> 8229a5a4 stw r11,0x178(r31) (GhidraScript)  
INFO  DumpRange.java> 8229a5a8 stw r30,0x180(r31) (GhidraScript)  
INFO  DumpRange.java> 8229a5ac stw r30,0x184(r31) (GhidraScript)  
INFO  DumpRange.java> 8229a5b0 stw r30,0x188(r31) (GhidraScript)  
INFO  DumpRange.java> 8229a5b4 stw r30,0x18c(r31) (GhidraScript)  
INFO  DumpRange.java> 8229a5b8 stw r10,0x1b4(r31) (GhidraScript)  
INFO  DumpRange.java> 8229a5bc stw r30,0x1b8(r31) (GhidraScript)  
INFO  DumpRange.java> 8229a5c0 stw r30,0x1bc(r31) (GhidraScript)  
INFO  DumpRange.java> 8229a5c4 bl 0x82317d60 (GhidraScript)  
INFO  DumpRange.java> 8229a5c8 addi r3,r31,0x1d0 (GhidraScript)  
INFO  DumpRange.java> 8229a5cc bl 0x8232a420 (GhidraScript)  
INFO  DumpRange.java> 8229a5d0 addi r3,r31,0x1e4 (GhidraScript)  
INFO  DumpRange.java> 8229a5d4 stfs f31,0x1e0(r31) (GhidraScript)  
INFO  DumpRange.java> 8229a5d8 bl 0x822c5d60 (GhidraScript)  
INFO  DumpRange.java> 8229a5dc lwz r11,0x0(r31) (GhidraScript)  
INFO  DumpRange.java> 8229a5e0 or r3,r31,r31 (GhidraScript)  
INFO  DumpRange.java> 8229a5e4 stw r30,0xb8(r31) (GhidraScript)  
INFO  DumpRange.java> 8229a5e8 stw r30,0x158(r31) (GhidraScript)  
INFO  DumpRange.java> 8229a5ec stw r30,0x190(r31) (GhidraScript)  
INFO  DumpRange.java> 8229a5f0 lwz r11,0xb0(r11) (GhidraScript)  
INFO  DumpRange.java> 8229a5f4 mtspr CTR,r11 (GhidraScript)  
INFO  DumpRange.java> 8229a5f8 bctrl (GhidraScript)  
INFO  DumpRange.java> 8229a5fc or r3,r31,r31 (GhidraScript)  
INFO  DumpRange.java> 8229a600 addi r1,r1,0x70 (GhidraScript)  
INFO  DumpRange.java> 8229a604 lwz r12,-0x8(r1) (GhidraScript)  
INFO  DumpRange.java> 8229a608 mtspr LR,r12 (GhidraScript)  
INFO  DumpRange.java> 8229a60c lfd f31,-0x20(r1) (GhidraScript)  
INFO  DumpRange.java> 8229a610 ld r30,-0x18(r1) (GhidraScript)  
INFO  DumpRange.java> 8229a614 ld r31,-0x10(r1) (GhidraScript)  
INFO  DumpRange.java> 8229a618 blr (GhidraScript)  
INFO  DumpRange.java> 8229a61c <not-disassembled> (GhidraScript)  
INFO  REPORT: Save succeeded for processed file: /default.xex (HeadlessAnalyzer)  
INFO  Using log config file: jar:file:/fastdata/lavaulta/auto-re-agent/.tools/ghidra_12.1.2_PUBLIC/Ghidra/Framework/Generic/lib/Generic.jar!/generic.log4j.xml (LoggingInitialization)  
INFO  Using log file: /home/lavaulta/.config/ghidra/ghidra_12.1.2_PUBLIC/application.log (LoggingInitialization)  
INFO  Loading user preferences: /home/lavaulta/.config/ghidra/ghidra_12.1.2_PUBLIC/preferences (Preferences)  
INFO  Searching for classes... (ClassSearcher)  
INFO  Ignoring class 'xexloaderwv.XEXLoaderWVLoader' from '/fastdata/lavaulta/auto-re-agent/.tools/ghidra_12.1.2_PUBLIC/Ghidra/Extensions/XEXLoaderWV/lib/XEXLoaderWV.jar'. Already found at '/fastdata/lavaulta/auto-re-agent/.tools/ghidra_12.1.2_PUBLIC/Ghidra/patch/XEXLoaderWV-java21.jar'. (ClassSearcher)  
INFO  Class search complete (1510 ms) (ClassSearcher)  
INFO  Initializing SSL Context (DefaultSSLContextInitializer)  
INFO  Initializing Random Number Generator... (SecureRandomFactory)  
INFO  Random Number Generator initialization complete: NativePRNGNonBlocking (SecureRandomFactory)  
INFO  Trust manager disabled, cacerts have not been set (DefaultTrustManagerFactory)  
INFO  Headless startup complete (3082 ms) (AnalyzeHeadless)  
INFO  Class searcher loaded 59 extension points (20 false positives) (ClassSearcher)  
INFO  HEADLESS Script Paths:
    /fastdata/lavaulta/auto-re-agent/.tools/ghidra_12.1.2_PUBLIC/Ghidra/Features/MicrosoftCodeAnalyzer/ghidra_scripts
    /fastdata/lavaulta/auto-re-agent/.tools/ghidra_12.1.2_PUBLIC/Ghidra/Features/PDB/ghidra_scripts
    /fastdata/lavaulta/auto-re-agent/.tools/ghidra_12.1.2_PUBLIC/Ghidra/Processors/8051/ghidra_scripts
    /fastdata/lavaulta/auto-re-agent/.tools/ghidra_12.1.2_PUBLIC/Ghidra/Features/Base/ghidra_scripts
    /fastdata/lavaulta/auto-re-agent/workspaces/ace-combat-6/scripts
    /fastdata/lavaulta/auto-re-agent/.tools/ghidra_12.1.2_PUBLIC/Ghidra/Features/FileFormats/ghidra_scripts
    /fastdata/lavaulta/auto-re-agent/.tools/ghidra_12.1.2_PUBLIC/Ghidra/Features/GnuDemangler/ghidra_scripts
    /fastdata/lavaulta/auto-re-agent/.tools/ghidra_12.1.2_PUBLIC/Ghidra/Extensions/ghidra-emotionengine-reloaded/ghidra_scripts
    /fastdata/lavaulta/auto-re-agent/.tools/ghidra_12.1.2_PUBLIC/Ghidra/Features/Decompiler/ghidra_scripts
    /fastdata/lavaulta/auto-re-agent/.tools/ghidra_12.1.2_PUBLIC/Ghidra/Features/FunctionID/ghidra_scripts
    /fastdata/lavaulta/auto-re-agent/.tools/ghidra_12.1.2_PUBLIC/Ghidra/Features/DecompilerDependent/ghidra_scripts
    /fastdata/lavaulta/auto-re-agent/.tools/ghidra_12.1.2_PUBLIC/Ghidra/Processors/DATA/ghidra_scripts
    /fastdata/lavaulta/auto-re-agent/.tools/ghidra_12.1.2_PUBLIC/Ghidra/Debug/Debugger-rmi-trace/ghidra_scripts
    /fastdata/lavaulta/auto-re-agent/.tools/ghidra_12.1.2_PUBLIC/Ghidra/Features/SwiftDemangler/ghidra_scripts
    /fastdata/lavaulta/auto-re-agent/.tools/ghidra_12.1.2_PUBLIC/Ghidra/Debug/Debugger/ghidra_scripts
    /fastdata/lavaulta/auto-re-agent/.tools/ghidra_12.1.2_PUBLIC/Ghidra/Processors/PIC/ghidra_scripts
    /fastdata/lavaulta/auto-re-agent/.tools/ghidra_12.1.2_PUBLIC/Ghidra/Extensions/XEXLoaderWV/ghidra_scripts
    /fastdata/lavaulta/auto-re-agent/.tools/ghidra_12.1.2_PUBLIC/Ghidra/Features/WildcardAssembler/ghidra_scripts
    /fastdata/lavaulta/auto-re-agent/.tools/ghidra_12.1.2_PUBLIC/Ghidra/Features/PyGhidra/ghidra_scripts
    /fastdata/lavaulta/auto-re-agent/.tools/ghidra_12.1.2_PUBLIC/Ghidra/Features/BSim/ghidra_scripts
    /fastdata/lavaulta/auto-re-agent/.tools/ghidra_12.1.2_PUBLIC/Ghidra/Features/VersionTracking/ghidra_scripts
    /fastdata/lavaulta/auto-re-agent/.tools/ghidra_12.1.2_PUBLIC/Ghidra/Features/BytePatterns/ghidra_scripts
    /fastdata/lavaulta/auto-re-agent/.tools/ghidra_12.1.2_PUBLIC/Ghidra/Processors/Atmel/ghidra_scripts
    /fastdata/lavaulta/auto-re-agent/.tools/ghidra_12.1.2_PUBLIC/Ghidra/Features/SystemEmulation/ghidra_scripts
    /fastdata/lavaulta/auto-re-agent/.tools/ghidra_12.1.2_PUBLIC/Ghidra/Processors/JVM/ghidra_scripts (HeadlessAnalyzer)  
INFO  HEADLESS: execution starts (HeadlessAnalyzer)  
INFO  Opening existing project: /fastdata/lavaulta/auto-re-agent/workspaces/ace-combat-6/ghidra-projects/ace-combat-6 (HeadlessAnalyzer)  
INFO  Opening project: /fastdata/lavaulta/auto-re-agent/workspaces/ace-combat-6/ghidra-projects/ace-combat-6 (HeadlessProject)  
INFO  REPORT: Processing project file: /default.xex (HeadlessAnalyzer)  
INFO  REPORT: Execute script: DumpU32Range.java '0x8200791c' '0x82007928'  (HeadlessAnalyzer)  
INFO  SCRIPT: /fastdata/lavaulta/auto-re-agent/workspaces/ace-combat-6/scripts/DumpU32Range.java (HeadlessAnalyzer)  
INFO  DumpU32Range.java> 8200791c 0x82225848 (GhidraScript)  
INFO  DumpU32Range.java> 82007920 0x82225850 (GhidraScript)  
INFO  DumpU32Range.java> 82007924 0x822663a8 (GhidraScript)  
INFO  REPORT: Save succeeded for processed file: /default.xex (HeadlessAnalyzer)  
