openjdk version "21.0.11" 2026-04-21
OpenJDK Runtime Environment (build 21.0.11+10-1-26.04.2-Ubuntu)
OpenJDK 64-Bit Server VM (build 21.0.11+10-1-26.04.2-Ubuntu, mixed mode)
INFO  Using log config file: jar:file:/fastdata/lavaulta/auto-re-agent/.tools/ghidra_12.1.2_PUBLIC/Ghidra/Framework/Generic/lib/Generic.jar!/generic.log4j.xml (LoggingInitialization)  
INFO  Using log file: /home/lavaulta/.config/ghidra/ghidra_12.1.2_PUBLIC/application.log (LoggingInitialization)  
INFO  Loading user preferences: /home/lavaulta/.config/ghidra/ghidra_12.1.2_PUBLIC/preferences (Preferences)  
INFO  Searching for classes... (ClassSearcher)  
INFO  Ignoring class 'xexloaderwv.XEXLoaderWVLoader' from '/fastdata/lavaulta/auto-re-agent/.tools/ghidra_12.1.2_PUBLIC/Ghidra/Extensions/XEXLoaderWV/lib/XEXLoaderWV.jar'. Already found at '/fastdata/lavaulta/auto-re-agent/.tools/ghidra_12.1.2_PUBLIC/Ghidra/patch/XEXLoaderWV-java21.jar'. (ClassSearcher)  
INFO  Class search complete (1541 ms) (ClassSearcher)  
INFO  Initializing SSL Context (DefaultSSLContextInitializer)  
INFO  Initializing Random Number Generator... (SecureRandomFactory)  
INFO  Random Number Generator initialization complete: NativePRNGNonBlocking (SecureRandomFactory)  
INFO  Trust manager disabled, cacerts have not been set (DefaultTrustManagerFactory)  
INFO  Headless startup complete (3199 ms) (AnalyzeHeadless)  
INFO  Class searcher loaded 59 extension points (20 false positives) (ClassSearcher)  
INFO  HEADLESS Script Paths:
    /fastdata/lavaulta/auto-re-agent/.tools/ghidra_12.1.2_PUBLIC/Ghidra/Features/MicrosoftCodeAnalyzer/ghidra_scripts
    /fastdata/lavaulta/auto-re-agent/.tools/ghidra_12.1.2_PUBLIC/Ghidra/Features/PDB/ghidra_scripts
    /fastdata/lavaulta/auto-re-agent/.tools/ghidra_12.1.2_PUBLIC/Ghidra/Processors/8051/ghidra_scripts
    /fastdata/lavaulta/auto-re-agent/.tools/ghidra_12.1.2_PUBLIC/Ghidra/Features/Base/ghidra_scripts
    /fastdata/lavaulta/auto-re-agent/workspaces/ace-combat-6/scripts
    /fastdata/lavaulta/auto-re-agent/.tools/ghidra_12.1.2_PUBLIC/Ghidra/Features/FileFormats/ghidra_scripts
    /fastdata/lavaulta/auto-re-agent/.tools/ghidra_12.1.2_PUBLIC/Ghidra/Features/GnuDemangler/ghidra_scripts
    /fastdata/lavaulta/auto-re-agent/.tools/ghidra_12.1.2_PUBLIC/Ghidra/Extensions/ghidra-emotionengine-reloaded/ghidra_scripts
    /fastdata/lavaulta/auto-re-agent/.tools/ghidra_12.1.2_PUBLIC/Ghidra/Features/Decompiler/ghidra_scripts
    /fastdata/lavaulta/auto-re-agent/.tools/ghidra_12.1.2_PUBLIC/Ghidra/Features/FunctionID/ghidra_scripts
    /fastdata/lavaulta/auto-re-agent/.tools/ghidra_12.1.2_PUBLIC/Ghidra/Features/DecompilerDependent/ghidra_scripts
    /fastdata/lavaulta/auto-re-agent/.tools/ghidra_12.1.2_PUBLIC/Ghidra/Processors/DATA/ghidra_scripts
    /fastdata/lavaulta/auto-re-agent/.tools/ghidra_12.1.2_PUBLIC/Ghidra/Debug/Debugger-rmi-trace/ghidra_scripts
    /fastdata/lavaulta/auto-re-agent/.tools/ghidra_12.1.2_PUBLIC/Ghidra/Features/SwiftDemangler/ghidra_scripts
    /fastdata/lavaulta/auto-re-agent/.tools/ghidra_12.1.2_PUBLIC/Ghidra/Debug/Debugger/ghidra_scripts
    /fastdata/lavaulta/auto-re-agent/.tools/ghidra_12.1.2_PUBLIC/Ghidra/Processors/PIC/ghidra_scripts
    /fastdata/lavaulta/auto-re-agent/.tools/ghidra_12.1.2_PUBLIC/Ghidra/Extensions/XEXLoaderWV/ghidra_scripts
    /fastdata/lavaulta/auto-re-agent/.tools/ghidra_12.1.2_PUBLIC/Ghidra/Features/WildcardAssembler/ghidra_scripts
    /fastdata/lavaulta/auto-re-agent/.tools/ghidra_12.1.2_PUBLIC/Ghidra/Features/PyGhidra/ghidra_scripts
    /fastdata/lavaulta/auto-re-agent/.tools/ghidra_12.1.2_PUBLIC/Ghidra/Features/BSim/ghidra_scripts
    /fastdata/lavaulta/auto-re-agent/.tools/ghidra_12.1.2_PUBLIC/Ghidra/Features/VersionTracking/ghidra_scripts
    /fastdata/lavaulta/auto-re-agent/.tools/ghidra_12.1.2_PUBLIC/Ghidra/Features/BytePatterns/ghidra_scripts
    /fastdata/lavaulta/auto-re-agent/.tools/ghidra_12.1.2_PUBLIC/Ghidra/Processors/Atmel/ghidra_scripts
    /fastdata/lavaulta/auto-re-agent/.tools/ghidra_12.1.2_PUBLIC/Ghidra/Features/SystemEmulation/ghidra_scripts
    /fastdata/lavaulta/auto-re-agent/.tools/ghidra_12.1.2_PUBLIC/Ghidra/Processors/JVM/ghidra_scripts (HeadlessAnalyzer)  
INFO  HEADLESS: execution starts (HeadlessAnalyzer)  
INFO  Opening existing project: /fastdata/lavaulta/auto-re-agent/workspaces/ace-combat-6/ghidra-projects/ace-combat-6-corrected (HeadlessAnalyzer)  
INFO  Opening project: /fastdata/lavaulta/auto-re-agent/workspaces/ace-combat-6/ghidra-projects/ace-combat-6-corrected (HeadlessProject)  
INFO  REPORT: Processing project file: /default.xex (HeadlessAnalyzer)  
INFO  REPORT: Execute script: DumpU32Range.java '0x82055140' '0x820551b0'  (HeadlessAnalyzer)  
INFO  SCRIPT: /fastdata/lavaulta/auto-re-agent/workspaces/ace-combat-6/scripts/DumpU32Range.java (HeadlessAnalyzer)  
INFO  DumpU32Range.java> 82055140 0x8206d16c (GhidraScript)  
INFO  DumpU32Range.java> 82055144 0x8209ba88 (GhidraScript)  
INFO  DumpU32Range.java> 82055148 0x8206d158 (GhidraScript)  
INFO  DumpU32Range.java> 8205514c 0x82097258 (GhidraScript)  
INFO  DumpU32Range.java> 82055150 0x8206d0d8 (GhidraScript)  
INFO  DumpU32Range.java> 82055154 0x820972a0 (GhidraScript)  
INFO  DumpU32Range.java> 82055158 0x82096970 (GhidraScript)  
INFO  DumpU32Range.java> 8205515c 0x8206d0c4 (GhidraScript)  
INFO  DumpU32Range.java> 82055160 0x820972a0 (GhidraScript)  
INFO  DumpU32Range.java> 82055164 0x82380428 (GhidraScript)  
INFO  DumpU32Range.java> 82055168 0x8206d074 (GhidraScript)  
INFO  DumpU32Range.java> 8205516c 0x82093fb8 (GhidraScript)  
INFO  DumpU32Range.java> 82055170 0x8226f230 (GhidraScript)  
INFO  DumpU32Range.java> 82055174 0x8209cfa0 (GhidraScript)  
INFO  DumpU32Range.java> 82055178 0x8209d618 (GhidraScript)  
INFO  DumpU32Range.java> 8205517c 0x8209d748 (GhidraScript)  
INFO  DumpU32Range.java> 82055180 0x8209dc78 (GhidraScript)  
INFO  DumpU32Range.java> 82055184 0x8209ee48 (GhidraScript)  
INFO  DumpU32Range.java> 82055188 0x8209ce60 (GhidraScript)  
INFO  DumpU32Range.java> 8205518c 0x8206d024 (GhidraScript)  
INFO  DumpU32Range.java> 82055190 0x82094038 (GhidraScript)  
INFO  DumpU32Range.java> 82055194 0x822702f0 (GhidraScript)  
INFO  DumpU32Range.java> 82055198 0x820a7010 (GhidraScript)  
INFO  DumpU32Range.java> 8205519c 0x820a85e0 (GhidraScript)  
INFO  DumpU32Range.java> 820551a0 0x820a7f48 (GhidraScript)  
INFO  DumpU32Range.java> 820551a4 0x820a8138 (GhidraScript)  
INFO  DumpU32Range.java> 820551a8 0x8206cfdc (GhidraScript)  
INFO  DumpU32Range.java> 820551ac 0x820940a0 (GhidraScript)  
INFO  REPORT: Execute script: DumpU32Range.java '0x8206cfe0' '0x8206d080'  (HeadlessAnalyzer)  
INFO  SCRIPT: /fastdata/lavaulta/auto-re-agent/workspaces/ace-combat-6/scripts/DumpU32Range.java (HeadlessAnalyzer)  
INFO  DumpU32Range.java> 8206cfe0 0x00000000 (GhidraScript)  
INFO  DumpU32Range.java> 8206cfe4 0x00000000 (GhidraScript)  
INFO  DumpU32Range.java> 8206cfe8 0x8268f25c (GhidraScript)  
INFO  DumpU32Range.java> 8206cfec 0x8206cff0 (GhidraScript)  
INFO  DumpU32Range.java> 8206cff0 0x00000000 (GhidraScript)  
INFO  DumpU32Range.java> 8206cff4 0x00000000 (GhidraScript)  
INFO  DumpU32Range.java> 8206cff8 0x00000001 (GhidraScript)  
INFO  DumpU32Range.java> 8206cffc 0x8206d000 (GhidraScript)  
INFO  DumpU32Range.java> 8206d000 0x8206d008 (GhidraScript)  
INFO  DumpU32Range.java> 8206d004 0x00000000 (GhidraScript)  
INFO  DumpU32Range.java> 8206d008 0x8268f25c (GhidraScript)  
INFO  DumpU32Range.java> 8206d00c 0x00000000 (GhidraScript)  
INFO  DumpU32Range.java> 8206d010 0x00000000 (GhidraScript)  
INFO  DumpU32Range.java> 8206d014 0xffffffff (GhidraScript)  
INFO  DumpU32Range.java> 8206d018 0x00000000 (GhidraScript)  
INFO  DumpU32Range.java> 8206d01c 0x00000040 (GhidraScript)  
INFO  DumpU32Range.java> 8206d020 0x8206cff0 (GhidraScript)  
INFO  DumpU32Range.java> 8206d024 0x00000000 (GhidraScript)  
INFO  DumpU32Range.java> 8206d028 0x00000000 (GhidraScript)  
INFO  DumpU32Range.java> 8206d02c 0x00000000 (GhidraScript)  
INFO  DumpU32Range.java> 8206d030 0x8268f288 (GhidraScript)  
INFO  DumpU32Range.java> 8206d034 0x8206d038 (GhidraScript)  
INFO  DumpU32Range.java> 8206d038 0x00000000 (GhidraScript)  
INFO  DumpU32Range.java> 8206d03c 0x00000000 (GhidraScript)  
INFO  DumpU32Range.java> 8206d040 0x00000003 (GhidraScript)  
INFO  DumpU32Range.java> 8206d044 0x8206d048 (GhidraScript)  
INFO  DumpU32Range.java> 8206d048 0x8206d058 (GhidraScript)  
INFO  DumpU32Range.java> 8206d04c 0x8206d34c (GhidraScript)  
INFO  DumpU32Range.java> 8206d050 0x8206d798 (GhidraScript)  
INFO  DumpU32Range.java> 8206d054 0x00000000 (GhidraScript)  
INFO  DumpU32Range.java> 8206d058 0x8268f288 (GhidraScript)  
INFO  DumpU32Range.java> 8206d05c 0x00000002 (GhidraScript)  
INFO  DumpU32Range.java> 8206d060 0x00000000 (GhidraScript)  
INFO  DumpU32Range.java> 8206d064 0xffffffff (GhidraScript)  
INFO  DumpU32Range.java> 8206d068 0x00000000 (GhidraScript)  
INFO  DumpU32Range.java> 8206d06c 0x00000040 (GhidraScript)  
INFO  DumpU32Range.java> 8206d070 0x8206d038 (GhidraScript)  
INFO  DumpU32Range.java> 8206d074 0x00000000 (GhidraScript)  
INFO  DumpU32Range.java> 8206d078 0x00000000 (GhidraScript)  
INFO  DumpU32Range.java> 8206d07c 0x00000000 (GhidraScript)  
INFO  REPORT: Execute script: DumpBytes.java '0x826e0000' '0x100'  (HeadlessAnalyzer)  
INFO  SCRIPT: /fastdata/lavaulta/auto-re-agent/workspaces/ace-combat-6/scripts/DumpBytes.java (HeadlessAnalyzer)  
INFO  DumpBytes.java> 826e0000 00 00 00 00 00 00 00 00 00 00 00 00 00 00 00 00 (GhidraScript)  
INFO  DumpBytes.java> 826e0010 00 00 00 00 00 00 00 00 00 00 00 00 00 00 00 00 (GhidraScript)  
INFO  DumpBytes.java> 826e0020 00 00 00 00 00 00 00 00 00 00 00 00 00 00 00 00 (GhidraScript)  
INFO  DumpBytes.java> 826e0030 00 00 00 00 00 00 00 00 00 00 00 00 00 00 00 00 (GhidraScript)  
INFO  DumpBytes.java> 826e0040 00 00 00 00 00 00 00 00 00 00 00 00 00 00 00 00 (GhidraScript)  
INFO  DumpBytes.java> 826e0050 00 00 00 00 00 00 00 00 00 00 00 00 00 00 00 00 (GhidraScript)  
INFO  DumpBytes.java> 826e0060 00 00 00 00 00 00 00 00 00 00 00 00 00 00 00 00 (GhidraScript)  
INFO  DumpBytes.java> 826e0070 00 00 00 00 00 00 00 00 00 00 00 00 00 00 00 00 (GhidraScript)  
INFO  DumpBytes.java> 826e0080 00 00 00 00 00 00 00 00 00 00 00 00 00 00 00 00 (GhidraScript)  
INFO  DumpBytes.java> 826e0090 00 00 00 00 00 00 00 00 00 00 00 00 00 00 00 00 (GhidraScript)  
INFO  DumpBytes.java> 826e00a0 00 00 00 00 00 00 00 00 00 00 00 00 00 00 00 00 (GhidraScript)  
INFO  DumpBytes.java> 826e00b0 00 00 00 00 00 00 00 00 00 00 00 00 00 00 00 00 (GhidraScript)  
INFO  DumpBytes.java> 826e00c0 00 00 00 00 00 00 00 00 00 00 00 00 00 00 00 00 (GhidraScript)  
INFO  DumpBytes.java> 826e00d0 00 00 00 00 00 00 00 00 00 00 00 00 00 00 00 00 (GhidraScript)  
INFO  DumpBytes.java> 826e00e0 00 00 00 00 00 00 00 00 00 00 00 00 00 00 00 00 (GhidraScript)  
INFO  DumpBytes.java> 826e00f0 00 00 00 00 00 00 00 00 00 00 00 00 00 00 00 00 (GhidraScript)  
INFO  REPORT: Save succeeded for processed file: /default.xex (HeadlessAnalyzer)  
openjdk version "21.0.11" 2026-04-21
OpenJDK Runtime Environment (build 21.0.11+10-1-26.04.2-Ubuntu)
OpenJDK 64-Bit Server VM (build 21.0.11+10-1-26.04.2-Ubuntu, mixed mode)
INFO  Using log config file: jar:file:/fastdata/lavaulta/auto-re-agent/.tools/ghidra_12.1.2_PUBLIC/Ghidra/Framework/Generic/lib/Generic.jar!/generic.log4j.xml (LoggingInitialization)  
INFO  Using log file: /home/lavaulta/.config/ghidra/ghidra_12.1.2_PUBLIC/application.log (LoggingInitialization)  
INFO  Loading user preferences: /home/lavaulta/.config/ghidra/ghidra_12.1.2_PUBLIC/preferences (Preferences)  
INFO  Searching for classes... (ClassSearcher)  
INFO  Ignoring class 'xexloaderwv.XEXLoaderWVLoader' from '/fastdata/lavaulta/auto-re-agent/.tools/ghidra_12.1.2_PUBLIC/Ghidra/Extensions/XEXLoaderWV/lib/XEXLoaderWV.jar'. Already found at '/fastdata/lavaulta/auto-re-agent/.tools/ghidra_12.1.2_PUBLIC/Ghidra/patch/XEXLoaderWV-java21.jar'. (ClassSearcher)  
INFO  Class search complete (1604 ms) (ClassSearcher)  
INFO  Initializing SSL Context (DefaultSSLContextInitializer)  
INFO  Initializing Random Number Generator... (SecureRandomFactory)  
INFO  Random Number Generator initialization complete: NativePRNGNonBlocking (SecureRandomFactory)  
INFO  Trust manager disabled, cacerts have not been set (DefaultTrustManagerFactory)  
INFO  Headless startup complete (3157 ms) (AnalyzeHeadless)  
INFO  Class searcher loaded 59 extension points (20 false positives) (ClassSearcher)  
INFO  HEADLESS Script Paths:
    /fastdata/lavaulta/auto-re-agent/.tools/ghidra_12.1.2_PUBLIC/Ghidra/Features/MicrosoftCodeAnalyzer/ghidra_scripts
    /fastdata/lavaulta/auto-re-agent/.tools/ghidra_12.1.2_PUBLIC/Ghidra/Features/PDB/ghidra_scripts
    /fastdata/lavaulta/auto-re-agent/.tools/ghidra_12.1.2_PUBLIC/Ghidra/Processors/8051/ghidra_scripts
    /fastdata/lavaulta/auto-re-agent/.tools/ghidra_12.1.2_PUBLIC/Ghidra/Features/Base/ghidra_scripts
    /fastdata/lavaulta/auto-re-agent/workspaces/ace-combat-6/scripts
    /fastdata/lavaulta/auto-re-agent/.tools/ghidra_12.1.2_PUBLIC/Ghidra/Features/FileFormats/ghidra_scripts
    /fastdata/lavaulta/auto-re-agent/.tools/ghidra_12.1.2_PUBLIC/Ghidra/Features/GnuDemangler/ghidra_scripts
    /fastdata/lavaulta/auto-re-agent/.tools/ghidra_12.1.2_PUBLIC/Ghidra/Extensions/ghidra-emotionengine-reloaded/ghidra_scripts
    /fastdata/lavaulta/auto-re-agent/.tools/ghidra_12.1.2_PUBLIC/Ghidra/Features/Decompiler/ghidra_scripts
    /fastdata/lavaulta/auto-re-agent/.tools/ghidra_12.1.2_PUBLIC/Ghidra/Features/FunctionID/ghidra_scripts
    /fastdata/lavaulta/auto-re-agent/.tools/ghidra_12.1.2_PUBLIC/Ghidra/Features/DecompilerDependent/ghidra_scripts
    /fastdata/lavaulta/auto-re-agent/.tools/ghidra_12.1.2_PUBLIC/Ghidra/Processors/DATA/ghidra_scripts
    /fastdata/lavaulta/auto-re-agent/.tools/ghidra_12.1.2_PUBLIC/Ghidra/Debug/Debugger-rmi-trace/ghidra_scripts
    /fastdata/lavaulta/auto-re-agent/.tools/ghidra_12.1.2_PUBLIC/Ghidra/Features/SwiftDemangler/ghidra_scripts
    /fastdata/lavaulta/auto-re-agent/.tools/ghidra_12.1.2_PUBLIC/Ghidra/Debug/Debugger/ghidra_scripts
    /fastdata/lavaulta/auto-re-agent/.tools/ghidra_12.1.2_PUBLIC/Ghidra/Processors/PIC/ghidra_scripts
    /fastdata/lavaulta/auto-re-agent/.tools/ghidra_12.1.2_PUBLIC/Ghidra/Extensions/XEXLoaderWV/ghidra_scripts
    /fastdata/lavaulta/auto-re-agent/.tools/ghidra_12.1.2_PUBLIC/Ghidra/Features/WildcardAssembler/ghidra_scripts
    /fastdata/lavaulta/auto-re-agent/.tools/ghidra_12.1.2_PUBLIC/Ghidra/Features/PyGhidra/ghidra_scripts
    /fastdata/lavaulta/auto-re-agent/.tools/ghidra_12.1.2_PUBLIC/Ghidra/Features/BSim/ghidra_scripts
    /fastdata/lavaulta/auto-re-agent/.tools/ghidra_12.1.2_PUBLIC/Ghidra/Features/VersionTracking/ghidra_scripts
    /fastdata/lavaulta/auto-re-agent/.tools/ghidra_12.1.2_PUBLIC/Ghidra/Features/BytePatterns/ghidra_scripts
    /fastdata/lavaulta/auto-re-agent/.tools/ghidra_12.1.2_PUBLIC/Ghidra/Processors/Atmel/ghidra_scripts
    /fastdata/lavaulta/auto-re-agent/.tools/ghidra_12.1.2_PUBLIC/Ghidra/Features/SystemEmulation/ghidra_scripts
    /fastdata/lavaulta/auto-re-agent/.tools/ghidra_12.1.2_PUBLIC/Ghidra/Processors/JVM/ghidra_scripts (HeadlessAnalyzer)  
INFO  HEADLESS: execution starts (HeadlessAnalyzer)  
INFO  Opening existing project: /fastdata/lavaulta/auto-re-agent/workspaces/ace-combat-6/ghidra-projects/ace-combat-6-corrected (HeadlessAnalyzer)  
INFO  Opening project: /fastdata/lavaulta/auto-re-agent/workspaces/ace-combat-6/ghidra-projects/ace-combat-6-corrected (HeadlessProject)  
INFO  REPORT: Processing project file: /default.xex (HeadlessAnalyzer)  
INFO  REPORT: Execute script: FindU32Any.java '0x8268f450'  (HeadlessAnalyzer)  
INFO  SCRIPT: /fastdata/lavaulta/auto-re-agent/workspaces/ace-combat-6/scripts/FindU32Any.java (HeadlessAnalyzer)  
INFO  FindU32Any.java> 8206d328 (GhidraScript)  
INFO  FindU32Any.java> 8206d34c (GhidraScript)  
INFO  REPORT: Execute script: FindU32Any.java '0x8268f288'  (HeadlessAnalyzer)  
INFO  SCRIPT: /fastdata/lavaulta/auto-re-agent/workspaces/ace-combat-6/scripts/FindU32Any.java (HeadlessAnalyzer)  
INFO  FindU32Any.java> 8206d030 (GhidraScript)  
INFO  FindU32Any.java> 8206d058 (GhidraScript)  
INFO  REPORT: Execute script: FindSymbolReferences.java 'CAce6UnitManager'  (HeadlessAnalyzer)  
INFO  SCRIPT: /fastdata/lavaulta/auto-re-agent/workspaces/ace-combat-6/scripts/FindSymbolReferences.java (HeadlessAnalyzer)  
INFO  FindSymbolReferences.java> NOT_FOUND CAce6UnitManager (GhidraScript)  
INFO  REPORT: Execute script: FindSymbolReferences.java 'X360UnitManager'  (HeadlessAnalyzer)  
INFO  SCRIPT: /fastdata/lavaulta/auto-re-agent/workspaces/ace-combat-6/scripts/FindSymbolReferences.java (HeadlessAnalyzer)  
INFO  FindSymbolReferences.java> NOT_FOUND X360UnitManager (GhidraScript)  
INFO  REPORT: Save succeeded for processed file: /default.xex (HeadlessAnalyzer)  
openjdk version "21.0.11" 2026-04-21
OpenJDK Runtime Environment (build 21.0.11+10-1-26.04.2-Ubuntu)
OpenJDK 64-Bit Server VM (build 21.0.11+10-1-26.04.2-Ubuntu, mixed mode)
INFO  Using log config file: jar:file:/fastdata/lavaulta/auto-re-agent/.tools/ghidra_12.1.2_PUBLIC/Ghidra/Framework/Generic/lib/Generic.jar!/generic.log4j.xml (LoggingInitialization)  
INFO  Using log file: /home/lavaulta/.config/ghidra/ghidra_12.1.2_PUBLIC/application.log (LoggingInitialization)  
INFO  Loading user preferences: /home/lavaulta/.config/ghidra/ghidra_12.1.2_PUBLIC/preferences (Preferences)  
INFO  Searching for classes... (ClassSearcher)  
INFO  Ignoring class 'xexloaderwv.XEXLoaderWVLoader' from '/fastdata/lavaulta/auto-re-agent/.tools/ghidra_12.1.2_PUBLIC/Ghidra/Extensions/XEXLoaderWV/lib/XEXLoaderWV.jar'. Already found at '/fastdata/lavaulta/auto-re-agent/.tools/ghidra_12.1.2_PUBLIC/Ghidra/patch/XEXLoaderWV-java21.jar'. (ClassSearcher)  
INFO  Class search complete (1705 ms) (ClassSearcher)  
INFO  Initializing SSL Context (DefaultSSLContextInitializer)  
INFO  Initializing Random Number Generator... (SecureRandomFactory)  
INFO  Random Number Generator initialization complete: NativePRNGNonBlocking (SecureRandomFactory)  
INFO  Trust manager disabled, cacerts have not been set (DefaultTrustManagerFactory)  
INFO  Headless startup complete (3334 ms) (AnalyzeHeadless)  
INFO  Class searcher loaded 59 extension points (20 false positives) (ClassSearcher)  
INFO  HEADLESS Script Paths:
    /fastdata/lavaulta/auto-re-agent/.tools/ghidra_12.1.2_PUBLIC/Ghidra/Features/MicrosoftCodeAnalyzer/ghidra_scripts
    /fastdata/lavaulta/auto-re-agent/.tools/ghidra_12.1.2_PUBLIC/Ghidra/Features/PDB/ghidra_scripts
    /fastdata/lavaulta/auto-re-agent/.tools/ghidra_12.1.2_PUBLIC/Ghidra/Processors/8051/ghidra_scripts
    /fastdata/lavaulta/auto-re-agent/.tools/ghidra_12.1.2_PUBLIC/Ghidra/Features/Base/ghidra_scripts
    /fastdata/lavaulta/auto-re-agent/workspaces/ace-combat-6/scripts
    /fastdata/lavaulta/auto-re-agent/.tools/ghidra_12.1.2_PUBLIC/Ghidra/Features/FileFormats/ghidra_scripts
    /fastdata/lavaulta/auto-re-agent/.tools/ghidra_12.1.2_PUBLIC/Ghidra/Features/GnuDemangler/ghidra_scripts
    /fastdata/lavaulta/auto-re-agent/.tools/ghidra_12.1.2_PUBLIC/Ghidra/Extensions/ghidra-emotionengine-reloaded/ghidra_scripts
    /fastdata/lavaulta/auto-re-agent/.tools/ghidra_12.1.2_PUBLIC/Ghidra/Features/Decompiler/ghidra_scripts
    /fastdata/lavaulta/auto-re-agent/.tools/ghidra_12.1.2_PUBLIC/Ghidra/Features/FunctionID/ghidra_scripts
    /fastdata/lavaulta/auto-re-agent/.tools/ghidra_12.1.2_PUBLIC/Ghidra/Features/DecompilerDependent/ghidra_scripts
    /fastdata/lavaulta/auto-re-agent/.tools/ghidra_12.1.2_PUBLIC/Ghidra/Processors/DATA/ghidra_scripts
    /fastdata/lavaulta/auto-re-agent/.tools/ghidra_12.1.2_PUBLIC/Ghidra/Debug/Debugger-rmi-trace/ghidra_scripts
    /fastdata/lavaulta/auto-re-agent/.tools/ghidra_12.1.2_PUBLIC/Ghidra/Features/SwiftDemangler/ghidra_scripts
    /fastdata/lavaulta/auto-re-agent/.tools/ghidra_12.1.2_PUBLIC/Ghidra/Debug/Debugger/ghidra_scripts
    /fastdata/lavaulta/auto-re-agent/.tools/ghidra_12.1.2_PUBLIC/Ghidra/Processors/PIC/ghidra_scripts
    /fastdata/lavaulta/auto-re-agent/.tools/ghidra_12.1.2_PUBLIC/Ghidra/Extensions/XEXLoaderWV/ghidra_scripts
    /fastdata/lavaulta/auto-re-agent/.tools/ghidra_12.1.2_PUBLIC/Ghidra/Features/WildcardAssembler/ghidra_scripts
    /fastdata/lavaulta/auto-re-agent/.tools/ghidra_12.1.2_PUBLIC/Ghidra/Features/PyGhidra/ghidra_scripts
    /fastdata/lavaulta/auto-re-agent/.tools/ghidra_12.1.2_PUBLIC/Ghidra/Features/BSim/ghidra_scripts
    /fastdata/lavaulta/auto-re-agent/.tools/ghidra_12.1.2_PUBLIC/Ghidra/Features/VersionTracking/ghidra_scripts
    /fastdata/lavaulta/auto-re-agent/.tools/ghidra_12.1.2_PUBLIC/Ghidra/Features/BytePatterns/ghidra_scripts
    /fastdata/lavaulta/auto-re-agent/.tools/ghidra_12.1.2_PUBLIC/Ghidra/Processors/Atmel/ghidra_scripts
    /fastdata/lavaulta/auto-re-agent/.tools/ghidra_12.1.2_PUBLIC/Ghidra/Features/SystemEmulation/ghidra_scripts
    /fastdata/lavaulta/auto-re-agent/.tools/ghidra_12.1.2_PUBLIC/Ghidra/Processors/JVM/ghidra_scripts (HeadlessAnalyzer)  
INFO  HEADLESS: execution starts (HeadlessAnalyzer)  
INFO  Opening existing project: /fastdata/lavaulta/auto-re-agent/workspaces/ace-combat-6/ghidra-projects/ace-combat-6-corrected (HeadlessAnalyzer)  
INFO  Opening project: /fastdata/lavaulta/auto-re-agent/workspaces/ace-combat-6/ghidra-projects/ace-combat-6-corrected (HeadlessProject)  
INFO  REPORT: Processing project file: /default.xex (HeadlessAnalyzer)  
INFO  REPORT: Execute script: DumpU32Range.java '0x8206d2e0' '0x8206d3c0'  (HeadlessAnalyzer)  
INFO  SCRIPT: /fastdata/lavaulta/auto-re-agent/workspaces/ace-combat-6/scripts/DumpU32Range.java (HeadlessAnalyzer)  
INFO  DumpU32Range.java> 8206d2e0 0x00000040 (GhidraScript)  
INFO  DumpU32Range.java> 8206d2e4 0x8206d2e8 (GhidraScript)  
INFO  DumpU32Range.java> 8206d2e8 0x00000000 (GhidraScript)  
INFO  DumpU32Range.java> 8206d2ec 0x00000000 (GhidraScript)  
INFO  DumpU32Range.java> 8206d2f0 0x00000001 (GhidraScript)  
INFO  DumpU32Range.java> 8206d2f4 0x8206d2f8 (GhidraScript)  
INFO  DumpU32Range.java> 8206d2f8 0x8206d2cc (GhidraScript)  
INFO  DumpU32Range.java> 8206d2fc 0x00000000 (GhidraScript)  
INFO  DumpU32Range.java> 8206d300 0x8268f434 (GhidraScript)  
INFO  DumpU32Range.java> 8206d304 0x00000002 (GhidraScript)  
INFO  DumpU32Range.java> 8206d308 0x00000000 (GhidraScript)  
INFO  DumpU32Range.java> 8206d30c 0xffffffff (GhidraScript)  
INFO  DumpU32Range.java> 8206d310 0x00000000 (GhidraScript)  
INFO  DumpU32Range.java> 8206d314 0x00000040 (GhidraScript)  
INFO  DumpU32Range.java> 8206d318 0x8206d290 (GhidraScript)  
INFO  DumpU32Range.java> 8206d31c 0x00000000 (GhidraScript)  
INFO  DumpU32Range.java> 8206d320 0x00000000 (GhidraScript)  
INFO  DumpU32Range.java> 8206d324 0x00000000 (GhidraScript)  
INFO  DumpU32Range.java> 8206d328 0x8268f450 (GhidraScript)  
INFO  DumpU32Range.java> 8206d32c 0x8206d330 (GhidraScript)  
INFO  DumpU32Range.java> 8206d330 0x00000000 (GhidraScript)  
INFO  DumpU32Range.java> 8206d334 0x00000000 (GhidraScript)  
INFO  DumpU32Range.java> 8206d338 0x00000002 (GhidraScript)  
INFO  DumpU32Range.java> 8206d33c 0x8206d340 (GhidraScript)  
INFO  DumpU32Range.java> 8206d340 0x8206d34c (GhidraScript)  
INFO  DumpU32Range.java> 8206d344 0x8206d798 (GhidraScript)  
INFO  DumpU32Range.java> 8206d348 0x00000000 (GhidraScript)  
INFO  DumpU32Range.java> 8206d34c 0x8268f450 (GhidraScript)  
INFO  DumpU32Range.java> 8206d350 0x00000001 (GhidraScript)  
INFO  DumpU32Range.java> 8206d354 0x00000000 (GhidraScript)  
INFO  DumpU32Range.java> 8206d358 0xffffffff (GhidraScript)  
INFO  DumpU32Range.java> 8206d35c 0x00000000 (GhidraScript)  
INFO  DumpU32Range.java> 8206d360 0x00000040 (GhidraScript)  
INFO  DumpU32Range.java> 8206d364 0x8206d330 (GhidraScript)  
INFO  DumpU32Range.java> 8206d368 0x00000000 (GhidraScript)  
INFO  DumpU32Range.java> 8206d36c 0x00000000 (GhidraScript)  
INFO  DumpU32Range.java> 8206d370 0x00000000 (GhidraScript)  
INFO  DumpU32Range.java> 8206d374 0x8268f474 (GhidraScript)  
INFO  DumpU32Range.java> 8206d378 0x8206d37c (GhidraScript)  
INFO  DumpU32Range.java> 8206d37c 0x00000000 (GhidraScript)  
INFO  DumpU32Range.java> 8206d380 0x00000000 (GhidraScript)  
INFO  DumpU32Range.java> 8206d384 0x00000001 (GhidraScript)  
INFO  DumpU32Range.java> 8206d388 0x8206d38c (GhidraScript)  
INFO  DumpU32Range.java> 8206d38c 0x8206d394 (GhidraScript)  
INFO  DumpU32Range.java> 8206d390 0x00000000 (GhidraScript)  
INFO  DumpU32Range.java> 8206d394 0x8268f474 (GhidraScript)  
INFO  DumpU32Range.java> 8206d398 0x00000000 (GhidraScript)  
INFO  DumpU32Range.java> 8206d39c 0x00000000 (GhidraScript)  
INFO  DumpU32Range.java> 8206d3a0 0xffffffff (GhidraScript)  
INFO  DumpU32Range.java> 8206d3a4 0x00000000 (GhidraScript)  
INFO  DumpU32Range.java> 8206d3a8 0x00000040 (GhidraScript)  
INFO  DumpU32Range.java> 8206d3ac 0x8206d37c (GhidraScript)  
INFO  DumpU32Range.java> 8206d3b0 0x00000000 (GhidraScript)  
INFO  DumpU32Range.java> 8206d3b4 0x00000000 (GhidraScript)  
INFO  DumpU32Range.java> 8206d3b8 0x00000000 (GhidraScript)  
INFO  DumpU32Range.java> 8206d3bc 0x8268f49c (GhidraScript)  
INFO  REPORT: Execute script: FindU32Any.java '0x8206d31c'  (HeadlessAnalyzer)  
INFO  SCRIPT: /fastdata/lavaulta/auto-re-agent/workspaces/ace-combat-6/scripts/FindU32Any.java (HeadlessAnalyzer)  
INFO  FindU32Any.java> 82054f10 (GhidraScript)  
INFO  REPORT: Execute script: ReferencesTo.java '0x8206d31c'  (HeadlessAnalyzer)  
INFO  SCRIPT: /fastdata/lavaulta/auto-re-agent/workspaces/ace-combat-6/scripts/ReferencesTo.java (HeadlessAnalyzer)  
INFO  REPORT: Save succeeded for processed file: /default.xex (HeadlessAnalyzer)  
openjdk version "21.0.11" 2026-04-21
OpenJDK Runtime Environment (build 21.0.11+10-1-26.04.2-Ubuntu)
OpenJDK 64-Bit Server VM (build 21.0.11+10-1-26.04.2-Ubuntu, mixed mode)
INFO  Using log config file: jar:file:/fastdata/lavaulta/auto-re-agent/.tools/ghidra_12.1.2_PUBLIC/Ghidra/Framework/Generic/lib/Generic.jar!/generic.log4j.xml (LoggingInitialization)  
INFO  Using log file: /home/lavaulta/.config/ghidra/ghidra_12.1.2_PUBLIC/application.log (LoggingInitialization)  
INFO  Loading user preferences: /home/lavaulta/.config/ghidra/ghidra_12.1.2_PUBLIC/preferences (Preferences)  
INFO  Searching for classes... (ClassSearcher)  
INFO  Ignoring class 'xexloaderwv.XEXLoaderWVLoader' from '/fastdata/lavaulta/auto-re-agent/.tools/ghidra_12.1.2_PUBLIC/Ghidra/Extensions/XEXLoaderWV/lib/XEXLoaderWV.jar'. Already found at '/fastdata/lavaulta/auto-re-agent/.tools/ghidra_12.1.2_PUBLIC/Ghidra/patch/XEXLoaderWV-java21.jar'. (ClassSearcher)  
INFO  Class search complete (1665 ms) (ClassSearcher)  
INFO  Initializing SSL Context (DefaultSSLContextInitializer)  
INFO  Initializing Random Number Generator... (SecureRandomFactory)  
INFO  Random Number Generator initialization complete: NativePRNGNonBlocking (SecureRandomFactory)  
INFO  Trust manager disabled, cacerts have not been set (DefaultTrustManagerFactory)  
INFO  Headless startup complete (3220 ms) (AnalyzeHeadless)  
INFO  Class searcher loaded 59 extension points (20 false positives) (ClassSearcher)  
INFO  HEADLESS Script Paths:
    /fastdata/lavaulta/auto-re-agent/.tools/ghidra_12.1.2_PUBLIC/Ghidra/Features/MicrosoftCodeAnalyzer/ghidra_scripts
    /fastdata/lavaulta/auto-re-agent/.tools/ghidra_12.1.2_PUBLIC/Ghidra/Features/PDB/ghidra_scripts
    /fastdata/lavaulta/auto-re-agent/.tools/ghidra_12.1.2_PUBLIC/Ghidra/Processors/8051/ghidra_scripts
    /fastdata/lavaulta/auto-re-agent/.tools/ghidra_12.1.2_PUBLIC/Ghidra/Features/Base/ghidra_scripts
    /fastdata/lavaulta/auto-re-agent/workspaces/ace-combat-6/scripts
    /fastdata/lavaulta/auto-re-agent/.tools/ghidra_12.1.2_PUBLIC/Ghidra/Features/FileFormats/ghidra_scripts
    /fastdata/lavaulta/auto-re-agent/.tools/ghidra_12.1.2_PUBLIC/Ghidra/Features/GnuDemangler/ghidra_scripts
    /fastdata/lavaulta/auto-re-agent/.tools/ghidra_12.1.2_PUBLIC/Ghidra/Extensions/ghidra-emotionengine-reloaded/ghidra_scripts
    /fastdata/lavaulta/auto-re-agent/.tools/ghidra_12.1.2_PUBLIC/Ghidra/Features/Decompiler/ghidra_scripts
    /fastdata/lavaulta/auto-re-agent/.tools/ghidra_12.1.2_PUBLIC/Ghidra/Features/FunctionID/ghidra_scripts
    /fastdata/lavaulta/auto-re-agent/.tools/ghidra_12.1.2_PUBLIC/Ghidra/Features/DecompilerDependent/ghidra_scripts
    /fastdata/lavaulta/auto-re-agent/.tools/ghidra_12.1.2_PUBLIC/Ghidra/Processors/DATA/ghidra_scripts
    /fastdata/lavaulta/auto-re-agent/.tools/ghidra_12.1.2_PUBLIC/Ghidra/Debug/Debugger-rmi-trace/ghidra_scripts
    /fastdata/lavaulta/auto-re-agent/.tools/ghidra_12.1.2_PUBLIC/Ghidra/Features/SwiftDemangler/ghidra_scripts
    /fastdata/lavaulta/auto-re-agent/.tools/ghidra_12.1.2_PUBLIC/Ghidra/Debug/Debugger/ghidra_scripts
    /fastdata/lavaulta/auto-re-agent/.tools/ghidra_12.1.2_PUBLIC/Ghidra/Processors/PIC/ghidra_scripts
    /fastdata/lavaulta/auto-re-agent/.tools/ghidra_12.1.2_PUBLIC/Ghidra/Extensions/XEXLoaderWV/ghidra_scripts
    /fastdata/lavaulta/auto-re-agent/.tools/ghidra_12.1.2_PUBLIC/Ghidra/Features/WildcardAssembler/ghidra_scripts
    /fastdata/lavaulta/auto-re-agent/.tools/ghidra_12.1.2_PUBLIC/Ghidra/Features/PyGhidra/ghidra_scripts
    /fastdata/lavaulta/auto-re-agent/.tools/ghidra_12.1.2_PUBLIC/Ghidra/Features/BSim/ghidra_scripts
    /fastdata/lavaulta/auto-re-agent/.tools/ghidra_12.1.2_PUBLIC/Ghidra/Features/VersionTracking/ghidra_scripts
    /fastdata/lavaulta/auto-re-agent/.tools/ghidra_12.1.2_PUBLIC/Ghidra/Features/BytePatterns/ghidra_scripts
    /fastdata/lavaulta/auto-re-agent/.tools/ghidra_12.1.2_PUBLIC/Ghidra/Processors/Atmel/ghidra_scripts
    /fastdata/lavaulta/auto-re-agent/.tools/ghidra_12.1.2_PUBLIC/Ghidra/Features/SystemEmulation/ghidra_scripts
    /fastdata/lavaulta/auto-re-agent/.tools/ghidra_12.1.2_PUBLIC/Ghidra/Processors/JVM/ghidra_scripts (HeadlessAnalyzer)  
INFO  HEADLESS: execution starts (HeadlessAnalyzer)  
INFO  Opening existing project: /fastdata/lavaulta/auto-re-agent/workspaces/ace-combat-6/ghidra-projects/ace-combat-6-corrected (HeadlessAnalyzer)  
INFO  Opening project: /fastdata/lavaulta/auto-re-agent/workspaces/ace-combat-6/ghidra-projects/ace-combat-6-corrected (HeadlessProject)  
INFO  REPORT: Processing project file: /default.xex (HeadlessAnalyzer)  
INFO  REPORT: Execute script: DumpU32Range.java '0x82054f00' '0x82055140'  (HeadlessAnalyzer)  
INFO  SCRIPT: /fastdata/lavaulta/auto-re-agent/workspaces/ace-combat-6/scripts/DumpU32Range.java (HeadlessAnalyzer)  
INFO  DumpU32Range.java> 82054f00 0x822219a8 (GhidraScript)  
INFO  DumpU32Range.java> 82054f04 0x82221a28 (GhidraScript)  
INFO  DumpU32Range.java> 82054f08 0x8206d368 (GhidraScript)  
INFO  DumpU32Range.java> 82054f0c 0x82094be8 (GhidraScript)  
INFO  DumpU32Range.java> 82054f10 0x8206d31c (GhidraScript)  
INFO  DumpU32Range.java> 82054f14 0x82265eb8 (GhidraScript)  
INFO  DumpU32Range.java> 82054f18 0x822702f0 (GhidraScript)  
INFO  DumpU32Range.java> 82054f1c 0x8226fe90 (GhidraScript)  
INFO  DumpU32Range.java> 82054f20 0x8206d27c (GhidraScript)  
INFO  DumpU32Range.java> 82054f24 0x82095e20 (GhidraScript)  
INFO  DumpU32Range.java> 82054f28 0x82235800 (GhidraScript)  
INFO  DumpU32Range.java> 82054f2c 0x82095dc8 (GhidraScript)  
INFO  DumpU32Range.java> 82054f30 0x82095dd8 (GhidraScript)  
INFO  DumpU32Range.java> 82054f34 0x82095de8 (GhidraScript)  
INFO  DumpU32Range.java> 82054f38 0x82095db0 (GhidraScript)  
INFO  DumpU32Range.java> 82054f3c 0x821d10d0 (GhidraScript)  
INFO  DumpU32Range.java> 82054f40 0x82095e00 (GhidraScript)  
INFO  DumpU32Range.java> 82054f44 0x821c2868 (GhidraScript)  
INFO  DumpU32Range.java> 82054f48 0x82095e10 (GhidraScript)  
INFO  DumpU32Range.java> 82054f4c 0x82237068 (GhidraScript)  
INFO  DumpU32Range.java> 82054f50 0x82235468 (GhidraScript)  
INFO  DumpU32Range.java> 82054f54 0x8223b1e8 (GhidraScript)  
INFO  DumpU32Range.java> 82054f58 0x822357b0 (GhidraScript)  
INFO  DumpU32Range.java> 82054f5c 0x8223b398 (GhidraScript)  
INFO  DumpU32Range.java> 82054f60 0x8223def8 (GhidraScript)  
INFO  DumpU32Range.java> 82054f64 0x822ddbe8 (GhidraScript)  
INFO  DumpU32Range.java> 82054f68 0x8206d268 (GhidraScript)  
INFO  DumpU32Range.java> 82054f6c 0x8209ba80 (GhidraScript)  
INFO  DumpU32Range.java> 82054f70 0x82235860 (GhidraScript)  
INFO  DumpU32Range.java> 82054f74 0x00000000 (GhidraScript)  
INFO  DumpU32Range.java> 82054f78 0x8206d220 (GhidraScript)  
INFO  DumpU32Range.java> 82054f7c 0x82093e80 (GhidraScript)  
INFO  DumpU32Range.java> 82054f80 0x822663a8 (GhidraScript)  
INFO  DumpU32Range.java> 82054f84 0x822663a8 (GhidraScript)  
INFO  DumpU32Range.java> 82054f88 0x822682d8 (GhidraScript)  
INFO  DumpU32Range.java> 82054f8c 0x82266850 (GhidraScript)  
INFO  DumpU32Range.java> 82054f90 0x822663a8 (GhidraScript)  
INFO  DumpU32Range.java> 82054f94 0x822663a8 (GhidraScript)  
INFO  DumpU32Range.java> 82054f98 0x82266390 (GhidraScript)  
INFO  DumpU32Range.java> 82054f9c 0x820b0e28 (GhidraScript)  
INFO  DumpU32Range.java> 82054fa0 0x822663a8 (GhidraScript)  
INFO  DumpU32Range.java> 82054fa4 0x822663a8 (GhidraScript)  
INFO  DumpU32Range.java> 82054fa8 0x822ddbe8 (GhidraScript)  
INFO  DumpU32Range.java> 82054fac 0x8226a870 (GhidraScript)  
INFO  DumpU32Range.java> 82054fb0 0x8226b618 (GhidraScript)  
INFO  DumpU32Range.java> 82054fb4 0x8226d1c8 (GhidraScript)  
INFO  DumpU32Range.java> 82054fb8 0x822ddbe8 (GhidraScript)  
INFO  DumpU32Range.java> 82054fbc 0x822685e0 (GhidraScript)  
INFO  DumpU32Range.java> 82054fc0 0x822686e0 (GhidraScript)  
INFO  DumpU32Range.java> 82054fc4 0x82266700 (GhidraScript)  
INFO  DumpU32Range.java> 82054fc8 0x822ddbe8 (GhidraScript)  
INFO  DumpU32Range.java> 82054fcc 0x822ddbe8 (GhidraScript)  
INFO  DumpU32Range.java> 82054fd0 0x82269588 (GhidraScript)  
INFO  DumpU32Range.java> 82054fd4 0x822692b8 (GhidraScript)  
INFO  DumpU32Range.java> 82054fd8 0x822675a8 (GhidraScript)  
INFO  DumpU32Range.java> 82054fdc 0x822ddbe8 (GhidraScript)  
INFO  DumpU32Range.java> 82054fe0 0x822ddbe8 (GhidraScript)  
INFO  DumpU32Range.java> 82054fe4 0x82267660 (GhidraScript)  
INFO  DumpU32Range.java> 82054fe8 0x822676c8 (GhidraScript)  
INFO  DumpU32Range.java> 82054fec 0x822ddbe8 (GhidraScript)  
INFO  DumpU32Range.java> 82054ff0 0x822ddbe8 (GhidraScript)  
INFO  DumpU32Range.java> 82054ff4 0x822ddbe8 (GhidraScript)  
INFO  DumpU32Range.java> 82054ff8 0x822ddbe8 (GhidraScript)  
INFO  DumpU32Range.java> 82054ffc 0x822ddbe8 (GhidraScript)  
INFO  DumpU32Range.java> 82055000 0x822ddbe8 (GhidraScript)  
INFO  DumpU32Range.java> 82055004 0x822ddbe8 (GhidraScript)  
INFO  DumpU32Range.java> 82055008 0x822ddbe8 (GhidraScript)  
INFO  DumpU32Range.java> 8205500c 0x822ddbe8 (GhidraScript)  
INFO  DumpU32Range.java> 82055010 0x82267450 (GhidraScript)  
INFO  DumpU32Range.java> 82055014 0x8226adf0 (GhidraScript)  
INFO  DumpU32Range.java> 82055018 0x82268ff0 (GhidraScript)  
INFO  DumpU32Range.java> 8205501c 0x82268d10 (GhidraScript)  
INFO  DumpU32Range.java> 82055020 0x82268e58 (GhidraScript)  
INFO  DumpU32Range.java> 82055024 0x822670b8 (GhidraScript)  
INFO  DumpU32Range.java> 82055028 0x82268960 (GhidraScript)  
INFO  DumpU32Range.java> 8205502c 0x82266c48 (GhidraScript)  
INFO  DumpU32Range.java> 82055030 0x82268a08 (GhidraScript)  
INFO  DumpU32Range.java> 82055034 0x822ddbe8 (GhidraScript)  
INFO  DumpU32Range.java> 82055038 0x82093e70 (GhidraScript)  
INFO  DumpU32Range.java> 8205503c 0x00000000 (GhidraScript)  
INFO  DumpU32Range.java> 82055040 0x8206d180 (GhidraScript)  
INFO  DumpU32Range.java> 82055044 0x82093f68 (GhidraScript)  
INFO  DumpU32Range.java> 82055048 0x82093f48 (GhidraScript)  
INFO  DumpU32Range.java> 8205504c 0x82093f60 (GhidraScript)  
INFO  DumpU32Range.java> 82055050 0x822682d8 (GhidraScript)  
INFO  DumpU32Range.java> 82055054 0x822575b0 (GhidraScript)  
INFO  DumpU32Range.java> 82055058 0x822663a8 (GhidraScript)  
INFO  DumpU32Range.java> 8205505c 0x822663a8 (GhidraScript)  
INFO  DumpU32Range.java> 82055060 0x82266390 (GhidraScript)  
INFO  DumpU32Range.java> 82055064 0x820b0e28 (GhidraScript)  
INFO  DumpU32Range.java> 82055068 0x822663a8 (GhidraScript)  
INFO  DumpU32Range.java> 8205506c 0x822663a8 (GhidraScript)  
INFO  DumpU32Range.java> 82055070 0x822ddbe8 (GhidraScript)  
INFO  DumpU32Range.java> 82055074 0x82256558 (GhidraScript)  
INFO  DumpU32Range.java> 82055078 0x8225b048 (GhidraScript)  
INFO  DumpU32Range.java> 8205507c 0x8226d1c8 (GhidraScript)  
INFO  DumpU32Range.java> 82055080 0x822ddbe8 (GhidraScript)  
INFO  DumpU32Range.java> 82055084 0x822ddbe8 (GhidraScript)  
INFO  DumpU32Range.java> 82055088 0x822ddbe8 (GhidraScript)  
INFO  DumpU32Range.java> 8205508c 0x82266700 (GhidraScript)  
INFO  DumpU32Range.java> 82055090 0x822ddbe8 (GhidraScript)  
INFO  DumpU32Range.java> 82055094 0x822ddbe8 (GhidraScript)  
INFO  DumpU32Range.java> 82055098 0x822581f8 (GhidraScript)  
INFO  DumpU32Range.java> 8205509c 0x8225a220 (GhidraScript)  
INFO  DumpU32Range.java> 820550a0 0x822582a8 (GhidraScript)  
INFO  DumpU32Range.java> 820550a4 0x82258320 (GhidraScript)  
INFO  DumpU32Range.java> 820550a8 0x82258738 (GhidraScript)  
INFO  DumpU32Range.java> 820550ac 0x82258790 (GhidraScript)  
INFO  DumpU32Range.java> 820550b0 0x82258920 (GhidraScript)  
INFO  DumpU32Range.java> 820550b4 0x82258a50 (GhidraScript)  
INFO  DumpU32Range.java> 820550b8 0x822589e8 (GhidraScript)  
INFO  DumpU32Range.java> 820550bc 0x822ddbe8 (GhidraScript)  
INFO  DumpU32Range.java> 820550c0 0x82258aa8 (GhidraScript)  
INFO  DumpU32Range.java> 820550c4 0x822ddbe8 (GhidraScript)  
INFO  DumpU32Range.java> 820550c8 0x822ddbe8 (GhidraScript)  
INFO  DumpU32Range.java> 820550cc 0x822ddbe8 (GhidraScript)  
INFO  DumpU32Range.java> 820550d0 0x8225b440 (GhidraScript)  
INFO  DumpU32Range.java> 820550d4 0x82257010 (GhidraScript)  
INFO  DumpU32Range.java> 820550d8 0x82257c68 (GhidraScript)  
INFO  DumpU32Range.java> 820550dc 0x822ddbe8 (GhidraScript)  
INFO  DumpU32Range.java> 820550e0 0x82259820 (GhidraScript)  
INFO  DumpU32Range.java> 820550e4 0x82259650 (GhidraScript)  
INFO  DumpU32Range.java> 820550e8 0x82259660 (GhidraScript)  
INFO  DumpU32Range.java> 820550ec 0x82256620 (GhidraScript)  
INFO  DumpU32Range.java> 820550f0 0x82257aa8 (GhidraScript)  
INFO  DumpU32Range.java> 820550f4 0x82256880 (GhidraScript)  
INFO  DumpU32Range.java> 820550f8 0x82257bb8 (GhidraScript)  
INFO  DumpU32Range.java> 820550fc 0x822ddbe8 (GhidraScript)  
INFO  DumpU32Range.java> 82055100 0x82258d20 (GhidraScript)  
INFO  DumpU32Range.java> 82055104 0x82256610 (GhidraScript)  
INFO  DumpU32Range.java> 82055108 0x822663a8 (GhidraScript)  
INFO  DumpU32Range.java> 8205510c 0x822663a8 (GhidraScript)  
INFO  DumpU32Range.java> 82055110 0x82258148 (GhidraScript)  
INFO  DumpU32Range.java> 82055114 0x82256c20 (GhidraScript)  
INFO  DumpU32Range.java> 82055118 0x82258158 (GhidraScript)  
INFO  DumpU32Range.java> 8205511c 0x82256c30 (GhidraScript)  
INFO  DumpU32Range.java> 82055120 0x822565d0 (GhidraScript)  
INFO  DumpU32Range.java> 82055124 0x822ddbe8 (GhidraScript)  
INFO  DumpU32Range.java> 82055128 0x822ddbe8 (GhidraScript)  
INFO  DumpU32Range.java> 8205512c 0x822ddbe8 (GhidraScript)  
INFO  DumpU32Range.java> 82055130 0x822ddbe8 (GhidraScript)  
INFO  DumpU32Range.java> 82055134 0x822ddbe8 (GhidraScript)  
INFO  DumpU32Range.java> 82055138 0x822ddbe8 (GhidraScript)  
INFO  DumpU32Range.java> 8205513c 0x822ddbe8 (GhidraScript)  
INFO  REPORT: Execute script: ReferencesTo.java '0x82054f14'  (HeadlessAnalyzer)  
INFO  SCRIPT: /fastdata/lavaulta/auto-re-agent/workspaces/ace-combat-6/scripts/ReferencesTo.java (HeadlessAnalyzer)  
INFO  ReferencesTo.java> 822738a8 DATA (GhidraScript)  
INFO  ReferencesTo.java> 82273898 PARAM (GhidraScript)  
INFO  REPORT: Execute script: FindU32Any.java '0x82054f14'  (HeadlessAnalyzer)  
INFO  SCRIPT: /fastdata/lavaulta/auto-re-agent/workspaces/ace-combat-6/scripts/FindU32Any.java (HeadlessAnalyzer)  
INFO  REPORT: Execute script: FindInstructionScalar.java '0x82054f14'  (HeadlessAnalyzer)  
INFO  SCRIPT: /fastdata/lavaulta/auto-re-agent/workspaces/ace-combat-6/scripts/FindInstructionScalar.java (HeadlessAnalyzer)  
INFO  REPORT: Save succeeded for processed file: /default.xex (HeadlessAnalyzer)  
openjdk version "21.0.11" 2026-04-21
OpenJDK Runtime Environment (build 21.0.11+10-1-26.04.2-Ubuntu)
OpenJDK 64-Bit Server VM (build 21.0.11+10-1-26.04.2-Ubuntu, mixed mode)
INFO  Using log config file: jar:file:/fastdata/lavaulta/auto-re-agent/.tools/ghidra_12.1.2_PUBLIC/Ghidra/Framework/Generic/lib/Generic.jar!/generic.log4j.xml (LoggingInitialization)  
INFO  Using log file: /home/lavaulta/.config/ghidra/ghidra_12.1.2_PUBLIC/application.log (LoggingInitialization)  
INFO  Loading user preferences: /home/lavaulta/.config/ghidra/ghidra_12.1.2_PUBLIC/preferences (Preferences)  
INFO  Searching for classes... (ClassSearcher)  
INFO  Ignoring class 'xexloaderwv.XEXLoaderWVLoader' from '/fastdata/lavaulta/auto-re-agent/.tools/ghidra_12.1.2_PUBLIC/Ghidra/Extensions/XEXLoaderWV/lib/XEXLoaderWV.jar'. Already found at '/fastdata/lavaulta/auto-re-agent/.tools/ghidra_12.1.2_PUBLIC/Ghidra/patch/XEXLoaderWV-java21.jar'. (ClassSearcher)  
INFO  Class search complete (1757 ms) (ClassSearcher)  
INFO  Initializing SSL Context (DefaultSSLContextInitializer)  
INFO  Initializing Random Number Generator... (SecureRandomFactory)  
INFO  Random Number Generator initialization complete: NativePRNGNonBlocking (SecureRandomFactory)  
INFO  Trust manager disabled, cacerts have not been set (DefaultTrustManagerFactory)  
INFO  Headless startup complete (3416 ms) (AnalyzeHeadless)  
INFO  Class searcher loaded 59 extension points (20 false positives) (ClassSearcher)  
INFO  HEADLESS Script Paths:
    /fastdata/lavaulta/auto-re-agent/.tools/ghidra_12.1.2_PUBLIC/Ghidra/Features/MicrosoftCodeAnalyzer/ghidra_scripts
    /fastdata/lavaulta/auto-re-agent/.tools/ghidra_12.1.2_PUBLIC/Ghidra/Features/PDB/ghidra_scripts
    /fastdata/lavaulta/auto-re-agent/.tools/ghidra_12.1.2_PUBLIC/Ghidra/Processors/8051/ghidra_scripts
    /fastdata/lavaulta/auto-re-agent/.tools/ghidra_12.1.2_PUBLIC/Ghidra/Features/Base/ghidra_scripts
    /fastdata/lavaulta/auto-re-agent/workspaces/ace-combat-6/scripts
    /fastdata/lavaulta/auto-re-agent/.tools/ghidra_12.1.2_PUBLIC/Ghidra/Features/FileFormats/ghidra_scripts
    /fastdata/lavaulta/auto-re-agent/.tools/ghidra_12.1.2_PUBLIC/Ghidra/Features/GnuDemangler/ghidra_scripts
    /fastdata/lavaulta/auto-re-agent/.tools/ghidra_12.1.2_PUBLIC/Ghidra/Extensions/ghidra-emotionengine-reloaded/ghidra_scripts
    /fastdata/lavaulta/auto-re-agent/.tools/ghidra_12.1.2_PUBLIC/Ghidra/Features/Decompiler/ghidra_scripts
    /fastdata/lavaulta/auto-re-agent/.tools/ghidra_12.1.2_PUBLIC/Ghidra/Features/FunctionID/ghidra_scripts
    /fastdata/lavaulta/auto-re-agent/.tools/ghidra_12.1.2_PUBLIC/Ghidra/Features/DecompilerDependent/ghidra_scripts
    /fastdata/lavaulta/auto-re-agent/.tools/ghidra_12.1.2_PUBLIC/Ghidra/Processors/DATA/ghidra_scripts
    /fastdata/lavaulta/auto-re-agent/.tools/ghidra_12.1.2_PUBLIC/Ghidra/Debug/Debugger-rmi-trace/ghidra_scripts
    /fastdata/lavaulta/auto-re-agent/.tools/ghidra_12.1.2_PUBLIC/Ghidra/Features/SwiftDemangler/ghidra_scripts
    /fastdata/lavaulta/auto-re-agent/.tools/ghidra_12.1.2_PUBLIC/Ghidra/Debug/Debugger/ghidra_scripts
    /fastdata/lavaulta/auto-re-agent/.tools/ghidra_12.1.2_PUBLIC/Ghidra/Processors/PIC/ghidra_scripts
    /fastdata/lavaulta/auto-re-agent/.tools/ghidra_12.1.2_PUBLIC/Ghidra/Extensions/XEXLoaderWV/ghidra_scripts
    /fastdata/lavaulta/auto-re-agent/.tools/ghidra_12.1.2_PUBLIC/Ghidra/Features/WildcardAssembler/ghidra_scripts
    /fastdata/lavaulta/auto-re-agent/.tools/ghidra_12.1.2_PUBLIC/Ghidra/Features/PyGhidra/ghidra_scripts
    /fastdata/lavaulta/auto-re-agent/.tools/ghidra_12.1.2_PUBLIC/Ghidra/Features/BSim/ghidra_scripts
    /fastdata/lavaulta/auto-re-agent/.tools/ghidra_12.1.2_PUBLIC/Ghidra/Features/VersionTracking/ghidra_scripts
    /fastdata/lavaulta/auto-re-agent/.tools/ghidra_12.1.2_PUBLIC/Ghidra/Features/BytePatterns/ghidra_scripts
    /fastdata/lavaulta/auto-re-agent/.tools/ghidra_12.1.2_PUBLIC/Ghidra/Processors/Atmel/ghidra_scripts
    /fastdata/lavaulta/auto-re-agent/.tools/ghidra_12.1.2_PUBLIC/Ghidra/Features/SystemEmulation/ghidra_scripts
    /fastdata/lavaulta/auto-re-agent/.tools/ghidra_12.1.2_PUBLIC/Ghidra/Processors/JVM/ghidra_scripts (HeadlessAnalyzer)  
INFO  HEADLESS: execution starts (HeadlessAnalyzer)  
INFO  Opening existing project: /fastdata/lavaulta/auto-re-agent/workspaces/ace-combat-6/ghidra-projects/ace-combat-6-corrected (HeadlessAnalyzer)  
INFO  Opening project: /fastdata/lavaulta/auto-re-agent/workspaces/ace-combat-6/ghidra-projects/ace-combat-6-corrected (HeadlessProject)  
INFO  REPORT: Processing project file: /default.xex (HeadlessAnalyzer)  
INFO  REPORT: Execute script: DumpRange.java '0x822737f0' '0x82273a40'  (HeadlessAnalyzer)  
INFO  SCRIPT: /fastdata/lavaulta/auto-re-agent/workspaces/ace-combat-6/scripts/DumpRange.java (HeadlessAnalyzer)  
INFO  DumpRange.java> 822737f0 stwu r1,-0x80(r1) (GhidraScript)  
INFO  DumpRange.java> 822737f4 or r28,r3,r3 (GhidraScript)  
INFO  DumpRange.java> 822737f8 li r29,0x0 (GhidraScript)  
INFO  DumpRange.java> 822737fc lwz r11,0x40c(r28) (GhidraScript)  
INFO  DumpRange.java> 82273800 cmpwi cr6,r11,0x0 (GhidraScript)  
INFO  DumpRange.java> 82273804 ble cr6,0x82273874 (GhidraScript)  
INFO  DumpRange.java> 82273808 addi r30,r28,0x4 (GhidraScript)  
INFO  DumpRange.java> 8227380c lwz r31,0x0(r30) (GhidraScript)  
INFO  DumpRange.java> 82273810 cmplwi cr6,r31,0x0 (GhidraScript)  
INFO  DumpRange.java> 82273814 beq cr6,0x82273860 (GhidraScript)  
INFO  DumpRange.java> 82273818 lwz r11,0x0(r31) (GhidraScript)  
INFO  DumpRange.java> 8227381c or r3,r31,r31 (GhidraScript)  
INFO  DumpRange.java> 82273820 lwz r11,0x4(r11) (GhidraScript)  
INFO  DumpRange.java> 82273824 mtspr CTR,r11 (GhidraScript)  
INFO  DumpRange.java> 82273828 bctrl (GhidraScript)  
INFO  DumpRange.java> 8227382c rlwinm r11,r3,0x0,0x18,0x1f (GhidraScript)  
INFO  DumpRange.java> 82273830 cmplwi cr6,r11,0x0 (GhidraScript)  
INFO  DumpRange.java> 82273834 bne cr6,0x82273860 (GhidraScript)  
INFO  DumpRange.java> 82273838 lwz r11,0x0(r31) (GhidraScript)  
INFO  DumpRange.java> 8227383c or r3,r31,r31 (GhidraScript)  
INFO  DumpRange.java> 82273840 lwz r11,0x2c(r11) (GhidraScript)  
INFO  DumpRange.java> 82273844 mtspr CTR,r11 (GhidraScript)  
INFO  DumpRange.java> 82273848 bctrl (GhidraScript)  
INFO  DumpRange.java> 8227384c rlwinm r11,r3,0x0,0x18,0x1f (GhidraScript)  
INFO  DumpRange.java> 82273850 cmplwi cr6,r11,0x0 (GhidraScript)  
INFO  DumpRange.java> 82273854 beq cr6,0x82273860 (GhidraScript)  
INFO  DumpRange.java> 82273858 or r3,r31,r31 (GhidraScript)  
INFO  DumpRange.java> 8227385c bl 0x82299ee8 (GhidraScript)  
INFO  DumpRange.java> 82273860 lwz r11,0x40c(r28) (GhidraScript)  
INFO  DumpRange.java> 82273864 addi r29,r29,0x1 (GhidraScript)  
INFO  DumpRange.java> 82273868 addi r30,r30,0x4 (GhidraScript)  
INFO  DumpRange.java> 8227386c cmpw cr6,r29,r11 (GhidraScript)  
INFO  DumpRange.java> 82273870 blt cr6,0x8227380c (GhidraScript)  
INFO  DumpRange.java> 82273874 addi r1,r1,0x80 (GhidraScript)  
INFO  DumpRange.java> 82273878 b 0x82386548 (GhidraScript)  
INFO  DumpRange.java> 8227387c <not-disassembled> (GhidraScript)  
INFO  DumpRange.java> 82273880 mfspr r12,LR (GhidraScript)  
INFO  DumpRange.java> 82273884 stw r12,-0x8(r1) (GhidraScript)  
INFO  DumpRange.java> 82273888 std r31,-0x10(r1) (GhidraScript)  
INFO  DumpRange.java> 8227388c stwu r1,-0x60(r1) (GhidraScript)  
INFO  DumpRange.java> 82273890 lis r10,-0x7dfb (GhidraScript)  
INFO  DumpRange.java> 82273894 or r31,r3,r3 (GhidraScript)  
INFO  DumpRange.java> 82273898 addi r10,r10,0x4f14 (GhidraScript)  
INFO  DumpRange.java> 8227389c addi r11,r31,0x4 (GhidraScript)  
INFO  DumpRange.java> 822738a0 li r8,0x0 (GhidraScript)  
INFO  DumpRange.java> 822738a4 li r9,0x100 (GhidraScript)  
INFO  DumpRange.java> 822738a8 stw r10,0x0(r31) (GhidraScript)  
INFO  DumpRange.java> 822738ac mtspr CTR,r9 (GhidraScript)  
INFO  DumpRange.java> 822738b0 stw r8,0x0(r11) (GhidraScript)  
INFO  DumpRange.java> 822738b4 addi r11,r11,0x4 (GhidraScript)  
INFO  DumpRange.java> 822738b8 bdnz 0x822738b0 (GhidraScript)  
INFO  DumpRange.java> 822738bc or r3,r31,r31 (GhidraScript)  
INFO  DumpRange.java> 822738c0 stw r8,0x404(r31) (GhidraScript)  
INFO  DumpRange.java> 822738c4 stw r8,0x408(r31) (GhidraScript)  
INFO  DumpRange.java> 822738c8 stw r8,0x40c(r31) (GhidraScript)  
INFO  DumpRange.java> 822738cc bl 0x82273430 (GhidraScript)  
INFO  DumpRange.java> 822738d0 bl 0x82297968 (GhidraScript)  
INFO  DumpRange.java> 822738d4 or r3,r31,r31 (GhidraScript)  
INFO  DumpRange.java> 822738d8 addi r1,r1,0x60 (GhidraScript)  
INFO  DumpRange.java> 822738dc lwz r12,-0x8(r1) (GhidraScript)  
INFO  DumpRange.java> 822738e0 mtspr LR,r12 (GhidraScript)  
INFO  DumpRange.java> 822738e4 ld r31,-0x10(r1) (GhidraScript)  
INFO  DumpRange.java> 822738e8 blr (GhidraScript)  
INFO  DumpRange.java> 822738ec <not-disassembled> (GhidraScript)  
INFO  DumpRange.java> 822738f0 mfspr r12,LR (GhidraScript)  
INFO  DumpRange.java> 822738f4 bl 0x823864f4 (GhidraScript)  
INFO  DumpRange.java> 822738f8 stwu r1,-0x80(r1) (GhidraScript)  
INFO  DumpRange.java> 822738fc or r29,r4,r4 (GhidraScript)  
INFO  DumpRange.java> 82273900 lwz r30,0x0(r29) (GhidraScript)  
INFO  DumpRange.java> 82273904 lwz r11,0x4(r29) (GhidraScript)  
INFO  DumpRange.java> 82273908 cmpw cr6,r30,r11 (GhidraScript)  
INFO  DumpRange.java> 8227390c bge cr6,0x82273974 (GhidraScript)  
INFO  DumpRange.java> 82273910 addi r11,r30,0x2 (GhidraScript)  
INFO  DumpRange.java> 82273914 lis r27,-0x7d92 (GhidraScript)  
INFO  DumpRange.java> 82273918 rlwinm r31,r11,0x2,0x0,0x1d (GhidraScript)  
INFO  DumpRange.java> 8227391c lis r11,0x2 (GhidraScript)  
INFO  DumpRange.java> 82273920 ori r28,r11,0x9fc8 (GhidraScript)  
INFO  DumpRange.java> 82273924 lwz r11,0x4eb4(r27) (GhidraScript)  
INFO  DumpRange.java> 82273928 lwzx r11,r11,r28 (GhidraScript)  
INFO  DumpRange.java> 8227392c lwzx r3,r11,r31 (GhidraScript)  
INFO  DumpRange.java> 82273930 cmplwi cr6,r3,0x0 (GhidraScript)  
INFO  DumpRange.java> 82273934 beq cr6,0x82273960 (GhidraScript)  
INFO  DumpRange.java> 82273938 lwz r11,0x118(r3) (GhidraScript)  
INFO  DumpRange.java> 8227393c rlwinm r11,r11,0x0,0x1f,0x1f (GhidraScript)  
INFO  DumpRange.java> 82273940 cmplwi cr6,r11,0x0 (GhidraScript)  
INFO  DumpRange.java> 82273944 beq cr6,0x82273960 (GhidraScript)  
INFO  DumpRange.java> 82273948 lwz r11,0x0(r3) (GhidraScript)  
INFO  DumpRange.java> 8227394c lfs f1,0x8(r29) (GhidraScript)  
INFO  DumpRange.java> 82273950 lwz r5,0xc(r29) (GhidraScript)  
INFO  DumpRange.java> 82273954 lwz r11,0xc4(r11) (GhidraScript)  
INFO  DumpRange.java> 82273958 mtspr CTR,r11 (GhidraScript)  
INFO  DumpRange.java> 8227395c bctrl (GhidraScript)  
INFO  DumpRange.java> 82273960 lwz r11,0x4(r29) (GhidraScript)  
INFO  DumpRange.java> 82273964 addi r30,r30,0x1 (GhidraScript)  
INFO  DumpRange.java> 82273968 addi r31,r31,0x4 (GhidraScript)  
INFO  DumpRange.java> 8227396c cmpw cr6,r30,r11 (GhidraScript)  
INFO  DumpRange.java> 82273970 blt cr6,0x82273924 (GhidraScript)  
INFO  DumpRange.java> 82273974 addi r1,r1,0x80 (GhidraScript)  
INFO  DumpRange.java> 82273978 b 0x82386544 (GhidraScript)  
INFO  DumpRange.java> 8227397c <not-disassembled> (GhidraScript)  
INFO  DumpRange.java> 82273980 mfspr r12,LR (GhidraScript)  
INFO  DumpRange.java> 82273984 bl 0x823864f0 (GhidraScript)  
INFO  DumpRange.java> 82273988 stwu r1,-0x90(r1) (GhidraScript)  
INFO  DumpRange.java> 8227398c or r29,r5,r5 (GhidraScript)  
INFO  DumpRange.java> 82273990 or r30,r6,r6 (GhidraScript)  
INFO  DumpRange.java> 82273994 or r26,r7,r7 (GhidraScript)  
INFO  DumpRange.java> 82273998 cmpwi cr6,r4,0xff (GhidraScript)  
INFO  DumpRange.java> 8227399c beq cr6,0x82273ad4 (GhidraScript)  
INFO  DumpRange.java> 822739a0 cmpwi cr6,r4,0xfe (GhidraScript)  
INFO  DumpRange.java> 822739a4 beq cr6,0x82273ad4 (GhidraScript)  
INFO  DumpRange.java> 822739a8 addi r11,r4,0x1 (GhidraScript)  
INFO  DumpRange.java> 822739ac rlwinm r11,r11,0x2,0x0,0x1d (GhidraScript)  
INFO  DumpRange.java> 822739b0 lwzx r31,r11,r3 (GhidraScript)  
INFO  DumpRange.java> 822739b4 cmplwi cr6,r31,0x0 (GhidraScript)  
INFO  DumpRange.java> 822739b8 beq cr6,0x82273ad4 (GhidraScript)  
INFO  DumpRange.java> 822739bc rlwinm r27,r30,0x0,0x1f,0x1f (GhidraScript)  
INFO  DumpRange.java> 822739c0 cmplwi cr6,r27,0x0 (GhidraScript)  
INFO  DumpRange.java> 822739c4 beq cr6,0x822739d8 (GhidraScript)  
INFO  DumpRange.java> 822739c8 lwz r11,0x60(r31) (GhidraScript)  
INFO  DumpRange.java> 822739cc rlwinm r11,r11,0x0,0x1f,0x1f (GhidraScript)  
INFO  DumpRange.java> 822739d0 cmplwi cr6,r11,0x0 (GhidraScript)  
INFO  DumpRange.java> 822739d4 beq cr6,0x82273ad4 (GhidraScript)  
INFO  DumpRange.java> 822739d8 rlwinm r28,r30,0x0,0x1e,0x1e (GhidraScript)  
INFO  DumpRange.java> 822739dc cmplwi cr6,r28,0x0 (GhidraScript)  
INFO  DumpRange.java> 822739e0 beq cr6,0x82273a00 (GhidraScript)  
INFO  DumpRange.java> 822739e4 cmplwi cr6,r31,0x0 (GhidraScript)  
INFO  DumpRange.java> 822739e8 beq cr6,0x82273a00 (GhidraScript)  
INFO  DumpRange.java> 822739ec or r4,r29,r29 (GhidraScript)  
INFO  DumpRange.java> 822739f0 or r3,r31,r31 (GhidraScript)  
INFO  DumpRange.java> 822739f4 bl 0x822a4f18 (GhidraScript)  
INFO  DumpRange.java> 822739f8 cmpwi cr6,r3,0x64 (GhidraScript)  
INFO  DumpRange.java> 822739fc bge cr6,0x82273ad4 (GhidraScript)  
INFO  DumpRange.java> 82273a00 rlwinm r30,r30,0x0,0x1d,0x1d (GhidraScript)  
INFO  DumpRange.java> 82273a04 cmplwi cr6,r30,0x0 (GhidraScript)  
INFO  DumpRange.java> 82273a08 beq cr6,0x82273a1c (GhidraScript)  
INFO  DumpRange.java> 82273a0c lwz r11,0x60(r31) (GhidraScript)  
INFO  DumpRange.java> 82273a10 rlwinm r11,r11,0x1d,0x1f,0x1f (GhidraScript)  
INFO  DumpRange.java> 82273a14 cmplwi cr6,r11,0x0 (GhidraScript)  
INFO  DumpRange.java> 82273a18 bne cr6,0x82273ad4 (GhidraScript)  
INFO  DumpRange.java> 82273a1c cmpwi cr6,r29,0xff (GhidraScript)  
INFO  DumpRange.java> 82273a20 bne cr6,0x82273a40 (GhidraScript)  
INFO  DumpRange.java> 82273a24 rlwinm r11,r26,0x0,0x18,0x1f (GhidraScript)  
INFO  DumpRange.java> 82273a28 addi r3,r31,0x80 (GhidraScript)  
INFO  DumpRange.java> 82273a2c cmplwi cr6,r11,0x0 (GhidraScript)  
INFO  DumpRange.java> 82273a30 bne cr6,0x82273ad8 (GhidraScript)  
INFO  DumpRange.java> 82273a34 addi r3,r31,0x10 (GhidraScript)  
INFO  DumpRange.java> 82273a38 addi r1,r1,0x90 (GhidraScript)  
INFO  DumpRange.java> 82273a3c b 0x82386540 (GhidraScript)  
INFO  REPORT: Execute script: DecompileAt.java '0x82273898'  (HeadlessAnalyzer)  
INFO  SCRIPT: /fastdata/lavaulta/auto-re-agent/workspaces/ace-combat-6/scripts/DecompileAt.java (HeadlessAnalyzer)  
INFO  DecompileAt.java> FUNCTION 82273880 FUN_82273880 (GhidraScript)  
INFO  DecompileAt.java> 
undefined4 * FUN_82273880(undefined4 *param_1)

{
  undefined4 *puVar1;
  longlong lVar2;
  
  *param_1 = &PTR_Function_82265EB8_82054f14;
  lVar2 = 0x100;
  puVar1 = param_1;
  do {
    puVar1 = puVar1 + 1;
    *puVar1 = 0;
    lVar2 = lVar2 + -1;
  } while (lVar2 != 0);
  param_1[0x101] = 0;
  param_1[0x102] = 0;
  param_1[0x103] = 0;
  FUN_82273430(param_1);
  FUN_82297968();
  return param_1;
}

 (GhidraScript)  
INFO  REPORT: Execute script: ReferencesTo.java '0x82273898'  (HeadlessAnalyzer)  
INFO  SCRIPT: /fastdata/lavaulta/auto-re-agent/workspaces/ace-combat-6/scripts/ReferencesTo.java (HeadlessAnalyzer)  
INFO  REPORT: Execute script: FindInstructionScalar.java '0x82273898'  (HeadlessAnalyzer)  
INFO  SCRIPT: /fastdata/lavaulta/auto-re-agent/workspaces/ace-combat-6/scripts/FindInstructionScalar.java (HeadlessAnalyzer)  
INFO  REPORT: Save succeeded for processed file: /default.xex (HeadlessAnalyzer)  
openjdk version "21.0.11" 2026-04-21
OpenJDK Runtime Environment (build 21.0.11+10-1-26.04.2-Ubuntu)
OpenJDK 64-Bit Server VM (build 21.0.11+10-1-26.04.2-Ubuntu, mixed mode)
INFO  Using log config file: jar:file:/fastdata/lavaulta/auto-re-agent/.tools/ghidra_12.1.2_PUBLIC/Ghidra/Framework/Generic/lib/Generic.jar!/generic.log4j.xml (LoggingInitialization)  
INFO  Using log file: /home/lavaulta/.config/ghidra/ghidra_12.1.2_PUBLIC/application.log (LoggingInitialization)  
INFO  Loading user preferences: /home/lavaulta/.config/ghidra/ghidra_12.1.2_PUBLIC/preferences (Preferences)  
INFO  Searching for classes... (ClassSearcher)  
INFO  Ignoring class 'xexloaderwv.XEXLoaderWVLoader' from '/fastdata/lavaulta/auto-re-agent/.tools/ghidra_12.1.2_PUBLIC/Ghidra/Extensions/XEXLoaderWV/lib/XEXLoaderWV.jar'. Already found at '/fastdata/lavaulta/auto-re-agent/.tools/ghidra_12.1.2_PUBLIC/Ghidra/patch/XEXLoaderWV-java21.jar'. (ClassSearcher)  
INFO  Class search complete (1479 ms) (ClassSearcher)  
INFO  Initializing SSL Context (DefaultSSLContextInitializer)  
INFO  Initializing Random Number Generator... (SecureRandomFactory)  
INFO  Random Number Generator initialization complete: NativePRNGNonBlocking (SecureRandomFactory)  
INFO  Trust manager disabled, cacerts have not been set (DefaultTrustManagerFactory)  
INFO  Headless startup complete (3077 ms) (AnalyzeHeadless)  
INFO  Class searcher loaded 59 extension points (20 false positives) (ClassSearcher)  
INFO  HEADLESS Script Paths:
    /fastdata/lavaulta/auto-re-agent/.tools/ghidra_12.1.2_PUBLIC/Ghidra/Features/MicrosoftCodeAnalyzer/ghidra_scripts
    /fastdata/lavaulta/auto-re-agent/.tools/ghidra_12.1.2_PUBLIC/Ghidra/Features/PDB/ghidra_scripts
    /fastdata/lavaulta/auto-re-agent/.tools/ghidra_12.1.2_PUBLIC/Ghidra/Processors/8051/ghidra_scripts
    /fastdata/lavaulta/auto-re-agent/.tools/ghidra_12.1.2_PUBLIC/Ghidra/Features/Base/ghidra_scripts
    /fastdata/lavaulta/auto-re-agent/workspaces/ace-combat-6/scripts
    /fastdata/lavaulta/auto-re-agent/.tools/ghidra_12.1.2_PUBLIC/Ghidra/Features/FileFormats/ghidra_scripts
    /fastdata/lavaulta/auto-re-agent/.tools/ghidra_12.1.2_PUBLIC/Ghidra/Features/GnuDemangler/ghidra_scripts
    /fastdata/lavaulta/auto-re-agent/.tools/ghidra_12.1.2_PUBLIC/Ghidra/Extensions/ghidra-emotionengine-reloaded/ghidra_scripts
    /fastdata/lavaulta/auto-re-agent/.tools/ghidra_12.1.2_PUBLIC/Ghidra/Features/Decompiler/ghidra_scripts
    /fastdata/lavaulta/auto-re-agent/.tools/ghidra_12.1.2_PUBLIC/Ghidra/Features/FunctionID/ghidra_scripts
    /fastdata/lavaulta/auto-re-agent/.tools/ghidra_12.1.2_PUBLIC/Ghidra/Features/DecompilerDependent/ghidra_scripts
    /fastdata/lavaulta/auto-re-agent/.tools/ghidra_12.1.2_PUBLIC/Ghidra/Processors/DATA/ghidra_scripts
    /fastdata/lavaulta/auto-re-agent/.tools/ghidra_12.1.2_PUBLIC/Ghidra/Debug/Debugger-rmi-trace/ghidra_scripts
    /fastdata/lavaulta/auto-re-agent/.tools/ghidra_12.1.2_PUBLIC/Ghidra/Features/SwiftDemangler/ghidra_scripts
    /fastdata/lavaulta/auto-re-agent/.tools/ghidra_12.1.2_PUBLIC/Ghidra/Debug/Debugger/ghidra_scripts
    /fastdata/lavaulta/auto-re-agent/.tools/ghidra_12.1.2_PUBLIC/Ghidra/Processors/PIC/ghidra_scripts
    /fastdata/lavaulta/auto-re-agent/.tools/ghidra_12.1.2_PUBLIC/Ghidra/Extensions/XEXLoaderWV/ghidra_scripts
    /fastdata/lavaulta/auto-re-agent/.tools/ghidra_12.1.2_PUBLIC/Ghidra/Features/WildcardAssembler/ghidra_scripts
    /fastdata/lavaulta/auto-re-agent/.tools/ghidra_12.1.2_PUBLIC/Ghidra/Features/PyGhidra/ghidra_scripts
    /fastdata/lavaulta/auto-re-agent/.tools/ghidra_12.1.2_PUBLIC/Ghidra/Features/BSim/ghidra_scripts
    /fastdata/lavaulta/auto-re-agent/.tools/ghidra_12.1.2_PUBLIC/Ghidra/Features/VersionTracking/ghidra_scripts
    /fastdata/lavaulta/auto-re-agent/.tools/ghidra_12.1.2_PUBLIC/Ghidra/Features/BytePatterns/ghidra_scripts
    /fastdata/lavaulta/auto-re-agent/.tools/ghidra_12.1.2_PUBLIC/Ghidra/Processors/Atmel/ghidra_scripts
    /fastdata/lavaulta/auto-re-agent/.tools/ghidra_12.1.2_PUBLIC/Ghidra/Features/SystemEmulation/ghidra_scripts
    /fastdata/lavaulta/auto-re-agent/.tools/ghidra_12.1.2_PUBLIC/Ghidra/Processors/JVM/ghidra_scripts (HeadlessAnalyzer)  
INFO  HEADLESS: execution starts (HeadlessAnalyzer)  
INFO  Opening existing project: /fastdata/lavaulta/auto-re-agent/workspaces/ace-combat-6/ghidra-projects/ace-combat-6-corrected (HeadlessAnalyzer)  
INFO  Opening project: /fastdata/lavaulta/auto-re-agent/workspaces/ace-combat-6/ghidra-projects/ace-combat-6-corrected (HeadlessProject)  
INFO  REPORT: Processing project file: /default.xex (HeadlessAnalyzer)  
INFO  REPORT: Execute script: FindU32Any.java '0x82273880'  (HeadlessAnalyzer)  
INFO  SCRIPT: /fastdata/lavaulta/auto-re-agent/workspaces/ace-combat-6/scripts/FindU32Any.java (HeadlessAnalyzer)  
INFO  REPORT: Execute script: FindInstructionScalar.java '0x82273880'  (HeadlessAnalyzer)  
INFO  SCRIPT: /fastdata/lavaulta/auto-re-agent/workspaces/ace-combat-6/scripts/FindInstructionScalar.java (HeadlessAnalyzer)  
INFO  REPORT: Execute script: ReferencesTo.java '0x82273880'  (HeadlessAnalyzer)  
INFO  SCRIPT: /fastdata/lavaulta/auto-re-agent/workspaces/ace-combat-6/scripts/ReferencesTo.java (HeadlessAnalyzer)  
INFO  ReferencesTo.java> 82216e68 UNCONDITIONAL_CALL (GhidraScript)  
INFO  ReferencesTo.java> 821a6cbc UNCONDITIONAL_CALL (GhidraScript)  
INFO  ReferencesTo.java> 821a6cd8 UNCONDITIONAL_CALL (GhidraScript)  
INFO  ReferencesTo.java> 821a78c4 UNCONDITIONAL_CALL (GhidraScript)  
INFO  ReferencesTo.java> 821a78e0 UNCONDITIONAL_CALL (GhidraScript)  
INFO  REPORT: Execute script: FindSymbolReferences.java '8268f458'  (HeadlessAnalyzer)  
INFO  SCRIPT: /fastdata/lavaulta/auto-re-agent/workspaces/ace-combat-6/scripts/FindSymbolReferences.java (HeadlessAnalyzer)  
INFO  FindSymbolReferences.java> NOT_FOUND 8268f458 (GhidraScript)  
INFO  REPORT: Execute script: FindU32Any.java '0x8268f458'  (HeadlessAnalyzer)  
INFO  SCRIPT: /fastdata/lavaulta/auto-re-agent/workspaces/ace-combat-6/scripts/FindU32Any.java (HeadlessAnalyzer)  
INFO  REPORT: Save succeeded for processed file: /default.xex (HeadlessAnalyzer)  
openjdk version "21.0.11" 2026-04-21
OpenJDK Runtime Environment (build 21.0.11+10-1-26.04.2-Ubuntu)
OpenJDK 64-Bit Server VM (build 21.0.11+10-1-26.04.2-Ubuntu, mixed mode)
INFO  Using log config file: jar:file:/fastdata/lavaulta/auto-re-agent/.tools/ghidra_12.1.2_PUBLIC/Ghidra/Framework/Generic/lib/Generic.jar!/generic.log4j.xml (LoggingInitialization)  
INFO  Using log file: /home/lavaulta/.config/ghidra/ghidra_12.1.2_PUBLIC/application.log (LoggingInitialization)  
INFO  Loading user preferences: /home/lavaulta/.config/ghidra/ghidra_12.1.2_PUBLIC/preferences (Preferences)  
INFO  Searching for classes... (ClassSearcher)  
INFO  Ignoring class 'xexloaderwv.XEXLoaderWVLoader' from '/fastdata/lavaulta/auto-re-agent/.tools/ghidra_12.1.2_PUBLIC/Ghidra/Extensions/XEXLoaderWV/lib/XEXLoaderWV.jar'. Already found at '/fastdata/lavaulta/auto-re-agent/.tools/ghidra_12.1.2_PUBLIC/Ghidra/patch/XEXLoaderWV-java21.jar'. (ClassSearcher)  
INFO  Class search complete (1573 ms) (ClassSearcher)  
INFO  Initializing SSL Context (DefaultSSLContextInitializer)  
INFO  Initializing Random Number Generator... (SecureRandomFactory)  
INFO  Random Number Generator initialization complete: NativePRNGNonBlocking (SecureRandomFactory)  
INFO  Trust manager disabled, cacerts have not been set (DefaultTrustManagerFactory)  
INFO  Headless startup complete (3217 ms) (AnalyzeHeadless)  
INFO  Class searcher loaded 59 extension points (20 false positives) (ClassSearcher)  
INFO  HEADLESS Script Paths:
    /fastdata/lavaulta/auto-re-agent/.tools/ghidra_12.1.2_PUBLIC/Ghidra/Features/MicrosoftCodeAnalyzer/ghidra_scripts
    /fastdata/lavaulta/auto-re-agent/.tools/ghidra_12.1.2_PUBLIC/Ghidra/Features/PDB/ghidra_scripts
    /fastdata/lavaulta/auto-re-agent/.tools/ghidra_12.1.2_PUBLIC/Ghidra/Processors/8051/ghidra_scripts
    /fastdata/lavaulta/auto-re-agent/.tools/ghidra_12.1.2_PUBLIC/Ghidra/Features/Base/ghidra_scripts
    /fastdata/lavaulta/auto-re-agent/workspaces/ace-combat-6/scripts
    /fastdata/lavaulta/auto-re-agent/.tools/ghidra_12.1.2_PUBLIC/Ghidra/Features/FileFormats/ghidra_scripts
    /fastdata/lavaulta/auto-re-agent/.tools/ghidra_12.1.2_PUBLIC/Ghidra/Features/GnuDemangler/ghidra_scripts
    /fastdata/lavaulta/auto-re-agent/.tools/ghidra_12.1.2_PUBLIC/Ghidra/Extensions/ghidra-emotionengine-reloaded/ghidra_scripts
    /fastdata/lavaulta/auto-re-agent/.tools/ghidra_12.1.2_PUBLIC/Ghidra/Features/Decompiler/ghidra_scripts
    /fastdata/lavaulta/auto-re-agent/.tools/ghidra_12.1.2_PUBLIC/Ghidra/Features/FunctionID/ghidra_scripts
    /fastdata/lavaulta/auto-re-agent/.tools/ghidra_12.1.2_PUBLIC/Ghidra/Features/DecompilerDependent/ghidra_scripts
    /fastdata/lavaulta/auto-re-agent/.tools/ghidra_12.1.2_PUBLIC/Ghidra/Processors/DATA/ghidra_scripts
    /fastdata/lavaulta/auto-re-agent/.tools/ghidra_12.1.2_PUBLIC/Ghidra/Debug/Debugger-rmi-trace/ghidra_scripts
    /fastdata/lavaulta/auto-re-agent/.tools/ghidra_12.1.2_PUBLIC/Ghidra/Features/SwiftDemangler/ghidra_scripts
    /fastdata/lavaulta/auto-re-agent/.tools/ghidra_12.1.2_PUBLIC/Ghidra/Debug/Debugger/ghidra_scripts
    /fastdata/lavaulta/auto-re-agent/.tools/ghidra_12.1.2_PUBLIC/Ghidra/Processors/PIC/ghidra_scripts
    /fastdata/lavaulta/auto-re-agent/.tools/ghidra_12.1.2_PUBLIC/Ghidra/Extensions/XEXLoaderWV/ghidra_scripts
    /fastdata/lavaulta/auto-re-agent/.tools/ghidra_12.1.2_PUBLIC/Ghidra/Features/WildcardAssembler/ghidra_scripts
    /fastdata/lavaulta/auto-re-agent/.tools/ghidra_12.1.2_PUBLIC/Ghidra/Features/PyGhidra/ghidra_scripts
    /fastdata/lavaulta/auto-re-agent/.tools/ghidra_12.1.2_PUBLIC/Ghidra/Features/BSim/ghidra_scripts
    /fastdata/lavaulta/auto-re-agent/.tools/ghidra_12.1.2_PUBLIC/Ghidra/Features/VersionTracking/ghidra_scripts
    /fastdata/lavaulta/auto-re-agent/.tools/ghidra_12.1.2_PUBLIC/Ghidra/Features/BytePatterns/ghidra_scripts
    /fastdata/lavaulta/auto-re-agent/.tools/ghidra_12.1.2_PUBLIC/Ghidra/Processors/Atmel/ghidra_scripts
    /fastdata/lavaulta/auto-re-agent/.tools/ghidra_12.1.2_PUBLIC/Ghidra/Features/SystemEmulation/ghidra_scripts
    /fastdata/lavaulta/auto-re-agent/.tools/ghidra_12.1.2_PUBLIC/Ghidra/Processors/JVM/ghidra_scripts (HeadlessAnalyzer)  
INFO  HEADLESS: execution starts (HeadlessAnalyzer)  
INFO  Opening existing project: /fastdata/lavaulta/auto-re-agent/workspaces/ace-combat-6/ghidra-projects/ace-combat-6-corrected (HeadlessAnalyzer)  
INFO  Opening project: /fastdata/lavaulta/auto-re-agent/workspaces/ace-combat-6/ghidra-projects/ace-combat-6-corrected (HeadlessProject)  
INFO  REPORT: Processing project file: /default.xex (HeadlessAnalyzer)  
INFO  REPORT: Execute script: DumpRange.java '0x8226ede0' '0x8226f170'  (HeadlessAnalyzer)  
INFO  SCRIPT: /fastdata/lavaulta/auto-re-agent/workspaces/ace-combat-6/scripts/DumpRange.java (HeadlessAnalyzer)  
INFO  DumpRange.java> 8226ede0 <not-disassembled> (GhidraScript)  
INFO  DumpRange.java> 8226ede4 stw r17,0x4(r11) (GhidraScript)  
INFO  DumpRange.java> 8226ede8 b 0x8226ee0c (GhidraScript)  
INFO  DumpRange.java> 8226edec stw r26,0x4(r11) (GhidraScript)  
INFO  DumpRange.java> 8226edf0 lwz r11,0x27c(r31) (GhidraScript)  
INFO  DumpRange.java> 8226edf4 addi r11,r11,0x1 (GhidraScript)  
INFO  DumpRange.java> 8226edf8 stw r11,0x27c(r31) (GhidraScript)  
INFO  DumpRange.java> 8226edfc b 0x8226ee0c (GhidraScript)  
INFO  DumpRange.java> 8226ee00 stw r24,0x4(r11) (GhidraScript)  
INFO  DumpRange.java> 8226ee04 b 0x8226ee0c (GhidraScript)  
INFO  DumpRange.java> 8226ee08 stw r25,0x4(r11) (GhidraScript)  
INFO  DumpRange.java> 8226ee0c or r3,r31,r31 (GhidraScript)  
INFO  DumpRange.java> 8226ee10 addi r27,r27,0x1 (GhidraScript)  
INFO  DumpRange.java> 8226ee14 addi r29,r29,0x8 (GhidraScript)  
INFO  DumpRange.java> 8226ee18 addi r28,r28,0x44 (GhidraScript)  
INFO  DumpRange.java> 8226ee1c bl 0x82097440 (GhidraScript)  
INFO  DumpRange.java> 8226ee20 cmpw cr6,r27,r3 (GhidraScript)  
INFO  DumpRange.java> 8226ee24 blt cr6,0x8226ecdc (GhidraScript)  
INFO  DumpRange.java> 8226ee28 lwz r11,0x5c(r31) (GhidraScript)  
INFO  DumpRange.java> 8226ee2c cmplwi cr6,r11,0x0 (GhidraScript)  
INFO  DumpRange.java> 8226ee30 beq cr6,0x8226eefc (GhidraScript)  
INFO  DumpRange.java> 8226ee34 or r3,r31,r31 (GhidraScript)  
INFO  DumpRange.java> 8226ee38 or r26,r30,r30 (GhidraScript)  
INFO  DumpRange.java> 8226ee3c bl 0x820973a0 (GhidraScript)  
INFO  DumpRange.java> 8226ee40 cmpwi cr6,r3,0x0 (GhidraScript)  
INFO  DumpRange.java> 8226ee44 ble cr6,0x8226eefc (GhidraScript)  
INFO  DumpRange.java> 8226ee48 or r27,r30,r30 (GhidraScript)  
INFO  DumpRange.java> 8226ee4c or r28,r30,r30 (GhidraScript)  
INFO  DumpRange.java> 8226ee50 lwz r11,0x5c(r31) (GhidraScript)  
INFO  DumpRange.java> 8226ee54 or r3,r31,r31 (GhidraScript)  
INFO  DumpRange.java> 8226ee58 lfs f0,-0x7ee0(r18) (GhidraScript)  
INFO  DumpRange.java> 8226ee5c add r29,r28,r11 (GhidraScript)  
INFO  DumpRange.java> 8226ee60 stfs f0,0x4(r29) (GhidraScript)  
INFO  DumpRange.java> 8226ee64 stw r30,0x0(r29) (GhidraScript)  
INFO  DumpRange.java> 8226ee68 stw r30,0x8(r29) (GhidraScript)  
INFO  DumpRange.java> 8226ee6c stw r30,0xc(r29) (GhidraScript)  
INFO  DumpRange.java> 8226ee70 bl 0x82097420 (GhidraScript)  
INFO  DumpRange.java> 8226ee74 lwz r11,0x8(r3) (GhidraScript)  
INFO  DumpRange.java> 8226ee78 or r10,r30,r30 (GhidraScript)  
INFO  DumpRange.java> 8226ee7c add r9,r11,r27 (GhidraScript)  
INFO  DumpRange.java> 8226ee80 lwz r11,0x0(r9) (GhidraScript)  
INFO  DumpRange.java> 8226ee84 lbz r11,0x0(r11) (GhidraScript)  
INFO  DumpRange.java> 8226ee88 cmpwi cr6,r11,0x0 (GhidraScript)  
INFO  DumpRange.java> 8226ee8c stw r11,0x10(r29) (GhidraScript)  
INFO  DumpRange.java> 8226ee90 ble cr6,0x8226eee0 (GhidraScript)  
INFO  DumpRange.java> 8226ee94 or r11,r30,r30 (GhidraScript)  
INFO  DumpRange.java> 8226ee98 lwz r8,0x4(r9) (GhidraScript)  
INFO  DumpRange.java> 8226ee9c add r8,r8,r11 (GhidraScript)  
INFO  DumpRange.java> 8226eea0 lwz r8,0x4(r8) (GhidraScript)  
INFO  DumpRange.java> 8226eea4 lwz r8,0x4(r8) (GhidraScript)  
INFO  DumpRange.java> 8226eea8 lwz r8,0x0(r8) (GhidraScript)  
INFO  DumpRange.java> 8226eeac lbz r8,0x9(r8) (GhidraScript)  
INFO  DumpRange.java> 8226eeb0 rlwinm r8,r8,0x0,0x1f,0x1f (GhidraScript)  
INFO  DumpRange.java> 8226eeb4 cmplwi cr6,r8,0x0 (GhidraScript)  
INFO  DumpRange.java> 8226eeb8 bne cr6,0x8226eecc (GhidraScript)  
INFO  DumpRange.java> 8226eebc lwz r8,0xc(r29) (GhidraScript)  
INFO  DumpRange.java> 8226eec0 slw r7,r17,r10 (GhidraScript)  
INFO  DumpRange.java> 8226eec4 or r8,r7,r8 (GhidraScript)  
INFO  DumpRange.java> 8226eec8 stw r8,0xc(r29) (GhidraScript)  
INFO  DumpRange.java> 8226eecc lwz r8,0x10(r29) (GhidraScript)  
INFO  DumpRange.java> 8226eed0 addi r10,r10,0x1 (GhidraScript)  
INFO  DumpRange.java> 8226eed4 addi r11,r11,0x8 (GhidraScript)  
INFO  DumpRange.java> 8226eed8 cmpw cr6,r10,r8 (GhidraScript)  
INFO  DumpRange.java> 8226eedc blt cr6,0x8226ee98 (GhidraScript)  
INFO  DumpRange.java> 8226eee0 or r3,r31,r31 (GhidraScript)  
INFO  DumpRange.java> 8226eee4 addi r26,r26,0x1 (GhidraScript)  
INFO  DumpRange.java> 8226eee8 addi r28,r28,0x14 (GhidraScript)  
INFO  DumpRange.java> 8226eeec addi r27,r27,0x8 (GhidraScript)  
INFO  DumpRange.java> 8226eef0 bl 0x820973a0 (GhidraScript)  
INFO  DumpRange.java> 8226eef4 cmpw cr6,r26,r3 (GhidraScript)  
INFO  DumpRange.java> 8226eef8 blt cr6,0x8226ee50 (GhidraScript)  
INFO  DumpRange.java> 8226eefc addi r11,r31,0x6c (GhidraScript)  
INFO  DumpRange.java> 8226ef00 stw r30,0x340(r31) (GhidraScript)  
INFO  DumpRange.java> 8226ef04 li r10,0x18 (GhidraScript)  
INFO  DumpRange.java> 8226ef08 lwz r9,0x0(r11) (GhidraScript)  
INFO  DumpRange.java> 8226ef0c rlwinm r9,r9,0x0,0x1e,0x1c (GhidraScript)  
INFO  DumpRange.java> 8226ef10 rlwinm r8,r9,0x1f,0x1f,0x1f (GhidraScript)  
INFO  DumpRange.java> 8226ef14 cmplwi cr6,r8,0x0 (GhidraScript)  
INFO  DumpRange.java> 8226ef18 stw r9,0x0(r11) (GhidraScript)  
INFO  DumpRange.java> 8226ef1c beq cr6,0x8226ef28 (GhidraScript)  
INFO  DumpRange.java> 8226ef20 fmr f0,f31 (GhidraScript)  
INFO  DumpRange.java> 8226ef24 b 0x8226ef2c (GhidraScript)  
INFO  DumpRange.java> 8226ef28 lfs f0,-0x4(r11) (GhidraScript)  
INFO  DumpRange.java> 8226ef2c rlwinm r9,r9,0x0,0x0,0x1e (GhidraScript)  
INFO  DumpRange.java> 8226ef30 stfs f0,-0x8(r11) (GhidraScript)  
INFO  DumpRange.java> 8226ef34 subi r10,r10,0x1 (GhidraScript)  
INFO  DumpRange.java> 8226ef38 cmplwi cr6,r10,0x0 (GhidraScript)  
INFO  DumpRange.java> 8226ef3c stw r9,0x0(r11) (GhidraScript)  
INFO  DumpRange.java> 8226ef40 addi r11,r11,0x10 (GhidraScript)  
INFO  DumpRange.java> 8226ef44 bne cr6,0x8226ef08 (GhidraScript)  
INFO  DumpRange.java> 8226ef48 lwz r10,0x6c(r31) (GhidraScript)  
INFO  DumpRange.java> 8226ef4c addi r11,r31,0x1b0 (GhidraScript)  
INFO  DumpRange.java> 8226ef50 stfs f31,0x68(r31) (GhidraScript)  
INFO  DumpRange.java> 8226ef54 rlwimi r10,r17,0x1,0x1d,0x1e (GhidraScript)  
INFO  DumpRange.java> 8226ef58 stfs f31,0x64(r31) (GhidraScript)  
INFO  DumpRange.java> 8226ef5c rlwinm r9,r10,0x0,0x0,0x1e (GhidraScript)  
INFO  DumpRange.java> 8226ef60 rlwinm r8,r10,0x1f,0x1,0x1f (GhidraScript)  
INFO  DumpRange.java> 8226ef64 stw r10,0x6c(r31) (GhidraScript)  
INFO  DumpRange.java> 8226ef68 rlwinm r8,r8,0x0,0x18,0x1f (GhidraScript)  
INFO  DumpRange.java> 8226ef6c stw r9,0x6c(r31) (GhidraScript)  
INFO  DumpRange.java> 8226ef70 stfs f31,0x8(r11) (GhidraScript)  
INFO  DumpRange.java> 8226ef74 lwz r10,0xc(r11) (GhidraScript)  
INFO  DumpRange.java> 8226ef78 stfs f31,0x4(r11) (GhidraScript)  
INFO  DumpRange.java> 8226ef7c rlwimi r10,r17,0x1,0x1d,0x1e (GhidraScript)  
INFO  DumpRange.java> 8226ef80 rlwinm r9,r10,0x0,0x0,0x1e (GhidraScript)  
INFO  DumpRange.java> 8226ef84 rlwinm r8,r10,0x1f,0x1,0x1f (GhidraScript)  
INFO  DumpRange.java> 8226ef88 stw r10,0xc(r11) (GhidraScript)  
INFO  DumpRange.java> 8226ef8c rlwinm r8,r8,0x0,0x18,0x1f (GhidraScript)  
INFO  DumpRange.java> 8226ef90 stw r9,0xc(r11) (GhidraScript)  
INFO  DumpRange.java> 8226ef94 lwz r10,0x264(r31) (GhidraScript)  
INFO  DumpRange.java> 8226ef98 cmplwi cr6,r10,0x0 (GhidraScript)  
INFO  DumpRange.java> 8226ef9c beq cr6,0x8226efd8 (GhidraScript)  
INFO  DumpRange.java> 8226efa0 lwz r10,0x0(r10) (GhidraScript)  
INFO  DumpRange.java> 8226efa4 addi r11,r31,0x190 (GhidraScript)  
INFO  DumpRange.java> 8226efa8 lfs f0,0x8(r10) (GhidraScript)  
INFO  DumpRange.java> 8226efac lwz r10,0xc(r11) (GhidraScript)  
INFO  DumpRange.java> 8226efb0 stfs f0,0x8(r11) (GhidraScript)  
INFO  DumpRange.java> 8226efb4 rlwinm r10,r10,0x0,0x1f,0x1c (GhidraScript)  
INFO  DumpRange.java> 8226efb8 rlwinm r9,r10,0x1f,0x1f,0x1f (GhidraScript)  
INFO  DumpRange.java> 8226efbc cmplwi cr6,r9,0x0 (GhidraScript)  
INFO  DumpRange.java> 8226efc0 stw r10,0xc(r11) (GhidraScript)  
INFO  DumpRange.java> 8226efc4 beq cr6,0x8226efcc (GhidraScript)  
INFO  DumpRange.java> 8226efc8 fmr f0,f31 (GhidraScript)  
INFO  DumpRange.java> 8226efcc rlwinm r10,r10,0x0,0x0,0x1e (GhidraScript)  
INFO  DumpRange.java> 8226efd0 stfs f0,0x4(r11) (GhidraScript)  
INFO  DumpRange.java> 8226efd4 stw r10,0xc(r11) (GhidraScript)  
INFO  DumpRange.java> 8226efd8 lwz r11,0x2c(r31) (GhidraScript)  
INFO  DumpRange.java> 8226efdc cmplwi cr6,r11,0x0 (GhidraScript)  
INFO  DumpRange.java> 8226efe0 beq cr6,0x8226f020 (GhidraScript)  
INFO  DumpRange.java> 8226efe4 or r3,r31,r31 (GhidraScript)  
INFO  DumpRange.java> 8226efe8 or r28,r30,r30 (GhidraScript)  
INFO  DumpRange.java> 8226efec bl 0x820973d0 (GhidraScript)  
INFO  DumpRange.java> 8226eff0 cmpwi cr6,r3,0x0 (GhidraScript)  
INFO  DumpRange.java> 8226eff4 ble cr6,0x8226f020 (GhidraScript)  
INFO  DumpRange.java> 8226eff8 or r29,r30,r30 (GhidraScript)  
INFO  DumpRange.java> 8226effc lwz r11,0x2c(r31) (GhidraScript)  
INFO  DumpRange.java> 8226f000 lfs f0,-0x7ee0(r18) (GhidraScript)  
INFO  DumpRange.java> 8226f004 or r3,r31,r31 (GhidraScript)  
INFO  DumpRange.java> 8226f008 addi r28,r28,0x1 (GhidraScript)  
INFO  DumpRange.java> 8226f00c stfsx f0,r29,r11 (GhidraScript)  
INFO  DumpRange.java> 8226f010 addi r29,r29,0x4 (GhidraScript)  
INFO  DumpRange.java> 8226f014 bl 0x820973d0 (GhidraScript)  
INFO  DumpRange.java> 8226f018 cmpw cr6,r28,r3 (GhidraScript)  
INFO  DumpRange.java> 8226f01c blt cr6,0x8226effc (GhidraScript)  
INFO  DumpRange.java> 8226f020 lwz r3,0x29c(r31) (GhidraScript)  
INFO  DumpRange.java> 8226f024 lfs f0,-0x7ee0(r18) (GhidraScript)  
INFO  DumpRange.java> 8226f028 stfs f0,0x284(r31) (GhidraScript)  
INFO  DumpRange.java> 8226f02c stw r30,0x268(r31) (GhidraScript)  
INFO  DumpRange.java> 8226f030 stfs f0,0x288(r31) (GhidraScript)  
INFO  DumpRange.java> 8226f034 stw r30,0x26c(r31) (GhidraScript)  
INFO  DumpRange.java> 8226f038 cmplwi cr6,r3,0x0 (GhidraScript)  
INFO  DumpRange.java> 8226f03c beq cr6,0x8226f050 (GhidraScript)  
INFO  DumpRange.java> 8226f040 lwz r11,0x0(r3) (GhidraScript)  
INFO  DumpRange.java> 8226f044 lwz r11,0x30(r11) (GhidraScript)  
INFO  DumpRange.java> 8226f048 mtspr CTR,r11 (GhidraScript)  
INFO  DumpRange.java> 8226f04c bctrl (GhidraScript)  
INFO  DumpRange.java> 8226f050 lis r11,0x3 (GhidraScript)  
INFO  DumpRange.java> 8226f054 stfs f31,0x32c(r31) (GhidraScript)  
INFO  DumpRange.java> 8226f058 stw r30,0x338(r31) (GhidraScript)  
INFO  DumpRange.java> 8226f05c li r24,-0x1 (GhidraScript)  
INFO  DumpRange.java> 8226f060 ori r10,r11,0x7038 (GhidraScript)  
INFO  DumpRange.java> 8226f064 stw r30,0x33c(r31) (GhidraScript)  
INFO  DumpRange.java> 8226f068 lis r11,0x3 (GhidraScript)  
INFO  DumpRange.java> 8226f06c stw r30,0x324(r31) (GhidraScript)  
INFO  DumpRange.java> 8226f070 stw r30,0x328(r31) (GhidraScript)  
INFO  DumpRange.java> 8226f074 li r4,0x1 (GhidraScript)  
INFO  DumpRange.java> 8226f078 ori r26,r11,0x6054 (GhidraScript)  
INFO  DumpRange.java> 8226f07c stw r30,0x330(r31) (GhidraScript)  
INFO  DumpRange.java> 8226f080 stw r30,0x334(r31) (GhidraScript)  
INFO  DumpRange.java> 8226f084 lwz r11,0x4eb4(r23) (GhidraScript)  
INFO  DumpRange.java> 8226f088 stwx r24,r11,r10 (GhidraScript)  
INFO  DumpRange.java> 8226f08c lwz r11,0x4eb4(r23) (GhidraScript)  
INFO  DumpRange.java> 8226f090 lwzx r3,r11,r26 (GhidraScript)  
INFO  DumpRange.java> 8226f094 lwz r11,0x0(r3) (GhidraScript)  
INFO  DumpRange.java> 8226f098 lwz r11,0xd8(r11) (GhidraScript)  
INFO  DumpRange.java> 8226f09c mtspr CTR,r11 (GhidraScript)  
INFO  DumpRange.java> 8226f0a0 bctrl (GhidraScript)  
INFO  DumpRange.java> 8226f0a4 lis r11,0x2 (GhidraScript)  
INFO  DumpRange.java> 8226f0a8 ori r28,r11,0x9fc8 (GhidraScript)  
INFO  DumpRange.java> 8226f0ac lwz r11,0x4eb4(r23) (GhidraScript)  
INFO  DumpRange.java> 8226f0b0 add r11,r11,r28 (GhidraScript)  
INFO  DumpRange.java> 8226f0b4 lwz r10,0x0(r11) (GhidraScript)  
INFO  DumpRange.java> 8226f0b8 lwz r10,0x1008(r10) (GhidraScript)  
INFO  DumpRange.java> 8226f0bc cmpwi cr6,r10,0x0 (GhidraScript)  
INFO  DumpRange.java> 8226f0c0 beq cr6,0x8226f0cc (GhidraScript)  
INFO  DumpRange.java> 8226f0c4 lwz r4,0x880(r10) (GhidraScript)  
INFO  DumpRange.java> 8226f0c8 b 0x8226f0d0 (GhidraScript)  
INFO  DumpRange.java> 8226f0cc or r4,r30,r30 (GhidraScript)  
INFO  DumpRange.java> 8226f0d0 lwz r10,0x2a4(r31) (GhidraScript)  
INFO  DumpRange.java> 8226f0d4 lis r9,0x2 (GhidraScript)  
INFO  DumpRange.java> 8226f0d8 lis r8,0x3 (GhidraScript)  
INFO  DumpRange.java> 8226f0dc ori r27,r9,0xd3b4 (GhidraScript)  
INFO  DumpRange.java> 8226f0e0 addi r9,r31,0x2d8 (GhidraScript)  
INFO  DumpRange.java> 8226f0e4 ori r25,r8,0x62a8 (GhidraScript)  
INFO  DumpRange.java> 8226f0e8 stw r10,0x0(r11) (GhidraScript)  
INFO  DumpRange.java> 8226f0ec lwz r10,0x2ac(r31) (GhidraScript)  
INFO  DumpRange.java> 8226f0f0 lwz r11,0x4eb4(r23) (GhidraScript)  
INFO  DumpRange.java> 8226f0f4 stwx r10,r11,r27 (GhidraScript)  
INFO  DumpRange.java> 8226f0f8 lwz r11,0x4eb4(r23) (GhidraScript)  
INFO  DumpRange.java> 8226f0fc stwx r9,r11,r25 (GhidraScript)  
INFO  DumpRange.java> 8226f100 lwz r11,0x4eb4(r23) (GhidraScript)  
INFO  DumpRange.java> 8226f104 lwzx r10,r11,r28 (GhidraScript)  
INFO  DumpRange.java> 8226f108 lwz r3,0x1008(r10) (GhidraScript)  
INFO  DumpRange.java> 8226f10c cmpwi cr6,r3,0x0 (GhidraScript)  
INFO  DumpRange.java> 8226f110 beq cr6,0x8226f11c (GhidraScript)  
INFO  DumpRange.java> 8226f114 bl 0x8222a380 (GhidraScript)  
INFO  DumpRange.java> 8226f118 lwz r11,0x4eb4(r23) (GhidraScript)  
INFO  DumpRange.java> 8226f11c lis r9,0x2 (GhidraScript)  
INFO  DumpRange.java> 8226f120 lwz r10,0x2b4(r31) (GhidraScript)  
INFO  DumpRange.java> 8226f124 or r3,r31,r31 (GhidraScript)  
INFO  DumpRange.java> 8226f128 fmr f1,f31 (GhidraScript)  
INFO  DumpRange.java> 8226f12c ori r29,r9,0xd7cc (GhidraScript)  
INFO  DumpRange.java> 8226f130 stwx r10,r11,r29 (GhidraScript)  
INFO  DumpRange.java> 8226f134 bl 0x8226e890 (GhidraScript)  
INFO  DumpRange.java> 8226f138 or r3,r31,r31 (GhidraScript)  
INFO  DumpRange.java> 8226f13c bl 0x8226d040 (GhidraScript)  
INFO  DumpRange.java> 8226f140 lwz r11,0x4eb4(r23) (GhidraScript)  
INFO  DumpRange.java> 8226f144 lwzx r3,r11,r29 (GhidraScript)  
INFO  DumpRange.java> 8226f148 bl 0x82218a18 (GhidraScript)  
INFO  DumpRange.java> 8226f14c lwz r11,0x4eb4(r23) (GhidraScript)  
INFO  DumpRange.java> 8226f150 li r4,0x0 (GhidraScript)  
INFO  DumpRange.java> 8226f154 lwzx r3,r11,r26 (GhidraScript)  
INFO  DumpRange.java> 8226f158 lwz r11,0x0(r3) (GhidraScript)  
INFO  DumpRange.java> 8226f15c lwz r11,0xd8(r11) (GhidraScript)  
INFO  DumpRange.java> 8226f160 mtspr CTR,r11 (GhidraScript)  
INFO  DumpRange.java> 8226f164 bctrl (GhidraScript)  
INFO  DumpRange.java> 8226f168 lwz r11,0x4eb4(r23) (GhidraScript)  
INFO  DumpRange.java> 8226f16c add r11,r11,r28 (GhidraScript)  
INFO  REPORT: Execute script: DumpU32Range.java '0x82054d90' '0x82054f20'  (HeadlessAnalyzer)  
INFO  SCRIPT: /fastdata/lavaulta/auto-re-agent/workspaces/ace-combat-6/scripts/DumpU32Range.java (HeadlessAnalyzer)  
INFO  DumpU32Range.java> 82054d90 0x8206d844 (GhidraScript)  
INFO  DumpU32Range.java> 82054d94 0x82093818 (GhidraScript)  
INFO  DumpU32Range.java> 82054d98 0x8206d7fc (GhidraScript)  
INFO  DumpU32Range.java> 82054d9c 0x82093870 (GhidraScript)  
INFO  DumpU32Range.java> 82054da0 0x82093860 (GhidraScript)  
INFO  DumpU32Range.java> 82054da4 0x8206d7b4 (GhidraScript)  
INFO  DumpU32Range.java> 82054da8 0x82093a10 (GhidraScript)  
INFO  DumpU32Range.java> 82054dac 0x8206d76c (GhidraScript)  
INFO  DumpU32Range.java> 82054db0 0x82265eb8 (GhidraScript)  
INFO  DumpU32Range.java> 82054db4 0x822ddbe8 (GhidraScript)  
INFO  DumpU32Range.java> 82054db8 0x8206d724 (GhidraScript)  
INFO  DumpU32Range.java> 82054dbc 0x82093a68 (GhidraScript)  
INFO  DumpU32Range.java> 82054dc0 0x8206d6d8 (GhidraScript)  
INFO  DumpU32Range.java> 82054dc4 0x8209b128 (GhidraScript)  
INFO  DumpU32Range.java> 82054dc8 0x82093860 (GhidraScript)  
INFO  DumpU32Range.java> 82054dcc 0x8206d690 (GhidraScript)  
INFO  DumpU32Range.java> 82054dd0 0x82093ab0 (GhidraScript)  
INFO  DumpU32Range.java> 82054dd4 0x8206d644 (GhidraScript)  
INFO  DumpU32Range.java> 82054dd8 0x82093b20 (GhidraScript)  
INFO  DumpU32Range.java> 82054ddc 0x8226f230 (GhidraScript)  
INFO  DumpU32Range.java> 82054de0 0x822ddbe8 (GhidraScript)  
INFO  DumpU32Range.java> 82054de4 0x822ddbe8 (GhidraScript)  
INFO  DumpU32Range.java> 82054de8 0x822ddbe8 (GhidraScript)  
INFO  DumpU32Range.java> 82054dec 0x822ddbe8 (GhidraScript)  
INFO  DumpU32Range.java> 82054df0 0x822ddbe8 (GhidraScript)  
INFO  DumpU32Range.java> 82054df4 0x8226eb88 (GhidraScript)  
INFO  DumpU32Range.java> 82054df8 0x8206d5fc (GhidraScript)  
INFO  DumpU32Range.java> 82054dfc 0x82093b90 (GhidraScript)  
INFO  DumpU32Range.java> 82054e00 0x8206d5b4 (GhidraScript)  
INFO  DumpU32Range.java> 82054e04 0x82093bd8 (GhidraScript)  
INFO  DumpU32Range.java> 82054e08 0x8206d56c (GhidraScript)  
INFO  DumpU32Range.java> 82054e0c 0x822aad38 (GhidraScript)  
INFO  DumpU32Range.java> 82054e10 0x822663a8 (GhidraScript)  
INFO  DumpU32Range.java> 82054e14 0x8206d524 (GhidraScript)  
INFO  DumpU32Range.java> 82054e18 0x82093cc8 (GhidraScript)  
INFO  DumpU32Range.java> 82054e1c 0x822ddbe8 (GhidraScript)  
INFO  DumpU32Range.java> 82054e20 0x822ddbe8 (GhidraScript)  
INFO  DumpU32Range.java> 82054e24 0x822ddbe8 (GhidraScript)  
INFO  DumpU32Range.java> 82054e28 0x822ddbe8 (GhidraScript)  
INFO  DumpU32Range.java> 82054e2c 0x822ddbe8 (GhidraScript)  
INFO  DumpU32Range.java> 82054e30 0x822663a8 (GhidraScript)  
INFO  DumpU32Range.java> 82054e34 0x82250f48 (GhidraScript)  
INFO  DumpU32Range.java> 82054e38 0x822ddbe8 (GhidraScript)  
INFO  DumpU32Range.java> 82054e3c 0x8206d4a4 (GhidraScript)  
INFO  DumpU32Range.java> 82054e40 0x82097210 (GhidraScript)  
INFO  DumpU32Range.java> 82054e44 0x82096848 (GhidraScript)  
INFO  DumpU32Range.java> 82054e48 0x8206d458 (GhidraScript)  
INFO  DumpU32Range.java> 82054e4c 0x82097210 (GhidraScript)  
INFO  DumpU32Range.java> 82054e50 0x820968e8 (GhidraScript)  
INFO  DumpU32Range.java> 82054e54 0x8206d410 (GhidraScript)  
INFO  DumpU32Range.java> 82054e58 0x82093c70 (GhidraScript)  
INFO  DumpU32Range.java> 82054e5c 0x8206d3fc (GhidraScript)  
INFO  DumpU32Range.java> 82054e60 0x82097210 (GhidraScript)  
INFO  DumpU32Range.java> 82054e64 0x82380428 (GhidraScript)  
INFO  DumpU32Range.java> 82054e68 0x8206d3b0 (GhidraScript)  
INFO  DumpU32Range.java> 82054e6c 0x820940e8 (GhidraScript)  
INFO  DumpU32Range.java> 82054e70 0x82214c60 (GhidraScript)  
INFO  DumpU32Range.java> 82054e74 0x822154d0 (GhidraScript)  
INFO  DumpU32Range.java> 82054e78 0x822146f8 (GhidraScript)  
INFO  DumpU32Range.java> 82054e7c 0x82214c08 (GhidraScript)  
INFO  DumpU32Range.java> 82054e80 0x822ddbe8 (GhidraScript)  
INFO  DumpU32Range.java> 82054e84 0x82221328 (GhidraScript)  
INFO  DumpU32Range.java> 82054e88 0x8221e850 (GhidraScript)  
INFO  DumpU32Range.java> 82054e8c 0x822155d0 (GhidraScript)  
INFO  DumpU32Range.java> 82054e90 0x8221e8c8 (GhidraScript)  
INFO  DumpU32Range.java> 82054e94 0x8221e948 (GhidraScript)  
INFO  DumpU32Range.java> 82054e98 0x8221e9c8 (GhidraScript)  
INFO  DumpU32Range.java> 82054e9c 0x822213a8 (GhidraScript)  
INFO  DumpU32Range.java> 82054ea0 0x82221428 (GhidraScript)  
INFO  DumpU32Range.java> 82054ea4 0x822214a8 (GhidraScript)  
INFO  DumpU32Range.java> 82054ea8 0x82221528 (GhidraScript)  
INFO  DumpU32Range.java> 82054eac 0x822215a8 (GhidraScript)  
INFO  DumpU32Range.java> 82054eb0 0x8221ea48 (GhidraScript)  
INFO  DumpU32Range.java> 82054eb4 0x82221628 (GhidraScript)  
INFO  DumpU32Range.java> 82054eb8 0x8221eac8 (GhidraScript)  
INFO  DumpU32Range.java> 82054ebc 0x822216b0 (GhidraScript)  
INFO  DumpU32Range.java> 82054ec0 0x82221730 (GhidraScript)  
INFO  DumpU32Range.java> 82054ec4 0x822217b0 (GhidraScript)  
INFO  DumpU32Range.java> 82054ec8 0x82221d00 (GhidraScript)  
INFO  DumpU32Range.java> 82054ecc 0x82221c10 (GhidraScript)  
INFO  DumpU32Range.java> 82054ed0 0x82221c88 (GhidraScript)  
INFO  DumpU32Range.java> 82054ed4 0x82221830 (GhidraScript)  
INFO  DumpU32Range.java> 82054ed8 0x8221eb68 (GhidraScript)  
INFO  DumpU32Range.java> 82054edc 0x8221ebe8 (GhidraScript)  
INFO  DumpU32Range.java> 82054ee0 0x8221ec60 (GhidraScript)  
INFO  DumpU32Range.java> 82054ee4 0x8221ecd8 (GhidraScript)  
INFO  DumpU32Range.java> 82054ee8 0x822218b0 (GhidraScript)  
INFO  DumpU32Range.java> 82054eec 0x82221930 (GhidraScript)  
INFO  DumpU32Range.java> 82054ef0 0x822179e8 (GhidraScript)  
INFO  DumpU32Range.java> 82054ef4 0x8221ed58 (GhidraScript)  
INFO  DumpU32Range.java> 82054ef8 0x8221edd8 (GhidraScript)  
INFO  DumpU32Range.java> 82054efc 0x82217a60 (GhidraScript)  
INFO  DumpU32Range.java> 82054f00 0x822219a8 (GhidraScript)  
INFO  DumpU32Range.java> 82054f04 0x82221a28 (GhidraScript)  
INFO  DumpU32Range.java> 82054f08 0x8206d368 (GhidraScript)  
INFO  DumpU32Range.java> 82054f0c 0x82094be8 (GhidraScript)  
INFO  DumpU32Range.java> 82054f10 0x8206d31c (GhidraScript)  
INFO  DumpU32Range.java> 82054f14 0x82265eb8 (GhidraScript)  
INFO  DumpU32Range.java> 82054f18 0x822702f0 (GhidraScript)  
INFO  DumpU32Range.java> 82054f1c 0x8226fe90 (GhidraScript)  
INFO  REPORT: Execute script: FindU32Any.java '0x82054db0'  (HeadlessAnalyzer)  
INFO  SCRIPT: /fastdata/lavaulta/auto-re-agent/workspaces/ace-combat-6/scripts/FindU32Any.java (HeadlessAnalyzer)  
INFO  REPORT: Save succeeded for processed file: /default.xex (HeadlessAnalyzer)  
openjdk version "21.0.11" 2026-04-21
OpenJDK Runtime Environment (build 21.0.11+10-1-26.04.2-Ubuntu)
OpenJDK 64-Bit Server VM (build 21.0.11+10-1-26.04.2-Ubuntu, mixed mode)
INFO  Using log config file: jar:file:/fastdata/lavaulta/auto-re-agent/.tools/ghidra_12.1.2_PUBLIC/Ghidra/Framework/Generic/lib/Generic.jar!/generic.log4j.xml (LoggingInitialization)  
INFO  Using log file: /home/lavaulta/.config/ghidra/ghidra_12.1.2_PUBLIC/application.log (LoggingInitialization)  
INFO  Loading user preferences: /home/lavaulta/.config/ghidra/ghidra_12.1.2_PUBLIC/preferences (Preferences)  
INFO  Searching for classes... (ClassSearcher)  
INFO  Ignoring class 'xexloaderwv.XEXLoaderWVLoader' from '/fastdata/lavaulta/auto-re-agent/.tools/ghidra_12.1.2_PUBLIC/Ghidra/Extensions/XEXLoaderWV/lib/XEXLoaderWV.jar'. Already found at '/fastdata/lavaulta/auto-re-agent/.tools/ghidra_12.1.2_PUBLIC/Ghidra/patch/XEXLoaderWV-java21.jar'. (ClassSearcher)  
INFO  Class search complete (1475 ms) (ClassSearcher)  
INFO  Initializing SSL Context (DefaultSSLContextInitializer)  
INFO  Initializing Random Number Generator... (SecureRandomFactory)  
INFO  Random Number Generator initialization complete: NativePRNGNonBlocking (SecureRandomFactory)  
INFO  Trust manager disabled, cacerts have not been set (DefaultTrustManagerFactory)  
INFO  Headless startup complete (3026 ms) (AnalyzeHeadless)  
INFO  Class searcher loaded 59 extension points (20 false positives) (ClassSearcher)  
INFO  HEADLESS Script Paths:
    /fastdata/lavaulta/auto-re-agent/.tools/ghidra_12.1.2_PUBLIC/Ghidra/Features/MicrosoftCodeAnalyzer/ghidra_scripts
    /fastdata/lavaulta/auto-re-agent/.tools/ghidra_12.1.2_PUBLIC/Ghidra/Features/PDB/ghidra_scripts
    /fastdata/lavaulta/auto-re-agent/.tools/ghidra_12.1.2_PUBLIC/Ghidra/Processors/8051/ghidra_scripts
    /fastdata/lavaulta/auto-re-agent/.tools/ghidra_12.1.2_PUBLIC/Ghidra/Features/Base/ghidra_scripts
    /fastdata/lavaulta/auto-re-agent/workspaces/ace-combat-6/scripts
    /fastdata/lavaulta/auto-re-agent/.tools/ghidra_12.1.2_PUBLIC/Ghidra/Features/FileFormats/ghidra_scripts
    /fastdata/lavaulta/auto-re-agent/.tools/ghidra_12.1.2_PUBLIC/Ghidra/Features/GnuDemangler/ghidra_scripts
    /fastdata/lavaulta/auto-re-agent/.tools/ghidra_12.1.2_PUBLIC/Ghidra/Extensions/ghidra-emotionengine-reloaded/ghidra_scripts
    /fastdata/lavaulta/auto-re-agent/.tools/ghidra_12.1.2_PUBLIC/Ghidra/Features/Decompiler/ghidra_scripts
    /fastdata/lavaulta/auto-re-agent/.tools/ghidra_12.1.2_PUBLIC/Ghidra/Features/FunctionID/ghidra_scripts
    /fastdata/lavaulta/auto-re-agent/.tools/ghidra_12.1.2_PUBLIC/Ghidra/Features/DecompilerDependent/ghidra_scripts
    /fastdata/lavaulta/auto-re-agent/.tools/ghidra_12.1.2_PUBLIC/Ghidra/Processors/DATA/ghidra_scripts
    /fastdata/lavaulta/auto-re-agent/.tools/ghidra_12.1.2_PUBLIC/Ghidra/Debug/Debugger-rmi-trace/ghidra_scripts
    /fastdata/lavaulta/auto-re-agent/.tools/ghidra_12.1.2_PUBLIC/Ghidra/Features/SwiftDemangler/ghidra_scripts
    /fastdata/lavaulta/auto-re-agent/.tools/ghidra_12.1.2_PUBLIC/Ghidra/Debug/Debugger/ghidra_scripts
    /fastdata/lavaulta/auto-re-agent/.tools/ghidra_12.1.2_PUBLIC/Ghidra/Processors/PIC/ghidra_scripts
    /fastdata/lavaulta/auto-re-agent/.tools/ghidra_12.1.2_PUBLIC/Ghidra/Extensions/XEXLoaderWV/ghidra_scripts
    /fastdata/lavaulta/auto-re-agent/.tools/ghidra_12.1.2_PUBLIC/Ghidra/Features/WildcardAssembler/ghidra_scripts
    /fastdata/lavaulta/auto-re-agent/.tools/ghidra_12.1.2_PUBLIC/Ghidra/Features/PyGhidra/ghidra_scripts
    /fastdata/lavaulta/auto-re-agent/.tools/ghidra_12.1.2_PUBLIC/Ghidra/Features/BSim/ghidra_scripts
    /fastdata/lavaulta/auto-re-agent/.tools/ghidra_12.1.2_PUBLIC/Ghidra/Features/VersionTracking/ghidra_scripts
    /fastdata/lavaulta/auto-re-agent/.tools/ghidra_12.1.2_PUBLIC/Ghidra/Features/BytePatterns/ghidra_scripts
    /fastdata/lavaulta/auto-re-agent/.tools/ghidra_12.1.2_PUBLIC/Ghidra/Processors/Atmel/ghidra_scripts
    /fastdata/lavaulta/auto-re-agent/.tools/ghidra_12.1.2_PUBLIC/Ghidra/Features/SystemEmulation/ghidra_scripts
    /fastdata/lavaulta/auto-re-agent/.tools/ghidra_12.1.2_PUBLIC/Ghidra/Processors/JVM/ghidra_scripts (HeadlessAnalyzer)  
INFO  HEADLESS: execution starts (HeadlessAnalyzer)  
INFO  Opening existing project: /fastdata/lavaulta/auto-re-agent/workspaces/ace-combat-6/ghidra-projects/ace-combat-6-corrected (HeadlessAnalyzer)  
INFO  Opening project: /fastdata/lavaulta/auto-re-agent/workspaces/ace-combat-6/ghidra-projects/ace-combat-6-corrected (HeadlessProject)  
INFO  REPORT: Processing project file: /default.xex (HeadlessAnalyzer)  
INFO  REPORT: Execute script: DumpRange.java '0x82093e40' '0x82094120'  (HeadlessAnalyzer)  
INFO  SCRIPT: /fastdata/lavaulta/auto-re-agent/workspaces/ace-combat-6/scripts/DumpRange.java (HeadlessAnalyzer)  
INFO  DumpRange.java> 82093e40 addis r3,r11,0x16 (GhidraScript)  
INFO  DumpRange.java> 82093e44 subi r3,r3,0x5588 (GhidraScript)  
INFO  DumpRange.java> 82093e48 bl 0x822383d0 (GhidraScript)  
INFO  DumpRange.java> 82093e4c or r11,r3,r3 (GhidraScript)  
INFO  DumpRange.java> 82093e50 addi r10,r1,0x50 (GhidraScript)  
INFO  DumpRange.java> 82093e54 lwz r9,0xcc(r11) (GhidraScript)  
INFO  DumpRange.java> 82093e58 lwz r8,0xc0(r11) (GhidraScript)  
INFO  DumpRange.java> 82093e5c lwz r7,0xc8(r11) (GhidraScript)  
INFO  DumpRange.java> 82093e60 lwz r6,0xc4(r11) (GhidraScript)  
INFO  DumpRange.java> 82093e64 stw r9,0x50(r1) (GhidraScript)  
INFO  DumpRange.java> 82093e68 stw r8,0x54(r1) (GhidraScript)  
INFO  DumpRange.java> 82093e6c stw r7,0x58(r1) (GhidraScript)  
INFO  DumpRange.java> 82093e70 stw r6,0x5c(r1) (GhidraScript)  
INFO  DumpRange.java> 82093e74 lfs f0,0x50(r1) (GhidraScript)  
INFO  DumpRange.java> 82093e78 fctidz f0,f0 (GhidraScript)  
INFO  DumpRange.java> 82093e7c stfiwx f0,0,r10 (GhidraScript)  
INFO  DumpRange.java> 82093e80 lfs f0,0x54(r1) (GhidraScript)  
INFO  DumpRange.java> 82093e84 fctidz f0,f0 (GhidraScript)  
INFO  DumpRange.java> 82093e88 lfs f13,0x58(r1) (GhidraScript)  
INFO  DumpRange.java> 82093e8c fctidz f13,f13 (GhidraScript)  
INFO  DumpRange.java> 82093e90 lfs f12,0x5c(r1) (GhidraScript)  
INFO  DumpRange.java> 82093e94 fctidz f12,f12 (GhidraScript)  
INFO  DumpRange.java> 82093e98 lwz r10,0x50(r1) (GhidraScript)  
INFO  DumpRange.java> 82093e9c addi r9,r1,0x50 (GhidraScript)  
INFO  DumpRange.java> 82093ea0 stfiwx f0,0,r9 (GhidraScript)  
INFO  DumpRange.java> 82093ea4 lwz r9,0x50(r1) (GhidraScript)  
INFO  DumpRange.java> 82093ea8 addi r8,r1,0x50 (GhidraScript)  
INFO  DumpRange.java> 82093eac rlwimi r10,r9,0x8,0x0,0x17 (GhidraScript)  
INFO  DumpRange.java> 82093eb0 stfiwx f13,0,r8 (GhidraScript)  
INFO  DumpRange.java> 82093eb4 lwz r9,0x50(r1) (GhidraScript)  
INFO  DumpRange.java> 82093eb8 addi r8,r1,0x50 (GhidraScript)  
INFO  DumpRange.java> 82093ebc rlwimi r9,r10,0x8,0x0,0x17 (GhidraScript)  
INFO  DumpRange.java> 82093ec0 or r10,r9,r9 (GhidraScript)  
INFO  DumpRange.java> 82093ec4 stfiwx f12,0,r8 (GhidraScript)  
INFO  DumpRange.java> 82093ec8 lwz r9,0x50(r1) (GhidraScript)  
INFO  DumpRange.java> 82093ecc addi r8,r1,0x50 (GhidraScript)  
INFO  DumpRange.java> 82093ed0 rlwimi r9,r10,0x8,0x0,0x17 (GhidraScript)  
INFO  DumpRange.java> 82093ed4 lis r10,-0x7d8a (GhidraScript)  
INFO  DumpRange.java> 82093ed8 subi r10,r10,0x707c (GhidraScript)  
INFO  DumpRange.java> 82093edc stw r9,0x0(r10) (GhidraScript)  
INFO  DumpRange.java> 82093ee0 lwz r9,0xdc(r11) (GhidraScript)  
INFO  DumpRange.java> 82093ee4 lwz r7,0xd0(r11) (GhidraScript)  
INFO  DumpRange.java> 82093ee8 lwz r6,0xd8(r11) (GhidraScript)  
INFO  DumpRange.java> 82093eec lwz r5,0xd4(r11) (GhidraScript)  
INFO  DumpRange.java> 82093ef0 stw r9,0x5c(r1) (GhidraScript)  
INFO  DumpRange.java> 82093ef4 stw r7,0x58(r1) (GhidraScript)  
INFO  DumpRange.java> 82093ef8 stw r6,0x54(r1) (GhidraScript)  
INFO  DumpRange.java> 82093efc stw r5,0x60(r1) (GhidraScript)  
INFO  DumpRange.java> 82093f00 lfs f0,0x5c(r1) (GhidraScript)  
INFO  DumpRange.java> 82093f04 fctidz f0,f0 (GhidraScript)  
INFO  DumpRange.java> 82093f08 stfiwx f0,0,r8 (GhidraScript)  
INFO  DumpRange.java> 82093f0c lfs f0,0x58(r1) (GhidraScript)  
INFO  DumpRange.java> 82093f10 fctidz f0,f0 (GhidraScript)  
INFO  DumpRange.java> 82093f14 lfs f13,0x54(r1) (GhidraScript)  
INFO  DumpRange.java> 82093f18 fctidz f13,f13 (GhidraScript)  
INFO  DumpRange.java> 82093f1c lfs f12,0x60(r1) (GhidraScript)  
INFO  DumpRange.java> 82093f20 fctidz f12,f12 (GhidraScript)  
INFO  DumpRange.java> 82093f24 lwz r9,0x50(r1) (GhidraScript)  
INFO  DumpRange.java> 82093f28 addi r8,r1,0x50 (GhidraScript)  
INFO  DumpRange.java> 82093f2c stfiwx f0,0,r8 (GhidraScript)  
INFO  DumpRange.java> 82093f30 lwz r8,0x50(r1) (GhidraScript)  
INFO  DumpRange.java> 82093f34 addi r7,r1,0x50 (GhidraScript)  
INFO  DumpRange.java> 82093f38 rlwimi r9,r8,0x8,0x0,0x17 (GhidraScript)  
INFO  DumpRange.java> 82093f3c stfiwx f13,0,r7 (GhidraScript)  
INFO  DumpRange.java> 82093f40 lwz r8,0x50(r1) (GhidraScript)  
INFO  DumpRange.java> 82093f44 addi r7,r1,0x50 (GhidraScript)  
INFO  DumpRange.java> 82093f48 rlwimi r8,r9,0x8,0x0,0x17 (GhidraScript)  
INFO  DumpRange.java> 82093f4c stfiwx f12,0,r7 (GhidraScript)  
INFO  DumpRange.java> 82093f50 lwz r9,0x50(r1) (GhidraScript)  
INFO  DumpRange.java> 82093f54 addi r7,r1,0x50 (GhidraScript)  
INFO  DumpRange.java> 82093f58 rlwimi r9,r8,0x8,0x0,0x17 (GhidraScript)  
INFO  DumpRange.java> 82093f5c stw r9,0x4(r10) (GhidraScript)  
INFO  DumpRange.java> 82093f60 lwz r9,0xbc(r11) (GhidraScript)  
INFO  DumpRange.java> 82093f64 stw r9,0x60(r1) (GhidraScript)  
INFO  DumpRange.java> 82093f68 lfs f0,0x60(r1) (GhidraScript)  
INFO  DumpRange.java> 82093f6c lwz r9,0xb0(r11) (GhidraScript)  
INFO  DumpRange.java> 82093f70 fctidz f0,f0 (GhidraScript)  
INFO  DumpRange.java> 82093f74 stfiwx f0,0,r7 (GhidraScript)  
INFO  DumpRange.java> 82093f78 lwz r6,0xb8(r11) (GhidraScript)  
INFO  DumpRange.java> 82093f7c lwz r5,0xb4(r11) (GhidraScript)  
INFO  DumpRange.java> 82093f80 stw r9,0x60(r1) (GhidraScript)  
INFO  DumpRange.java> 82093f84 stw r6,0x5c(r1) (GhidraScript)  
INFO  DumpRange.java> 82093f88 stw r5,0x58(r1) (GhidraScript)  
INFO  DumpRange.java> 82093f8c lwz r8,0x50(r1) (GhidraScript)  
INFO  DumpRange.java> 82093f90 addi r7,r1,0x50 (GhidraScript)  
INFO  DumpRange.java> 82093f94 lfs f0,0x60(r1) (GhidraScript)  
INFO  DumpRange.java> 82093f98 fctidz f0,f0 (GhidraScript)  
INFO  DumpRange.java> 82093f9c stfiwx f0,0,r7 (GhidraScript)  
INFO  DumpRange.java> 82093fa0 lfs f0,0x5c(r1) (GhidraScript)  
INFO  DumpRange.java> 82093fa4 fctidz f0,f0 (GhidraScript)  
INFO  DumpRange.java> 82093fa8 lfs f13,0x58(r1) (GhidraScript)  
INFO  DumpRange.java> 82093fac fctidz f13,f13 (GhidraScript)  
INFO  DumpRange.java> 82093fb0 lwz r9,0x50(r1) (GhidraScript)  
INFO  DumpRange.java> 82093fb4 addi r7,r1,0x50 (GhidraScript)  
INFO  DumpRange.java> 82093fb8 rlwimi r8,r9,0x8,0x0,0x17 (GhidraScript)  
INFO  DumpRange.java> 82093fbc stfiwx f0,0,r7 (GhidraScript)  
INFO  DumpRange.java> 82093fc0 lwz r9,0x50(r1) (GhidraScript)  
INFO  DumpRange.java> 82093fc4 addi r7,r1,0x50 (GhidraScript)  
INFO  DumpRange.java> 82093fc8 rlwimi r9,r8,0x8,0x0,0x17 (GhidraScript)  
INFO  DumpRange.java> 82093fcc or r8,r9,r9 (GhidraScript)  
INFO  DumpRange.java> 82093fd0 stfiwx f13,0,r7 (GhidraScript)  
INFO  DumpRange.java> 82093fd4 lwz r9,0x50(r1) (GhidraScript)  
INFO  DumpRange.java> 82093fd8 addi r7,r1,0x50 (GhidraScript)  
INFO  DumpRange.java> 82093fdc rlwimi r9,r8,0x8,0x0,0x17 (GhidraScript)  
INFO  DumpRange.java> 82093fe0 stw r9,0x8(r10) (GhidraScript)  
INFO  DumpRange.java> 82093fe4 lwz r10,0xac(r11) (GhidraScript)  
INFO  DumpRange.java> 82093fe8 lwz r9,0xa0(r11) (GhidraScript)  
INFO  DumpRange.java> 82093fec lwz r8,0xa8(r11) (GhidraScript)  
INFO  DumpRange.java> 82093ff0 lwz r6,0xa4(r11) (GhidraScript)  
INFO  DumpRange.java> 82093ff4 stw r10,0x60(r1) (GhidraScript)  
INFO  DumpRange.java> 82093ff8 stw r9,0x5c(r1) (GhidraScript)  
INFO  DumpRange.java> 82093ffc stw r8,0x58(r1) (GhidraScript)  
INFO  DumpRange.java> 82094000 stw r6,0x54(r1) (GhidraScript)  
INFO  DumpRange.java> 82094004 lfs f0,0x60(r1) (GhidraScript)  
INFO  DumpRange.java> 82094008 fctidz f0,f0 (GhidraScript)  
INFO  DumpRange.java> 8209400c stfiwx f0,0,r7 (GhidraScript)  
INFO  DumpRange.java> 82094010 lfs f0,0x5c(r1) (GhidraScript)  
INFO  DumpRange.java> 82094014 fctidz f0,f0 (GhidraScript)  
INFO  DumpRange.java> 82094018 lfs f13,0x58(r1) (GhidraScript)  
INFO  DumpRange.java> 8209401c fctidz f13,f13 (GhidraScript)  
INFO  DumpRange.java> 82094020 lfs f12,0x54(r1) (GhidraScript)  
INFO  DumpRange.java> 82094024 fctidz f12,f12 (GhidraScript)  
INFO  DumpRange.java> 82094028 lwz r10,0x50(r1) (GhidraScript)  
INFO  DumpRange.java> 8209402c addi r9,r1,0x50 (GhidraScript)  
INFO  DumpRange.java> 82094030 stfiwx f0,0,r9 (GhidraScript)  
INFO  DumpRange.java> 82094034 lwz r9,0x50(r1) (GhidraScript)  
INFO  DumpRange.java> 82094038 addi r8,r1,0x50 (GhidraScript)  
INFO  DumpRange.java> 8209403c rlwimi r10,r9,0x8,0x0,0x17 (GhidraScript)  
INFO  DumpRange.java> 82094040 stfiwx f13,0,r8 (GhidraScript)  
INFO  DumpRange.java> 82094044 lwz r9,0x50(r1) (GhidraScript)  
INFO  DumpRange.java> 82094048 addi r8,r1,0x50 (GhidraScript)  
INFO  DumpRange.java> 8209404c rlwimi r9,r10,0x8,0x0,0x17 (GhidraScript)  
INFO  DumpRange.java> 82094050 or r10,r9,r9 (GhidraScript)  
INFO  DumpRange.java> 82094054 stfiwx f12,0,r8 (GhidraScript)  
INFO  DumpRange.java> 82094058 lwz r9,0x50(r1) (GhidraScript)  
INFO  DumpRange.java> 8209405c addi r8,r1,0x50 (GhidraScript)  
INFO  DumpRange.java> 82094060 rlwimi r9,r10,0x8,0x0,0x17 (GhidraScript)  
INFO  DumpRange.java> 82094064 lis r10,-0x7dc1 (GhidraScript)  
INFO  DumpRange.java> 82094068 addi r10,r10,0x6e84 (GhidraScript)  
INFO  DumpRange.java> 8209406c stw r9,0x0(r10) (GhidraScript)  
INFO  DumpRange.java> 82094070 lwz r9,0x9c(r11) (GhidraScript)  
INFO  DumpRange.java> 82094074 lwz r7,0x90(r11) (GhidraScript)  
INFO  DumpRange.java> 82094078 lwz r6,0x98(r11) (GhidraScript)  
INFO  DumpRange.java> 8209407c stw r9,0x60(r1) (GhidraScript)  
INFO  DumpRange.java> 82094080 stw r7,0x5c(r1) (GhidraScript)  
INFO  DumpRange.java> 82094084 stw r6,0x58(r1) (GhidraScript)  
INFO  DumpRange.java> 82094088 lfs f0,0x60(r1) (GhidraScript)  
INFO  DumpRange.java> 8209408c fctidz f0,f0 (GhidraScript)  
INFO  DumpRange.java> 82094090 stfiwx f0,0,r8 (GhidraScript)  
INFO  DumpRange.java> 82094094 lfs f0,0x5c(r1) (GhidraScript)  
INFO  DumpRange.java> 82094098 fctidz f0,f0 (GhidraScript)  
INFO  DumpRange.java> 8209409c lfs f13,0x58(r1) (GhidraScript)  
INFO  DumpRange.java> 820940a0 lwz r9,0x50(r1) (GhidraScript)  
INFO  DumpRange.java> 820940a4 addi r8,r1,0x50 (GhidraScript)  
INFO  DumpRange.java> 820940a8 stfiwx f0,0,r8 (GhidraScript)  
INFO  DumpRange.java> 820940ac lwz r8,0x50(r1) (GhidraScript)  
INFO  DumpRange.java> 820940b0 rlwimi r9,r8,0x8,0x0,0x17 (GhidraScript)  
INFO  DumpRange.java> 820940b4 lwz r7,0x94(r11) (GhidraScript)  
INFO  DumpRange.java> 820940b8 addi r8,r1,0x50 (GhidraScript)  
INFO  DumpRange.java> 820940bc fctidz f0,f13 (GhidraScript)  
INFO  DumpRange.java> 820940c0 stw r7,0x60(r1) (GhidraScript)  
INFO  DumpRange.java> 820940c4 stfiwx f0,0,r8 (GhidraScript)  
INFO  DumpRange.java> 820940c8 lfs f0,0x60(r1) (GhidraScript)  
INFO  DumpRange.java> 820940cc lwz r8,0x50(r1) (GhidraScript)  
INFO  DumpRange.java> 820940d0 addi r7,r1,0x50 (GhidraScript)  
INFO  DumpRange.java> 820940d4 fctidz f0,f0 (GhidraScript)  
INFO  DumpRange.java> 820940d8 rlwimi r8,r9,0x8,0x0,0x17 (GhidraScript)  
INFO  DumpRange.java> 820940dc stfiwx f0,0,r7 (GhidraScript)  
INFO  DumpRange.java> 820940e0 lwz r9,0x50(r1) (GhidraScript)  
INFO  DumpRange.java> 820940e4 addi r7,r1,0x50 (GhidraScript)  
INFO  DumpRange.java> 820940e8 rlwimi r9,r8,0x8,0x0,0x17 (GhidraScript)  
INFO  DumpRange.java> 820940ec stw r9,0x4(r10) (GhidraScript)  
INFO  DumpRange.java> 820940f0 lwz r9,0x8c(r11) (GhidraScript)  
INFO  DumpRange.java> 820940f4 lwz r8,0x80(r11) (GhidraScript)  
INFO  DumpRange.java> 820940f8 lwz r6,0x88(r11) (GhidraScript)  
INFO  DumpRange.java> 820940fc lwz r5,0x84(r11) (GhidraScript)  
INFO  DumpRange.java> 82094100 stw r9,0x60(r1) (GhidraScript)  
INFO  DumpRange.java> 82094104 stw r8,0x5c(r1) (GhidraScript)  
INFO  DumpRange.java> 82094108 stw r6,0x58(r1) (GhidraScript)  
INFO  DumpRange.java> 8209410c stw r5,0x54(r1) (GhidraScript)  
INFO  DumpRange.java> 82094110 lfs f0,0x60(r1) (GhidraScript)  
INFO  DumpRange.java> 82094114 fctidz f0,f0 (GhidraScript)  
INFO  DumpRange.java> 82094118 stfiwx f0,0,r7 (GhidraScript)  
INFO  DumpRange.java> 8209411c lfs f0,0x5c(r1) (GhidraScript)  
INFO  REPORT: Execute script: DumpU32Range.java '0x8206d070' '0x8206d140'  (HeadlessAnalyzer)  
INFO  SCRIPT: /fastdata/lavaulta/auto-re-agent/workspaces/ace-combat-6/scripts/DumpU32Range.java (HeadlessAnalyzer)  
INFO  DumpU32Range.java> 8206d070 0x8206d038 (GhidraScript)  
INFO  DumpU32Range.java> 8206d074 0x00000000 (GhidraScript)  
INFO  DumpU32Range.java> 8206d078 0x00000000 (GhidraScript)  
INFO  DumpU32Range.java> 8206d07c 0x00000000 (GhidraScript)  
INFO  DumpU32Range.java> 8206d080 0x8268f2a8 (GhidraScript)  
INFO  DumpU32Range.java> 8206d084 0x8206d088 (GhidraScript)  
INFO  DumpU32Range.java> 8206d088 0x00000000 (GhidraScript)  
INFO  DumpU32Range.java> 8206d08c 0x00000000 (GhidraScript)  
INFO  DumpU32Range.java> 8206d090 0x00000003 (GhidraScript)  
INFO  DumpU32Range.java> 8206d094 0x8206d098 (GhidraScript)  
INFO  DumpU32Range.java> 8206d098 0x8206d0a8 (GhidraScript)  
INFO  DumpU32Range.java> 8206d09c 0x8206d674 (GhidraScript)  
INFO  DumpU32Range.java> 8206d0a0 0x8206d798 (GhidraScript)  
INFO  DumpU32Range.java> 8206d0a4 0x00000000 (GhidraScript)  
INFO  DumpU32Range.java> 8206d0a8 0x8268f2a8 (GhidraScript)  
INFO  DumpU32Range.java> 8206d0ac 0x00000002 (GhidraScript)  
INFO  DumpU32Range.java> 8206d0b0 0x00000000 (GhidraScript)  
INFO  DumpU32Range.java> 8206d0b4 0xffffffff (GhidraScript)  
INFO  DumpU32Range.java> 8206d0b8 0x00000000 (GhidraScript)  
INFO  DumpU32Range.java> 8206d0bc 0x00000040 (GhidraScript)  
INFO  DumpU32Range.java> 8206d0c0 0x8206d088 (GhidraScript)  
INFO  DumpU32Range.java> 8206d0c4 0x00000000 (GhidraScript)  
INFO  DumpU32Range.java> 8206d0c8 0x00000000 (GhidraScript)  
INFO  DumpU32Range.java> 8206d0cc 0x00000000 (GhidraScript)  
INFO  DumpU32Range.java> 8206d0d0 0x8268f2c8 (GhidraScript)  
INFO  DumpU32Range.java> 8206d0d4 0x8206d124 (GhidraScript)  
INFO  DumpU32Range.java> 8206d0d8 0x00000000 (GhidraScript)  
INFO  DumpU32Range.java> 8206d0dc 0x00000000 (GhidraScript)  
INFO  DumpU32Range.java> 8206d0e0 0x00000000 (GhidraScript)  
INFO  DumpU32Range.java> 8206d0e4 0x8268f320 (GhidraScript)  
INFO  DumpU32Range.java> 8206d0e8 0x8206d0ec (GhidraScript)  
INFO  DumpU32Range.java> 8206d0ec 0x00000000 (GhidraScript)  
INFO  DumpU32Range.java> 8206d0f0 0x00000000 (GhidraScript)  
INFO  DumpU32Range.java> 8206d0f4 0x00000002 (GhidraScript)  
INFO  DumpU32Range.java> 8206d0f8 0x8206d0fc (GhidraScript)  
INFO  DumpU32Range.java> 8206d0fc 0x8206d13c (GhidraScript)  
INFO  DumpU32Range.java> 8206d100 0x8206d108 (GhidraScript)  
INFO  DumpU32Range.java> 8206d104 0x00000000 (GhidraScript)  
INFO  DumpU32Range.java> 8206d108 0x8268f2c8 (GhidraScript)  
INFO  DumpU32Range.java> 8206d10c 0x00000000 (GhidraScript)  
INFO  DumpU32Range.java> 8206d110 0x00000000 (GhidraScript)  
INFO  DumpU32Range.java> 8206d114 0xffffffff (GhidraScript)  
INFO  DumpU32Range.java> 8206d118 0x00000000 (GhidraScript)  
INFO  DumpU32Range.java> 8206d11c 0x00000040 (GhidraScript)  
INFO  DumpU32Range.java> 8206d120 0x8206d124 (GhidraScript)  
INFO  DumpU32Range.java> 8206d124 0x00000000 (GhidraScript)  
INFO  DumpU32Range.java> 8206d128 0x00000000 (GhidraScript)  
INFO  DumpU32Range.java> 8206d12c 0x00000001 (GhidraScript)  
INFO  DumpU32Range.java> 8206d130 0x8206d134 (GhidraScript)  
INFO  DumpU32Range.java> 8206d134 0x8206d108 (GhidraScript)  
INFO  DumpU32Range.java> 8206d138 0x00000000 (GhidraScript)  
INFO  DumpU32Range.java> 8206d13c 0x8268f320 (GhidraScript)  
INFO  REPORT: Execute script: FindU32Any.java '0x82055190'  (HeadlessAnalyzer)  
INFO  SCRIPT: /fastdata/lavaulta/auto-re-agent/workspaces/ace-combat-6/scripts/FindU32Any.java (HeadlessAnalyzer)  
INFO  REPORT: Execute script: ReferencesTo.java '0x82055190'  (HeadlessAnalyzer)  
INFO  SCRIPT: /fastdata/lavaulta/auto-re-agent/workspaces/ace-combat-6/scripts/ReferencesTo.java (HeadlessAnalyzer)  
INFO  ReferencesTo.java> 821a6cd4 DATA (GhidraScript)  
INFO  ReferencesTo.java> 821a6ce0 DATA (GhidraScript)  
INFO  ReferencesTo.java> 821a78dc DATA (GhidraScript)  
INFO  ReferencesTo.java> 821a78e8 DATA (GhidraScript)  
INFO  REPORT: Save succeeded for processed file: /default.xex (HeadlessAnalyzer)  
openjdk version "21.0.11" 2026-04-21
OpenJDK Runtime Environment (build 21.0.11+10-1-26.04.2-Ubuntu)
OpenJDK 64-Bit Server VM (build 21.0.11+10-1-26.04.2-Ubuntu, mixed mode)
INFO  Using log config file: jar:file:/fastdata/lavaulta/auto-re-agent/.tools/ghidra_12.1.2_PUBLIC/Ghidra/Framework/Generic/lib/Generic.jar!/generic.log4j.xml (LoggingInitialization)  
INFO  Using log file: /home/lavaulta/.config/ghidra/ghidra_12.1.2_PUBLIC/application.log (LoggingInitialization)  
INFO  Loading user preferences: /home/lavaulta/.config/ghidra/ghidra_12.1.2_PUBLIC/preferences (Preferences)  
INFO  Searching for classes... (ClassSearcher)  
INFO  Ignoring class 'xexloaderwv.XEXLoaderWVLoader' from '/fastdata/lavaulta/auto-re-agent/.tools/ghidra_12.1.2_PUBLIC/Ghidra/Extensions/XEXLoaderWV/lib/XEXLoaderWV.jar'. Already found at '/fastdata/lavaulta/auto-re-agent/.tools/ghidra_12.1.2_PUBLIC/Ghidra/patch/XEXLoaderWV-java21.jar'. (ClassSearcher)  
INFO  Class search complete (1603 ms) (ClassSearcher)  
INFO  Initializing SSL Context (DefaultSSLContextInitializer)  
INFO  Initializing Random Number Generator... (SecureRandomFactory)  
INFO  Random Number Generator initialization complete: NativePRNGNonBlocking (SecureRandomFactory)  
INFO  Trust manager disabled, cacerts have not been set (DefaultTrustManagerFactory)  
INFO  Headless startup complete (3334 ms) (AnalyzeHeadless)  
INFO  Class searcher loaded 59 extension points (20 false positives) (ClassSearcher)  
INFO  HEADLESS Script Paths:
    /fastdata/lavaulta/auto-re-agent/.tools/ghidra_12.1.2_PUBLIC/Ghidra/Features/MicrosoftCodeAnalyzer/ghidra_scripts
    /fastdata/lavaulta/auto-re-agent/.tools/ghidra_12.1.2_PUBLIC/Ghidra/Features/PDB/ghidra_scripts
    /fastdata/lavaulta/auto-re-agent/.tools/ghidra_12.1.2_PUBLIC/Ghidra/Processors/8051/ghidra_scripts
    /fastdata/lavaulta/auto-re-agent/.tools/ghidra_12.1.2_PUBLIC/Ghidra/Features/Base/ghidra_scripts
    /fastdata/lavaulta/auto-re-agent/workspaces/ace-combat-6/scripts
    /fastdata/lavaulta/auto-re-agent/.tools/ghidra_12.1.2_PUBLIC/Ghidra/Features/FileFormats/ghidra_scripts
    /fastdata/lavaulta/auto-re-agent/.tools/ghidra_12.1.2_PUBLIC/Ghidra/Features/GnuDemangler/ghidra_scripts
    /fastdata/lavaulta/auto-re-agent/.tools/ghidra_12.1.2_PUBLIC/Ghidra/Extensions/ghidra-emotionengine-reloaded/ghidra_scripts
    /fastdata/lavaulta/auto-re-agent/.tools/ghidra_12.1.2_PUBLIC/Ghidra/Features/Decompiler/ghidra_scripts
    /fastdata/lavaulta/auto-re-agent/.tools/ghidra_12.1.2_PUBLIC/Ghidra/Features/FunctionID/ghidra_scripts
    /fastdata/lavaulta/auto-re-agent/.tools/ghidra_12.1.2_PUBLIC/Ghidra/Features/DecompilerDependent/ghidra_scripts
    /fastdata/lavaulta/auto-re-agent/.tools/ghidra_12.1.2_PUBLIC/Ghidra/Processors/DATA/ghidra_scripts
    /fastdata/lavaulta/auto-re-agent/.tools/ghidra_12.1.2_PUBLIC/Ghidra/Debug/Debugger-rmi-trace/ghidra_scripts
    /fastdata/lavaulta/auto-re-agent/.tools/ghidra_12.1.2_PUBLIC/Ghidra/Features/SwiftDemangler/ghidra_scripts
    /fastdata/lavaulta/auto-re-agent/.tools/ghidra_12.1.2_PUBLIC/Ghidra/Debug/Debugger/ghidra_scripts
    /fastdata/lavaulta/auto-re-agent/.tools/ghidra_12.1.2_PUBLIC/Ghidra/Processors/PIC/ghidra_scripts
    /fastdata/lavaulta/auto-re-agent/.tools/ghidra_12.1.2_PUBLIC/Ghidra/Extensions/XEXLoaderWV/ghidra_scripts
    /fastdata/lavaulta/auto-re-agent/.tools/ghidra_12.1.2_PUBLIC/Ghidra/Features/WildcardAssembler/ghidra_scripts
    /fastdata/lavaulta/auto-re-agent/.tools/ghidra_12.1.2_PUBLIC/Ghidra/Features/PyGhidra/ghidra_scripts
    /fastdata/lavaulta/auto-re-agent/.tools/ghidra_12.1.2_PUBLIC/Ghidra/Features/BSim/ghidra_scripts
    /fastdata/lavaulta/auto-re-agent/.tools/ghidra_12.1.2_PUBLIC/Ghidra/Features/VersionTracking/ghidra_scripts
    /fastdata/lavaulta/auto-re-agent/.tools/ghidra_12.1.2_PUBLIC/Ghidra/Features/BytePatterns/ghidra_scripts
    /fastdata/lavaulta/auto-re-agent/.tools/ghidra_12.1.2_PUBLIC/Ghidra/Processors/Atmel/ghidra_scripts
    /fastdata/lavaulta/auto-re-agent/.tools/ghidra_12.1.2_PUBLIC/Ghidra/Features/SystemEmulation/ghidra_scripts
    /fastdata/lavaulta/auto-re-agent/.tools/ghidra_12.1.2_PUBLIC/Ghidra/Processors/JVM/ghidra_scripts (HeadlessAnalyzer)  
INFO  HEADLESS: execution starts (HeadlessAnalyzer)  
INFO  Opening existing project: /fastdata/lavaulta/auto-re-agent/workspaces/ace-combat-6/ghidra-projects/ace-combat-6-corrected (HeadlessAnalyzer)  
INFO  Opening project: /fastdata/lavaulta/auto-re-agent/workspaces/ace-combat-6/ghidra-projects/ace-combat-6-corrected (HeadlessProject)  
INFO  REPORT: Processing project file: /default.xex (HeadlessAnalyzer)  
INFO  REPORT: Execute script: DumpRange.java '0x821a6c60' '0x821a6d40'  (HeadlessAnalyzer)  
INFO  SCRIPT: /fastdata/lavaulta/auto-re-agent/workspaces/ace-combat-6/scripts/DumpRange.java (HeadlessAnalyzer)  
INFO  DumpRange.java> 821a6c60 addis r28,r31,0x12 (GhidraScript)  
INFO  DumpRange.java> 821a6c64 stw r30,0x0(r29) (GhidraScript)  
INFO  DumpRange.java> 821a6c68 addi r28,r28,0x7028 (GhidraScript)  
INFO  DumpRange.java> 821a6c6c or r3,r28,r28 (GhidraScript)  
INFO  DumpRange.java> 821a6c70 bl 0x822381d8 (GhidraScript)  
INFO  DumpRange.java> 821a6c74 lis r11,-0x7dfb (GhidraScript)  
INFO  DumpRange.java> 821a6c78 addis r30,r31,0x12 (GhidraScript)  
INFO  DumpRange.java> 821a6c7c subi r11,r11,0x72c (GhidraScript)  
INFO  DumpRange.java> 821a6c80 addi r30,r30,0x70a0 (GhidraScript)  
INFO  DumpRange.java> 821a6c84 or r3,r30,r30 (GhidraScript)  
INFO  DumpRange.java> 821a6c88 stw r11,0x0(r28) (GhidraScript)  
INFO  DumpRange.java> 821a6c8c bl 0x82221cc0 (GhidraScript)  
INFO  DumpRange.java> 821a6c90 lis r11,-0x7dfb (GhidraScript)  
INFO  DumpRange.java> 821a6c94 addis r28,r31,0x13 (GhidraScript)  
INFO  DumpRange.java> 821a6c98 addi r29,r11,0x51b4 (GhidraScript)  
INFO  DumpRange.java> 821a6c9c subi r28,r28,0x6d90 (GhidraScript)  
INFO  DumpRange.java> 821a6ca0 or r3,r28,r28 (GhidraScript)  
INFO  DumpRange.java> 821a6ca4 stw r29,0x0(r30) (GhidraScript)  
INFO  DumpRange.java> 821a6ca8 bl 0x82221cc0 (GhidraScript)  
INFO  DumpRange.java> 821a6cac addis r30,r31,0x13 (GhidraScript)  
INFO  DumpRange.java> 821a6cb0 stw r29,0x0(r28) (GhidraScript)  
INFO  DumpRange.java> 821a6cb4 subi r30,r30,0x4bc0 (GhidraScript)  
INFO  DumpRange.java> 821a6cb8 or r3,r30,r30 (GhidraScript)  
INFO  DumpRange.java> 821a6cbc bl 0x82273880 (GhidraScript)  
INFO  DumpRange.java> 821a6cc0 lis r11,-0x7dfb (GhidraScript)  
INFO  DumpRange.java> 821a6cc4 addis r28,r31,0x13 (GhidraScript)  
INFO  DumpRange.java> 821a6cc8 addi r29,r11,0x5190 (GhidraScript)  
INFO  DumpRange.java> 821a6ccc subi r28,r28,0x47a4 (GhidraScript)  
INFO  DumpRange.java> 821a6cd0 or r3,r28,r28 (GhidraScript)  
INFO  DumpRange.java> 821a6cd4 stw r29,0x0(r30) (GhidraScript)  
INFO  DumpRange.java> 821a6cd8 bl 0x82273880 (GhidraScript)  
INFO  DumpRange.java> 821a6cdc addis r3,r31,0x13 (GhidraScript)  
INFO  DumpRange.java> 821a6ce0 stw r29,0x0(r28) (GhidraScript)  
INFO  DumpRange.java> 821a6ce4 subi r3,r3,0x4380 (GhidraScript)  
INFO  DumpRange.java> 821a6ce8 bl 0x82097b60 (GhidraScript)  
INFO  DumpRange.java> 821a6cec addis r3,r31,0x13 (GhidraScript)  
INFO  DumpRange.java> 821a6cf0 subi r3,r3,0x2cc0 (GhidraScript)  
INFO  DumpRange.java> 821a6cf4 bl 0x82097b60 (GhidraScript)  
INFO  DumpRange.java> 821a6cf8 addis r3,r31,0x13 (GhidraScript)  
INFO  DumpRange.java> 821a6cfc subi r3,r3,0x1600 (GhidraScript)  
INFO  DumpRange.java> 821a6d00 bl 0x820b53f0 (GhidraScript)  
INFO  DumpRange.java> 821a6d04 addis r29,r31,0x125 (GhidraScript)  
INFO  DumpRange.java> 821a6d08 addi r29,r29,0x3e20 (GhidraScript)  
INFO  DumpRange.java> 821a6d0c or r3,r29,r29 (GhidraScript)  
INFO  DumpRange.java> 821a6d10 bl 0x82275098 (GhidraScript)  
INFO  DumpRange.java> 821a6d14 lis r11,-0x7dfb (GhidraScript)  
INFO  DumpRange.java> 821a6d18 addis r30,r31,0x125 (GhidraScript)  
INFO  DumpRange.java> 821a6d1c addi r11,r11,0x6850 (GhidraScript)  
INFO  DumpRange.java> 821a6d20 addi r30,r30,0x3e40 (GhidraScript)  
INFO  DumpRange.java> 821a6d24 or r3,r30,r30 (GhidraScript)  
INFO  DumpRange.java> 821a6d28 stw r11,0x0(r29) (GhidraScript)  
INFO  DumpRange.java> 821a6d2c bl 0x82254988 (GhidraScript)  
INFO  DumpRange.java> 821a6d30 lis r11,-0x7dfb (GhidraScript)  
INFO  DumpRange.java> 821a6d34 li r29,0x0 (GhidraScript)  
INFO  DumpRange.java> 821a6d38 addi r11,r11,0x5284 (GhidraScript)  
INFO  DumpRange.java> 821a6d3c addis r3,r31,0x125 (GhidraScript)  
INFO  REPORT: Execute script: DumpRange.java '0x821a7860' '0x821a7940'  (HeadlessAnalyzer)  
INFO  SCRIPT: /fastdata/lavaulta/auto-re-agent/workspaces/ace-combat-6/scripts/DumpRange.java (HeadlessAnalyzer)  
INFO  DumpRange.java> 821a7860 or r3,r29,r29 (GhidraScript)  
INFO  DumpRange.java> 821a7864 bl 0x822725c8 (GhidraScript)  
INFO  DumpRange.java> 821a7868 addis r28,r31,0x13 (GhidraScript)  
INFO  DumpRange.java> 821a786c stw r30,0x0(r29) (GhidraScript)  
INFO  DumpRange.java> 821a7870 addi r28,r28,0x3af8 (GhidraScript)  
INFO  DumpRange.java> 821a7874 or r3,r28,r28 (GhidraScript)  
INFO  DumpRange.java> 821a7878 bl 0x822381d8 (GhidraScript)  
INFO  DumpRange.java> 821a787c lis r11,-0x7dfb (GhidraScript)  
INFO  DumpRange.java> 821a7880 addis r30,r31,0x13 (GhidraScript)  
INFO  DumpRange.java> 821a7884 subi r11,r11,0x72c (GhidraScript)  
INFO  DumpRange.java> 821a7888 addi r30,r30,0x3b70 (GhidraScript)  
INFO  DumpRange.java> 821a788c or r3,r30,r30 (GhidraScript)  
INFO  DumpRange.java> 821a7890 stw r11,0x0(r28) (GhidraScript)  
INFO  DumpRange.java> 821a7894 bl 0x82221cc0 (GhidraScript)  
INFO  DumpRange.java> 821a7898 lis r11,-0x7dfb (GhidraScript)  
INFO  DumpRange.java> 821a789c addis r28,r31,0x13 (GhidraScript)  
INFO  DumpRange.java> 821a78a0 addi r29,r11,0x51b4 (GhidraScript)  
INFO  DumpRange.java> 821a78a4 addi r28,r28,0x5d40 (GhidraScript)  
INFO  DumpRange.java> 821a78a8 or r3,r28,r28 (GhidraScript)  
INFO  DumpRange.java> 821a78ac stw r29,0x0(r30) (GhidraScript)  
INFO  DumpRange.java> 821a78b0 bl 0x82221cc0 (GhidraScript)  
INFO  DumpRange.java> 821a78b4 addis r30,r31,0x13 (GhidraScript)  
INFO  DumpRange.java> 821a78b8 stw r29,0x0(r28) (GhidraScript)  
INFO  DumpRange.java> 821a78bc addi r30,r30,0x7f10 (GhidraScript)  
INFO  DumpRange.java> 821a78c0 or r3,r30,r30 (GhidraScript)  
INFO  DumpRange.java> 821a78c4 bl 0x82273880 (GhidraScript)  
INFO  DumpRange.java> 821a78c8 lis r11,-0x7dfb (GhidraScript)  
INFO  DumpRange.java> 821a78cc addis r28,r31,0x14 (GhidraScript)  
INFO  DumpRange.java> 821a78d0 addi r29,r11,0x5190 (GhidraScript)  
INFO  DumpRange.java> 821a78d4 subi r28,r28,0x7cd4 (GhidraScript)  
INFO  DumpRange.java> 821a78d8 or r3,r28,r28 (GhidraScript)  
INFO  DumpRange.java> 821a78dc stw r29,0x0(r30) (GhidraScript)  
INFO  DumpRange.java> 821a78e0 bl 0x82273880 (GhidraScript)  
INFO  DumpRange.java> 821a78e4 addis r3,r31,0x14 (GhidraScript)  
INFO  DumpRange.java> 821a78e8 stw r29,0x0(r28) (GhidraScript)  
INFO  DumpRange.java> 821a78ec subi r3,r3,0x78b0 (GhidraScript)  
INFO  DumpRange.java> 821a78f0 bl 0x82097b60 (GhidraScript)  
INFO  DumpRange.java> 821a78f4 addis r3,r31,0x14 (GhidraScript)  
INFO  DumpRange.java> 821a78f8 subi r3,r3,0x61f0 (GhidraScript)  
INFO  DumpRange.java> 821a78fc bl 0x82097b60 (GhidraScript)  
INFO  DumpRange.java> 821a7900 addis r3,r31,0x14 (GhidraScript)  
INFO  DumpRange.java> 821a7904 subi r3,r3,0x4b30 (GhidraScript)  
INFO  DumpRange.java> 821a7908 bl 0x820b53f0 (GhidraScript)  
INFO  DumpRange.java> 821a790c addis r29,r31,0x126 (GhidraScript)  
INFO  DumpRange.java> 821a7910 addi r29,r29,0x8f0 (GhidraScript)  
INFO  DumpRange.java> 821a7914 or r3,r29,r29 (GhidraScript)  
INFO  DumpRange.java> 821a7918 bl 0x82275098 (GhidraScript)  
INFO  DumpRange.java> 821a791c lis r11,-0x7dfb (GhidraScript)  
INFO  DumpRange.java> 821a7920 addis r30,r31,0x126 (GhidraScript)  
INFO  DumpRange.java> 821a7924 addi r11,r11,0x6850 (GhidraScript)  
INFO  DumpRange.java> 821a7928 addi r30,r30,0x910 (GhidraScript)  
INFO  DumpRange.java> 821a792c stw r11,0x0(r29) (GhidraScript)  
INFO  DumpRange.java> 821a7930 or r3,r30,r30 (GhidraScript)  
INFO  DumpRange.java> 821a7934 bl 0x82254988 (GhidraScript)  
INFO  DumpRange.java> 821a7938 lis r11,-0x7dfb (GhidraScript)  
INFO  DumpRange.java> 821a793c li r29,0x0 (GhidraScript)  
INFO  REPORT: Execute script: DecompileAt.java '0x821a6cd4'  (HeadlessAnalyzer)  
INFO  SCRIPT: /fastdata/lavaulta/auto-re-agent/workspaces/ace-combat-6/scripts/DecompileAt.java (HeadlessAnalyzer)  
ERROR DecompileAt.java> no function contains 821a6cd4 (GhidraScript)  
INFO  REPORT: Execute script: DecompileAt.java '0x821a78dc'  (HeadlessAnalyzer)  
INFO  SCRIPT: /fastdata/lavaulta/auto-re-agent/workspaces/ace-combat-6/scripts/DecompileAt.java (HeadlessAnalyzer)  
ERROR DecompileAt.java> no function contains 821a78dc (GhidraScript)  
INFO  REPORT: Save succeeded for processed file: /default.xex (HeadlessAnalyzer)  
openjdk version "21.0.11" 2026-04-21
OpenJDK Runtime Environment (build 21.0.11+10-1-26.04.2-Ubuntu)
OpenJDK 64-Bit Server VM (build 21.0.11+10-1-26.04.2-Ubuntu, mixed mode)
INFO  Using log config file: jar:file:/fastdata/lavaulta/auto-re-agent/.tools/ghidra_12.1.2_PUBLIC/Ghidra/Framework/Generic/lib/Generic.jar!/generic.log4j.xml (LoggingInitialization)  
INFO  Using log file: /home/lavaulta/.config/ghidra/ghidra_12.1.2_PUBLIC/application.log (LoggingInitialization)  
INFO  Loading user preferences: /home/lavaulta/.config/ghidra/ghidra_12.1.2_PUBLIC/preferences (Preferences)  
INFO  Searching for classes... (ClassSearcher)  
INFO  Ignoring class 'xexloaderwv.XEXLoaderWVLoader' from '/fastdata/lavaulta/auto-re-agent/.tools/ghidra_12.1.2_PUBLIC/Ghidra/Extensions/XEXLoaderWV/lib/XEXLoaderWV.jar'. Already found at '/fastdata/lavaulta/auto-re-agent/.tools/ghidra_12.1.2_PUBLIC/Ghidra/patch/XEXLoaderWV-java21.jar'. (ClassSearcher)  
INFO  Class search complete (1616 ms) (ClassSearcher)  
INFO  Initializing SSL Context (DefaultSSLContextInitializer)  
INFO  Initializing Random Number Generator... (SecureRandomFactory)  
INFO  Random Number Generator initialization complete: NativePRNGNonBlocking (SecureRandomFactory)  
INFO  Trust manager disabled, cacerts have not been set (DefaultTrustManagerFactory)  
INFO  Headless startup complete (3224 ms) (AnalyzeHeadless)  
INFO  Class searcher loaded 59 extension points (20 false positives) (ClassSearcher)  
INFO  HEADLESS Script Paths:
    /fastdata/lavaulta/auto-re-agent/.tools/ghidra_12.1.2_PUBLIC/Ghidra/Features/MicrosoftCodeAnalyzer/ghidra_scripts
    /fastdata/lavaulta/auto-re-agent/.tools/ghidra_12.1.2_PUBLIC/Ghidra/Features/PDB/ghidra_scripts
    /fastdata/lavaulta/auto-re-agent/.tools/ghidra_12.1.2_PUBLIC/Ghidra/Processors/8051/ghidra_scripts
    /fastdata/lavaulta/auto-re-agent/.tools/ghidra_12.1.2_PUBLIC/Ghidra/Features/Base/ghidra_scripts
    /fastdata/lavaulta/auto-re-agent/workspaces/ace-combat-6/scripts
    /fastdata/lavaulta/auto-re-agent/.tools/ghidra_12.1.2_PUBLIC/Ghidra/Features/FileFormats/ghidra_scripts
    /fastdata/lavaulta/auto-re-agent/.tools/ghidra_12.1.2_PUBLIC/Ghidra/Features/GnuDemangler/ghidra_scripts
    /fastdata/lavaulta/auto-re-agent/.tools/ghidra_12.1.2_PUBLIC/Ghidra/Extensions/ghidra-emotionengine-reloaded/ghidra_scripts
    /fastdata/lavaulta/auto-re-agent/.tools/ghidra_12.1.2_PUBLIC/Ghidra/Features/Decompiler/ghidra_scripts
    /fastdata/lavaulta/auto-re-agent/.tools/ghidra_12.1.2_PUBLIC/Ghidra/Features/FunctionID/ghidra_scripts
    /fastdata/lavaulta/auto-re-agent/.tools/ghidra_12.1.2_PUBLIC/Ghidra/Features/DecompilerDependent/ghidra_scripts
    /fastdata/lavaulta/auto-re-agent/.tools/ghidra_12.1.2_PUBLIC/Ghidra/Processors/DATA/ghidra_scripts
    /fastdata/lavaulta/auto-re-agent/.tools/ghidra_12.1.2_PUBLIC/Ghidra/Debug/Debugger-rmi-trace/ghidra_scripts
    /fastdata/lavaulta/auto-re-agent/.tools/ghidra_12.1.2_PUBLIC/Ghidra/Features/SwiftDemangler/ghidra_scripts
    /fastdata/lavaulta/auto-re-agent/.tools/ghidra_12.1.2_PUBLIC/Ghidra/Debug/Debugger/ghidra_scripts
    /fastdata/lavaulta/auto-re-agent/.tools/ghidra_12.1.2_PUBLIC/Ghidra/Processors/PIC/ghidra_scripts
    /fastdata/lavaulta/auto-re-agent/.tools/ghidra_12.1.2_PUBLIC/Ghidra/Extensions/XEXLoaderWV/ghidra_scripts
    /fastdata/lavaulta/auto-re-agent/.tools/ghidra_12.1.2_PUBLIC/Ghidra/Features/WildcardAssembler/ghidra_scripts
    /fastdata/lavaulta/auto-re-agent/.tools/ghidra_12.1.2_PUBLIC/Ghidra/Features/PyGhidra/ghidra_scripts
    /fastdata/lavaulta/auto-re-agent/.tools/ghidra_12.1.2_PUBLIC/Ghidra/Features/BSim/ghidra_scripts
    /fastdata/lavaulta/auto-re-agent/.tools/ghidra_12.1.2_PUBLIC/Ghidra/Features/VersionTracking/ghidra_scripts
    /fastdata/lavaulta/auto-re-agent/.tools/ghidra_12.1.2_PUBLIC/Ghidra/Features/BytePatterns/ghidra_scripts
    /fastdata/lavaulta/auto-re-agent/.tools/ghidra_12.1.2_PUBLIC/Ghidra/Processors/Atmel/ghidra_scripts
    /fastdata/lavaulta/auto-re-agent/.tools/ghidra_12.1.2_PUBLIC/Ghidra/Features/SystemEmulation/ghidra_scripts
    /fastdata/lavaulta/auto-re-agent/.tools/ghidra_12.1.2_PUBLIC/Ghidra/Processors/JVM/ghidra_scripts (HeadlessAnalyzer)  
INFO  HEADLESS: execution starts (HeadlessAnalyzer)  
INFO  Opening existing project: /fastdata/lavaulta/auto-re-agent/workspaces/ace-combat-6/ghidra-projects/ace-combat-6-corrected (HeadlessAnalyzer)  
INFO  Opening project: /fastdata/lavaulta/auto-re-agent/workspaces/ace-combat-6/ghidra-projects/ace-combat-6-corrected (HeadlessProject)  
INFO  REPORT: Processing project file: /default.xex (HeadlessAnalyzer)  
INFO  REPORT: Execute script: ReferencesTo.java '0x820a7070'  (HeadlessAnalyzer)  
INFO  SCRIPT: /fastdata/lavaulta/auto-re-agent/workspaces/ace-combat-6/scripts/ReferencesTo.java (HeadlessAnalyzer)  
INFO  REPORT: Execute script: FindU32Any.java '0x820a7070'  (HeadlessAnalyzer)  
INFO  SCRIPT: /fastdata/lavaulta/auto-re-agent/workspaces/ace-combat-6/scripts/FindU32Any.java (HeadlessAnalyzer)  
INFO  FindU32Any.java> 8207a4a8 (GhidraScript)  
INFO  REPORT: Execute script: FindInstructionScalar.java '0x820a7070'  (HeadlessAnalyzer)  
INFO  SCRIPT: /fastdata/lavaulta/auto-re-agent/workspaces/ace-combat-6/scripts/FindInstructionScalar.java (HeadlessAnalyzer)  
INFO  REPORT: Execute script: ReferencesTo.java '0x82273880'  (HeadlessAnalyzer)  
INFO  SCRIPT: /fastdata/lavaulta/auto-re-agent/workspaces/ace-combat-6/scripts/ReferencesTo.java (HeadlessAnalyzer)  
INFO  ReferencesTo.java> 82216e68 UNCONDITIONAL_CALL (GhidraScript)  
INFO  ReferencesTo.java> 821a6cbc UNCONDITIONAL_CALL (GhidraScript)  
INFO  ReferencesTo.java> 821a6cd8 UNCONDITIONAL_CALL (GhidraScript)  
INFO  ReferencesTo.java> 821a78c4 UNCONDITIONAL_CALL (GhidraScript)  
INFO  ReferencesTo.java> 821a78e0 UNCONDITIONAL_CALL (GhidraScript)  
INFO  REPORT: Save succeeded for processed file: /default.xex (HeadlessAnalyzer)  
