world_x	world_y	world_z	part_id	tag_high	ground
12330.731	0.000	-17446.207	45	47115	0.000
12866.393	0.000	-18668.349	46	47115	0.000
11767.658	0.000	-18642.867	53	47115	0.000
10290.945	0.000	-18480.896	91	47115	0.000
11566.678	0.000	-20424.458	104	47115	0.000
13272.369	0.000	-18306.144	37	47116	0.000
12982.763	0.000	-17431.934	38	47116	0.000
11320.342	0.000	-18752.103	42	47116	0.000
12251.102	0.000	-17900.950	68	47116	0.000
11236.612	0.000	-19394.579	87	47116	0.000
11240.123	0.000	-18464.716	88	47116	0.000
12251.112	0.000	-16406.949	113	47116	0.000
11537.989	0.000	-16419.427	114	47116	0.000
11306.119	0.000	-16680.791	115	47116	0.000
12251.102	0.000	-19948.950	122	47116	0.000
11317.359	0.000	-20436.613	123	47116	0.000
14310.064	0.000	-18380.427	127	47116	0.000
11992.912	0.000	-19413.389	8	47117	0.000
11992.912	0.000	-19413.389	9	47117	0.000
10299.129	0.000	-17533.021	22	47117	0.000
13346.391	0.000	-17556.215	39	47117	0.000
12477.375	0.000	-17462.138	15	30739	0.000
11867.522	0.000	-18489.221	19	30739	0.000
12231.091	0.000	-18377.161	14	30741	0.000
12622.257	0.000	-18365.815	19	30742	0.000
12985.851	0.000	-17157.583	20	30742	0.000
12622.257	0.000	-18365.815	25	30742	0.000
11329.277	0.000	-18052.023	26	30742	0.000
12243.186	0.000	-17430.720	34	30742	0.000
11308.341	0.000	-17339.886	42	30742	0.000
12243.186	0.000	-19478.720	46	30742	0.000
13108.400	0.000	-17441.736	16	30743	0.000
13047.468	0.000	-17059.233	17	30743	0.000
11859.278	0.000	-18384.951	20	30743	0.000
12231.713	0.000	-18580.246	21	30743	0.000
12344.999	0.000	-19235.559	35	30746	0.000
11308.516	0.000	-19326.876	59	47147	0.000
11596.000	0.000	-17357.000	96	47147	0.000
14314.000	0.000	-17969.000	108	47147	0.000
13347.965	0.000	-18389.269	109	47147	0.000
10284.000	0.000	-18036.000	61	47148	0.000
13350.197	0.000	-18266.848	82	47148	0.000
11235.000	0.000	-17866.000	75	47149	0.000
12235.211	0.000	-16757.662	113	47149	0.000
11812.508	0.000	-20442.000	135	47149	0.000
11318.000	0.000	-20002.000	136	47149	0.000
14028.000	0.000	-17456.000	143	47149	0.000
13592.107	0.000	-17423.718	144	47149	0.000
13286.749	0.000	-17427.055	33	47150	0.000
11307.000	0.000	-17650.120	50	47150	0.000
11235.000	0.000	-18381.000	56	47150	0.000
10774.000	0.000	-19415.000	72	47150	0.000
11307.000	0.000	-19698.120	83	47150	0.000
13490.226	0.000	-17428.314	87	47150	0.000
12377.495	0.000	-18738.417	7	30771	0.000
13257.072	0.000	-18379.596	44	47156	0.000
12521.567	0.000	-17339.269	45	47156	0.000
12776.421	0.000	-20063.634	46	47156	0.000
13180.466	0.000	-19412.924	47	47156	0.000
12372.071	0.000	-17353.235	13	30773	0.000
12374.172	0.000	-18831.866	17	30773	0.000
12330.346	0.000	-18339.615	13	30774	0.000
12433.229	0.000	-19415.040	21	47170	0.000
12433.229	0.000	-19415.040	22	47170	0.000
12433.229	0.000	-19415.040	25	47170	0.000
12433.229	0.000	-19415.040	26	47170	0.000
10602.174	0.000	-18393.698	43	47170	0.000
10463.087	0.000	-18452.307	53	47170	0.000
13422.478	0.000	-18387.345	65	47170	0.000
11093.958	0.000	-18385.307	40	47171	0.000
11241.933	0.000	-19277.091	58	47171	0.000
10285.541	0.000	-18608.470	59	47171	0.000
13352.105	0.000	-18143.194	65	47171	0.000
11052.702	0.000	-18390.678	24	47172	0.000
11223.447	0.000	-18928.116	37	47172	0.000
12273.502	0.000	-16544.312	48	47172	0.000
11247.368	0.000	-18320.119	32	47173	0.000
10274.087	0.000	-19229.812	45	47173	0.000
14314.823	0.000	-18082.597	56	47173	0.000
12524.960	0.000	-19413.418	17	47174	0.000
12524.960	0.000	-19413.418	18	47174	0.000
12524.960	0.000	-19413.418	21	47174	0.000
12524.960	0.000	-19413.418	22	47174	0.000
10894.890	0.000	-18390.466	40	47174	0.000
11221.475	0.000	-18748.575	53	47174	0.000
10834.947	0.000	-18453.730	54	47174	0.000
11587.812	0.000	-16408.196	61	47174	0.000
14320.104	0.000	-18157.898	65	47174	0.000
13265.321	0.000	-17963.480	28	30791	0.000
12004.959	0.000	-18645.634	33	30791	0.000
11325.413	0.000	-18384.270	34	30791	0.000
11328.787	0.000	-17454.117	43	30791	0.000
11328.787	0.000	-19502.117	53	30791	0.000
12245.117	0.000	-20432.023	54	30791	0.000
12248.074	0.000	-17567.789	72	47176	0.000
10278.573	0.000	-19398.204	94	47176	0.000
12248.074	0.000	-19615.789	112	47176	0.000
13116.084	0.000	-17344.411	12	14415	0.000
12372.571	0.000	-18579.880	17	14415	0.000
12110.258	0.000	-18478.208	18	14415	0.000
12959.540	0.000	-17331.017	10	14416	0.000
12231.249	0.000	-18475.516	12	14416	0.000
12069.681	0.000	-18379.966	26	14418	0.000
13002.143	0.000	-17717.786	26	30803	0.000
12870.578	0.000	-18597.564	33	47188	0.000
12618.858	0.000	-16844.610	34	47188	0.000
11644.879	0.000	-19403.755	57	47188	0.000
10288.953	0.000	-17947.570	61	47188	0.000
10290.155	0.000	-18564.106	82	47188	0.000
11161.328	0.000	-18452.012	83	47188	0.000
11517.193	0.000	-17354.038	99	47188	0.000
13348.193	0.000	-17680.663	103	47188	0.000
12243.308	0.000	-18905.801	35	30805	0.000
11486.173	0.000	-18375.977	36	30805	0.000
12242.275	0.000	-18129.838	37	30805	0.000
11929.957	0.000	-19417.711	10	47191	0.000
11929.957	0.000	-19417.711	11	47191	0.000
10288.155	0.000	-17723.923	28	47191	0.000
11166.952	0.000	-18378.274	29	47191	0.000
11014.455	0.000	-18462.229	40	47191	0.000
14047.851	0.000	-18386.261	50	47191	0.000
12623.899	0.000	-19495.239	7	47192	0.000
11755.999	0.000	-16422.853	26	47192	0.000
13275.854	0.000	-18138.016	58	47193	0.000
13021.876	0.000	-19416.730	59	47193	0.000
11582.361	0.000	-19401.164	79	47193	0.000
11242.739	0.000	-17954.006	96	47193	0.000
10290.005	0.000	-18102.788	97	47193	0.000
11237.178	0.000	-18552.629	123	47193	0.000
12868.308	0.000	-17372.986	22	47194	0.000
12980.219	0.000	-16450.604	24	47194	0.000
11313.794	0.000	-20358.603	57	47194	0.000
10290.214	0.000	-17771.640	28	47195	0.000
10679.401	0.000	-19421.677	43	47195	0.000
10869.429	0.000	-18450.844	44	47195	0.000
11871.488	0.000	-16403.014	55	47195	0.000
11247.953	0.000	-18230.012	28	47196	0.000
11248.766	0.000	-18746.354	41	47196	0.000
12273.405	0.000	-16488.817	48	47196	0.000
12600.819	0.000	-19409.967	16	47197	0.000
12600.819	0.000	-19409.967	17	47197	0.000
12600.819	0.000	-19409.967	20	47197	0.000
12600.819	0.000	-19409.967	21	47197	0.000
10836.989	0.000	-18390.791	33	47197	0.000
10279.738	0.000	-18694.426	44	47197	0.000
13502.520	0.000	-18393.623	50	47197	0.000
13166.827	0.000	-18990.404	5	47229	0.000
13282.776	0.000	-17351.514	54	47230	0.000
13188.473	0.000	-18910.229	55	47230	0.000
11858.086	0.000	-18735.048	59	47230	0.000
11758.650	0.000	-17349.087	116	47230	0.000
11310.420	0.000	-16440.437	117	47230	0.000
11320.711	0.000	-20259.051	126	47230	0.000
11342.739	0.000	-18672.852	35	47231	0.000
14276.120	0.000	-17432.387	51	47231	0.000
12254.314	0.000	-16673.600	83	47232	0.000
12251.314	0.000	-20239.600	92	47232	0.000
14177.903	0.000	-18397.670	99	47232	0.000
14288.698	0.000	-17525.474	100	47232	0.000
13049.724	0.000	-16881.155	31	47233	0.000
13068.597	0.000	-16755.632	32	47233	0.000
13291.580	0.000	-16910.545	33	47233	0.000
10277.202	0.000	-19128.375	67	47233	0.000
10309.666	0.000	-19127.121	68	47233	0.000
12109.215	0.000	-16406.009	82	47233	0.000
12640.167	0.000	-16786.282	24	47235	0.000
12874.140	0.000	-17261.908	25	47235	0.000
13089.962	0.000	-17886.935	28	30852	0.000
12517.779	0.000	-18574.874	36	30852	0.000
11326.267	0.000	-18486.359	37	30852	0.000
12255.486	0.000	-19249.035	14	30853	0.000
12878.113	0.000	-17493.985	62	47239	0.000
12675.232	0.000	-16409.800	63	47239	0.000
12008.278	0.000	-18739.024	66	47239	0.000
10368.346	0.000	-18464.183	95	47239	0.000
11309.045	0.000	-17211.967	106	47239	0.000
11380.380	0.000	-18983.288	16	47240	0.000
12482.283	0.000	-18339.062	25	30875	0.000
12642.553	0.000	-18467.778	26	30875	0.000
11636.313	0.000	-18469.064	27	30875	0.000
12237.000	0.000	-17620.000	85	47261	0.000
11328.856	0.000	-19414.906	86	47261	0.000
11234.498	0.000	-19017.100	104	47261	0.000
12249.496	0.000	-16938.335	116	47261	0.000
12237.000	0.000	-19668.000	123	47261	0.000
12247.000	0.000	-20364.000	124	47261	0.000
-8309.168	0.000	-10195.344	82	47115	0.000
-8233.894	0.000	-9446.244	83	47115	0.000
-9156.871	0.000	-8317.021	21	47117	0.002
-8241.000	0.000	-9773.000	71	47147	0.000
-9172.000	0.000	-8820.000	60	47148	0.002
-8221.000	0.000	-8650.000	74	47149	0.000
-8858.732	0.000	-9247.122	91	47149	0.000
-8221.000	0.000	-9165.000	55	47150	0.000
-8853.826	0.000	-9177.698	42	47170	0.000
-8362.042	0.000	-9169.307	39	47171	0.000
-8403.298	0.000	-9174.678	23	47172	0.000
-8208.632	0.000	-9104.119	31	47173	0.000
-8561.110	0.000	-9174.466	39	47174	0.000
-9150.000	0.000	-9966.000	87	47176	0.001
-9167.047	0.000	-8731.570	60	47188	0.002
-8821.220	0.000	-9248.569	73	47188	0.000
-8403.885	0.000	-10165.630	30	47190	0.000
-9141.635	0.000	-9241.674	31	47190	0.001
-9167.845	0.000	-8507.923	26	47191	0.002
-8289.048	0.000	-9162.274	27	47191	0.000
-8213.261	0.000	-8738.006	94	47193	0.000
-9165.995	0.000	-8886.788	95	47193	0.002
-8849.295	0.000	-10200.906	115	47193	0.004
-9179.151	0.000	-10045.593	45	47194	0.003
-9165.786	0.000	-8555.640	27	47195	0.002
-8208.047	0.000	-9014.012	27	47196	0.000
-8619.011	0.000	-9174.791	32	47197	0.000
-8226.022	0.000	-9538.945	24	47198	0.000
-8225.024	0.000	-10187.159	98	47230	0.000
-8487.215	0.000	-10168.021	57	47233	0.000
-9168.997	0.000	-9321.744	15	47238	0.001
-8227.818	0.000	-10041.967	88	47239	0.000
-8712.955	0.000	-9277.852	17	47260	0.000
-8543.096	0.000	-9256.239	98	47261	0.000
-4228.878	-5.119	-9220.174	1	14346	0.000
-3328.000	-0.630	-9223.419	7	14346	0.000
-3840.000	-0.000	-9223.041	8	14346	0.000
-4228.849	-5.559	-9205.392	9	14346	0.000
-3840.000	-0.000	-9201.747	17	14346	0.000
-3328.000	-0.638	-9202.318	18	14346	0.000
-3010.267	-3.694	-9205.282	19	14346	0.000
-3020.901	-3.712	-9220.035	20	14346	0.000
-7889.322	0.000	-9160.458	62	47115	0.000
-5075.322	0.000	-9158.458	63	47115	0.000
-4817.322	0.000	-11208.458	64	47115	0.000
-8134.701	0.000	-11221.458	75	47115	0.010
-6865.322	0.000	-10184.458	101	47115	0.000
-6087.170	0.000	-10391.949	105	47115	0.000
-5160.187	0.000	-10262.574	106	47115	0.000
-8138.641	0.000	-9172.614	54	47116	0.000
-4846.011	0.000	-9251.427	55	47116	0.000
-5077.881	0.000	-9512.791	56	47116	0.000
-5066.641	0.000	-11220.614	57	47116	0.000
-7207.888	0.000	-11218.427	75	47116	0.000
-7997.010	0.000	-9239.427	90	47116	0.000
-5156.888	0.000	-8214.949	98	47116	0.000
-5870.011	0.000	-8227.427	99	47116	0.000
-6101.881	0.000	-8488.791	100	47116	0.000
-6180.898	0.000	-9708.950	116	47116	0.000
-7114.641	0.000	-10196.614	117	47116	0.000
-5145.936	0.000	-10188.427	125	47116	0.000
-5327.888	0.000	-11202.427	128	47116	0.000
-5538.417	0.000	-11218.427	129	47116	0.000
-6084.871	0.000	-11389.021	23	47117	0.000
-8147.338	0.000	-11148.467	24	47117	0.010
-7563.484	0.000	-10265.958	25	47117	0.000
-7196.280	0.000	-9308.663	31	47117	0.000
-6109.609	0.000	-9364.215	37	47117	0.000
-968.888	0.000	-9238.427	41	47117	0.000
-5075.659	0.000	-10171.886	32	30742	0.000
-6099.659	0.000	-9147.886	37	30742	0.000
-6188.814	0.000	-9238.720	43	30742	0.000
-6086.631	0.000	-10288.249	47	30742	0.000
-4884.000	0.000	-9165.000	41	47147	0.000
-4788.000	0.000	-10189.000	42	47147	0.000
-6331.004	0.000	-10261.479	63	47147	0.000
-7198.057	0.000	-9241.807	77	47147	0.000
-7190.121	0.000	-10091.765	78	47147	0.000
-5812.000	0.000	-9165.000	91	47147	0.000
-5142.000	0.000	-9777.000	104	47147	0.000
-6108.035	0.000	-10197.269	105	47147	0.000
-6099.484	0.000	-11134.876	110	47147	0.000
-5078.393	0.000	-8930.733	49	47148	0.000
-6100.000	0.000	-11892.000	62	47148	0.000
-7438.000	0.000	-10268.000	63	47148	0.000
-6105.803	0.000	-10074.848	80	47148	0.000
-984.000	0.000	-10201.000	85	47148	0.000
-22.000	0.000	-9935.000	86	47148	0.000
-8138.000	0.000	-8738.000	50	47149	0.000
-5069.000	0.000	-9012.000	51	47149	0.000
-4948.021	0.000	-8212.891	52	47149	0.000
-5066.000	0.000	-10786.000	53	47149	0.000
-5149.000	0.000	-11722.000	76	47149	0.000
-7306.462	0.000	-11216.938	77	47149	0.000
-8132.876	0.000	-10780.373	78	47149	0.001
-6484.940	0.000	-10266.949	84	47149	0.000
-7408.926	0.000	-10190.948	96	47149	0.000
-7818.901	0.000	-9232.824	97	47149	0.000
-5172.789	0.000	-8565.662	108	47149	0.000
-6619.492	0.000	-10202.000	129	47149	0.000
-7114.000	0.000	-9762.000	130	47149	0.000
-5428.000	0.000	-9264.000	139	47149	0.000
-5863.893	0.000	-9231.718	140	47149	0.000
-5805.556	0.000	-10257.333	145	47149	0.000
-5159.572	0.000	-10894.823	146	47149	0.000
-280.726	0.000	-10197.405	156	47149	0.000
-8149.000	0.000	-8434.120	39	47150	0.000
-5077.000	0.000	-10482.120	40	47150	0.000
-5149.000	0.000	-12237.000	57	47150	0.000
-8151.000	0.000	-10442.000	58	47150	0.000
-8149.115	0.000	-10835.125	59	47150	0.001
-7122.000	0.000	-11146.867	62	47150	0.000
-7576.000	0.000	-9245.000	74	47150	0.000
-7125.000	0.000	-9458.120	80	47150	0.000
-5965.774	0.000	-9236.314	85	47150	0.000
-7126.740	0.000	-10285.881	53	47156	0.000
-5781.826	0.000	-12249.698	44	47170	0.000
-6309.847	0.000	-11236.147	45	47170	0.000
-8155.124	0.000	-9959.457	55	47170	0.000
-6033.522	0.000	-10195.345	63	47170	0.000
-5290.042	0.000	-12241.307	41	47171	0.000
-7390.575	0.000	-11230.433	42	47171	0.000
-7768.674	0.000	-10256.744	43	47171	0.000
-7127.444	0.000	-11085.944	46	47171	0.000
-7194.650	0.000	-9444.021	61	47171	0.000
-6103.895	0.000	-9951.194	63	47171	0.000
-5331.298	0.000	-12246.678	25	47172	0.000
-7193.994	0.000	-10523.190	26	47172	0.000
-6156.393	0.000	-10856.707	28	47172	0.000
-5134.498	0.000	-8352.312	43	47172	0.000
-871.222	0.000	-10205.031	56	47172	0.000
-431.752	0.000	-10207.630	57	47172	0.000
-5083.723	0.000	-8275.223	17	47173	0.000
-5136.632	0.000	-12176.119	33	47173	0.000
-7197.011	0.000	-10284.795	34	47173	0.000
-6756.866	0.000	-11232.365	36	47173	0.000
-7189.867	0.000	-9730.710	47	47173	0.000
-5141.177	0.000	-9890.597	54	47173	0.000
-18.527	0.000	-9239.540	58	47173	0.000
-4796.188	0.000	-9240.196	27	47174	0.000
-5489.110	0.000	-12246.466	41	47174	0.000
-6158.220	0.000	-11074.387	42	47174	0.000
-5820.188	0.000	-8216.196	56	47174	0.000
-5135.896	0.000	-9965.898	63	47174	0.000
-331.044	0.000	-9230.604	67	47174	0.000
-8127.213	0.000	-8238.117	39	30791	0.000
-5055.213	0.000	-10286.117	40	30791	0.000
-7103.213	0.000	-9262.117	47	30791	0.000
-6186.883	0.000	-10192.023	48	30791	0.000
-8150.999	0.000	-10280.740	77	47176	0.000
-8152.989	0.000	-10179.005	97	47176	0.000
-7191.801	0.000	-10179.294	98	47176	0.000
-6183.926	0.000	-9375.789	109	47176	0.000
-970.101	0.000	-10042.000	114	47176	0.000
-4866.807	0.000	-10186.038	43	47188	0.000
-6095.047	0.000	-11803.570	62	47188	0.000
-7247.807	0.000	-10919.037	63	47188	0.000
-7281.807	0.000	-9250.038	86	47188	0.000
-7898.807	0.000	-9241.038	87	47188	0.000
-5890.807	0.000	-9162.038	94	47188	0.000
-6107.807	0.000	-9488.663	101	47188	0.000
-5763.121	0.000	-11211.755	104	47188	0.000
-6092.541	0.000	-10526.022	105	47188	0.000
-982.807	0.000	-9782.038	116	47188	0.000
-18.581	0.000	-9844.060	117	47188	0.000
-5050.271	0.000	-8214.447	10	47190	0.000
-6191.015	0.000	-11130.519	21	47190	0.000
-6095.845	0.000	-11579.923	30	47191	0.000
-5217.048	0.000	-12234.274	31	47191	0.000
-6531.734	0.000	-10258.334	32	47191	0.000
-7185.940	0.000	-9795.908	42	47191	0.000
-5408.149	0.000	-10194.261	48	47191	0.000
-4982.623	0.000	-9165.813	12	47192	0.000
-4628.001	0.000	-9254.853	13	47192	0.000
-5652.001	0.000	-8230.853	21	47192	0.000
-5141.261	0.000	-11810.005	98	47193	0.000
-6093.995	0.000	-11958.788	99	47193	0.000
-8004.341	0.000	-11212.140	100	47193	0.000
-7116.639	0.000	-10836.164	105	47193	0.000
-5456.082	0.000	-10257.611	127	47193	0.000
-5825.639	0.000	-11209.164	128	47193	0.000
-350.639	0.000	-10197.164	138	47193	0.000
-8142.206	0.000	-9094.603	28	47194	0.000
-5070.206	0.000	-11142.603	29	47194	0.000
-7133.523	0.000	-11214.422	37	47194	0.000
-7190.151	0.000	-9931.026	49	47194	0.000
-7118.206	0.000	-10118.603	54	47194	0.000
-6093.786	0.000	-11627.640	29	47195	0.000
-7597.453	0.000	-10261.019	30	47195	0.000
-6712.461	0.000	-11224.646	32	47195	0.000
-5536.512	0.000	-8211.014	50	47195	0.000
-17.117	0.000	-9363.170	62	47195	0.000
-5136.047	0.000	-12086.012	29	47196	0.000
-7921.213	0.000	-10260.888	30	47196	0.000
-6582.308	0.000	-10255.966	32	47196	0.000
-5134.595	0.000	-8296.817	43	47196	0.000
-907.537	0.000	-10199.816	52	47196	0.000
-377.988	0.000	-9229.617	53	47196	0.000
-15.655	0.000	-9785.042	54	47196	0.000
-5547.011	0.000	-12246.790	34	47197	0.000
-6162.665	0.000	-10784.348	35	47197	0.000
-7192.854	0.000	-9505.732	46	47197	0.000
-5953.480	0.000	-10201.623	48	47197	0.000
-145.065	0.000	-9233.645	53	47197	0.000
-985.863	0.000	-9298.783	54	47197	0.000
-6684.944	0.000	-10267.340	17	47198	0.000
-6858.834	0.000	-10329.352	8	47229	0.000
-8124.666	0.000	-9561.317	15	47229	0.000
-8135.289	0.000	-8995.051	69	47230	0.000
-4625.350	0.000	-10181.087	70	47230	0.000
-5073.580	0.000	-9272.437	71	47230	0.000
-5063.289	0.000	-11043.051	72	47230	0.000
-6173.968	0.000	-10717.473	89	47230	0.000
-8135.103	0.000	-9243.987	103	47230	0.000
-5649.350	0.000	-9157.087	106	47230	0.000
-6097.580	0.000	-8248.437	107	47230	0.000
-7111.289	0.000	-10019.051	123	47230	0.000
-5158.202	0.000	-10545.118	127	47230	0.000
-5179.880	0.000	-9240.387	49	47231	0.000
-5068.686	0.000	-8440.902	52	47232	0.000
-7781.032	0.000	-11217.600	68	47232	0.000
-8157.686	0.000	-10086.600	71	47232	0.000
-5153.686	0.000	-8481.600	78	47232	0.000
-6180.686	0.000	-9999.600	89	47232	0.000
-5278.097	0.000	-10205.670	95	47232	0.000
-5167.302	0.000	-9333.474	96	47232	0.000
-5154.131	0.000	-11057.487	101	47232	0.000
-94.605	0.000	-9251.922	107	47232	0.000
-5298.785	0.000	-8214.009	77	47233	0.000
-56.785	0.000	-10130.009	95	47233	0.000
-99.606	0.000	-10130.009	96	47233	0.000
-6957.197	0.000	-10296.503	32	47234	0.000
-6177.177	0.000	-11216.133	42	47235	0.000
-5155.550	0.000	-11208.474	50	47235	0.000
-4383.062	0.000	-11389.494	1	47238	0.000
-5074.955	0.000	-10043.967	73	47239	0.000
-7338.771	0.000	-10188.967	97	47239	0.000
-6098.955	0.000	-9019.967	101	47239	0.000
-6027.620	0.000	-10791.288	21	47240	0.000
-4543.810	0.000	-11741.073	0	47260	0.000
-5158.504	0.000	-8746.335	111	47261	0.000
-6195.000	0.000	-9428.000	117	47261	0.000
-6185.000	0.000	-10124.000	118	47261	0.000
-5161.000	0.000	-10362.761	125	47261	0.000
-6079.144	0.000	-11222.906	126	47261	0.000
-2816.000	-0.000	-8207.867	2	14505	0.000
-3328.000	-0.000	-8206.451	3	14505	0.000
-2454.862	-10.655	-8204.531	4	14505	0.000
-3757.417	-3.333	-8205.744	5	14505	0.000
-2789.304	22.890	-8204.222	8	14505	0.000
-3662.374	21.850	-8201.485	13	14505	0.000
-3232.355	22.260	-8203.431	15	14505	0.000
1594.636	0.000	-9466.552	54	47115	0.000
2021.737	0.000	-10178.211	55	47115	0.000
2933.276	0.000	-10178.375	56	47115	0.000
3030.107	0.000	-8422.244	69	47115	0.000
3978.832	0.000	-9171.344	78	47115	0.000
4054.107	0.000	-8422.244	79	47115	0.000
50.945	0.000	-9264.896	89	47115	0.000
302.678	0.000	-12232.458	102	47115	1.906
1080.830	0.000	-11415.949	107	47115	0.007
2007.813	0.000	-11286.574	108	47115	0.001
4152.830	0.000	-8343.948	109	47115	0.000
5079.813	0.000	-8214.574	110	47115	0.000
3050.621	0.000	-12229.789	117	47115	5.542
2086.678	0.000	-10280.458	121	47115	0.000
3032.369	0.000	-9174.299	43	47116	0.000
1219.120	0.000	-9256.023	44	47116	0.000
1059.677	0.000	-10006.849	45	47116	0.000
58.847	0.000	-11141.654	77	47116	0.000
996.612	0.000	-10178.579	83	47116	0.000
1000.123	0.000	-9248.716	84	47116	0.000
3266.990	0.000	-9239.427	89	47116	0.000
5083.112	0.000	-9238.949	101	47116	0.000
4369.988	0.000	-9251.427	102	47116	0.000
4138.119	0.000	-9512.791	103	47116	0.000
987.102	0.000	-11756.950	118	47116	0.078
53.359	0.000	-12244.613	119	47116	2.162
1840.112	0.000	-12226.427	130	47116	4.013
1629.583	0.000	-12242.427	131	47116	3.619
4912.112	0.000	-9154.427	132	47116	0.000
4701.583	0.000	-9170.427	133	47116	0.000
2090.112	0.000	-10714.539	139	47116	0.000
5179.129	0.000	-8317.021	19	47117	0.000
4067.720	0.000	-9308.663	30	47117	0.000
1212.543	0.000	-10258.776	45	47117	0.000
2327.289	0.000	-10259.007	50	47117	0.000
2122.240	0.000	-8825.954	20	30739	0.000
1695.813	0.000	-9486.396	15	30741	0.000
2407.456	0.000	-9458.799	27	30742	0.000
2360.872	0.000	-10009.752	28	30742	0.000
4140.341	0.000	-10171.886	38	30742	0.000
979.186	0.000	-11286.720	44	30742	0.001
1081.369	0.000	-11312.249	48	30742	0.002
4153.369	0.000	-8240.249	49	30742	0.000
1516.920	0.000	-9151.169	22	30743	0.000
2564.735	0.000	-9250.515	23	30743	0.000
1634.929	0.000	-9386.042	24	30743	0.000
2104.999	0.000	-10019.559	36	30746	0.000
1106.715	0.000	-8216.636	57	47147	0.000
517.105	0.000	-10263.396	60	47147	0.000
836.996	0.000	-8213.479	64	47147	0.000
4047.000	0.000	-8749.000	69	47147	0.000
4065.943	0.000	-9241.807	75	47147	0.000
4073.879	0.000	-10091.765	76	47147	0.000
3667.000	0.000	-10265.000	89	47147	0.000
4428.000	0.000	-10189.000	92	47147	0.001
1068.516	0.000	-12158.876	111	47147	1.543
4140.516	0.000	-9086.876	112	47147	0.000
2023.990	0.000	-10268.338	116	47147	0.000
2970.779	0.000	-11299.987	122	47147	0.000
2088.787	0.000	-11220.764	126	47147	0.000
1059.000	0.000	-9890.000	43	47148	0.000
5164.000	0.000	-8820.000	58	47148	0.000
3438.000	0.000	-10291.000	73	47148	0.000
1403.336	0.000	-11175.727	93	47148	0.000
2026.088	0.000	-11001.489	94	47148	0.000
2089.000	0.000	-10889.000	106	47148	0.000
1510.450	0.000	-9461.902	34	47149	0.000
2098.270	0.000	-10132.920	35	47149	0.000
3055.828	0.000	-10067.166	36	47149	0.000
2405.268	0.000	-8223.122	61	47149	0.000
5975.464	0.000	-9327.500	71	47149	0.000
6115.000	0.000	-8650.000	72	47149	0.000
987.894	0.000	-10580.350	81	47149	0.000
683.060	0.000	-8218.949	85	47149	0.000
3429.268	0.000	-8223.122	89	47149	0.000
3855.074	0.000	-10190.948	94	47149	0.000
3445.099	0.000	-9232.824	95	47149	0.000
3371.940	0.000	-11207.865	106	47149	0.573
5067.211	0.000	-9589.662	109	47149	0.000
548.508	0.000	-12250.000	131	47149	1.997
54.000	0.000	-11810.000	132	47149	0.176
1362.445	0.000	-11281.333	147	47149	0.001
2008.428	0.000	-11918.823	148	47149	0.830
4434.445	0.000	-8209.333	149	47149	0.000
5080.428	0.000	-8846.823	150	47149	0.000
1080.000	0.000	-10676.797	161	47149	0.000
2029.387	0.000	-10835.432	162	47149	0.000
2562.628	0.000	-11231.891	172	47149	0.000
1070.879	0.000	-8517.006	47	47150	0.000
6115.000	0.000	-9165.000	53	47150	0.000
46.000	0.000	-9098.867	63	47150	0.000
534.000	0.000	-10199.000	70	47150	0.000
3688.000	0.000	-9245.000	73	47150	0.000
3374.000	0.000	-10288.000	79	47150	0.000
43.000	0.000	-11506.120	81	47150	0.005
3054.075	0.000	-11704.323	90	47150	0.000
2090.431	0.000	-10638.050	94	47150	0.000
2252.139	0.000	-9492.844	8	30771	0.000
2835.724	0.000	-9468.154	50	47156	0.000
41.260	0.000	-8237.881	54	47156	0.000
2502.578	0.000	-9486.562	18	30773	0.000
1970.737	0.000	-9008.697	14	30774	0.000
2242.116	0.000	-9256.167	10	14392	0.000
1997.721	0.000	-9119.956	11	14392	0.000
2193.229	0.000	-10199.040	27	47170	0.000
1073.577	0.000	-8564.700	37	47170	0.000
5557.462	0.000	-9231.527	39	47170	0.000
5482.174	0.000	-9177.698	40	47170	0.000
858.153	0.000	-9188.147	46	47170	0.000
223.087	0.000	-9236.307	51	47170	0.000
3108.876	0.000	-9959.457	54	47170	0.000
2022.332	0.000	-10341.979	67	47170	0.000
2092.432	0.000	-11748.000	73	47170	0.101
2091.381	0.000	-11090.730	77	47170	0.000
1320.271	0.000	-10198.853	21	47171	0.000
2017.521	0.000	-8519.300	29	47171	0.000
1821.245	0.000	-8210.464	30	47171	0.000
5184.918	0.000	-9705.045	36	47171	0.000
5973.958	0.000	-9169.307	37	47171	0.000
40.556	0.000	-9037.944	47	47171	0.000
1001.933	0.000	-10061.091	54	47171	0.000
45.541	0.000	-9392.470	55	47171	0.000
4069.350	0.000	-9444.021	60	47171	0.000
1457.885	0.000	-11225.215	67	47171	0.000
2359.167	0.000	-11297.585	73	47171	0.000
5221.728	0.000	-9546.102	20	47172	0.000
5932.702	0.000	-9174.678	21	47172	0.000
1011.607	0.000	-8808.707	29	47172	0.000
983.447	0.000	-9712.115	35	47172	0.000
5105.502	0.000	-9376.312	44	47172	0.000
2126.868	0.000	-11581.378	64	47172	0.028
1331.927	0.000	-8219.678	22	47173	0.000
1609.358	0.000	-8210.464	23	47173	0.000
5340.728	0.000	-9231.661	28	47173	0.000
6127.368	0.000	-9104.119	29	47173	0.000
411.134	0.000	-9184.365	37	47173	0.000
34.087	0.000	-10013.812	43	47173	0.000
4074.133	0.000	-9730.710	46	47173	0.000
1074.417	0.000	-10422.344	62	47173	0.000
2813.644	0.000	-12238.851	68	47173	3.434
2390.297	0.000	-10258.983	72	47173	0.000
2284.960	0.000	-10197.418	23	47174	0.000
1652.729	0.000	-8214.589	31	47174	0.000
5286.531	0.000	-9237.721	36	47174	0.000
5774.890	0.000	-9174.466	37	47174	0.000
1009.780	0.000	-9026.387	43	47174	0.000
981.475	0.000	-9532.574	49	47174	0.000
594.947	0.000	-9237.730	50	47174	0.000
4419.812	0.000	-9240.196	57	47174	0.000
1837.600	0.000	-10263.035	71	47174	0.000
2083.307	0.000	-11574.754	77	47174	0.028
2501.083	0.000	-10261.800	81	47174	0.000
1501.274	0.000	-9277.969	35	30791	0.000
2002.557	0.000	-8841.875	36	30791	0.000
1258.123	0.000	-9161.777	37	30791	0.000
64.787	0.000	-11310.117	49	30791	0.001
981.117	0.000	-12240.023	50	30791	2.573
2107.037	0.000	-8757.392	54	47176	0.000
3050.649	0.000	-9735.358	55	47176	0.000
1066.000	0.000	-10170.000	56	47176	0.000
5177.259	0.000	-9242.407	76	47176	0.000
979.000	0.000	-10981.000	79	47176	0.000
912.889	0.000	-10277.504	80	47176	0.000
3138.000	0.000	-8942.000	85	47176	0.000
38.573	0.000	-10182.205	92	47176	0.000
3111.012	0.000	-10179.005	95	47176	0.000
4072.199	0.000	-10179.294	96	47176	0.000
984.074	0.000	-11423.789	110	47176	0.006
2200.046	0.000	-11308.289	117	47176	0.000
3051.303	0.000	-11307.560	118	47176	0.000
2236.477	0.000	-9163.042	12	14412	0.000
2416.136	0.000	-9250.956	25	14414	0.000
1989.500	0.000	-9252.069	26	14414	0.000
2114.325	0.000	-9143.486	27	14414	0.000
2100.704	0.000	-9625.628	28	14414	0.000
2536.113	0.000	-9155.419	19	14415	0.000
2132.571	0.000	-9363.880	20	14415	0.000
2132.943	0.000	-9007.533	13	14416	0.000
1860.705	0.000	-9374.845	14	14416	0.000
1800.620	0.000	-9149.973	27	14418	0.000
2117.270	0.000	-9251.639	28	14418	0.000
2012.915	0.000	-9612.345	29	14418	0.000
1059.777	0.000	-9653.155	35	47188	0.000
2953.445	0.000	-9450.038	36	47188	0.000
2442.780	0.000	-8224.569	51	47188	0.000
5168.953	0.000	-8731.570	58	47188	0.000
979.193	0.000	-10789.037	65	47188	0.000
687.750	0.000	-10272.415	66	47188	0.000
3466.780	0.000	-8224.569	71	47188	0.000
50.156	0.000	-9348.106	78	47188	0.000
921.328	0.000	-9236.012	79	47188	0.000
3982.193	0.000	-9250.038	84	47188	0.000
3365.193	0.000	-9241.038	85	47188	0.000
4071.193	0.000	-10446.037	92	47188	0.000
4349.193	0.000	-10186.038	95	47188	0.001
1404.879	0.000	-12235.755	106	47188	2.990
1075.459	0.000	-11550.022	107	47188	0.026
4476.879	0.000	-9163.755	108	47188	0.000
4147.459	0.000	-8478.022	109	47188	0.000
1681.719	0.000	-10270.294	124	47188	0.000
1871.523	0.000	-11212.239	125	47188	0.000
3054.193	0.000	-11565.732	134	47188	0.000
2003.693	0.000	-9464.672	38	30805	0.000
1095.539	0.000	-9159.977	39	30805	0.000
2793.000	0.000	-9153.763	40	30805	0.000
2010.480	0.000	-9903.977	41	30805	0.000
1993.319	0.000	-8703.210	16	47190	0.000
2122.365	0.000	-8217.674	17	47190	0.000
976.985	0.000	-9082.519	22	47190	0.000
3884.115	0.000	-9141.630	26	47190	0.000
3146.365	0.000	-8217.674	27	47190	0.000
3050.961	0.000	-12114.847	43	47190	2.322
1066.756	0.000	-8431.378	14	47191	0.000
5168.155	0.000	-8507.923	22	47191	0.000
6046.952	0.000	-9162.274	23	47191	0.000
636.266	0.000	-8210.334	33	47191	0.000
774.455	0.000	-9246.229	38	47191	0.000
4078.060	0.000	-9795.908	41	47191	0.000
1071.782	0.000	-10361.773	52	47191	0.000
2088.515	0.000	-10366.660	57	47191	0.000
4587.999	0.000	-9254.853	22	47192	0.000
2269.405	0.000	-12232.264	32	47192	3.992
2100.361	0.000	-10199.598	61	47193	0.000
2738.067	0.000	-10196.786	62	47193	0.000
2010.431	0.000	-8567.148	75	47193	0.000
6025.361	0.000	-9340.164	88	47193	0.000
5709.361	0.000	-9244.164	89	47193	0.000
6122.739	0.000	-8738.006	90	47193	0.000
5170.005	0.000	-8886.788	91	47193	0.000
57.361	0.000	-10382.164	102	47193	0.000
51.361	0.000	-8788.164	106	47193	0.000
3438.705	0.000	-9176.906	113	47193	0.000
997.178	0.000	-9336.629	121	47193	0.000
3319.455	0.000	-11219.164	126	47193	0.154
1711.918	0.000	-11281.611	129	47193	0.001
1342.361	0.000	-12233.164	130	47193	2.990
4783.918	0.000	-8209.611	131	47193	0.000
4414.361	0.000	-9161.164	132	47193	0.000
1941.249	0.000	-10259.875	142	47193	0.000
5152.098	0.000	-9324.900	33	47194	0.000
50.689	0.000	-10496.590	34	47194	0.000
34.477	0.000	-9166.422	38	47194	0.000
3108.849	0.000	-9021.593	43	47194	0.000
4073.849	0.000	-9931.026	48	47194	0.000
49.794	0.000	-12166.603	55	47194	2.162
1441.824	0.000	-8214.517	16	47195	0.000
5170.214	0.000	-8555.640	25	47195	0.000
455.539	0.000	-9176.646	33	47195	0.000
439.401	0.000	-10205.677	39	47195	0.000
629.429	0.000	-9234.844	40	47195	0.000
4703.488	0.000	-9235.014	51	47195	0.000
2635.174	0.000	-11141.773	66	47195	0.000
1286.204	0.000	-10204.354	14	47196	0.000
6127.953	0.000	-9014.012	25	47196	0.000
585.692	0.000	-8207.966	33	47196	0.000
1008.766	0.000	-9530.354	39	47196	0.000
5105.405	0.000	-9320.817	44	47196	0.000
1523.596	0.000	-11226.629	62	47196	0.000
2487.467	0.000	-11227.148	67	47196	0.000
2360.819	0.000	-10193.967	22	47197	0.000
5716.989	0.000	-9174.791	30	47197	0.000
1005.335	0.000	-8736.348	36	47197	0.000
39.738	0.000	-9478.426	42	47197	0.000
4071.146	0.000	-9505.732	45	47197	0.000
2028.897	0.000	-10509.628	60	47197	0.000
2417.315	0.000	-12248.153	64	47197	3.838
3053.801	0.000	-12022.952	65	47197	0.433
3037.977	0.000	-8514.945	11	47198	0.000
5210.390	0.000	-9602.623	16	47198	0.000
483.056	0.000	-8219.341	18	47198	0.000
4061.977	0.000	-8514.945	22	47198	0.000
309.166	0.000	-8281.352	9	47229	0.000
3139.334	0.000	-9561.317	14	47229	0.000
1908.129	0.000	-9876.346	60	47230	0.000
3002.995	0.000	-10176.094	61	47230	0.000
62.718	0.000	-10706.237	86	47230	0.000
994.032	0.000	-8669.473	90	47230	0.000
4062.976	0.000	-9163.159	96	47230	0.000
3128.897	0.000	-9243.987	102	47230	0.000
4590.650	0.000	-10181.087	108	47230	0.001
4142.420	0.000	-9272.437	109	47230	0.000
56.711	0.000	-12067.051	124	47230	1.054
2009.798	0.000	-11569.118	128	47230	0.029
5081.798	0.000	-8497.118	129	47230	0.000
2019.543	0.000	-11210.473	133	47230	0.000
2101.188	0.000	-11303.816	137	47230	0.001
1344.212	0.000	-9288.959	36	47231	0.000
995.007	0.000	-10297.741	39	47231	0.000
2008.779	0.000	-8765.554	44	47232	0.000
1832.681	0.000	-10175.600	45	47232	0.000
3053.314	0.000	-9635.600	46	47232	0.000
3106.314	0.000	-10086.600	70	47232	0.000
3476.754	0.000	-11198.362	76	47232	1.273
5086.314	0.000	-9505.600	79	47232	0.000
987.314	0.000	-12047.600	90	47232	1.396
2013.869	0.000	-12081.487	102	47232	2.102
5085.869	0.000	-9009.487	103	47232	0.000
1298.472	0.000	-11191.483	112	47232	0.000
1081.314	0.000	-10582.964	113	47232	0.000
2103.758	0.000	-12257.175	126	47232	4.075
2922.629	0.000	-11306.654	127	47232	0.000
1794.055	0.000	-9578.691	34	47233	0.000
1916.818	0.000	-9578.691	35	47233	0.000
351.215	0.000	-10315.009	49	47233	0.000
227.215	0.000	-10315.009	50	47233	0.000
3800.785	0.000	-9144.021	55	47233	0.000
37.202	0.000	-9912.375	63	47233	0.000
69.666	0.000	-9911.121	64	47233	0.000
3541.762	0.000	-11179.151	75	47233	1.273
4941.215	0.000	-9238.009	78	47233	0.000
210.803	0.000	-8248.503	33	47234	0.000
980.441	0.000	-11210.167	39	47235	0.000
990.823	0.000	-9168.133	43	47235	0.000
2012.450	0.000	-12232.475	51	47235	4.091
5084.450	0.000	-9160.475	52	47235	0.000
2915.834	0.000	-12234.000	57	47235	4.006
2995.076	0.000	-11207.000	61	47235	0.000
1115.093	0.000	-9475.355	38	30852	0.000
1802.753	0.000	-8977.399	39	30852	0.000
2191.583	0.000	-9890.044	40	30852	0.000
2015.486	0.000	-10033.034	15	30853	0.000
2095.003	0.000	-8297.744	8	47238	0.000
3119.003	0.000	-8297.744	13	47238	0.000
3035.151	0.000	-8954.232	67	47239	0.000
1373.871	0.000	-9459.514	68	47239	0.000
1930.696	0.000	-10189.967	69	47239	0.000
1259.182	0.000	-8238.967	79	47239	0.000
111.182	0.000	-10776.967	82	47239	0.000
4060.182	0.000	-9017.967	86	47239	0.000
128.346	0.000	-9248.183	93	47239	0.000
3925.229	0.000	-10188.967	96	47239	0.000
4141.045	0.000	-10043.967	102	47239	0.000
2103.539	0.000	-11807.725	107	47239	0.310
2554.799	0.000	-10267.838	111	47239	0.000
1118.373	0.000	-9751.614	10	47240	0.000
1140.380	0.000	-11815.289	22	47240	0.259
4212.380	0.000	-8743.289	23	47240	0.000
2103.828	0.000	-9770.775	28	30875	0.000
1723.133	0.000	-9254.428	29	30875	0.000
2341.725	0.000	-9598.580	30	30875	0.000
2551.045	0.000	-8253.852	9	47260	0.000
983.967	0.000	-10496.469	12	47260	0.000
3575.045	0.000	-8253.852	15	47260	0.000
1084.430	0.000	-10276.467	23	47260	0.000
2107.277	0.000	-12099.113	27	47260	2.092
1087.885	0.000	-8326.823	78	47261	0.000
2720.904	0.000	-8232.239	79	47261	0.000
63.562	0.000	-10982.453	91	47261	0.000
3744.904	0.000	-8232.239	96	47261	0.000
994.498	0.000	-9801.100	102	47261	0.000
4064.000	0.000	-10534.000	109	47261	0.010
5081.496	0.000	-9770.335	112	47261	0.000
973.000	0.000	-11476.000	119	47261	0.006
983.000	0.000	-12172.000	120	47261	2.573
2007.000	0.000	-11386.761	127	47261	0.001
1088.856	0.000	-12246.906	128	47261	2.540
5079.000	0.000	-8314.761	129	47261	0.000
4160.856	0.000	-9174.906	130	47261	0.000
2028.225	0.000	-10746.279	136	47261	0.000
2086.000	0.000	-11469.283	142	47261	0.007
2167.595	0.000	-11223.951	146	47261	0.000
11879.893	0.000	-14958.822	47	47115	0.000
10122.832	0.000	-9171.344	80	47115	0.200
10198.106	0.000	-8422.244	81	47115	0.000
14218.832	0.000	-16339.344	86	47115	0.000
14294.107	0.000	-15590.244	87	47115	2.899
11308.678	0.000	-16326.458	100	47115	0.000
12501.693	0.000	-15920.913	39	47116	0.000
11869.583	0.000	-15314.427	59	47116	0.000
10299.129	0.000	-8317.021	20	47117	0.000
8380.543	0.000	-8210.776	46	47117	0.000
13124.996	0.000	-14357.479	43	47147	0.000
11308.516	0.000	-15230.876	44	47147	0.000
10191.000	0.000	-8749.000	70	47147	0.010
14287.000	0.000	-15917.000	73	47147	0.000
11500.000	0.000	-16333.000	101	47147	0.000
9191.990	0.000	-8220.338	117	47147	0.000
10284.000	0.000	-8820.000	59	47148	0.017
11305.607	0.000	-16098.733	78	47148	0.000
8571.336	0.000	-9127.727	95	47148	0.004
9194.088	0.000	-8953.489	96	47148	0.002
12971.060	0.000	-14362.949	54	47149	0.000
11235.000	0.000	-8650.000	73	47149	0.116
9573.268	0.000	-8223.122	90	47149	0.000
13669.268	0.000	-15391.122	93	47149	0.000
11315.000	0.000	-16180.000	126	47149	0.000
11435.979	0.000	-15380.891	127	47149	0.000
11854.000	0.000	-16354.000	128	47149	0.000
8248.000	0.000	-8628.797	163	47149	0.000
9197.387	0.000	-8787.432	164	47149	0.000
11235.000	0.000	-9165.000	54	47150	1.522
13146.153	0.000	-15332.147	32	47170	0.000
10602.174	0.000	-9177.698	41	47170	0.466
9190.332	0.000	-8293.979	68	47170	0.000
11093.958	0.000	-9169.307	38	47171	1.529
8625.885	0.000	-9177.215	68	47171	0.004
13299.607	0.000	-14952.707	13	47172	0.000
11052.702	0.000	-9174.678	22	47172	1.529
11904.338	0.000	-15380.850	53	47172	0.000
11247.368	0.000	-9104.119	30	47173	1.522
11300.277	0.000	-15443.223	52	47173	0.000
8242.417	0.000	-8374.344	63	47173	0.000
13297.780	0.000	-15170.387	28	47174	0.000
10894.890	0.000	-9174.466	38	47174	1.045
9005.600	0.000	-8215.035	72	47174	0.000
11636.807	0.000	-14571.821	51	47176	0.000
11875.270	0.000	-13935.943	52	47176	0.000
9282.000	0.000	-8942.000	86	47176	0.004
13378.000	0.000	-16110.000	89	47176	0.000
12249.795	0.000	-16342.869	107	47176	0.000
12171.387	0.000	-15384.000	108	47176	0.000
11644.879	0.000	-15307.755	44	47188	0.000
10288.953	0.000	-8731.570	59	47188	0.017
9610.780	0.000	-8224.569	72	47188	0.000
13706.780	0.000	-15392.569	75	47188	0.000
8849.719	0.000	-8222.294	126	47188	0.000
9039.523	0.000	-9164.240	127	47188	0.012
13264.985	0.000	-15226.519	11	47190	0.000
10028.115	0.000	-9141.630	28	47190	0.202
9290.365	0.000	-8217.674	29	47190	0.000
14124.115	0.000	-16309.630	34	47190	0.000
13386.365	0.000	-15385.674	35	47190	0.000
11333.729	0.000	-15382.447	42	47190	0.000
12924.266	0.000	-14354.334	12	47191	0.000
10288.155	0.000	-8507.923	24	47191	0.002
11166.952	0.000	-9162.274	25	47191	1.522
8239.782	0.000	-8313.773	53	47191	0.000
11919.147	0.000	-15056.588	8	47192	0.000
11401.377	0.000	-16333.813	31	47192	0.000
12958.199	0.000	-15412.189	60	47193	0.000
11582.361	0.000	-15305.164	69	47193	0.000
11242.739	0.000	-8738.006	92	47193	0.275
10290.005	0.000	-8886.788	93	47193	0.043
9582.705	0.000	-9176.906	114	47193	0.122
13678.705	0.000	-16344.906	117	47193	0.000
9109.249	0.000	-8211.875	143	47193	0.000
12683.398	0.000	-16267.251	23	47194	0.000
9252.849	0.000	-9021.593	44	47194	0.015
13348.849	0.000	-16189.593	47	47194	0.000
10290.214	0.000	-8555.640	26	47195	0.002
11949.176	0.000	-15380.754	60	47195	0.000
12873.692	0.000	-14351.966	17	47196	0.000
11247.953	0.000	-9014.012	26	47196	1.112
8691.596	0.000	-9178.629	63	47196	0.004
13293.335	0.000	-14880.348	25	47197	0.000
10836.989	0.000	-9174.791	31	47197	0.672
9196.897	0.000	-8461.628	61	47197	0.000
10205.978	0.000	-8514.945	23	47198	0.001
14301.977	0.000	-15682.945	26	47198	1.759
13138.109	0.000	-15920.572	6	47229	0.000
12005.323	0.000	-15457.142	22	47229	0.000
13282.032	0.000	-14813.473	74	47230	0.000
10206.976	0.000	-9163.159	97	47230	0.200
14302.976	0.000	-16331.159	100	47230	0.000
12254.742	0.000	-16010.968	122	47230	0.000
9187.543	0.000	-9162.473	134	47230	0.024
12257.491	0.000	-15429.824	47	47231	0.000
12681.292	0.000	-16184.536	42	47232	0.000
11315.314	0.000	-15608.902	88	47232	0.000
8466.472	0.000	-9143.483	114	47232	0.004
8249.314	0.000	-8534.964	115	47232	0.000
9944.785	0.000	-9144.021	56	47233	0.205
14040.786	0.000	-16312.021	59	47233	0.000
12188.215	0.000	-15780.009	91	47233	0.000
12188.215	0.000	-15738.009	92	47233	0.000
13116.729	0.000	-16249.183	23	47235	0.000
13278.823	0.000	-15312.133	29	47235	0.000
9263.003	0.000	-8297.744	14	47238	0.000
13359.003	0.000	-15465.744	17	47238	0.000
12260.973	0.000	-16250.370	22	47238	0.000
10204.182	0.000	-9017.967	87	47239	0.082
14300.182	0.000	-16185.967	90	47239	0.000
12521.396	0.000	-14874.664	9	47240	0.000
11380.380	0.000	-14887.289	12	47240	0.000
9719.045	0.000	-8253.852	16	47260	0.000
13815.045	0.000	-15421.852	19	47260	0.000
8252.430	0.000	-8228.467	24	47260	0.000
11328.856	0.000	-15318.906	69	47261	0.000
9888.904	0.000	-8232.239	97	47261	0.000
13984.904	0.000	-15400.239	100	47261	0.000
9196.225	0.000	-8698.279	137	47261	0.000
-16520.199	0.000	-1682.773	0	52224	0.000
-16662.624	0.000	-1372.232	5	52224	0.000
-16462.882	0.000	-1591.408	6	52224	0.000
-16447.436	0.000	-1682.773	9	52224	0.000
-17083.338	0.000	-1155.589	10	52224	0.000
-17265.713	0.000	-961.427	11	52224	0.000
-17412.138	0.000	-1736.031	3	52225	0.000
-16640.000	-0.000	-1736.043	5	52225	0.000
-17152.000	0.000	-1736.032	7	52225	0.000
-16640.000	-0.000	-1629.538	8	52225	0.000
-17471.396	-0.000	-1629.516	9	52225	0.000
-17152.000	-0.000	-1629.528	10	52225	0.000
-16718.869	-0.000	-1411.548	15	52225	0.000
-16643.292	-0.000	-1358.971	23	52225	0.000
-17101.154	-0.000	-1168.914	26	52225	0.000
-16510.125	-0.000	-1572.171	27	52225	0.000
-17317.105	0.000	-1000.762	28	52225	0.000
-17027.436	-0.000	-1116.232	29	52225	0.000
-16406.623	-0.000	-1551.875	30	52225	0.000
-17229.335	-0.000	-952.516	31	52225	0.000
-17736.783	0.000	-1681.995	2	52226	0.000
-17366.555	0.000	-913.960	3	52226	0.000
-16714.938	0.000	-1683.724	0	54275	0.000
-17495.557	0.000	-1683.123	1	54275	0.000
-17171.047	0.000	-1683.961	2	54275	0.000
-16674.716	0.000	-1497.681	0	60420	0.000
-16640.000	0.000	-1866.437	1	60420	0.000
-17557.679	0.000	-1722.003	2	60420	0.000
-17152.000	0.000	-1835.804	3	60420	0.000
-17396.283	0.000	-1069.676	4	60420	0.000
-17474.079	0.000	-1280.274	5	60420	0.000
-17371.561	0.000	-988.219	6	60420	0.000
-17536.020	0.000	-1682.773	1	52229	0.000
-16756.259	0.000	-1682.773	0	52230	0.000
-17444.949	0.000	-1682.773	1	52230	0.000
-17152.000	0.000	-1682.773	2	52230	0.000
-16573.023	0.000	-1682.773	1	52231	0.000
-18172.945	-0.000	-2812.338	0	14344	0.000
-18425.929	-0.000	-1792.000	1	14344	0.000
-17664.000	-0.000	-3064.730	2	14344	0.000
-17664.000	-0.000	-3064.672	3	14344	0.000
-18017.086	-0.000	-898.963	4	14344	0.000
-18270.051	-0.000	-1280.000	5	14344	0.000
-18425.929	-0.000	-2304.000	6	14344	0.000
-18172.964	-0.000	-2812.365	7	14344	0.000
-17118.489	-0.000	-571.020	9	14344	0.000
-17408.390	-0.000	-506.950	13	14344	0.000
-16640.000	-0.000	-3064.668	14	14344	0.000
-17664.407	-0.000	-642.963	18	14344	0.000
-18425.887	-0.000	-1792.000	22	14344	0.000
-18017.062	-0.000	-898.992	25	14344	0.000
-18425.889	-0.000	-2304.000	26	14344	0.000
-18270.006	-0.000	-1280.000	27	14344	0.000
-16640.000	-0.000	-3064.730	29	14344	0.000
-17118.429	-0.000	-571.002	30	14344	0.000
-17664.390	-0.000	-642.992	33	14344	0.000
-17408.407	-0.000	-506.721	34	14344	0.000
-17152.000	-0.000	-3064.730	40	14344	0.000
-16640.000	-0.000	-697.913	46	14344	0.000
-17374.429	-0.000	-503.167	47	14344	0.000
-16640.000	-0.000	-697.950	49	14344	0.000
-17152.000	-0.000	-3064.670	51	14344	0.000
-17374.489	-0.000	-503.188	52	14344	0.000
-17209.996	-0.113	-1683.028	1	61449	0.000
-16615.402	-0.113	-1683.028	2	61449	0.000
-17713.556	0.000	-2970.850	3	14393	0.000
-18198.033	0.000	-2900.670	6	30781	0.000
-17241.793	0.000	-2385.524	7	47198	0.000
-16780.405	0.000	-2233.563	0	14431	0.000
-18232.749	0.000	-3020.418	2	14431	0.367
-17137.290	0.000	-2180.707	0	30817	0.000
-17491.762	0.000	-2180.707	1	30817	0.000
-17633.662	0.000	-2362.619	0	30818	0.000
-16514.013	0.000	-2218.330	1	30818	0.000
-17954.348	0.000	-2163.802	0	30819	0.000
-17869.102	0.000	-2782.908	1	30819	0.000
-16716.952	0.000	-2361.899	0	30820	0.000
-16716.952	0.000	-2411.696	1	30820	0.000
-16415.415	-0.849	-2148.845	0	30821	0.000
-17105.990	0.000	-2374.669	0	30822	0.000
-18025.055	0.000	-1682.043	0	47207	0.000
-18052.701	0.000	-1682.043	1	47207	0.000
-18079.954	0.000	-1682.043	2	47207	0.000
-18109.295	0.000	-1682.043	3	47207	0.000
-16477.068	-0.599	-2148.845	0	47208	0.000
-18005.093	0.000	-1681.177	0	47209	0.000
-17943.899	0.000	-1680.937	0	47212	0.000
-18399.039	0.000	-2429.192	2	47213	0.000
-18077.639	0.000	-1749.268	0	47214	0.000
-16951.249	0.000	-2243.856	0	47215	0.000
-16951.249	0.000	-2287.975	1	47215	0.000
-16872.814	0.000	-2287.975	2	47215	0.000
-16797.180	0.000	-2287.975	3	47215	0.000
-16626.940	0.000	-2140.999	0	47216	0.000
-16659.491	0.000	-2154.380	0	47217	0.000
-17835.981	0.000	-2164.754	0	47218	0.000
-17259.874	0.000	-2285.634	0	47219	0.000
-17764.333	0.000	-2166.569	1	47219	0.000
-17324.572	-0.000	-2285.532	0	47221	0.000
-16703.750	0.000	-2188.344	0	47222	0.000
-16745.074	0.000	-2188.344	1	47222	0.000
-16745.074	0.000	-2188.344	2	47222	0.000
-17873.452	0.000	-2862.393	3	47229	0.000
-16521.102	0.000	-2532.525	3	47260	0.000
-16576.155	0.000	-2103.827	0	47262	0.000
-16482.976	0.000	-2103.827	1	47262	0.000
-16855.529	0.000	-2165.925	7	47262	0.000
-16720.347	0.000	-2165.925	8	47262	0.000
-17191.261	0.000	-2105.475	9	47262	0.000
-17096.289	0.000	-2105.475	10	47262	0.000
-17001.276	0.000	-2105.475	11	47262	0.000
-18040.458	0.000	-2124.041	12	47262	0.000
-17951.449	0.000	-2124.041	13	47262	0.000
-17835.802	0.000	-2124.041	14	47262	0.000
-17737.411	0.000	-2124.041	15	47262	0.000
-17589.434	0.000	-2260.072	16	47262	0.000
-17529.972	0.000	-2105.582	17	47262	0.000
-17443.702	0.000	-2105.582	18	47262	0.000
-17272.848	0.000	-2243.318	19	47262	0.000
-16667.902	0.000	-2103.880	20	47262	0.000
-17406.055	0.000	-2243.318	21	47262	0.000
-17693.896	0.000	-2260.072	22	47262	0.000
-17734.130	0.000	-2189.362	23	47262	0.000
-16992.040	0.000	-2277.179	24	47262	0.000
-16992.040	0.000	-2346.350	25	47262	0.000
-16992.040	0.000	-2426.603	26	47262	0.000
-16992.040	0.000	-2181.464	28	47262	0.000
-17621.971	0.006	-1761.467	0	61607	0.000
-17355.204	0.006	-1761.467	2	61607	0.000
-17394.833	0.006	-966.991	3	61607	0.000
-13821.490	0.000	-1682.772	1	52224	0.000
-14795.602	0.000	-1682.772	2	52224	0.000
-15699.229	0.000	-2110.963	3	52224	0.000
-16128.000	0.000	-1785.402	4	52224	0.000
-15783.544	0.000	-1986.364	7	52224	0.000
-15616.000	0.000	-1682.773	8	52224	0.000
-16128.000	0.000	-1682.773	12	52224	0.000
-15104.000	0.000	-1682.772	13	52224	0.000
-14829.013	0.000	-1682.772	14	52224	0.000
-13853.874	0.000	-1725.722	0	52225	0.000
-15970.254	0.000	-1725.457	1	52225	0.000
-16075.028	0.000	-1829.084	2	52225	0.000
-14080.000	0.000	-1640.167	4	52225	0.000
-16304.528	-0.000	-1736.054	6	52225	0.000
-16381.209	-0.000	-1648.776	11	52225	0.000
-13811.975	0.000	-1640.162	12	52225	0.000
-15104.000	-0.000	-1640.177	13	52225	0.000
-16083.903	-0.000	-1640.188	14	52225	0.000
-15616.000	-0.000	-1640.183	16	52225	0.000
-14592.000	0.000	-1640.173	17	52225	0.000
-14990.643	-0.000	-1725.469	18	52225	0.000
-14422.038	0.000	-1725.442	19	52225	0.000
-15551.588	-0.000	-1725.441	20	52225	0.000
-15272.050	-0.000	-1725.444	21	52225	0.000
-14693.577	-0.000	-1725.451	22	52225	0.000
-14159.562	-0.000	-1725.444	24	52225	0.000
-16320.459	-0.000	-1585.126	25	52225	0.000
-13653.247	0.000	-1682.292	0	52226	0.000
-15595.691	0.000	-2156.356	1	52226	0.000
-13815.725	0.000	-1683.123	3	54275	0.000
-14582.293	0.000	-1683.724	4	54275	0.000
-14056.322	0.000	-1683.123	5	54275	0.000
-15616.000	0.000	-1830.771	7	60420	0.000
-14592.000	0.000	-1781.506	8	60420	0.000
-16128.000	0.000	-1851.032	9	60420	0.000
-15104.000	-0.000	-1781.506	10	60420	0.000
-14121.899	0.000	-1792.333	11	60420	0.000
-14744.823	0.000	-1682.772	0	52229	0.000
-14522.235	0.000	-1682.773	3	52230	0.000
-14132.733	0.000	-1682.773	4	52230	0.000
-13886.249	0.000	-1682.773	0	52231	0.000
-13568.000	-0.000	-1787.923	8	14344	0.000
-15107.883	-0.000	-2812.317	10	14344	0.000
-16128.000	-0.000	-3064.666	11	14344	0.000
-14592.000	-0.000	-1241.230	12	14344	0.000
-13568.004	-0.000	-1787.918	15	14344	0.000
-15104.000	-0.000	-1105.362	16	14344	0.000
-14851.853	-0.000	-2556.144	17	14344	0.000
-15616.000	-0.000	-3064.650	19	14344	0.000
-15385.359	-0.000	-1030.727	20	14344	0.000
-15616.000	-0.000	-3064.730	21	14344	0.000
-14340.074	-0.000	-2043.923	23	14344	0.000
-14080.000	-0.000	-2039.846	24	14344	0.000
-16128.000	-0.000	-833.729	28	14344	0.000
-15107.853	-0.000	-2812.365	31	14344	0.000
-15104.000	-0.000	-1105.410	32	14344	0.000
-14080.000	-0.000	-1376.993	35	14344	0.000
-15641.359	-0.000	-962.819	36	14344	0.000
-13652.288	-0.000	-1490.451	37	14344	0.000
-14596.074	-0.000	-2300.144	38	14344	0.000
-14592.000	-0.000	-1241.177	39	14344	0.000
-16128.000	-0.000	-3064.730	41	14344	0.000
-14596.086	-0.000	-2300.114	42	14344	0.000
-13652.403	-0.000	-1490.480	43	14344	0.000
-15385.446	-0.000	-1030.750	44	14344	0.000
-14340.086	-0.000	-2043.911	45	14344	0.000
-14851.883	-0.000	-2556.114	48	14344	0.000
-14080.000	-0.000	-1377.050	50	14344	0.000
-14080.000	-0.000	-2039.825	53	14344	0.000
-15641.446	-0.000	-962.840	54	14344	0.000
-16128.000	-0.000	-833.770	55	14344	0.000
-15582.787	-0.113	-1683.028	0	61449	0.000
-14951.011	-0.077	-1683.028	3	61449	0.000
-14482.192	-0.077	-1683.028	4	61449	0.000
-14029.621	-0.077	-1683.028	5	61449	0.000
-16148.245	-0.113	-1683.028	6	61449	0.000
-11213.055	0.000	-4144.896	88	47115	1.332
-9298.322	0.000	-3111.971	92	47115	0.000
-10187.322	0.000	-4146.458	116	47115	0.000
-10201.322	0.000	-5160.458	120	47115	0.000
-10197.888	0.000	-2522.539	51	47116	0.000
-10267.388	0.000	-5058.579	81	47116	0.000
-10263.877	0.000	-4128.716	82	47116	0.000
-10182.187	0.000	-3163.297	91	47116	0.000
-8228.888	0.000	-4118.949	95	47116	0.000
-8942.011	0.000	-4131.427	96	47116	0.000
-9173.881	0.000	-4392.791	97	47116	0.000
-9241.936	0.000	-8140.427	126	47116	0.008
-10197.888	0.000	-5594.539	138	47116	0.000
-9949.450	0.000	-3093.673	32	47117	0.000
-10205.609	0.000	-7316.215	38	47117	0.000
-9160.888	0.000	-6166.427	40	47117	0.000
-10051.457	0.000	-6162.776	44	47117	0.000
-9960.711	0.000	-5139.007	49	47117	0.000
-9171.659	0.000	-5051.886	36	30742	0.000
-8543.000	0.000	-203.000	4	47143	0.000
-8618.251	0.000	-38.480	12	47144	0.000
-9460.455	0.000	-179.771	27	47147	0.000
-8626.101	0.000	-1248.274	29	47147	0.000
-10199.213	0.000	-3028.764	36	47147	0.000
-8379.004	0.000	-7189.479	67	47147	0.000
-10197.361	0.000	-3921.476	83	47147	0.000
-8621.000	0.000	-3097.000	87	47147	0.000
-8884.000	0.000	-5069.000	90	47147	0.000
-9238.000	0.000	-7729.000	106	47147	0.000
-10204.035	0.000	-8149.269	107	47147	2.049
-9240.010	0.000	-6172.338	115	47147	0.000
-9918.000	0.000	-5071.000	121	47147	0.000
-10199.213	0.000	-6100.764	125	47147	0.000
-9218.000	0.000	-198.627	3	47148	0.000
-8958.633	0.000	-375.999	35	47148	0.000
-8373.516	0.000	-550.359	36	47148	0.000
-10199.000	0.000	-2697.000	46	47148	0.000
-10261.912	0.000	-2809.489	47	47148	0.000
-9966.000	0.000	-4050.207	67	47148	0.000
-8850.000	0.000	-3123.000	71	47148	0.000
-10201.803	0.000	-8026.848	81	47148	0.897
-9176.000	0.000	-7129.000	83	47148	0.000
-8214.000	0.000	-6863.000	84	47148	0.000
-9860.664	0.000	-7079.727	91	47148	0.000
-9237.912	0.000	-6905.489	92	47148	0.000
-10013.813	0.000	-4123.000	103	47148	0.000
-10186.834	0.000	-4597.854	104	47148	0.000
-10199.000	0.000	-5769.000	105	47148	0.000
-9725.372	0.000	-3039.891	46	47149	0.000
-10258.613	0.000	-2643.432	47	47149	0.000
-8360.535	0.000	-5231.499	70	47149	0.000
-8532.940	0.000	-7194.949	88	47149	0.000
-10127.000	0.000	-4046.000	100	47149	0.000
-8916.060	0.000	-4039.865	104	47149	0.000
-8244.789	0.000	-4469.662	107	47149	0.000
-9524.000	0.000	-7216.000	141	47149	0.000
-9959.893	0.000	-7183.718	142	47149	0.000
-8472.726	0.000	-7125.405	155	47149	0.000
-10184.000	0.000	-6580.797	159	47149	0.000
-9234.613	0.000	-6739.432	160	47149	0.000
-10203.073	0.000	-4348.600	170	47149	0.000
-9725.372	0.000	-6111.891	171	47149	0.000
-10197.569	0.000	-2446.050	37	47150	0.000
-9170.000	0.000	-8074.867	66	47150	0.002
-10730.000	0.000	-5079.000	69	47150	0.000
-8914.000	0.000	-3120.000	77	47150	0.000
-10061.774	0.000	-7188.314	86	47150	0.000
-9233.000	0.000	-4287.284	89	47150	0.000
-10197.569	0.000	-5518.050	93	47150	0.000
-9148.397	0.000	-192.463	41	47156	0.000
-9174.740	0.000	-7213.881	57	47156	0.000
-9261.095	0.000	-257.966	15	47170	0.000
-8321.922	0.000	-673.325	16	47170	0.000
-8303.391	0.000	-597.259	17	47170	0.000
-10196.619	0.000	-2898.730	29	47170	0.000
-8778.539	0.000	-5135.527	38	47170	0.000
-8357.847	0.000	-8164.147	49	47170	0.000
-11040.913	0.000	-4116.307	50	47170	0.218
-10193.563	0.000	-3860.082	58	47170	0.000
-10129.522	0.000	-8147.345	64	47170	2.049
-9241.668	0.000	-6245.979	66	47170	0.000
-10116.866	0.000	-5074.962	72	47170	0.000
-10196.619	0.000	-5970.730	76	47170	0.000
-9690.101	0.000	-21.471	15	47171	0.000
-8370.913	0.000	-633.856	16	47171	0.000
-8881.378	0.000	-399.197	17	47171	0.000
-8254.469	0.000	-1028.956	18	47171	0.000
-9151.082	0.000	-5609.045	35	47171	0.000
-9175.444	0.000	-8013.944	50	47171	0.000
-10262.067	0.000	-4941.091	52	47171	0.000
-11218.459	0.000	-4272.470	53	47171	0.671
-10199.895	0.000	-7903.194	64	47171	0.009
-9806.115	0.000	-7129.215	66	47171	0.000
-10192.098	0.000	-4837.271	72	47171	0.000
-9256.012	0.000	-347.161	9	47172	0.000
-8215.754	0.000	-1002.845	10	47172	0.000
-9114.272	0.000	-5450.102	19	47172	0.000
-8204.393	0.000	-7784.707	32	47172	0.000
-10280.553	0.000	-4592.116	34	47172	0.000
-9791.452	0.000	-4059.941	38	47172	0.000
-8206.498	0.000	-4256.312	42	47172	0.000
-9063.222	0.000	-7133.031	54	47172	0.000
-8623.752	0.000	-7135.630	55	47172	0.000
-9324.933	0.000	-5046.480	63	47172	0.000
-8749.042	0.000	-1325.661	12	47173	0.000
-8565.729	0.000	-1204.510	13	47173	0.000
-8995.272	0.000	-5135.661	27	47173	0.000
-8804.866	0.000	-8160.365	40	47173	0.000
-11229.913	0.000	-4893.812	42	47173	0.000
-9237.177	0.000	-7842.597	55	47173	0.000
-8210.527	0.000	-6167.540	57	47173	0.000
-10189.583	0.000	-6326.344	61	47173	0.000
-9974.552	0.000	-5080.806	67	47173	0.000
-9897.703	0.000	-5138.983	71	47173	0.000
-9425.526	0.000	-127.115	12	47174	0.000
-8300.714	0.000	-1049.135	13	47174	0.000
-9049.469	0.000	-5141.721	35	47174	0.000
-8206.220	0.000	-8002.387	46	47174	0.000
-10282.525	0.000	-4412.575	47	47174	0.000
-10669.053	0.000	-4117.730	48	47174	0.000
-8892.188	0.000	-4120.196	55	47174	0.000
-9231.896	0.000	-7917.898	64	47174	0.000
-8523.044	0.000	-6158.604	66	47174	0.000
-9426.400	0.000	-6167.035	70	47174	0.000
-9241.743	0.000	-4944.496	76	47174	0.000
-9786.917	0.000	-5141.800	80	47174	0.000
-9158.741	0.000	-5146.407	75	47176	0.000
-11225.427	0.000	-5062.204	91	47176	0.000
-9162.101	0.000	-6970.000	113	47176	0.000
-9210.675	0.000	-285.127	27	47188	0.000
-10416.477	0.000	-3020.239	38	47188	0.000
-11213.845	0.000	-4228.106	76	47188	0.671
-10342.672	0.000	-4116.012	77	47188	0.000
-8216.807	0.000	-3278.038	90	47188	0.000
-8962.807	0.000	-5066.038	93	47188	0.000
-10203.807	0.000	-7440.663	102	47188	0.000
-9174.807	0.000	-6710.038	114	47188	0.000
-8210.581	0.000	-6772.060	115	47188	0.000
-9582.281	0.000	-6174.294	122	47188	0.000
-9392.477	0.000	-7116.240	123	47188	0.000
-9246.205	0.000	-4115.440	133	47188	0.000
-8239.015	0.000	-8058.519	25	47190	0.000
-8579.734	0.000	-7186.334	36	47191	0.000
-10489.545	0.000	-4126.229	37	47191	0.000
-10028.562	0.000	-3090.487	43	47191	0.000
-9504.149	0.000	-8146.261	49	47191	0.000
-10192.218	0.000	-6265.773	51	47191	0.000
-10199.485	0.000	-5246.660	56	47191	0.000
-8724.001	0.000	-4134.853	20	47192	0.000
-8286.000	0.000	-426.000	9	47193	0.000
-9097.344	0.000	-110.120	40	47193	0.000
-8220.950	0.000	-737.897	45	47193	0.000
-9139.824	0.000	-314.612	47	47193	0.000
-8310.639	0.000	-5244.164	86	47193	0.000
-8626.639	0.000	-5148.164	87	47193	0.000
-9164.639	0.000	-7764.164	109	47193	0.000
-10266.822	0.000	-4216.629	120	47193	0.000
-8968.545	0.000	-4051.164	124	47193	0.000
-8542.639	0.000	-7125.164	137	47193	0.000
-9322.751	0.000	-6163.875	141	47193	0.000
-10184.721	0.000	-4418.620	147	47193	0.000
-9183.902	0.000	-5228.900	32	47194	0.000
-9181.523	0.000	-8142.422	41	47194	0.002
-10190.275	0.000	-4059.618	50	47194	0.000
-10195.151	0.000	-4953.941	59	47194	0.000
-8660.819	0.000	-113.082	6	47195	0.000
-9383.484	0.000	-451.502	8	47195	0.000
-9033.234	0.000	-345.155	10	47195	0.000
-9652.826	0.000	-2949.773	14	47195	0.000
-8760.461	0.000	-8152.646	36	47195	0.000
-10824.599	0.000	-5085.677	37	47195	0.000
-10634.571	0.000	-4114.844	38	47195	0.000
-9752.698	0.000	-4054.854	45	47195	0.000
-8608.512	0.000	-4115.014	49	47195	0.000
-8209.117	0.000	-6291.170	61	47195	0.000
-9652.826	0.000	-6021.773	65	47195	0.000
-9287.692	0.000	-309.432	11	47196	0.000
-9800.533	0.000	-3035.148	16	47196	0.000
-8630.308	0.000	-7183.966	36	47196	0.000
-10255.234	0.000	-4410.354	38	47196	0.000
-8206.595	0.000	-4200.817	42	47196	0.000
-9099.537	0.000	-7127.816	49	47196	0.000
-8569.988	0.000	-6157.617	50	47196	0.000
-8207.655	0.000	-6713.042	51	47196	0.000
-9740.404	0.000	-7130.629	61	47196	0.000
-9800.533	0.000	-6107.148	66	47196	0.000
-8621.851	0.000	-138.276	9	47197	0.000
-9326.896	0.000	-374.977	11	47197	0.000
-8437.679	0.000	-515.755	12	47197	0.000
-8210.665	0.000	-7712.348	39	47197	0.000
-11224.262	0.000	-4358.426	41	47197	0.162
-10049.480	0.000	-8153.623	49	47197	0.000
-8337.065	0.000	-6161.645	51	47197	0.000
-9177.863	0.000	-6226.783	52	47197	0.000
-9235.103	0.000	-6413.628	59	47197	0.000
-9125.610	0.000	-5506.623	15	47198	0.000
-8732.944	0.000	-7195.341	21	47198	0.000
-15770.760	0.000	-2532.555	1	14431	0.000
-16224.349	0.000	-2351.459	0	14432	0.000
-16325.013	0.000	-2490.296	2	30819	0.000
-15943.552	0.000	-2410.043	2	30820	0.000
-15975.505	0.000	-2454.116	3	30820	0.000
-13469.247	0.000	-1681.179	4	47207	0.000
-13440.813	0.000	-1681.179	5	47207	0.000
-13413.359	0.000	-1681.179	6	47207	0.000
-13385.742	0.000	-1681.179	7	47207	0.000
-13489.014	0.000	-1680.094	1	47209	0.000
-13524.494	0.000	-1756.833	0	47210	0.000
-13809.483	0.000	-1823.315	0	47211	0.000
-13734.656	0.000	-1495.283	0	47213	0.000
-13524.366	0.000	-1553.686	1	47213	0.000
-14547.932	0.000	-1573.955	0	47220	0.000
-16216.892	0.000	-2316.689	3	47222	0.000
-16181.384	0.000	-2316.689	4	47222	0.000
-16012.734	0.000	-2347.961	5	47222	0.000
-16031.568	0.000	-2374.258	6	47222	0.000
-16047.204	0.000	-2398.423	7	47222	0.000
-14591.731	0.000	-1571.971	0	30839	0.000
-15594.094	0.000	-1777.825	1	30839	0.000
-8415.177	62.491	-2366.894	0	14459	62.500
-8906.834	0.000	-7257.352	12	47229	0.000
-10268.457	0.000	-3018.473	65	47230	0.000
-8221.968	0.000	-7645.473	93	47230	0.000
-8721.350	0.000	-5061.087	104	47230	0.000
-9169.580	0.000	-4152.437	105	47230	0.000
-9244.457	0.000	-7114.473	132	47230	0.000
-9275.880	0.000	-7192.387	50	47231	0.000
-8811.246	0.000	-4030.362	74	47232	0.000
-8225.686	0.000	-4385.600	77	47232	0.000
-9374.097	0.000	-8157.670	97	47232	0.033
-9263.302	0.000	-7285.474	98	47232	0.000
-8286.605	0.000	-6179.922	106	47232	0.000
-9965.528	0.000	-7095.483	110	47232	0.000
-10182.686	0.000	-6486.964	111	47232	0.000
-9228.486	0.000	-4189.600	123	47232	0.000
-10188.686	0.000	-4229.600	124	47232	0.000
-9317.039	0.000	-4113.016	125	47232	0.000
-11226.798	0.000	-4792.375	61	47233	0.000
-11194.334	0.000	-4791.121	62	47233	0.000
-10157.444	0.000	-3088.067	69	47233	0.000
-8746.238	0.000	-4011.151	73	47233	0.000
-8370.785	0.000	-4118.009	76	47233	0.000
-8248.785	0.000	-7058.009	93	47233	0.000
-8291.606	0.000	-7058.009	94	47233	0.000
-9244.785	0.000	-5046.009	102	47233	0.000
-9005.197	0.000	-7224.503	36	47234	0.000
-9292.924	0.000	-3015.000	27	47235	0.000
-8225.177	0.000	-8144.133	46	47235	0.000
-10182.132	0.000	-5068.651	56	47235	0.000
-9292.924	0.000	-6087.000	60	47235	0.000
-10120.382	0.000	-4141.251	24	47238	0.000
-8699.873	0.000	-1291.720	58	47239	0.000
-9733.200	0.000	-2075.838	70	47239	0.000
-11135.654	0.000	-4128.183	92	47239	0.218
-9170.955	0.000	-4923.967	100	47239	0.000
-9733.200	0.000	-5147.838	110	47239	0.000
-9100.674	0.000	-37.276	3	47254	0.000
-9314.119	0.000	-449.617	13	47255	0.000
-10179.570	0.000	-6180.467	22	47260	0.000
-9054.772	0.000	-41.617	52	47261	0.000
-9313.802	0.000	-172.053	53	47261	0.000
-10120.405	0.000	-3031.951	63	47261	0.000
-10259.775	0.000	-2554.279	64	47261	0.000
-10269.502	0.000	-4681.100	101	47261	0.000
-8224.000	0.000	-3366.000	107	47261	0.000
-8230.504	0.000	-4650.335	110	47261	0.000
-9235.775	0.000	-6650.279	135	47261	0.000
-9651.463	0.000	-5056.860	141	47261	0.000
-10120.405	0.000	-6103.951	145	47261	0.000
-16240.800	0.000	-2303.065	2	47262	0.000
-16123.365	0.000	-2303.065	3	47262	0.000
-16038.300	0.000	-2303.065	4	47262	0.000
-16353.358	0.000	-2303.065	5	47262	0.000
-16370.145	0.000	-2105.031	6	47262	0.000
-16370.178	0.000	-2224.488	27	47262	0.000
-15916.039	0.000	-2363.300	29	47262	0.000
-15828.996	0.000	-2441.596	30	47262	0.000
-15747.441	0.000	-2498.418	31	47262	0.000
-15681.458	0.000	-2546.926	32	47262	0.000
-14531.977	0.006	-1730.030	1	61607	0.000
-16212.947	0.006	-1805.905	4	61607	0.000
-15165.917	0.000	-1731.620	5	61607	0.000
-13943.638	0.006	-1745.719	6	61607	0.000
-1486.322	0.000	-7958.458	4	47115	0.000
-8135.170	0.000	-6295.948	61	47115	0.000
-5614.526	0.000	-6880.472	2	47116	0.000
-6034.536	0.000	-5626.230	7	47116	0.000
-4303.888	0.000	-8130.427	33	47116	0.000
-4514.417	0.000	-8146.427	34	47116	0.000
-7918.011	0.000	-7203.427	52	47116	0.000
-8149.881	0.000	-7464.791	53	47116	0.000
-7092.283	0.000	-6683.644	0	47117	0.000
-8157.609	0.000	-5268.215	12	47117	0.000
-8134.631	0.000	-6192.249	30	30742	0.000
-8147.659	0.000	-8123.886	31	30742	0.000
-1233.000	0.000	-6905.000	0	30756	0.000
-1489.000	0.000	-7105.000	0	30757	0.000
-1743.000	0.000	-7303.000	1	30757	0.000
-1702.000	0.000	-7535.000	0	30758	0.000
-1514.000	0.000	-7623.000	1	30758	0.000
-556.000	0.000	-6779.000	2	30758	0.000
-7268.000	0.000	-2011.000	0	47143	0.000
-7125.000	0.000	-3408.000	5	47143	0.000
-7124.312	0.000	-4050.615	6	47143	0.000
-7567.000	0.000	-4982.000	7	47143	0.000
-6879.991	0.000	-6253.352	9	47143	0.000
-6652.818	0.000	-2247.420	0	47144	0.000
-6935.000	0.000	-681.000	1	47144	0.000
-6114.000	0.000	-130.999	2	47144	0.000
-7373.000	0.000	-2106.999	3	47144	0.000
-7543.000	0.000	-3235.999	4	47144	0.000
-6925.016	0.000	-1720.294	5	47144	0.000
-7412.000	0.000	-170.999	7	47144	0.000
-6209.000	0.000	-1253.999	8	47144	0.000
-6209.000	0.000	-1180.998	9	47144	0.000
-6871.963	0.000	-2651.633	10	47144	0.000
-7009.569	0.000	-6015.895	15	47144	0.000
-6576.385	0.000	-5797.872	16	47144	0.000
-8063.000	0.000	-920.000	4	47145	0.000
-6247.054	0.000	-171.481	6	47145	0.000
-7058.040	0.000	-2822.557	7	47145	0.000
-6301.905	0.000	-5700.971	8	47145	0.000
-7465.000	0.000	-2305.000	1	47146	0.000
-7549.236	0.000	-3288.664	2	47146	0.000
-7204.471	0.000	-4397.823	3	47146	0.000
-7128.883	0.000	-5064.166	4	47146	0.000
-6054.550	0.000	-1430.957	5	47146	0.000
-6961.108	0.000	-2797.473	6	47146	0.000
-5390.495	0.000	-176.522	7	47146	0.000
-7343.857	0.000	-240.823	9	47146	0.000
-7058.283	0.000	-5870.107	11	47146	0.000
-6541.114	0.000	-5904.441	12	47146	0.000
-5603.782	0.000	-6779.609	1	47147	0.000
-7922.763	0.000	-754.569	2	47147	0.000
-6850.471	0.000	-501.833	7	47147	0.000
-5075.484	0.000	-8062.876	25	47147	0.000
-7127.806	0.000	-3135.793	26	47147	0.000
-6953.927	0.000	-4114.947	30	47147	0.000
-7192.955	0.000	-5141.052	31	47147	0.000
-8060.756	0.000	-5074.012	37	47147	0.000
-8156.035	0.000	-6101.269	38	47147	0.000
-8147.484	0.000	-7038.876	39	47147	0.000
-7860.000	0.000	-8141.000	40	47147	0.000
-7233.990	0.000	-6812.510	2	47148	0.000
-7883.873	0.000	-756.926	6	47148	0.000
-7105.682	0.000	-1874.814	9	47148	0.000
-7121.619	0.000	-3690.602	10	47148	0.000
-7571.555	0.000	-5528.740	11	47148	0.000
-5548.670	0.000	-121.946	31	47148	0.000
-8143.434	0.000	-25.234	34	47148	0.000
-5650.375	0.000	-1183.780	38	47148	0.000
-6067.715	0.000	-1550.557	39	47148	0.000
-8153.803	0.000	-5978.848	48	47148	0.000
-6592.431	0.000	-5963.264	2	47149	0.000
-6304.671	0.000	-1934.576	3	47149	0.000
-7439.000	0.000	-2241.000	4	47149	0.000
-4135.572	0.000	-7822.823	29	47149	0.000
-7911.893	0.000	-5135.718	48	47149	0.000
-7853.555	0.000	-6161.333	49	47149	0.000
-6757.497	0.000	-6857.747	1	47150	0.000
-7718.000	0.000	-761.000	4	47150	0.000
-3958.953	0.000	-7599.824	5	47150	0.000
-8013.774	0.000	-5140.314	38	47150	0.000
-6169.000	0.000	-446.000	0	47151	0.000
-7570.530	0.000	-5069.000	1	47151	0.000
-6867.986	0.000	-134.554	1	47152	0.000
-7232.477	0.000	-4053.032	2	47152	0.000
-6575.677	0.000	-2104.778	3	47152	0.000
-629.702	0.000	-7465.068	1	47156	0.000
-6130.045	0.000	-6254.753	2	47156	0.000
-7104.708	0.000	-4117.953	3	47156	0.000
-7535.702	0.000	-5611.068	4	47156	0.000
-4905.697	0.000	-7030.311	5	47156	0.000
-6783.702	0.000	-3759.068	6	47156	0.000
-6539.004	0.000	-2068.373	7	47156	0.000
-6272.643	0.000	-259.501	8	47156	0.000
-6862.833	0.000	-258.571	9	47156	0.000
-7957.702	0.000	-435.068	10	47156	0.000
-816.000	0.000	-6726.000	0	14393	0.000
-1045.000	0.000	-6446.000	0	30778	0.000
-1464.000	0.000	-7336.000	0	30779	0.000
-395.000	0.000	-7639.000	1	30779	0.000
-219.000	0.000	-7597.000	2	30779	0.000
-691.000	0.000	-7751.000	0	14396	0.000
-538.004	0.000	-7685.000	0	30781	0.000
-6338.004	0.000	-5065.000	2	30781	0.000
-6718.000	0.000	-3412.000	3	30782	0.000
-6503.566	0.000	-6962.365	0	47170	0.000
-6155.605	0.000	-1658.357	9	47170	0.000
-6873.786	0.000	-12.361	10	47170	0.000
-5843.078	0.000	-494.366	11	47170	0.000
-7196.208	0.000	-3281.177	19	47170	0.000
-6758.445	0.000	-1948.345	20	47170	0.000
-8147.568	0.000	-3556.000	30	47170	0.000
-8081.522	0.000	-6099.345	31	47170	0.000
-5697.000	0.000	-160.640	0	47171	0.000
-6758.038	0.000	-6142.256	1	47171	0.000
-5780.158	0.000	-694.613	11	47171	0.000
-6882.253	0.000	-4064.289	20	47171	0.000
-8151.895	0.000	-5855.194	25	47171	0.000
-6716.373	0.000	-6875.798	0	47172	0.000
-5524.392	0.000	-223.377	6	47172	0.000
-8113.132	0.000	-3389.378	12	47172	0.000
-6726.107	0.000	-6817.155	0	47173	0.000
-6483.455	0.000	-219.565	7	47173	0.000
-5810.474	0.000	-637.281	8	47173	0.000
-6588.531	0.000	-6963.461	0	47174	0.000
-6575.154	0.000	-176.673	8	47174	0.000
-5805.622	0.000	-177.415	9	47174	0.000
-7054.799	0.000	-5082.784	16	47174	0.000
-8156.693	0.000	-3382.754	25	47174	0.000
-7868.188	0.000	-7192.196	26	47174	0.000
-6240.325	0.000	-6144.088	1	47176	0.000
-8147.000	0.000	-5057.089	28	30803	0.000
-6183.208	0.000	-242.778	2	47188	0.000
-7191.300	0.000	-157.466	3	47188	0.000
-6322.383	0.000	-669.038	4	47188	0.000
-7158.807	0.000	-1923.038	5	47188	0.000
-6960.372	0.000	-1740.562	6	47188	0.000
-6989.466	0.000	-2859.762	7	47188	0.000
-7122.807	0.000	-3948.493	8	47188	0.000
-6511.570	0.000	-5130.607	11	47188	0.000
-8154.484	0.000	-808.624	29	47188	0.000
-7570.994	0.000	-4122.774	30	47188	0.000
-8155.807	0.000	-5392.663	39	47188	0.000
-7811.121	0.000	-7115.755	40	47188	0.000
-8140.541	0.000	-6430.022	41	47188	0.000
-7938.807	0.000	-8138.038	42	47188	0.000
-5953.931	0.000	-1321.124	0	47190	0.000
-6968.629	0.000	-5963.401	2	47190	0.000
-6785.670	0.000	-649.376	6	47190	0.000
-5365.861	0.000	-6360.712	7	47190	0.000
-5309.557	0.000	-6415.792	8	47190	0.000
-6909.202	0.000	-6027.002	1	47191	0.000
-7017.931	0.000	-6605.403	1	47192	0.000
-6249.526	0.000	-846.332	4	47192	0.000
-6410.112	0.000	-5227.536	5	47192	0.000
-5450.039	0.000	-6244.835	6	47192	0.000
-7970.595	0.000	-4040.264	10	47192	0.000
-7700.001	0.000	-7206.853	11	47192	0.000
-6917.987	0.000	-6764.215	5	47193	0.000
-6782.682	0.000	-232.877	6	47193	0.000
-7873.000	0.000	-61.000	7	47193	0.000
-7938.000	0.000	-650.000	8	47193	0.000
-6659.097	0.000	-1964.169	38	47193	0.000
-7967.895	0.000	-123.978	43	47193	0.000
-7404.238	0.000	-4113.671	49	47193	0.000
-7130.067	0.000	-4664.047	50	47193	0.000
-6014.693	0.000	-1590.277	51	47193	0.000
-7408.740	0.000	-5067.360	52	47193	0.000
-7873.639	0.000	-7113.164	67	47193	0.000
-6928.038	0.000	-152.584	0	47194	0.000
-6786.958	0.000	-158.593	1	47194	0.000
-7086.411	0.000	-2995.750	2	47194	0.000
-7201.151	0.000	-3910.630	3	47194	0.000
-7201.296	0.000	-3865.369	4	47194	0.000
-8043.619	0.000	-4120.701	27	47194	0.000
-7179.996	0.000	-6718.825	0	47195	0.000
-6303.108	0.000	-174.448	4	47195	0.000
-5564.717	0.000	-227.233	5	47195	0.000
-7551.691	0.000	-3365.067	12	47195	0.000
-7180.861	0.000	-6806.479	0	47196	0.000
-5983.934	0.000	-1430.034	6	47196	0.000
-5841.553	0.000	-112.205	8	47196	0.000
-7251.255	0.000	-5079.588	13	47196	0.000
-6824.402	0.000	-6207.158	0	47197	0.000
-6073.016	0.000	-1653.781	6	47197	0.000
-6397.396	0.000	-168.870	7	47197	0.000
-5881.118	0.000	-693.257	8	47197	0.000
-6668.449	0.000	-3759.915	14	47197	0.000
-7126.631	0.000	-5133.009	15	47197	0.000
-7822.685	0.000	-4056.153	23	47197	0.000
-8001.480	0.000	-6105.623	24	47197	0.000
-5426.119	0.000	-6960.569	0	47198	0.000
-6051.968	0.000	-1038.969	5	47198	0.000
-5996.060	0.000	-5512.568	6	47198	0.000
-6611.966	0.000	-6386.313	0	14460	0.000
-5542.927	0.000	-6837.495	0	47229	0.000
-6680.106	0.000	-3053.208	2	47229	0.000
-6437.661	0.000	-5927.275	3	47230	0.000
-480.282	0.000	-7385.473	4	47230	0.000
-8135.361	0.000	-4266.627	66	47230	0.000
-7697.350	0.000	-8133.087	67	47230	0.000
-8145.580	0.000	-7224.437	68	47230	0.000
-2161.509	0.000	-7882.824	2	47231	0.000
-8148.371	0.000	-4158.042	37	47231	0.000
-6945.686	0.000	-2613.600	7	47232	0.000
-6894.024	0.000	-3257.113	8	47232	0.000
-7567.197	0.000	-4190.350	9	47232	0.000
-6749.686	0.000	-3969.600	10	47232	0.000
-4130.131	0.000	-7985.487	39	47232	0.000
-8136.242	0.000	-4065.175	51	47232	0.000
-7120.411	0.000	-6571.382	2	47233	0.000
-802.166	0.000	-7564.912	1	47234	0.000
-5872.316	0.000	-6620.290	3	47234	0.000
-2165.166	0.000	-7800.912	4	47234	0.000
-6227.929	0.000	-5420.481	16	47234	0.000
-4131.550	0.000	-8136.475	19	47235	0.000
-8145.000	0.000	-4862.620	28	47235	0.000
-6581.509	0.000	-4772.348	3	47238	0.000
-7142.084	0.000	-6634.889	5	47239	0.000
-937.818	0.000	-7651.967	6	47239	0.000
-6534.818	0.000	-1034.967	7	47239	0.000
-6366.653	0.000	-2023.632	8	47239	0.000
-6732.818	0.000	-2452.967	9	47239	0.000
-7121.818	0.000	-3838.311	10	47239	0.000
-5807.582	0.000	-5774.537	28	47239	0.000
-5890.017	0.000	-1646.344	53	47239	0.000
-6638.531	0.000	-231.629	54	47239	0.000
-8053.227	0.000	-87.689	57	47239	0.000
-7201.483	0.000	-3465.605	60	47239	0.000
-8136.460	0.000	-3615.725	71	47239	0.000
-8146.955	0.000	-7995.967	72	47239	0.000
-7544.256	0.000	-4042.457	0	47240	0.000
-6883.293	0.000	-6377.608	2	47240	0.000
-5003.620	0.000	-7719.289	5	47240	0.000
-5675.623	0.000	-675.909	7	47240	0.000
-6645.045	0.000	-4368.298	8	47240	0.000
-8075.620	0.000	-6695.289	11	47240	0.000
-7885.928	0.000	-434.133	0	47251	0.000
-6729.647	0.000	-141.803	1	47251	0.000
-7575.166	0.000	-140.103	2	47251	0.000
-7212.429	0.000	-4259.307	1	47252	0.000
-6959.237	0.000	-255.214	2	47252	0.000
-7954.388	0.000	-324.305	0	47253	0.000
-7200.878	0.000	-3619.207	3	47253	0.000
-7432.000	0.000	-2826.000	4	47253	0.000
-7399.000	0.000	-2778.000	5	47253	0.000
-7260.472	0.000	-5652.938	6	47253	0.000
-7619.412	0.000	-671.000	0	47254	0.000
-7584.550	0.000	-671.000	1	47254	0.000
-6853.749	0.000	-411.599	6	47254	0.000
-7138.687	0.000	-243.000	7	47254	0.000
-6516.738	0.000	-2224.551	8	47254	0.000
-6207.534	0.000	-1818.252	0	47255	0.000
-6455.000	0.000	-687.000	1	47255	0.000
-7899.896	0.000	-575.191	2	47255	0.000
-7898.498	0.000	-545.298	3	47255	0.000
-5901.000	0.000	-181.000	4	47255	0.000
-5500.925	0.000	-756.017	5	47255	0.000
-7473.000	0.000	-2720.000	6	47255	0.000
-7431.000	0.000	-2748.000	7	47255	0.000
-7788.000	0.000	-753.000	8	47255	0.000
-6247.000	0.000	-123.000	12	47255	0.000
-7212.338	0.000	-4133.163	2	47256	0.000
-7872.000	0.000	-182.000	3	47256	0.000
-6794.478	0.000	-514.501	4	47256	0.000
-7092.579	0.000	-154.867	5	47256	0.000
-6654.890	0.000	-6030.481	6	47256	0.000
-7790.604	0.000	-659.617	0	30874	0.000
-6455.215	0.000	-5180.435	2	47260	0.000
-8132.723	0.000	-3907.113	4	47260	0.000
-6910.066	0.000	-6118.963	2	47261	0.000
-6840.625	0.000	-1643.039	3	47261	0.000
-6669.900	0.000	-2020.035	4	47261	0.000
-6418.000	0.000	-2407.000	5	47261	0.000
-5438.424	0.000	-6077.668	6	47261	0.000
-7554.000	0.000	-3899.000	7	47261	0.000
-8116.000	0.000	-531.000	8	47261	0.000
-6628.721	0.000	-4483.451	23	47261	0.000
-5055.144	0.000	-8150.906	48	47261	0.000
-6451.123	0.000	-2144.943	49	47261	0.000
-5592.562	0.000	-138.992	50	47261	0.000
-7130.834	0.000	-4764.421	56	47261	0.000
-8154.000	0.000	-3277.283	65	47261	0.000
-7978.738	0.000	-5061.741	66	47261	0.000
-8127.144	0.000	-7126.906	67	47261	0.000
-1835.499	68.108	-931.071	0	14499	0.000
-1123.144	88.959	-931.292	1	14499	0.000
-3328.000	0.000	-931.520	3	63651	0.000
-256.000	0.000	-926.531	7	63651	0.000
-768.000	-14.729	-931.520	8	63651	0.000
-1104.332	78.073	-930.744	9	63651	0.000
-4352.000	0.000	-931.520	10	63651	0.000
-1824.171	-23.604	-919.440	11	63651	0.000
-5376.000	0.000	-930.861	12	63651	0.000
-2816.000	89.713	-930.878	17	63651	0.000
-3840.000	90.521	-930.878	18	63651	0.000
-5865.032	0.000	-930.861	19	63651	0.000
-2304.000	-14.631	-931.520	20	63651	0.000
-4864.000	-0.277	-931.400	21	63651	0.000
-1854.588	0.000	-7814.441	1	47269	0.000
-1268.588	0.000	-7839.441	4	47269	0.000
-471.588	0.000	-7534.441	5	47269	0.000
-2287.588	0.000	-7807.441	6	47269	0.000
-2299.822	0.000	-7269.725	0	30886	0.000
-2114.600	0.000	-7119.565	1	30886	0.000
-2001.107	0.000	-7029.983	2	30886	0.000
-1686.247	0.000	-6782.223	3	30886	0.000
-1339.718	0.000	-6508.673	4	30886	0.000
-993.478	0.000	-6232.754	5	30886	0.000
-833.302	0.000	-6108.381	6	30886	0.000
-418.831	0.000	-6325.797	7	30886	0.000
-236.402	0.000	-6187.284	8	30886	0.000
-1028.188	0.000	-6770.401	0	30888	0.000
-4688.754	0.000	-7257.575	1	30888	0.000
-1066.089	0.000	-6799.371	2	30888	0.000
-3400.388	-0.000	-8188.721	1	14505	0.000
-3797.197	-3.703	-8188.015	6	14505	0.000
-2900.032	-0.000	-8189.238	7	14505	0.000
5889.783	-0.000	-3882.229	4	14346	0.000
5479.674	-1.938	-3882.756	10	14346	0.000
7580.916	-2.788	-7625.822	11	14346	0.000
7368.081	-0.766	-7769.287	12	14346	0.000
6470.823	-6.930	-8102.015	13	14346	0.000
6400.067	-1.178	-3882.598	14	14346	0.000
6912.000	-0.000	-7944.211	15	14346	0.000
6719.466	-7.216	-3881.512	16	14346	0.000
8002.936	0.000	-6091.690	2	47115	0.000
2679.525	0.000	-2344.762	3	47115	0.000
2665.252	0.000	-2598.028	5	47115	0.000
2945.815	0.000	-3819.913	6	47115	0.000
5231.915	0.000	-1082.028	7	47115	0.000
2078.915	0.000	-2314.028	8	47115	0.000
5319.418	0.000	-70.537	9	47115	0.000
2418.678	0.000	-5200.458	13	47115	0.000
2416.678	0.000	-5577.458	14	47115	0.000
5144.341	0.000	-3803.803	15	47115	0.000
4185.010	0.000	-301.083	16	47115	0.000
3457.388	0.000	-44.125	17	47115	0.000
2941.755	0.000	-1085.522	20	47115	0.000
2941.755	0.000	-1794.313	21	47115	0.000
4627.456	0.000	-4480.689	22	47115	0.000
6140.303	0.000	-5161.619	30	47115	0.000
7662.858	0.000	-6108.335	31	47115	0.000
7717.562	0.000	-6579.329	32	47115	0.000
6947.092	0.000	-2940.061	33	47115	0.000
6718.973	0.000	-5065.329	34	47115	0.000
7026.522	0.000	-1353.039	35	47115	0.000
3442.402	0.000	-6603.976	40	47115	0.000
4071.312	0.000	-6984.893	41	47115	0.000
4137.070	0.000	-7623.869	42	47115	0.000
3138.130	0.000	-7623.788	43	47115	0.000
5097.083	0.000	-6602.747	44	47115	0.000
8002.936	0.000	-4043.690	71	47115	0.000
8151.813	0.000	-22.574	72	47115	0.000
1769.678	0.000	-7999.458	122	47115	0.000
5865.678	0.000	-7999.458	123	47115	0.000
3817.678	0.000	-7999.458	124	47115	0.000
2492.495	0.000	-1530.496	1	47116	0.000
1847.349	0.000	-2459.996	3	47116	0.000
2668.846	0.000	-3629.895	4	47116	0.000
5413.349	0.000	-4628.996	5	47116	0.000
4568.476	0.000	-243.519	6	47116	0.000
7730.302	0.000	-4352.996	9	47116	0.000
2179.349	0.000	-3840.996	10	47116	0.000
2194.112	0.000	-5531.427	11	47116	0.000
5145.184	0.000	-2581.768	12	47116	0.000
5147.190	0.000	-2183.460	13	47116	0.000
4800.222	0.000	-1020.796	14	47116	0.000
2937.537	0.000	-922.331	15	47116	0.000
4627.738	0.000	-4061.707	16	47116	0.000
5661.299	0.000	-5837.621	23	47116	0.000
7719.395	0.000	-6174.813	24	47116	0.000
7837.331	0.000	-7112.832	25	47116	0.000
6835.032	0.000	-4685.559	26	47116	0.000
7283.264	0.000	-5947.681	27	47116	0.000
7641.315	0.000	-403.106	29	47116	0.000
3110.480	0.000	-5832.222	35	47116	0.000
2106.848	0.000	-7557.654	58	47116	0.000
7727.732	0.000	-7439.256	69	47116	0.000
7730.302	0.000	-2304.996	70	47116	0.000
7984.112	0.000	-962.427	71	47116	0.000
7773.583	0.000	-978.427	72	47116	0.000
1099.112	0.000	-8001.427	140	47116	0.000
5195.112	0.000	-8001.427	141	47116	0.000
3147.112	0.000	-8001.427	142	47116	0.000
7876.105	0.000	-5225.831	2	47117	0.000
7876.105	0.000	-3177.831	16	47117	0.000
3677.699	0.000	-2749.388	0	14350	0.000
3511.380	0.000	-2909.143	2	14350	0.000
4374.693	0.000	-2750.808	0	14351	0.000
3986.848	0.000	-1499.398	1	14351	0.000
3126.887	0.000	-2198.972	3	14351	0.000
4046.660	0.000	-2892.972	4	14351	0.000
3305.610	0.000	-2595.776	5	14351	0.000
3635.131	0.000	-1748.428	6	14351	0.000
7167.472	0.000	-3943.531	7	14351	0.000
3640.773	0.000	-2843.515	0	14352	0.000
3811.802	0.000	-2257.833	1	14352	0.000
3657.013	0.000	-2981.600	0	14353	0.000
3649.532	0.000	-1832.600	1	14353	0.000
3492.260	0.000	-2755.252	3	14353	0.000
4039.753	0.000	-1833.564	0	14354	0.000
3932.886	0.000	-2762.928	1	14354	0.000
3373.092	0.000	-2815.633	3	14354	0.000
5255.060	0.000	-329.729	4	14354	0.000
7259.122	0.000	-3954.647	6	14354	0.000
2782.000	0.000	-4546.432	1	30739	0.000
3053.000	0.000	-919.000	2	30739	0.000
7355.867	0.000	-4141.816	12	30739	0.000
7132.222	0.000	-4691.235	13	30739	0.000
3127.789	0.000	-6482.385	14	30739	0.000
3121.147	0.000	-5560.458	16	30739	0.000
3321.413	0.000	-3322.328	2	14356	0.000
4676.124	0.000	-2752.505	3	14356	0.000
3320.720	0.000	-1347.237	4	14356	0.000
4052.239	0.000	-6696.893	5	14356	0.000
5025.732	0.000	-232.592	7	14356	0.000
7215.875	0.000	-3592.809	8	14356	0.000
3048.953	0.000	-3318.046	1	30741	0.000
2916.585	0.000	-1868.647	2	30741	0.000
3739.000	0.000	-130.000	3	30741	0.000
4903.189	0.000	-240.520	4	30741	0.000
6897.739	0.000	-3793.305	9	30741	0.000
7246.857	0.000	-4811.136	10	30741	0.000
4137.674	0.000	-6093.345	11	30741	0.000
4419.757	0.000	-6679.575	12	30741	0.000
5063.777	0.000	-4394.893	0	30742	0.000
3517.000	0.000	-3813.000	1	30742	0.000
2771.224	0.000	-1569.000	2	30742	0.000
5156.885	0.000	-1189.208	3	30742	0.000
4160.171	0.000	-5307.153	14	30742	0.000
4900.167	0.000	-6614.421	15	30742	0.000
4313.547	0.000	-5591.776	16	30742	0.000
7725.388	0.000	-6888.235	18	30742	0.000
3324.772	0.000	-856.340	0	30743	0.000
3199.718	0.000	-4151.964	1	30743	0.000
4531.609	0.000	-1017.019	3	30743	0.000
4653.381	0.000	-1773.456	4	30743	0.000
4139.297	0.000	-6287.896	5	30743	0.000
7305.216	0.000	-3567.814	7	30743	0.000
4153.001	0.000	-4664.658	11	30743	0.000
2795.645	0.000	-1082.000	0	30744	0.000
4207.515	0.000	-1335.041	1	30744	0.000
3342.673	0.000	-363.131	3	30744	0.000
5036.170	0.000	-3915.928	6	30744	0.000
7628.694	0.000	-881.711	7	30744	0.000
7736.258	0.000	-5989.907	8	30744	0.000
4180.723	0.000	-6812.484	9	30744	0.000
3027.874	0.000	-5074.093	10	30744	0.000
2648.231	0.000	-3083.848	0	30745	0.000
4946.794	0.000	-2257.532	1	30745	0.000
2926.000	0.000	-391.000	2	30745	0.000
3323.009	0.000	-692.569	4	30745	0.000
3638.891	0.000	-930.997	5	30745	0.000
2658.068	0.000	-3807.569	1	30746	0.000
3121.967	0.000	-4882.754	2	30746	0.000
2464.232	0.000	-2501.866	3	30746	0.000
4634.380	0.000	-3798.266	4	30746	0.000
3953.513	0.000	-3165.010	5	30746	0.000
4073.791	0.000	-770.940	12	30746	0.000
4072.337	0.000	-316.569	15	30746	0.000
3826.361	0.000	-3802.084	20	30746	0.000
6803.050	0.000	-3385.208	22	30746	0.000
7331.021	0.000	-4682.594	23	30746	0.000
3032.095	0.000	-5443.959	24	30746	0.000
4450.873	0.000	-6587.712	25	30746	0.000
5075.824	0.000	-5679.580	26	30746	0.000
3978.549	0.000	-5555.827	27	30746	0.000
3015.618	0.000	-6397.154	28	30746	0.000
2875.328	0.000	-6707.539	29	30746	0.000
4274.227	0.000	-3246.266	0	14363	0.000
3644.626	0.000	-2177.611	1	14364	0.000
3643.633	0.000	-2010.000	0	14365	0.000
3504.128	0.000	-2501.475	1	14365	0.000
3943.647	0.000	-2264.562	1	14366	0.000
3496.272	0.000	-2094.558	2	14366	0.000
3341.000	0.000	-2257.150	1	14367	0.000
3801.250	0.000	-2003.000	2	14367	0.000
4014.966	0.000	-2420.580	1	14368	0.000
4255.000	0.000	-2993.000	2	14368	0.000
3319.247	0.000	-2416.402	0	14369	0.000
4147.967	0.000	-2757.000	1	14369	0.000
3947.185	0.000	-1680.250	2	14369	0.000
3811.000	0.000	-1828.000	0	14370	0.000
3358.373	0.000	-2675.513	1	14370	0.000
4160.741	0.000	-2344.000	0	14371	0.000
3196.466	0.000	-2506.533	1	14371	0.000
3788.470	0.000	-2106.014	3	14371	0.000
6207.608	0.000	-7411.351	6	30758	0.000
7256.981	0.000	-867.714	7	30758	0.000
4706.846	0.000	-946.514	8	47147	0.000
4610.522	0.000	-3468.268	9	47147	0.000
6837.693	0.000	-6071.366	17	47147	0.000
7655.619	0.000	-5315.213	18	47147	0.000
7087.855	0.000	-5881.448	19	47147	0.000
7541.812	0.000	-5879.000	20	47147	0.000
5582.064	0.000	-5999.034	21	47147	0.000
7198.663	0.000	-2271.073	22	47147	0.000
7616.416	0.000	-311.129	24	47147	0.000
3042.894	0.000	-6785.502	32	47147	0.000
4327.221	0.000	-7638.920	33	47147	0.000
4078.371	0.000	-5998.935	34	47147	0.000
2565.000	0.000	-8158.000	127	47147	0.000
517.000	0.000	-8158.000	128	47147	0.000
4613.000	0.000	-8158.000	129	47147	0.000
2025.000	0.000	-7838.000	130	47147	0.000
1181.975	0.000	-7998.000	131	47147	0.000
6121.000	0.000	-7838.000	132	47147	0.000
5277.975	0.000	-7998.000	133	47147	0.000
4073.000	0.000	-7838.000	134	47147	0.000
3229.975	0.000	-7998.000	135	47147	0.000
8071.000	0.000	-4435.000	1	47148	0.000
2439.000	0.000	-3923.000	13	47148	0.000
5159.752	0.000	-1622.293	14	47148	0.000
4650.333	0.000	-950.637	15	47148	0.000
2951.527	0.000	-1172.336	16	47148	0.000
6305.087	0.000	-7671.893	22	47148	0.000
6566.459	0.000	-4682.049	23	47148	0.000
7064.994	0.000	-2813.028	24	47148	0.000
7400.299	0.000	-8153.697	25	47148	0.000
5159.632	0.000	-6061.274	26	47148	0.000
5424.038	0.000	-6610.640	27	47148	0.000
3128.061	0.000	-6979.291	40	47148	0.000
4137.979	0.000	-7318.351	41	47148	0.000
4800.284	0.000	-5592.552	42	47148	0.000
7730.977	0.000	-7546.539	54	47148	0.000
8071.000	0.000	-2387.000	55	47148	0.000
5140.762	0.000	-2494.943	7	47149	0.000
5138.158	0.000	-2274.924	8	47149	0.000
4538.427	0.000	-4563.806	12	47149	0.000
5981.634	0.000	-4241.296	18	47149	0.000
7160.660	0.000	-5944.355	19	47149	0.000
7300.566	0.000	-5880.071	20	47149	0.000
6855.391	0.000	-5936.900	21	47149	0.000
6697.363	0.000	-5289.741	22	47149	0.000
7630.188	0.000	-4671.793	23	47149	0.000
4144.356	0.000	-7477.988	30	47149	0.000
4681.141	0.000	-7640.772	31	47149	0.000
4924.150	0.000	-6671.159	32	47149	0.000
4762.978	0.000	-6622.053	33	47149	0.000
8152.428	0.000	-654.823	69	47149	0.000
8002.585	0.000	-5149.768	0	47150	0.000
2759.237	0.000	-407.569	6	47150	0.000
2415.000	0.000	-4647.000	9	47150	0.000
4562.563	0.000	-712.600	11	47150	0.000
4926.391	0.000	-1016.122	12	47150	0.000
4282.321	0.000	-300.143	13	47150	0.000
4615.650	0.000	-3650.613	14	47150	0.000
5649.261	0.000	-5706.069	22	47150	0.000
7657.873	0.000	-6862.622	23	47150	0.000
7032.785	0.000	-4778.145	24	47150	0.000
7717.991	0.000	-6451.598	25	47150	0.000
7436.647	0.000	-1050.175	26	47150	0.000
7431.297	0.000	-1426.661	27	47150	0.000
3359.964	0.000	-5586.955	31	47150	0.000
4449.111	0.000	-5591.069	32	47150	0.000
7924.000	0.000	-8150.000	51	47150	0.000
8002.585	0.000	-3101.768	52	47150	0.000
3783.248	0.000	-3081.992	0	14385	0.000
4020.562	0.000	-1935.416	2	14385	0.000
3949.000	0.000	-3396.000	1	30770	0.000
3190.084	0.000	-1170.668	2	30770	0.000
3120.374	0.000	-5685.560	6	30770	0.000
5289.000	0.000	-3003.000	0	30771	0.000
3183.000	0.000	-1326.062	1	30771	0.000
4662.735	0.000	-1509.800	2	30771	0.000
4658.014	0.000	-1014.067	0	47156	0.000
2517.195	0.000	-4538.694	11	47156	0.000
4520.535	0.000	-4459.637	12	47156	0.000
4006.535	0.000	-3795.637	13	47156	0.000
5252.535	0.000	-2233.637	14	47156	0.000
2653.777	0.000	-2124.272	15	47156	0.000
7879.292	0.000	-4749.873	19	47156	0.000
2194.535	0.000	-4244.637	26	47156	0.000
4069.763	0.000	-234.209	28	47156	0.000
6648.879	0.000	-4647.214	33	47156	0.000
7305.932	0.000	-4322.365	34	47156	0.000
7652.777	0.000	-3966.500	35	47156	0.000
7633.719	0.000	-8136.485	36	47156	0.000
6781.834	0.000	-2704.180	37	47156	0.000
7460.947	0.000	-820.625	38	47156	0.000
3686.018	0.000	-7634.567	42	47156	0.000
2906.000	0.000	-3076.000	0	30773	0.000
2635.237	0.000	-2032.569	2	30773	0.000
2067.237	0.000	-1671.569	3	30773	0.000
4184.237	0.000	-4315.062	4	30773	0.000
2795.237	0.000	-1467.569	5	30773	0.000
2803.470	0.000	-545.850	6	30773	0.000
3483.528	0.000	-1429.810	8	30773	0.000
2425.000	0.000	-4230.000	9	30773	0.000
5283.147	0.000	-697.788	10	30773	0.000
3028.262	0.000	-4783.385	12	30773	0.000
4361.881	0.000	-1501.388	0	30774	0.000
3079.041	0.000	-1863.637	2	30774	0.000
5233.237	0.000	-1926.569	3	30774	0.000
7354.115	0.000	-3980.049	9	30774	0.000
7193.565	0.000	-4355.085	10	30774	0.000
4078.274	0.000	-6492.580	11	30774	0.000
5039.937	0.000	-4151.448	1	30775	0.000
4659.619	0.000	-1619.659	2	30775	0.000
3063.104	0.000	-549.866	3	30775	0.000
5120.405	0.000	-938.960	4	30775	0.000
7475.945	0.000	-3973.479	6	30775	0.000
5461.124	0.000	-5357.145	7	30775	0.000
7730.812	0.000	-7092.004	8	30775	0.000
3059.000	0.000	-2422.000	1	14392	0.000
5038.797	0.000	-3800.992	2	14392	0.000
3502.901	0.000	-1923.470	3	14392	0.000
3627.037	0.000	-318.236	4	14392	0.000
3636.204	0.000	-1588.245	6	14392	0.000
6549.834	0.000	-3813.064	7	14392	0.000
7045.048	0.000	-3802.119	9	14392	0.000
5660.724	0.000	-6499.026	2	30778	0.000
7043.133	0.000	-1949.298	4	30778	0.000
6567.190	0.000	-4489.624	5	30778	0.000
6023.256	0.000	-7447.013	4	30779	0.000
5756.428	0.000	-6765.244	3	14396	0.000
7445.189	0.000	-430.368	5	30781	0.000
2126.000	0.000	-1357.000	0	30782	0.000
2101.000	0.000	-1104.000	1	30782	0.000
443.000	0.000	-6495.000	2	30782	0.000
7459.000	0.000	-345.000	4	30782	0.000
6043.931	0.000	-7168.861	5	30782	0.000
1529.000	0.000	-5868.000	0	30783	0.000
1865.000	0.000	-725.000	1	30783	0.000
7328.195	0.000	-723.866	4	30783	0.000
1718.305	0.000	-1975.600	0	30784	0.000
1744.000	0.000	-1837.179	1	30784	0.000
1768.000	0.000	-1677.263	2	30784	0.000
68.000	0.000	-7422.000	0	30785	0.000
1022.000	0.000	-6756.000	1	30785	0.000
868.000	0.000	-6756.000	2	30785	0.000
1045.000	0.000	-5927.000	3	30785	0.000
1367.000	0.000	-5686.000	4	30785	0.000
1517.000	0.000	-5544.000	5	30785	0.000
6577.611	0.000	-5211.708	8	30785	0.000
5134.899	0.000	-3334.909	1	47170	0.000
5966.299	0.000	-3947.218	3	47170	0.000
1375.755	0.000	-8001.544	78	47170	0.000
5471.755	0.000	-8001.544	79	47170	0.000
3423.755	0.000	-8001.544	80	47170	0.000
5525.718	0.000	-4384.820	3	47171	0.000
7998.244	0.000	-5423.570	6	47171	0.000
7728.312	0.000	-7592.015	33	47171	0.000
7998.244	0.000	-3375.570	34	47171	0.000
2729.061	0.000	-7992.742	67	47172	0.000
2292.644	0.000	-7994.251	68	47172	0.000
681.061	0.000	-7992.742	69	47172	0.000
244.645	0.000	-7994.251	70	47172	0.000
4777.061	0.000	-7992.742	71	47172	0.000
4340.644	0.000	-7994.251	72	47172	0.000
5513.543	0.000	-4287.759	2	47173	0.000
1647.698	0.000	-7843.215	73	47173	0.000
5743.698	0.000	-7843.215	74	47173	0.000
3695.698	0.000	-7843.215	75	47173	0.000
6012.942	0.000	-5165.250	2	47174	0.000
1597.061	0.000	-7846.265	82	47174	0.000
5693.061	0.000	-7846.265	83	47174	0.000
3645.061	0.000	-7846.265	84	47174	0.000
3042.000	0.000	-785.000	0	30791	0.000
2220.000	0.000	-2263.000	1	30791	0.000
3765.817	0.000	-54.994	2	30791	0.000
2651.237	0.000	-3523.569	5	30791	0.000
4632.714	0.000	-3172.054	6	30791	0.000
3994.237	0.000	-3623.569	7	30791	0.000
3815.200	0.000	-5567.542	8	30791	0.000
2424.000	0.000	-5350.000	15	30791	0.000
6956.070	0.000	-3264.807	23	30791	0.000
4293.608	0.000	-6483.604	24	30791	0.000
5073.808	0.000	-4870.645	25	30791	0.000
4162.583	0.000	-5204.180	26	30791	0.000
4068.392	0.000	-7220.728	27	30791	0.000
7747.664	0.000	-8149.422	44	30791	0.000
2488.852	0.000	-1207.569	2	47176	0.000
4547.027	0.000	-1238.569	6	47176	0.000
5227.237	0.000	-1275.145	7	47176	0.000
4085.917	0.000	-481.712	12	47176	0.000
5452.237	0.000	-1026.569	16	47176	0.000
5155.434	0.000	-3410.796	23	47176	0.000
4548.018	0.000	-946.042	24	47176	0.000
2937.105	0.000	-769.387	26	47176	0.000
5151.747	0.000	-3977.737	27	47176	0.000
4530.378	0.000	-4079.761	28	47176	0.000
7287.472	0.000	-4232.068	29	47176	0.000
6612.950	0.000	-6798.177	36	47176	0.000
6934.640	0.000	-5885.348	37	47176	0.000
6964.996	0.000	-4689.481	38	47176	0.000
7661.509	0.000	-6557.270	39	47176	0.000
7177.385	0.000	-2614.794	40	47176	0.000
6717.238	0.000	-4966.864	41	47176	0.000
7583.123	0.000	-36.880	43	47176	0.000
3033.683	0.000	-7398.186	47	47176	0.000
3032.360	0.000	-6901.832	48	47176	0.000
5083.107	0.000	-7636.737	49	47176	0.000
4151.167	0.000	-7070.770	50	47176	0.000
2108.136	0.000	-7857.428	123	47176	0.000
60.136	0.000	-7857.428	124	47176	0.000
4156.136	0.000	-7857.428	125	47176	0.000
3690.000	0.000	-4315.000	0	14410	0.000
3355.569	0.000	-2093.883	0	14411	0.000
3505.457	0.000	-3062.695	1	14411	0.000
3940.190	0.000	-2595.000	2	14411	0.000
3648.328	0.000	-3257.931	0	14412	0.000
3643.246	0.000	-463.120	1	14412	0.000
3197.402	0.000	-1949.020	2	14412	0.000
3786.473	0.000	-1559.020	3	14412	0.000
4153.968	0.000	-3336.905	7	14412	0.000
5132.188	0.000	-315.678	9	14412	0.000
3199.056	0.000	-4036.681	11	14412	0.000
4047.497	0.000	-2666.375	0	14413	0.000
3515.200	0.000	-1752.079	1	14413	0.000
3510.002	0.000	-3398.850	4	14413	0.000
4156.370	0.000	-2177.860	5	14413	0.000
5145.973	0.000	-235.128	6	14413	0.000
4182.495	0.000	-1495.396	7	14413	0.000
4141.526	0.000	-3804.382	9	14413	0.000
3503.453	0.000	-370.229	10	14413	0.000
7166.220	0.000	-3803.411	13	14413	0.000
4151.532	0.000	-6686.546	14	14413	0.000
4268.193	0.000	-2493.663	0	14414	0.000
4680.807	0.000	-2431.162	1	14414	0.000
4273.915	0.000	-2669.449	3	14414	0.000
4268.193	0.000	-2493.663	4	14414	0.000
4164.000	0.000	-4072.707	7	14414	0.000
3509.987	0.000	-1589.909	9	14414	0.000
3168.195	0.000	-4403.900	11	14414	0.000
3047.164	0.000	-2915.380	12	14414	0.000
3513.820	0.000	-1101.457	13	14414	0.000
3121.355	0.000	-5140.555	14	14414	0.000
3370.027	0.000	-3076.673	15	14414	0.000
3762.677	0.000	-316.669	16	14414	0.000
5145.999	0.000	-73.526	17	14414	0.000
6646.859	0.000	-3813.099	18	14414	0.000
6907.267	0.000	-3413.553	21	14414	0.000
3207.563	0.000	-3888.900	23	14414	0.000
4020.536	0.000	-6600.980	24	14414	0.000
5241.247	0.000	-3813.099	29	14414	0.000
4659.871	0.000	-2259.761	0	14415	0.000
4495.616	0.000	-2507.533	1	14415	0.000
3330.000	0.000	-2995.885	2	14415	0.000
3488.983	0.000	-530.511	6	14415	0.000
5125.332	0.000	-407.526	7	14415	0.000
3178.058	0.000	-1670.391	8	14415	0.000
2779.625	0.000	-2109.103	9	14415	0.000
3193.325	0.000	-3630.314	13	14415	0.000
4648.531	0.000	-2588.326	0	14416	0.000
4248.502	0.000	-2013.073	2	14416	0.000
5313.240	0.000	-232.513	4	14416	0.000
3195.225	0.000	-1473.693	5	14416	0.000
3640.550	0.000	-3151.654	0	14417	0.000
3939.355	0.000	-2087.850	1	14417	0.000
3320.576	0.000	-1927.748	2	14417	0.000
4369.651	0.000	-2425.517	1	14418	0.000
4466.324	0.000	-2660.800	2	14418	0.000
4928.140	0.000	-3798.894	3	14418	0.000
4631.510	0.000	-3070.894	4	14418	0.000
4267.333	0.000	-1843.902	8	14418	0.000
3034.247	0.000	-3233.247	9	14418	0.000
4163.890	0.000	-3916.936	10	14418	0.000
3512.435	0.000	-937.792	12	14418	0.000
3489.131	0.000	-234.415	13	14418	0.000
3878.484	0.000	-313.166	14	14418	0.000
2935.632	0.000	-2057.640	15	14418	0.000
3637.781	0.000	-1413.367	16	14418	0.000
4139.443	0.000	-6390.529	17	14418	0.000
7326.538	0.000	-3806.893	19	14418	0.000
6828.099	0.000	-3317.134	20	14418	0.000
3117.923	0.000	-5303.349	22	14418	0.000
4257.760	0.000	-6679.806	23	14418	0.000
3124.516	0.000	-5022.691	24	14418	0.000
4135.000	0.000	-3557.000	0	30803	0.000
5439.566	0.000	-4225.422	2	30803	0.000
5419.000	0.000	-1351.000	3	30803	0.000
3036.000	0.000	-1078.000	4	30803	0.000
4151.969	0.000	-4978.460	7	30803	0.000
4765.449	0.000	-2434.166	8	30803	0.000
4087.984	0.000	-1011.552	9	30803	0.000
4144.990	0.000	-5593.456	11	30803	0.000
2110.000	0.000	-5437.000	13	30803	0.000
5157.034	0.000	-4556.634	15	30803	0.000
7493.907	0.000	-981.722	17	30803	0.000
7270.411	0.000	-4062.847	20	30803	0.000
7123.560	0.000	-4788.606	21	30803	0.000
4022.275	0.000	-6168.776	22	30803	0.000
3875.172	0.000	-6825.694	23	30803	0.000
4138.287	0.000	-5874.171	24	30803	0.000
4067.434	0.000	-6908.095	25	30803	0.000
3624.193	0.000	-783.767	1	47188	0.000
2038.374	0.000	-3183.423	10	47188	0.000
3127.430	0.000	-199.607	12	47188	0.000
3439.596	0.000	-5582.509	15	47188	0.000
6944.264	0.000	-6879.403	19	47188	0.000
7281.331	0.000	-5811.781	20	47188	0.000
7723.706	0.000	-6793.160	21	47188	0.000
7646.703	0.000	-4869.188	22	47188	0.000
7247.576	0.000	-2656.595	23	47188	0.000
7309.887	0.000	-2331.729	24	47188	0.000
4080.094	0.000	-5915.594	31	47188	0.000
3026.257	0.000	-7203.637	32	47188	0.000
2501.342	0.000	-8008.402	137	47188	0.000
453.342	0.000	-8008.402	138	47188	0.000
4549.342	0.000	-8008.402	139	47188	0.000
3055.493	0.000	-1473.328	2	30805	0.000
4158.300	0.000	-4550.496	4	30805	0.000
2774.786	0.000	-1678.659	5	30805	0.000
3168.698	0.000	-4485.569	6	30805	0.000
5241.350	0.000	-1499.164	7	30805	0.000
2662.926	0.000	-2916.569	8	30805	0.000
7557.945	0.000	-3961.524	9	30805	0.000
5046.009	0.000	-2750.592	10	30805	0.000
4545.200	0.000	-773.569	11	30805	0.000
4463.494	0.000	-3800.569	14	30805	0.000
3047.307	0.000	-3812.145	15	30805	0.000
5257.178	0.000	-489.900	17	30805	0.000
6806.479	0.000	-3803.965	18	30805	0.000
7243.557	0.000	-4693.630	23	30805	0.000
4052.176	0.000	-6822.329	24	30805	0.000
3029.922	0.000	-6697.368	25	30805	0.000
4058.317	0.000	-5559.750	26	30805	0.000
8000.295	0.000	-5847.873	3	47190	0.000
8000.295	0.000	-3799.873	20	47190	0.000
2590.743	0.000	-7863.017	46	47190	0.000
542.743	0.000	-7863.017	47	47190	0.000
4638.743	0.000	-7863.017	48	47190	0.000
7881.814	0.000	-5156.151	3	47191	0.000
7881.814	0.000	-3108.151	17	47191	0.000
8057.491	0.000	-4628.884	2	47192	0.000
8057.491	0.000	-2580.884	17	47192	0.000
2009.133	0.000	-8151.272	35	47192	0.000
6105.133	0.000	-8151.272	36	47192	0.000
4057.133	0.000	-8151.272	37	47192	0.000
1974.980	0.000	-3187.006	12	47193	0.000
5006.598	0.000	-1025.002	13	47193	0.000
5368.598	0.000	-1504.734	15	47193	0.000
4087.493	0.000	-944.653	17	47193	0.000
3303.647	0.000	-66.724	18	47193	0.000
7654.990	0.000	-484.363	24	47193	0.000
6310.578	0.000	-8023.345	27	47193	0.000
7232.392	0.000	-5274.687	28	47193	0.000
7663.785	0.000	-5556.885	29	47193	0.000
7512.695	0.000	-4683.031	30	47193	0.000
6733.199	0.000	-4743.505	31	47193	0.000
7498.583	0.000	-1191.178	32	47193	0.000
3149.698	0.000	-6679.503	53	47193	0.000
5100.041	0.000	-6471.748	54	47193	0.000
5087.981	0.000	-6046.613	55	47193	0.000
4595.109	0.000	-5592.606	56	47193	0.000
3789.537	0.000	-6677.816	57	47193	0.000
2105.361	0.000	-6798.164	68	47193	0.000
7724.313	0.000	-7931.191	80	47193	0.000
7855.918	0.000	-17.611	81	47193	0.000
2845.880	0.000	-7858.293	148	47193	0.000
797.880	0.000	-7858.293	149	47193	0.000
4893.880	0.000	-7858.293	150	47193	0.000
4542.932	0.000	-3916.188	7	47194	0.000
6026.140	0.000	-5400.635	13	47194	0.000
7721.570	0.000	-6301.443	14	47194	0.000
7650.733	0.000	-5265.990	15	47194	0.000
6694.200	0.000	-5418.285	16	47194	0.000
7529.985	0.000	-2802.459	17	47194	0.000
7479.831	0.000	-5944.085	20	47194	0.000
2098.689	0.000	-6912.590	30	47194	0.000
1788.849	0.000	-7822.593	60	47194	0.000
5884.849	0.000	-7822.593	61	47194	0.000
3836.849	0.000	-7822.593	62	47194	0.000
2605.155	0.000	-7991.286	67	47195	0.000
557.155	0.000	-7991.286	68	47195	0.000
4653.155	0.000	-7991.286	69	47195	0.000
1509.072	0.000	-7998.560	70	47195	0.000
5605.071	0.000	-7998.560	71	47195	0.000
3557.071	0.000	-7998.560	72	47195	0.000
7994.812	0.000	-5232.851	2	47196	0.000
7994.812	0.000	-3184.851	22	47196	0.000
2662.243	0.000	-7991.286	68	47196	0.000
614.243	0.000	-7991.286	69	47196	0.000
4710.243	0.000	-7991.286	70	47196	0.000
1542.915	0.000	-7998.560	70	47197	0.000
5638.915	0.000	-7998.560	71	47197	0.000
3590.915	0.000	-7998.560	72	47197	0.000
7730.221	0.000	-4141.888	1	47198	0.000
7734.518	0.000	-5330.548	2	47198	0.000
8061.222	0.000	-4761.391	3	47198	0.000
5169.059	0.000	-7180.664	8	47198	0.000
7734.518	0.000	-3282.548	13	47198	0.000
7730.221	0.000	-2093.888	14	47198	0.000
3020.464	0.000	-8157.688	27	47198	0.000
972.464	0.000	-8157.688	28	47198	0.000
5068.464	0.000	-8157.688	29	47198	0.000
3504.051	0.000	-2250.076	0	14456	0.000
3631.735	0.000	-2337.691	0	14457	0.000
3652.381	0.000	-2588.618	0	14458	0.000
4499.672	0.000	-7556.411	4	47229	0.000
2592.019	0.000	-7718.233	23	47229	0.000
544.019	0.000	-7718.233	24	47229	0.000
4640.019	0.000	-7718.233	25	47229	0.000
1170.794	0.000	-8152.818	26	47229	0.000
5266.794	0.000	-8152.818	27	47229	0.000
3218.794	0.000	-8152.818	28	47229	0.000
8055.718	0.000	-5078.473	1	47230	0.000
2761.718	0.000	-1957.473	2	47230	0.000
2214.954	0.000	-2505.042	5	47230	0.000
2067.954	0.000	-1014.042	6	47230	0.000
5057.014	0.000	-3074.042	8	47230	0.000
2669.790	0.000	-4558.182	10	47230	0.000
2756.954	0.000	-3076.042	11	47230	0.000
5142.831	0.000	-3236.042	12	47230	0.000
2772.219	0.000	-1161.042	13	47230	0.000
4351.141	0.000	-226.964	14	47230	0.000
5017.828	0.000	-322.205	15	47230	0.000
5594.601	0.000	-239.957	17	47230	0.000
7833.886	0.000	-3816.998	22	47230	0.000
2669.954	0.000	-2510.042	23	47230	0.000
4173.393	0.000	-225.042	26	47230	0.000
4842.812	0.000	-1616.919	27	47230	0.000
2423.718	0.000	-4566.473	32	47230	0.000
6381.716	0.000	-6401.869	39	47230	0.000
7366.004	0.000	-5960.447	40	47230	0.000
7108.858	0.000	-2567.318	41	47230	0.000
6994.116	0.000	-2768.618	42	47230	0.000
7102.881	0.000	-1710.560	43	47230	0.000
5164.937	0.000	-5667.784	44	47230	0.000
6990.395	0.000	-3101.801	46	47230	0.000
4308.600	0.000	-5658.966	47	47230	0.000
4061.906	0.000	-7459.322	48	47230	0.000
4145.588	0.000	-5669.223	49	47230	0.000
3668.197	0.000	-5574.548	50	47230	0.000
5085.532	0.000	-7195.002	51	47230	0.000
3329.339	0.000	-6691.438	52	47230	0.000
5164.937	0.000	-6687.245	53	47230	0.000
2110.718	0.000	-7122.237	73	47230	0.000
7750.563	0.000	-8009.632	81	47230	0.000
8055.718	0.000	-3030.473	82	47230	0.000
8153.798	0.000	-305.118	83	47230	0.000
2914.491	0.000	-1565.824	0	47231	0.000
429.491	0.000	-7261.824	1	47231	0.000
5258.728	0.000	-2312.393	3	47231	0.000
2514.728	0.000	-1694.393	5	47231	0.000
4539.057	0.000	-411.708	6	47231	0.000
2130.728	0.000	-960.393	8	47231	0.000
2649.071	0.000	-2773.689	9	47231	0.000
4255.164	0.000	-949.794	14	47231	0.000
7718.078	0.000	-3798.983	15	47231	0.000
4646.325	0.000	-3929.543	16	47231	0.000
6491.985	0.000	-3466.293	17	47231	0.000
6463.916	0.000	-2265.906	21	47231	0.000
6119.099	0.000	-4887.151	22	47231	0.000
7595.103	0.000	-5939.492	23	47231	0.000
4816.918	0.000	-2274.302	24	47231	0.000
6900.769	0.000	-3011.315	25	47231	0.000
6718.526	0.000	-4398.020	26	47231	0.000
4189.400	0.000	-4894.745	28	47231	0.000
4076.401	0.000	-5734.942	29	47231	0.000
3625.136	0.000	-6676.024	30	47231	0.000
3016.116	0.000	-6142.058	31	47231	0.000
4570.736	0.000	-6677.892	32	47231	0.000
7887.873	0.000	-5867.415	2	47232	0.000
7875.314	0.000	-4599.600	3	47232	0.000
7998.193	0.000	-4136.178	4	47232	0.000
4634.299	0.000	-615.546	5	47232	0.000
5520.551	0.000	-4535.169	11	47232	0.000
5316.551	0.000	-2459.169	12	47232	0.000
6009.551	0.000	-75.169	13	47232	0.000
5976.551	0.000	-153.169	14	47232	0.000
5936.551	0.000	-96.169	15	47232	0.000
2028.551	0.000	-1590.169	18	47232	0.000
2827.551	0.000	-372.169	20	47232	0.000
3324.967	0.000	-43.582	21	47232	0.000
2243.314	0.000	-4087.600	23	47232	0.000
2363.314	0.000	-4343.600	24	47232	0.000
2123.314	0.000	-5334.600	25	47232	0.000
6552.344	0.000	-6764.834	31	47232	0.000
7060.359	0.000	-2858.731	32	47232	0.000
7664.343	0.000	-5138.359	33	47232	0.000
7446.456	0.000	-1127.260	34	47232	0.000
7292.745	0.000	-2702.542	35	47232	0.000
3111.404	0.000	-6381.045	41	47232	0.000
7887.873	0.000	-3819.415	61	47232	0.000
7875.314	0.000	-2551.600	62	47232	0.000
7998.193	0.000	-2088.178	63	47232	0.000
8157.869	0.000	-817.487	65	47232	0.000
2554.314	0.000	-8012.600	132	47232	0.000
506.314	0.000	-8012.600	133	47232	0.000
4602.314	0.000	-8012.600	134	47232	0.000
1494.510	0.000	-7841.510	135	47232	0.000
5590.510	0.000	-7841.510	136	47232	0.000
3542.510	0.000	-7841.510	137	47232	0.000
8070.215	0.000	-4170.009	0	47233	0.000
5507.215	0.000	-1246.009	1	47233	0.000
2146.452	0.000	-2577.578	3	47233	0.000
2208.452	0.000	-487.578	4	47233	0.000
4659.046	0.000	-301.845	8	47233	0.000
5233.452	0.000	-1644.578	9	47233	0.000
2786.843	0.000	-929.578	11	47233	0.000
2438.215	0.000	-3658.009	16	47233	0.000
2786.843	0.000	-891.842	19	47233	0.000
8040.109	0.000	-4278.037	21	47233	0.000
6718.346	0.000	-6736.176	22	47233	0.000
7355.627	0.000	-5489.210	23	47233	0.000
6850.942	0.000	-5595.771	24	47233	0.000
5586.023	0.000	-5682.531	25	47233	0.000
6666.409	0.000	-2344.678	26	47233	0.000
5023.710	0.000	-7034.228	29	47233	0.000
5023.319	0.000	-7074.271	30	47233	0.000
2399.215	0.000	-6731.009	36	47233	0.000
2275.215	0.000	-6731.009	37	47233	0.000
8069.479	0.000	-8161.327	44	47233	0.000
8070.215	0.000	-2122.009	45	47233	0.000
8040.109	0.000	-2230.037	46	47233	0.000
1129.215	0.000	-7842.009	103	47233	0.000
5225.215	0.000	-7842.009	104	47233	0.000
3177.215	0.000	-7842.009	105	47233	0.000
2060.834	0.000	-2228.912	0	47234	0.000
256.834	0.000	-6622.912	2	47234	0.000
749.834	0.000	-5818.912	5	47234	0.000
1545.834	0.000	-5131.912	6	47234	0.000
261.834	0.000	-7359.912	7	47234	0.000
2121.071	0.000	-3377.481	9	47234	0.000
6153.071	0.000	-240.481	11	47234	0.000
2411.077	0.000	-58.320	13	47234	0.000
5333.071	0.000	-4164.481	14	47234	0.000
2099.834	0.000	-4366.912	18	47234	0.000
6441.224	0.000	-3099.812	19	47234	0.000
6617.515	0.000	-1940.065	20	47234	0.000
6439.195	0.000	-6572.125	24	47234	0.000
6138.283	0.000	-5686.878	25	47234	0.000
6897.312	0.000	-1320.673	27	47234	0.000
3156.404	0.000	-7146.007	28	47234	0.000
5050.956	0.000	-5047.655	29	47234	0.000
1248.834	0.000	-7743.912	39	47234	0.000
5344.834	0.000	-7743.912	40	47234	0.000
3296.834	0.000	-7743.912	41	47234	0.000
2017.307	0.000	-3101.275	0	47235	0.000
2116.237	0.000	-1916.569	1	47235	0.000
5153.398	0.000	-1694.336	3	47235	0.000
4905.000	0.000	-3913.182	7	47235	0.000
5889.116	0.000	-7242.802	13	47235	0.000
7414.642	0.000	-4689.608	14	47235	0.000
7979.122	0.000	-7113.973	15	47235	0.000
6906.975	0.000	-3078.994	16	47235	0.000
7106.546	0.000	-1207.471	17	47235	0.000
6857.468	0.000	-1565.638	18	47235	0.000
3137.759	0.000	-7302.919	20	47235	0.000
3782.803	0.000	-6598.977	21	47235	0.000
3939.472	0.000	-6241.563	22	47235	0.000
8156.450	0.000	-968.475	36	47235	0.000
5582.000	0.000	-5034.000	0	30852	0.000
4360.460	0.000	-3908.138	1	30852	0.000
4352.873	0.000	-6751.648	2	30852	0.000
3038.237	0.000	-4556.569	3	30852	0.000
4551.100	0.000	-549.569	4	30852	0.000
3632.147	0.000	-619.988	9	30852	0.000
5139.626	0.000	-1498.995	12	30852	0.000
7555.657	0.000	-3806.461	16	30852	0.000
7633.294	0.000	-5858.465	21	30852	0.000
7189.903	0.000	-4227.090	22	30852	0.000
4287.417	0.000	-6608.346	23	30852	0.000
4155.558	0.000	-6973.568	24	30852	0.000
3123.644	0.000	-5403.557	25	30852	0.000
8146.403	0.000	-7115.761	31	30852	0.000
3329.000	0.000	-3811.000	0	30853	0.000
2917.000	0.000	-2847.000	1	30853	0.000
3895.879	0.000	-934.295	2	30853	0.000
3654.672	0.000	-3647.282	7	30853	0.000
7213.301	0.000	-5187.069	8	30853	0.000
5087.949	0.000	-6713.892	10	30853	0.000
2801.606	0.000	-5666.617	11	30853	0.000
2800.575	0.000	-6604.801	12	30853	0.000
5163.632	0.000	-7623.055	4	47238	0.000
1999.532	0.000	-7711.835	25	47238	0.000
6095.532	0.000	-7711.835	26	47238	0.000
4047.532	0.000	-7711.835	27	47238	0.000
8141.675	0.000	-5740.235	1	47239	0.000
7736.182	0.000	-4491.967	2	47239	0.000
4630.815	0.000	-1331.191	3	47239	0.000
2488.418	0.000	-1766.537	14	47239	0.000
2116.418	0.000	-2002.537	15	47239	0.000
5887.418	0.000	-501.537	21	47239	0.000
5587.418	0.000	-4787.537	22	47239	0.000
4168.933	0.000	-1171.537	23	47239	0.000
5769.872	0.000	-247.537	25	47239	0.000
2104.182	0.000	-3979.967	33	47239	0.000
2184.182	0.000	-4972.967	34	47239	0.000
5148.403	0.000	-1785.479	35	47239	0.000
6201.836	0.000	-7242.854	43	47239	0.000
8151.978	0.000	-7027.452	44	47239	0.000
7731.353	0.000	-5664.340	45	47239	0.000
7367.598	0.000	-5875.559	46	47239	0.000
7427.778	0.000	-1240.758	47	47239	0.000
6745.718	0.000	-4685.535	48	47239	0.000
7595.799	0.000	-134.839	49	47239	0.000
2159.182	0.000	-7192.967	74	47239	0.000
8141.675	0.000	-3692.235	80	47239	0.000
7736.182	0.000	-2443.967	81	47239	0.000
7732.505	0.000	-4856.788	4	47240	0.000
2116.021	0.000	-8154.667	26	47240	0.000
68.021	0.000	-8154.667	27	47240	0.000
4164.021	0.000	-8154.667	28	47240	0.000
3143.491	0.000	-1782.037	0	14473	0.000
4368.365	0.000	-2166.693	1	14473	0.000
3764.412	0.000	-3330.913	2	14473	0.000
3935.187	0.000	-2902.309	0	14474	0.000
3362.529	0.000	-1768.364	1	14474	0.000
4056.168	0.000	-2996.011	0	14475	0.000
3032.656	0.000	-2019.685	1	14475	0.000
4271.092	0.000	-2256.087	0	14476	0.000
3465.467	0.000	-3241.003	2	14476	0.000
1935.529	0.000	-2549.853	0	14477	0.000
1935.529	0.000	-2660.229	1	14477	0.000
4086.686	0.000	-1184.683	0	30862	0.000
7737.594	0.000	-5871.692	2	30862	0.000
4841.245	0.000	-2767.890	0	14479	0.000
3041.242	0.000	-3065.377	1	14479	0.000
3770.657	0.000	-1310.967	2	14479	0.000
4077.805	0.000	-620.131	0	30864	0.000
4051.233	0.000	-5136.993	1	30864	0.000
6871.166	0.000	-3611.240	4	30864	0.000
2647.468	0.000	-3327.402	5	30864	0.000
4648.937	0.000	-2097.703	0	30865	0.000
3336.489	0.000	-1098.100	1	30865	0.000
3348.404	0.000	-3482.388	2	30865	0.000
2924.736	0.000	-2423.626	3	30865	0.000
5125.346	0.000	-560.154	5	30865	0.000
7026.778	0.000	-3589.872	6	30865	0.000
2256.508	0.000	-2726.439	0	30866	0.000
3611.395	334.845	-2303.331	0	47257	0.000
3657.824	334.871	-2337.589	1	47257	0.000
3484.988	0.000	-691.779	0	30875	0.000
3897.238	0.000	-62.456	1	30875	0.000
3119.903	0.000	-4741.240	2	30875	0.000
425.684	0.000	-6931.809	3	30875	0.000
4805.620	0.000	-3799.340	4	30875	0.000
5273.237	0.000	-2706.569	5	30875	0.000
2804.293	0.000	-2503.809	6	30875	0.000
5476.258	0.000	-232.569	9	30875	0.000
5035.759	0.000	-4547.136	10	30875	0.000
4049.874	0.000	-1408.939	11	30875	0.000
3908.574	0.000	-6689.493	16	30875	0.000
3004.729	0.000	-6557.694	17	30875	0.000
4016.105	0.000	-6355.631	18	30875	0.000
4140.700	0.000	-6572.180	19	30875	0.000
3028.577	0.000	-5325.519	24	30875	0.000
2481.178	0.000	-7849.893	30	47260	0.000
433.178	0.000	-7849.893	31	47260	0.000
4529.178	0.000	-7849.893	32	47260	0.000
7883.327	0.000	-5573.910	0	47261	0.000
7881.000	0.000	-5048.000	1	47261	0.000
2661.255	0.000	-3176.212	13	47261	0.000
2391.999	0.000	-1745.347	14	47261	0.000
2508.359	0.000	-1377.760	15	47261	0.000
2213.237	0.000	-573.569	16	47261	0.000
5246.237	0.000	-2529.569	20	47261	0.000
5518.237	0.000	-4471.569	21	47261	0.000
5650.237	0.000	-6311.569	22	47261	0.000
4869.662	0.000	-951.735	26	47261	0.000
4631.051	0.000	-3296.698	27	47261	0.000
6358.401	0.000	-7805.519	40	47261	0.000
6830.811	0.000	-4775.799	41	47261	0.000
7206.731	0.000	-4490.599	42	47261	0.000
7663.035	0.000	-6188.976	43	47261	0.000
5153.995	0.000	-5836.805	44	47261	0.000
7649.785	0.000	-2560.836	45	47261	0.000
7015.193	0.000	-3042.336	47	47261	0.000
3109.918	0.000	-6017.526	57	47261	0.000
4594.154	0.000	-6596.627	58	47261	0.000
5090.663	0.000	-5883.176	59	47261	0.000
2111.562	0.000	-7398.453	68	47261	0.000
7883.327	0.000	-3525.910	87	47261	0.000
7881.000	0.000	-3000.000	88	47261	0.000
8151.000	0.000	-122.761	90	47261	0.000
1364.000	0.000	-7843.000	147	47261	0.000
5460.000	0.000	-7843.000	148	47261	0.000
3412.000	0.000	-7843.000	149	47261	0.000
3087.064	-0.081	-255.417	2	63651	0.000
1222.715	0.196	-569.726	4	63651	0.000
768.000	0.196	-686.032	5	63651	0.000
256.000	0.196	-834.823	6	63651	0.000
2816.000	-0.081	-255.417	13	63651	0.000
1395.969	0.196	-468.381	14	63651	0.000
1792.000	0.000	-368.831	15	63651	0.000
2304.000	-0.011	-273.287	16	63651	0.000
4528.487	0.000	-1497.893	0	30884	0.000
2780.940	0.000	-3814.491	1	30884	0.000
2640.524	0.000	-1873.585	2	30884	0.000
4681.930	0.000	-236.037	3	30884	0.000
3647.000	0.000	-3491.000	4	30884	0.000
5166.000	0.000	-4709.000	5	30884	0.000
3654.361	0.000	-1256.196	6	30884	0.000
3892.854	0.000	-230.925	7	30884	0.000
5123.102	0.000	-780.295	11	30884	0.000
3944.041	0.000	-6491.859	12	30884	0.000
3008.473	0.000	-5658.283	13	30884	0.000
546.412	0.000	-6551.441	2	47269	0.000
473.412	0.000	-6641.441	3	47269	0.000
609.412	0.000	-5925.441	7	47269	0.000
2102.649	0.000	-2867.011	8	47269	0.000
2048.649	0.000	-1750.011	9	47269	0.000
4532.202	0.000	-1333.441	14	47269	0.000
5583.703	0.000	-1187.938	16	47269	0.000
172.305	0.000	-5937.287	9	30886	0.000
707.998	0.000	-5383.464	10	30886	0.000
599.135	0.000	-5233.529	11	30886	0.000
927.878	0.000	-5212.771	12	30886	0.000
6828.302	33.416	-7502.081	0	14505	0.000
6912.000	-0.000	-7425.534	9	14505	0.000
7188.736	10.783	-7187.495	10	14505	0.000
6478.231	-3.829	-7794.568	11	14505	0.000
6636.333	-0.000	-7658.786	12	14505	0.000
7301.816	-0.510	-7061.229	14	14505	0.000
10205.378	0.000	-451.797	51	47115	0.000
8695.658	0.000	-7378.867	52	47115	0.000
9260.678	0.000	-2502.458	65	47115	0.000
13286.254	0.000	-3014.445	66	47115	2.679
11225.682	0.000	-5142.773	73	47115	0.000
11225.682	0.000	-3094.773	74	47115	0.000
10297.299	0.000	-8149.458	76	47115	0.000
9190.254	0.000	-966.445	77	47115	0.000
10122.832	0.000	-2003.344	84	47115	0.000
10198.106	0.000	-1254.244	85	47115	0.000
8242.945	0.000	-5168.896	90	47115	0.000
14253.678	0.000	-3111.971	93	47115	0.000
10284.678	0.000	-1990.458	97	47115	0.000
11308.678	0.000	-4038.458	98	47115	0.000
9260.678	0.000	-6086.458	99	47115	0.000
10296.830	0.000	-6295.948	111	47115	0.000
11223.813	0.000	-6166.574	112	47115	0.000
12340.678	0.000	-4146.458	115	47115	0.000
9194.621	0.000	-5061.789	118	47115	0.000
10200.369	0.000	-7126.299	36	47116	0.000
8248.342	0.000	-7488.103	41	47116	0.000
12080.112	0.000	-3010.427	60	47116	0.000
11869.583	0.000	-3026.427	61	47116	0.000
11236.612	0.000	-962.579	62	47116	5.208
11240.123	0.000	-32.716	63	47116	0.045
9179.102	0.000	-6636.950	64	47116	0.000
10203.112	0.000	-6166.949	65	47116	0.000
9489.989	0.000	-6179.427	66	47116	0.000
9258.119	0.000	-6440.791	67	47116	0.000
11035.260	0.000	-6078.348	73	47116	0.000
11035.260	0.000	-4030.348	74	47116	0.000
11224.112	0.000	-8146.427	76	47116	0.000
9188.612	0.000	-6082.579	85	47116	0.000
9192.123	0.000	-5152.716	86	47116	0.000
13369.813	0.000	-3163.297	92	47116	1.040
13275.112	0.000	-3094.949	104	47116	0.739
12561.988	0.000	-3107.427	105	47116	0.000
12330.119	0.000	-3368.791	106	47116	0.000
11056.112	0.000	-7106.427	134	47116	0.000
10845.583	0.000	-7122.427	135	47116	0.000
8920.912	0.000	-8149.389	6	47117	0.000
8920.912	0.000	-8149.389	7	47117	0.000
13282.270	0.000	-2822.698	13	47117	6.489
9404.543	0.000	-18.776	15	47117	0.000
11220.704	0.000	-5620.666	17	47117	0.000
11220.704	0.000	-3572.666	18	47117	0.000
10284.662	0.000	-8076.467	26	47117	0.000
10868.516	0.000	-7193.958	27	47117	0.000
9186.270	0.000	-774.698	28	47117	0.000
13602.550	0.000	-3093.673	33	47117	0.781
10295.112	0.000	-4118.427	42	47117	0.000
11452.543	0.000	-4114.776	47	47117	0.000
10443.144	0.000	-51.943	17	30739	0.000
8795.522	0.000	-7225.221	18	30739	0.000
9159.091	0.000	-7113.161	13	30741	0.000
9892.873	0.000	-38.797	21	30742	0.000
9550.257	0.000	-7101.815	23	30742	0.000
8257.277	0.000	-6788.023	24	30742	0.000
9171.186	0.000	-6166.720	33	30742	0.000
9181.646	0.000	-45.966	35	30742	0.000
12332.341	0.000	-4027.886	39	30742	0.000
10297.369	0.000	-6192.249	50	30742	0.000
10183.880	0.000	-33.347	15	30743	0.000
8787.278	0.000	-7120.951	18	30743	0.000
9159.713	0.000	-7316.246	19	30743	0.000
10207.213	0.000	-236.899	32	30746	0.000
9272.999	0.000	-7971.559	34	30746	0.000
9382.011	0.000	-2835.060	1	30756	0.000
9052.711	0.000	-3941.467	5	30758	0.000
9114.779	0.000	-2083.987	45	47147	0.000
9452.000	0.000	-2509.000	46	47147	0.000
10356.523	0.000	-2077.000	47	47147	0.000
10278.000	0.000	-2223.335	48	47147	0.000
11308.516	0.000	-2942.876	49	47147	0.000
12419.244	0.000	-3026.012	50	47147	0.000
8236.516	0.000	-8062.876	58	47147	0.000
10052.996	0.000	-4117.479	65	47147	0.000
12100.996	0.000	-5141.479	66	47147	0.000
8323.244	0.000	-978.012	68	47147	0.000
10191.000	0.000	-1581.000	72	47147	0.000
8308.523	0.000	-1053.000	81	47147	0.000
8230.000	0.000	-1199.335	82	47147	0.000
13354.639	0.000	-3921.476	84	47147	0.000
12620.000	0.000	-4045.000	93	47147	0.000
10476.000	0.000	-1997.000	98	47147	0.000
11500.000	0.000	-4045.000	99	47147	0.000
9452.000	0.000	-6093.000	100	47147	0.000
10284.516	0.000	-7038.876	113	47147	0.000
12263.990	0.000	-4124.338	118	47147	0.000
12610.000	0.000	-5071.000	120	47147	0.000
9114.779	0.000	-4131.987	123	47147	0.000
9257.606	0.000	-2274.733	50	47148	0.000
9595.336	0.000	-935.727	52	47148	0.000
10218.088	0.000	-761.489	53	47148	0.000
10293.000	0.000	-5448.000	56	47148	0.000
10293.000	0.000	-3400.000	57	47148	0.000
10994.000	0.000	-7196.000	64	47148	0.000
13586.000	0.000	-4050.207	68	47148	0.000
10281.607	0.000	-1762.733	75	47148	0.000
11305.607	0.000	-3810.733	76	47148	0.000
9257.606	0.000	-5858.733	77	47148	0.000
10280.000	0.000	-5081.000	87	47148	0.000
11242.000	0.000	-4815.000	88	47148	0.000
11643.336	0.000	-5031.727	97	47148	0.000
12266.088	0.000	-4857.489	98	47148	0.000
12514.187	0.000	-4123.000	101	47148	0.000
12341.166	0.000	-4597.854	102	47148	0.000
9812.474	0.000	-29.978	17	47149	0.000
9267.000	0.000	-2356.000	55	47149	0.000
9806.000	0.000	-2530.000	56	47149	0.000
10282.818	0.000	-2420.568	57	47149	0.000
12248.428	0.000	-2702.823	58	47149	0.007
9272.000	0.000	-436.797	65	47149	0.000
10221.387	0.000	-595.432	66	47149	0.000
10187.211	0.000	-6517.662	67	47149	0.000
11125.538	0.000	-8144.938	79	47149	0.000
10299.124	0.000	-7708.374	80	47149	0.000
9899.060	0.000	-4122.949	86	47149	0.000
11947.060	0.000	-5146.949	87	47149	0.000
9573.268	0.000	-1055.122	92	47149	0.000
8234.818	0.000	-1396.568	99	47149	0.000
13425.000	0.000	-4046.000	101	47149	0.000
13259.211	0.000	-3445.662	110	47149	0.002
10291.000	0.000	-1844.000	117	47149	0.000
10411.979	0.000	-1044.891	118	47149	0.000
10830.000	0.000	-2018.000	119	47149	0.038
11315.000	0.000	-3892.000	120	47149	0.000
11435.979	0.000	-3092.891	121	47149	0.000
11854.000	0.000	-4066.000	122	47149	0.000
9267.000	0.000	-5940.000	123	47149	0.000
9387.979	0.000	-5140.891	124	47149	0.000
9806.000	0.000	-6114.000	125	47149	0.000
10578.444	0.000	-6161.333	151	47149	0.000
11224.428	0.000	-6798.823	152	47149	0.000
10983.274	0.000	-5077.405	157	47149	0.000
11320.000	0.000	-4532.797	165	47149	0.000
12269.387	0.000	-4691.432	166	47149	0.000
12324.926	0.000	-4348.600	169	47149	0.000
9198.075	0.000	-2488.323	41	47150	0.000
11204.369	0.000	-2897.799	42	47150	0.000
13286.109	0.000	-2929.734	43	47150	6.489
10774.000	0.000	-983.000	48	47150	0.001
8235.000	0.000	-6386.120	49	47150	0.000
10281.000	0.000	-7370.000	60	47150	0.000
10282.885	0.000	-7763.125	61	47150	0.000
9262.000	0.000	-5002.867	64	47150	0.000
11310.000	0.000	-6026.867	65	47150	0.000
9190.109	0.000	-881.734	67	47150	0.000
8726.000	0.000	-6103.000	71	47150	0.000
9156.369	0.000	-1873.799	76	47150	0.000
13295.000	0.000	-4287.284	88	47150	0.000
9198.075	0.000	-4536.323	91	47150	0.000
10282.524	0.000	-367.426	5	30771	0.000
9305.495	0.000	-7474.417	6	30771	0.000
10208.216	0.000	-7217.229	43	47156	0.000
11216.835	0.000	-6095.885	51	47156	0.000
11216.835	0.000	-4047.885	52	47156	0.000
9257.260	0.000	-4141.881	55	47156	0.000
11305.260	0.000	-5165.881	56	47156	0.000
9302.172	0.000	-7567.866	16	30773	0.000
9258.346	0.000	-7075.615	12	30774	0.000
9600.840	0.000	-3262.934	1	14393	0.000
8644.695	0.000	-3125.600	3	30778	0.000
9651.638	0.000	-2731.584	3	30779	0.000
9142.374	0.000	-3101.010	2	14396	0.000
9329.436	0.000	-3333.180	3	30781	0.000
9425.595	0.000	-3332.058	4	30781	0.000
9842.407	0.000	-3293.192	5	30783	0.000
9659.118	0.000	-3777.761	10	30785	0.000
9361.229	0.000	-8151.040	23	47170	0.000
9361.229	0.000	-8151.040	24	47170	0.000
8236.432	0.000	-2532.000	33	47170	0.000
10541.173	0.000	-2065.309	34	47170	0.000
10074.153	0.000	-5092.147	47	47170	0.000
12122.153	0.000	-6116.147	48	47170	15.986
8415.087	0.000	-5140.307	52	47170	0.000
8493.173	0.000	-1041.309	57	47170	0.000
13358.437	0.000	-3860.082	59	47170	0.000
12262.332	0.000	-4197.979	69	47170	0.000
12411.134	0.000	-5074.962	71	47170	0.000
8236.432	0.000	-4580.000	74	47170	0.000
8503.167	0.000	-2081.585	26	47171	0.000
9649.885	0.000	-985.215	31	47171	0.000
11241.933	0.000	-845.091	32	47171	3.400
11041.425	0.000	-8158.433	44	47171	0.000
10663.326	0.000	-7184.744	45	47171	0.000
9256.556	0.000	-4941.944	48	47171	0.000
11304.556	0.000	-5965.944	49	47171	0.000
9193.933	0.000	-5965.091	56	47171	0.000
8237.541	0.000	-5296.470	57	47171	0.000
11697.885	0.000	-5081.215	69	47171	0.000
12335.902	0.000	-4837.271	71	47171	0.000
8503.167	0.000	-4129.585	74	47171	0.000
8270.868	0.000	-2365.378	14	47172	0.000
12907.608	0.000	-3040.369	15	47172	0.004
11223.447	0.000	-496.115	17	47172	0.008
10225.502	0.000	-6304.312	18	47172	0.000
11238.006	0.000	-7451.190	27	47172	0.000
10227.607	0.000	-4712.707	30	47172	0.000
12275.607	0.000	-5736.707	31	47172	0.759
8811.608	0.000	-992.369	33	47172	0.000
9175.447	0.000	-5616.116	36	47172	0.000
13760.548	0.000	-4059.941	39	47172	0.000
13297.502	0.000	-3232.312	45	47172	0.112
10880.338	0.000	-1044.850	50	47172	1.285
11904.338	0.000	-3092.850	51	47172	0.000
9856.338	0.000	-5140.850	52	47172	0.000
10392.778	0.000	-5085.031	58	47172	0.000
10832.248	0.000	-5087.630	59	47172	0.000
13203.067	0.000	-5046.480	62	47172	0.000
8270.868	0.000	-4413.378	65	47172	0.000
13099.621	0.000	-3033.237	18	47173	1.705
9266.417	0.000	-182.344	25	47173	0.000
10274.087	0.000	-797.812	26	47173	0.000
11234.989	0.000	-7212.795	35	47173	0.000
9627.134	0.000	-5088.365	38	47173	0.000
11675.134	0.000	-6112.365	39	47173	3.349
9003.622	0.000	-985.237	41	47173	0.000
8226.087	0.000	-5917.812	44	47173	0.000
10276.277	0.000	-1107.223	49	47173	0.000
11300.277	0.000	-3155.223	50	47173	0.000
9252.277	0.000	-5203.223	51	47173	0.000
11245.473	0.000	-4119.540	59	47173	0.000
11314.417	0.000	-4278.344	64	47173	0.000
12553.448	0.000	-5080.806	66	47173	0.000
8957.644	0.000	-5070.851	69	47173	0.000
9452.960	0.000	-8149.418	19	47174	0.000
9452.960	0.000	-8149.418	20	47174	0.000
8227.307	0.000	-2358.754	29	47174	0.000
11221.475	0.000	-316.574	32	47174	0.001
10834.947	0.000	-21.730	33	47174	0.000
9539.812	0.000	-6168.196	34	47174	0.000
10225.780	0.000	-4930.387	44	47174	0.000
12273.780	0.000	-5954.387	45	47174	15.036
9173.475	0.000	-5436.575	51	47174	0.000
8786.947	0.000	-5141.730	52	47174	0.000
12611.812	0.000	-3096.196	58	47174	0.000
10932.956	0.000	-4110.604	68	47174	0.000
12077.600	0.000	-4119.035	73	47174	0.000
13286.257	0.000	-4944.496	75	47174	0.000
8227.307	0.000	-4406.754	78	47174	0.000
10287.149	0.000	-201.523	30	30791	0.000
8932.959	0.000	-7381.634	31	30791	0.000
8253.413	0.000	-7120.270	32	30791	0.000
8256.787	0.000	-6190.117	42	30791	0.000
8344.046	0.000	-2092.289	61	47176	0.000
9195.303	0.000	-2091.560	62	47176	0.000
10201.795	0.000	-2518.869	63	47176	0.000
10278.573	0.000	-966.205	69	47176	0.000
9176.074	0.000	-6303.789	70	47176	0.000
10195.000	0.000	-7909.000	71	47176	0.000
11237.316	0.000	-5286.521	73	47176	0.000
11237.316	0.000	-3238.521	74	47176	0.000
10281.001	0.000	-7208.740	78	47176	0.000
9282.000	0.000	-1774.000	88	47176	0.000
8230.573	0.000	-6086.204	93	47176	0.000
11225.795	0.000	-2006.869	101	47176	1.986
11147.387	0.000	-1048.000	102	47176	6.665
12249.795	0.000	-4054.869	103	47176	0.000
12171.387	0.000	-3096.000	104	47176	0.000
10201.795	0.000	-6102.869	105	47176	0.000
10123.387	0.000	-5144.000	106	47176	0.000
10293.899	0.000	-4922.000	115	47176	0.000
8344.046	0.000	-4140.289	119	47176	0.000
9195.303	0.000	-4139.560	120	47176	0.000
10304.871	0.000	-58.833	14	14415	0.000
9300.571	0.000	-7315.880	15	14415	0.000
9038.258	0.000	-7214.208	16	14415	0.000
9159.249	0.000	-7211.516	11	14416	0.000
8997.681	0.000	-7115.966	25	14418	0.000
12333.000	0.000	-3009.089	29	30803	0.000
8237.000	0.000	-961.089	30	30803	0.000
9198.193	0.000	-2349.732	45	47188	0.000
11202.193	0.000	-2730.037	46	47188	0.000
11644.879	0.000	-3019.755	47	47188	0.000
10063.523	0.000	-972.240	53	47188	0.000
11161.328	0.000	-20.012	54	47188	0.045
8572.879	0.000	-8139.755	55	47188	0.000
10195.193	0.000	-7717.038	56	47188	0.000
11184.193	0.000	-7847.038	64	47188	0.000
9610.780	0.000	-1056.569	74	47188	0.000
8242.156	0.000	-5252.106	80	47188	0.000
9113.328	0.000	-5140.012	81	47188	0.000
9154.193	0.000	-1706.038	89	47188	0.000
12541.193	0.000	-4042.038	96	47188	0.000
10620.879	0.000	-7115.755	110	47188	0.000
10291.459	0.000	-6430.022	111	47188	0.000
10281.193	0.000	-4662.038	118	47188	0.000
11245.419	0.000	-4724.060	119	47188	0.000
11921.719	0.000	-4126.294	128	47188	0.000
12111.523	0.000	-5068.239	129	47188	0.000
13281.795	0.000	-4115.440	132	47188	0.000
9198.193	0.000	-4397.732	135	47188	0.000
9784.344	0.000	-7105.763	28	30805	0.000
10202.445	0.000	-131.614	30	30805	0.000
9171.308	0.000	-7641.801	32	30805	0.000
8414.173	0.000	-7111.977	33	30805	0.000
9170.275	0.000	-6865.838	34	30805	0.000
10837.594	0.000	-3002.280	12	47190	0.000
10192.985	0.000	-4986.519	23	47190	0.000
12240.985	0.000	-6010.519	24	47190	15.036
10028.115	0.000	-1973.630	32	47190	0.000
9290.365	0.000	-1049.674	33	47190	0.000
8789.594	0.000	-1978.280	37	47190	0.000
10309.729	0.000	-1046.447	39	47190	0.000
11333.729	0.000	-3094.446	40	47190	0.000
9285.729	0.000	-5142.447	41	47190	0.000
9194.961	0.000	-4946.847	44	47190	0.000
8857.957	0.000	-8153.711	8	47191	0.000
8857.957	0.000	-8153.711	9	47191	0.000
9263.782	0.000	-121.773	15	47191	0.000
11014.455	0.000	-30.229	16	47191	0.000
10687.175	0.000	-5142.050	18	47191	0.000
10295.889	0.000	-5852.540	19	47191	0.000
10687.175	0.000	-3094.050	20	47191	0.000
10295.889	0.000	-3804.540	21	47191	0.000
9852.266	0.000	-4114.334	34	47191	0.000
11900.266	0.000	-5138.334	35	47191	0.000
8966.455	0.000	-5150.229	39	47191	0.000
13523.438	0.000	-3090.487	44	47191	0.984
11311.782	0.000	-4217.773	54	47191	0.000
9353.377	0.000	-2509.813	14	47192	0.000
9707.999	0.000	-6182.853	16	47192	0.000
8241.488	0.000	-1799.757	19	47192	0.000
12779.999	0.000	-3110.853	23	47192	0.000
10377.377	0.000	-1997.813	28	47192	0.000
11401.377	0.000	-4045.813	29	47192	0.000
9353.377	0.000	-6093.813	30	47192	0.000
8413.405	0.000	-5064.264	33	47192	0.000
11582.361	0.000	-3017.164	70	47193	0.000
13207.432	0.000	-3037.522	71	47193	2.679
11237.178	0.000	-120.629	77	47193	0.045
8510.361	0.000	-8137.164	78	47193	0.000
10297.122	0.000	-5757.360	82	47193	0.000
11244.176	0.000	-5846.326	83	47193	0.000
10297.122	0.000	-3709.360	84	47193	0.000
11244.176	0.000	-3798.326	85	47193	0.000
10427.659	0.000	-8140.140	101	47193	0.000
9267.361	0.000	-4692.164	107	47193	0.000
11315.361	0.000	-5716.164	108	47193	0.000
9184.361	0.000	-413.164	110	47193	0.000
9111.432	0.000	-989.522	111	47193	0.000
8928.126	0.000	-24.448	112	47193	0.000
9582.705	0.000	-2008.906	116	47193	0.000
9189.178	0.000	-5240.629	122	47193	0.000
10927.918	0.000	-6161.611	133	47193	0.000
10558.361	0.000	-7113.164	134	47193	0.000
10913.361	0.000	-5077.164	139	47193	0.000
12181.249	0.000	-4115.875	144	47193	0.000
12343.279	0.000	-4418.620	146	47193	0.000
9250.477	0.000	-5070.422	39	47194	0.000
11298.477	0.000	-6094.422	40	47194	0.000
8340.381	0.000	-24.701	42	47194	0.000
9252.849	0.000	-1853.593	46	47194	0.000
13361.725	0.000	-4059.618	51	47194	0.000
12332.849	0.000	-4953.941	58	47194	0.000
10679.401	0.000	-989.677	18	47195	0.000
10869.429	0.000	-18.844	19	47195	0.000
9823.488	0.000	-6163.014	20	47195	0.000
10285.398	0.000	-5208.254	21	47195	0.000
10749.279	0.000	-6101.920	22	47195	0.000
10285.398	0.000	-3160.254	23	47195	0.000
10749.279	0.000	-4053.920	24	47195	0.000
10834.547	0.000	-7189.020	31	47195	0.000
9671.539	0.000	-5080.646	34	47195	0.000
11719.539	0.000	-6104.646	35	47195	3.349
8631.401	0.000	-6109.677	41	47195	0.000
8821.429	0.000	-5138.844	42	47195	0.000
13799.302	0.000	-4054.854	46	47195	0.000
12895.488	0.000	-3091.014	52	47195	0.000
10925.176	0.000	-1044.754	57	47195	1.285
11949.176	0.000	-3092.754	58	47195	0.000
9901.176	0.000	-5140.754	59	47195	0.000
11246.883	0.000	-4243.171	63	47195	0.000
13015.481	0.000	-3033.636	18	47196	0.163
9715.596	0.000	-986.629	19	47196	0.000
11248.766	0.000	-314.354	20	47196	0.001
10225.405	0.000	-6248.817	21	47196	0.000
10425.118	0.000	-6105.983	23	47196	0.000
10425.118	0.000	-4057.983	24	47196	0.000
10510.787	0.000	-7188.888	31	47196	0.000
9801.692	0.000	-4111.966	34	47196	0.000
11849.692	0.000	-5135.966	35	47196	0.000
8919.481	0.000	-985.636	37	47196	0.000
9200.766	0.000	-5434.354	40	47196	0.000
13297.405	0.000	-3176.817	45	47196	0.739
10356.463	0.000	-5079.816	55	47196	0.000
10886.012	0.000	-4109.617	56	47196	0.000
11248.345	0.000	-4665.042	57	47196	0.000
11763.596	0.000	-5082.629	64	47196	0.000
9528.819	0.000	-8145.967	18	47197	0.000
9528.819	0.000	-8145.967	19	47197	0.000
10581.442	0.000	-6105.473	28	47197	0.000
10581.442	0.000	-4057.473	29	47197	0.000
10221.335	0.000	-4640.348	37	47197	0.000
12269.335	0.000	-5664.348	38	47197	0.759
8841.802	0.000	-25.718	40	47197	0.000
8231.738	0.000	-5382.426	43	47197	0.000
11118.934	0.000	-4113.645	55	47197	0.000
10278.137	0.000	-4178.783	56	47197	0.000
12268.897	0.000	-4365.628	62	47197	0.000
8561.315	0.000	-5080.153	66	47197	0.000
9197.801	0.000	-4854.952	67	47197	0.000
9699.056	0.000	-4123.341	19	47198	0.000
11747.056	0.000	-5147.340	20	47198	0.000
10205.978	0.000	-1346.945	25	47198	0.000
9525.166	0.000	-4185.352	10	47229	0.000
11573.165	0.000	-5209.352	11	47229	0.000
8237.849	0.000	-1966.050	17	47229	0.000
10981.323	0.000	-1121.142	19	47229	1.285
12005.323	0.000	-3169.142	20	47229	0.000
9957.323	0.000	-5217.142	21	47229	0.000
8786.086	0.000	-7471.048	58	47230	0.000
8245.188	0.000	-2087.816	75	47230	0.000
10206.742	0.000	-2186.968	76	47230	0.000
10211.543	0.000	-970.473	79	47230	0.000
9262.420	0.000	-6200.437	80	47230	0.000
10303.802	0.000	-5152.501	84	47230	0.000
10303.802	0.000	-3104.501	85	47230	0.000
10210.032	0.000	-4573.473	91	47230	0.000
12258.032	0.000	-5597.473	92	47230	0.000
8248.639	0.000	-170.627	94	47230	0.000
9175.044	0.000	-159.413	95	47230	0.000
10206.976	0.000	-1995.159	99	47230	0.000
12782.650	0.000	-4037.087	110	47230	0.000
12334.420	0.000	-3128.437	111	47230	0.000
11230.742	0.000	-1674.968	119	47230	3.900
12254.742	0.000	-3722.968	120	47230	0.000
10206.742	0.000	-5770.968	121	47230	0.000
11225.798	0.000	-6449.118	130	47230	0.000
12259.543	0.000	-5066.473	135	47230	0.000
8245.188	0.000	-4135.816	138	47230	0.000
8270.739	0.000	-7408.852	34	47231	0.000
8235.629	0.000	-62.042	42	47231	0.000
11233.491	0.000	-1093.824	44	47231	6.665
12257.491	0.000	-3141.824	45	47231	0.000
10209.491	0.000	-5189.824	46	47231	0.000
9536.475	0.000	-6786.219	43	47232	0.000
9066.629	0.000	-2090.654	53	47232	0.000
12253.869	0.000	-2865.487	54	47232	0.000
9490.472	0.000	-951.483	58	47232	0.000
9273.314	0.000	-342.964	59	47232	0.000
10206.314	0.000	-6433.600	60	47232	0.000
11228.454	0.000	-5383.791	66	47232	0.000
11228.454	0.000	-3335.791	67	47232	0.000
10650.968	0.000	-8145.600	69	47232	0.000
8643.314	0.000	-2010.843	73	47232	0.000
13278.314	0.000	-3361.600	80	47232	0.002
10291.314	0.000	-1272.902	85	47232	0.000
11315.314	0.000	-3320.902	86	47232	0.000
9267.314	0.000	-5368.902	87	47232	0.000
11229.869	0.000	-6961.487	104	47232	0.000
11169.395	0.000	-4131.922	108	47232	0.000
11538.472	0.000	-5047.483	116	47232	0.000
11321.314	0.000	-4438.964	117	47232	0.000
13299.514	0.000	-4189.600	120	47232	0.000
12339.314	0.000	-4229.600	121	47232	0.000
13210.961	0.000	-4113.016	122	47232	0.000
8247.758	0.000	-5089.175	128	47232	0.000
9066.629	0.000	-4138.654	129	47232	0.000
10277.202	0.000	-696.375	41	47233	0.000
10309.666	0.000	-695.121	42	47233	0.000
10061.215	0.000	-6166.009	43	47233	0.000
10789.135	0.000	-5224.865	47	47233	0.000
10789.135	0.000	-3176.865	48	47233	0.000
9944.785	0.000	-1976.021	58	47233	0.000
8229.202	0.000	-5816.375	65	47233	0.000
8261.666	0.000	-5815.121	66	47233	0.000
13394.556	0.000	-3088.067	70	47233	1.040
13133.215	0.000	-3094.009	79	47233	0.168
11164.215	0.000	-1444.009	85	47233	5.635
11164.215	0.000	-1402.009	86	47233	6.479
12188.215	0.000	-3492.009	87	47233	0.000
12188.215	0.000	-3450.009	88	47233	0.000
10140.215	0.000	-5540.009	89	47233	0.000
10140.215	0.000	-5498.009	90	47233	0.000
11207.215	0.000	-5010.009	97	47233	0.000
11164.394	0.000	-5010.009	98	47233	0.000
13283.215	0.000	-5046.009	101	47233	0.000
8561.254	0.000	-3878.473	22	47234	0.000
10323.834	0.000	-5608.912	30	47234	0.000
10323.834	0.000	-3560.912	31	47234	0.000
9426.803	0.000	-4152.503	34	47234	0.000
11474.803	0.000	-5176.503	35	47234	0.000
8319.629	0.000	-1827.563	38	47234	0.000
11221.690	0.000	-2088.528	30	47235	1.005
12252.450	0.000	-3016.474	31	47235	0.000
12335.000	0.000	-2814.620	32	47235	0.161
10196.441	0.000	-8138.167	35	47235	0.000
10299.653	0.000	-6088.792	37	47235	0.000
10299.653	0.000	-4040.792	38	47235	0.000
10206.823	0.000	-5072.133	44	47235	0.000
12254.823	0.000	-6096.133	45	47235	22.351
8239.000	0.000	-766.620	47	47235	0.000
9173.690	0.000	-1064.528	49	47235	0.000
11228.450	0.000	-7112.475	53	47235	0.000
12345.869	0.000	-5068.651	55	47235	0.000
9059.834	0.000	-5066.000	58	47235	0.000
10040.758	0.000	-7206.228	27	30852	0.000
10045.370	0.000	-127.186	33	30852	0.000
8254.267	0.000	-7222.359	34	30852	0.000
9445.779	0.000	-7310.874	35	30852	0.000
9183.486	0.000	-7985.034	13	30853	0.000
10212.973	0.000	-2426.370	6	47238	0.000
11219.191	0.000	-5995.224	11	47238	0.000
11219.191	0.000	-3947.224	12	47238	0.000
9263.003	0.000	-1129.744	16	47238	0.000
11236.973	0.000	-1914.370	19	47238	2.962
12260.973	0.000	-3962.370	20	47238	0.000
10212.973	0.000	-6010.370	21	47238	0.000
12407.618	0.000	-4141.251	23	47238	0.000
10203.151	0.000	-6703.651	61	47239	0.000
8936.278	0.000	-7475.024	65	47239	0.000
10850.182	0.000	-2079.967	75	47239	0.000
9012.529	0.000	-27.226	85	47239	0.000
10204.182	0.000	-1849.967	89	47239	0.000
8320.346	0.000	-5152.183	94	47239	0.000
8802.182	0.000	-1055.967	99	47239	0.000
12333.045	0.000	-3899.967	103	47239	0.000
8247.540	0.000	-4639.725	108	47239	0.000
11380.380	0.000	-2599.288	13	47240	0.000
8308.380	0.000	-7719.289	15	47240	0.000
8240.257	0.000	-1674.322	19	47240	0.000
8486.960	0.000	-1964.653	20	47240	0.000
10356.380	0.000	-6695.289	24	47240	0.000
10009.844	0.000	-34.752	20	30875	0.000
9410.283	0.000	-7075.062	21	30875	0.000
8564.313	0.000	-7205.063	22	30875	0.000
9570.553	0.000	-7203.778	23	30875	0.000
10285.713	0.000	-2340.594	5	47260	0.000
9276.430	0.000	-36.467	11	47260	0.000
9719.045	0.000	-1085.852	18	47260	0.000
8237.713	0.000	-1316.594	21	47260	0.000
11324.430	0.000	-4132.467	25	47260	0.000
8251.277	0.000	-4931.113	28	47260	0.000
8230.000	0.000	-2253.283	70	47261	0.000
10431.322	0.000	-2088.993	71	47261	0.000
11328.856	0.000	-3030.906	72	47261	0.000
12501.262	0.000	-3013.741	73	47261	0.000
10220.225	0.000	-506.279	81	47261	0.000
11234.498	0.000	-585.100	82	47261	0.319
9165.000	0.000	-6356.000	83	47261	0.000
8256.856	0.000	-8150.906	84	47261	0.000
9193.000	0.000	-256.000	94	47261	0.000
8405.262	0.000	-965.741	95	47261	0.000
9888.904	0.000	-1064.239	99	47261	0.000
9186.498	0.000	-5705.100	103	47261	0.000
8383.322	0.000	-1064.993	106	47261	0.000
13273.496	0.000	-3626.335	113	47261	0.000
11223.000	0.000	-6266.761	131	47261	0.000
10304.856	0.000	-7126.906	132	47261	0.000
12268.225	0.000	-4602.279	138	47261	0.000
12876.537	0.000	-5056.860	140	47261	0.000
8230.000	0.000	-4301.283	143	47261	0.000
-9145.396	0.000	262.496	1	47143	0.000
-9756.665	0.000	1327.883	2	47143	0.000
-8461.000	0.000	419.000	3	47143	0.000
-10655.176	0.000	999.283	8	47143	0.000
-9410.395	0.000	264.425	10	47143	0.000
-10694.308	0.000	920.309	6	47144	0.000
-9084.113	0.000	135.095	11	47144	0.000
-8456.789	-4.590	1009.874	13	47144	0.000
-10208.288	0.000	502.989	14	47144	0.000
-9632.000	0.000	468.646	0	47145	0.000
-9708.000	0.000	1415.000	1	47145	0.000
-8256.000	0.000	1293.000	2	47145	0.000
-8779.000	0.000	44.000	3	47145	0.000
-9504.000	0.000	319.000	0	47146	0.000
-8855.426	0.000	112.621	8	47146	0.000
-8689.058	-4.590	642.212	10	47146	0.000
-10624.932	0.000	887.982	0	47147	0.000
-8411.132	0.000	152.106	28	47147	0.000
-9274.937	0.000	229.037	4	47148	0.000
-8819.342	0.000	270.182	5	47148	0.000
-9739.810	0.000	1490.112	7	47148	0.000
-10643.928	0.000	246.634	32	47148	0.000
-9561.479	0.000	1146.761	37	47148	0.000
-10556.000	0.000	950.000	2	47150	0.000
-9125.265	0.000	177.317	3	47150	0.000
-8912.187	0.000	146.207	2	47151	0.000
-8653.050	-4.590	699.987	3	47151	0.000
-8953.000	0.000	203.000	0	47152	0.000
-9034.823	0.000	239.794	40	47156	0.000
-8879.812	0.000	309.621	12	47170	0.000
-8315.414	0.000	1339.538	13	47170	0.000
-10468.764	0.000	181.266	14	47170	0.000
-9667.422	0.000	1205.609	18	47170	0.000
-9173.171	0.000	193.889	12	47171	0.000
-10364.076	0.000	246.870	14	47171	0.000
-10016.709	0.000	1424.166	19	47171	0.000
-8753.155	0.000	383.307	7	47172	0.000
-9414.717	0.000	1701.768	8	47172	0.000
-8784.334	0.000	323.240	9	47173	0.000
-9374.750	0.000	1673.919	10	47173	0.000
-10420.000	0.000	262.089	11	47173	0.000
-9477.932	0.000	1103.511	14	47173	0.000
-8810.800	0.000	420.369	10	47174	0.000
-9762.701	0.000	1445.255	11	47174	0.000
-9745.962	0.000	1911.138	14	47174	0.000
-9410.345	0.000	1056.094	15	47174	0.000
-9992.312	0.000	536.473	9	47188	0.000
-10551.312	0.000	209.246	28	47188	0.000
-8231.609	0.000	1152.547	5	47190	0.000
-8602.371	0.000	518.493	3	47192	0.000
-10758.820	0.000	975.925	3	47193	0.000
-10249.911	0.000	664.911	4	47193	0.000
-9942.000	0.000	590.000	10	47193	0.000
-9824.358	0.000	1219.403	11	47193	0.000
-10264.656	0.000	410.333	39	47193	0.000
-9829.889	0.000	30.185	41	47193	0.000
-10315.077	0.000	129.312	42	47193	0.000
-10294.690	0.000	2213.018	44	47193	0.000
-9631.647	0.000	1788.047	46	47193	0.000
-9944.121	0.000	1381.079	48	47193	0.000
-9460.643	0.000	1714.940	7	47195	0.000
-8208.679	0.000	20.990	9	47195	0.000
-10210.855	0.000	1603.716	11	47195	0.000
-8836.965	0.000	378.437	9	47196	0.000
-9786.715	0.000	1396.553	10	47196	0.000
-10434.919	0.000	2238.218	12	47196	0.000
-9813.231	0.000	1984.334	13	47197	0.000
-10377.266	0.000	2199.903	4	47198	0.000
-9992.730	0.000	806.180	1	47229	0.000
-10182.612	0.000	744.274	40	47232	0.000
-8576.288	0.000	459.910	2	47238	0.000
-10247.075	0.000	771.494	4	47239	0.000
-10726.892	0.000	1043.276	11	47239	0.000
-8509.818	0.000	351.033	12	47239	0.000
-10296.780	0.000	485.532	55	47239	0.000
-10401.812	0.000	153.194	56	47239	0.000
-10131.209	0.000	1488.747	59	47239	0.000
-9024.883	0.000	93.402	0	47252	0.000
-10036.000	0.000	1077.000	1	47253	0.000
-10548.076	0.000	845.247	2	47253	0.000
-10083.799	0.000	665.519	7	47253	0.000
-10061.550	0.000	1039.000	2	47254	0.000
-10187.228	0.000	633.573	4	47254	0.000
-10130.764	0.000	738.985	9	47255	0.000
-10150.907	0.000	709.281	10	47255	0.000
-10133.000	0.000	598.000	0	47256	0.000
-8967.382	0.000	66.187	1	47256	0.000
-10364.139	0.000	1611.131	1	47260	0.000
-8766.000	0.000	499.000	9	47261	0.000
-9664.000	0.000	381.000	11	47261	0.000
-9851.325	0.000	1304.860	12	47261	0.000
-10371.838	0.000	730.670	51	47261	0.000
-8549.160	0.000	220.283	54	47261	0.000
-9526.982	0.000	1724.592	55	47261	0.000
-7877.000	0.000	88.000	5	47145	0.000
-8007.728	0.000	1305.080	8	47148	0.000
-6853.658	0.000	703.575	33	47148	0.000
-6817.929	0.000	49.066	10	47171	0.000
-8065.587	0.000	1331.848	13	47171	0.000
-6865.582	0.000	88.375	5	47172	0.000
-6866.922	0.000	196.579	7	47196	0.000
-6907.083	0.000	730.554	10	47197	0.000
-7235.127	0.000	784.636	6	47232	0.000
-6285.818	0.000	399.033	13	47239	0.000
-7090.006	0.000	809.068	6	47240	0.000
-6215.687	0.000	61.000	5	47254	0.000
-7391.000	0.000	881.000	11	47255	0.000
-7792.000	0.000	237.000	10	47261	0.000
5562.279	-5.915	1888.584	0	14346	0.000
6254.799	-0.000	2460.408	2	14346	0.000
5704.328	0.000	1985.000	3	14346	0.000
6470.547	-2.734	2684.566	5	14346	0.000
5938.471	-0.000	2226.691	6	14346	0.000
6820.915	0.000	5886.972	10	47115	0.000
6222.448	0.000	5876.809	11	47115	0.000
6662.915	0.000	5214.972	12	47115	0.000
4922.187	0.000	776.847	18	47115	0.000
3281.807	0.000	269.887	19	47115	0.000
6173.035	0.000	3021.000	23	47115	0.000
6167.470	0.000	3560.710	24	47115	0.000
7121.983	0.000	5683.534	25	47115	0.000
8056.915	0.000	2812.355	26	47115	0.000
6523.775	0.000	2524.892	37	47115	0.000
7397.984	0.000	4076.148	38	47115	0.000
7470.678	0.000	4151.542	103	47115	0.000
3700.155	0.000	289.626	8	47116	0.000
7128.117	0.000	4897.513	17	47116	0.000
6919.959	0.000	3434.798	18	47116	0.000
8155.102	0.000	4627.050	120	47116	0.000
7221.359	0.000	4139.387	121	47116	0.000
8166.064	0.000	5171.573	124	47116	0.000
6711.496	0.000	6781.389	3	47117	0.000
7202.391	0.000	5995.785	36	47117	0.000
4685.816	0.000	2253.360	1	14350	0.000
4041.887	0.000	2404.028	2	14351	0.000
4313.039	0.000	2266.307	2	14353	0.000
4701.252	0.000	2619.272	2	14354	0.000
4629.473	0.000	3782.980	0	30739	0.000
7185.000	0.000	2309.000	3	30739	0.000
5133.627	0.000	706.751	4	30739	0.000
5153.074	0.000	1431.818	5	30739	0.000
5262.203	0.000	234.407	6	30739	0.000
6268.935	0.000	5735.157	7	30739	0.000
4842.764	0.000	1155.991	8	30739	0.000
7046.792	0.000	3241.434	0	14356	0.000
4716.494	0.000	3155.991	1	14356	0.000
3466.989	0.000	967.780	6	14356	0.000
4277.146	0.000	633.537	0	30741	0.000
6026.108	0.000	619.528	5	30741	0.000
4013.000	0.000	1693.000	6	30741	0.000
8119.064	0.000	4066.768	7	30741	0.000
5075.237	0.000	1913.431	4	30742	0.000
4541.292	0.000	3834.600	5	30742	0.000
4445.164	0.000	804.034	8	30742	0.000
6151.192	0.000	3886.282	9	30742	0.000
7048.888	0.000	4203.596	10	30742	0.000
8147.186	0.000	5097.280	45	30742	0.000
3429.915	0.000	889.781	2	30743	0.000
5205.729	0.000	1015.200	6	30743	0.000
7187.000	0.000	3465.000	2	30744	0.000
6239.000	0.000	2802.000	4	30744	0.000
5275.156	0.000	82.077	5	30744	0.000
3295.066	0.000	1282.504	3	30745	0.000
3466.683	0.000	105.653	6	30745	0.000
2638.237	0.000	323.431	7	30745	0.000
3565.623	0.000	919.582	8	30745	0.000
2967.237	0.000	862.431	9	30745	0.000
4778.038	0.000	3592.000	10	30745	0.000
5883.658	0.000	1214.000	11	30745	0.000
7035.202	0.000	3983.805	12	30745	0.000
3881.600	0.000	168.257	13	30745	0.000
7040.453	0.000	3617.850	0	30746	0.000
4523.237	0.000	3130.431	6	30746	0.000
5521.795	0.000	1249.247	7	30746	0.000
4404.608	0.000	1301.611	8	30746	0.000
6869.237	0.000	2485.431	9	30746	0.000
4735.466	0.000	1071.262	10	30746	0.000
5652.237	0.000	1100.431	11	30746	0.000
5313.433	0.000	2255.819	13	30746	0.000
5132.270	0.000	84.892	14	30746	0.000
6063.237	0.000	1492.431	16	30746	0.000
4156.000	0.000	3319.000	17	30746	0.000
4114.491	0.000	467.431	18	30746	0.000
4934.772	0.000	3047.182	19	30746	0.000
7823.389	0.000	6453.344	21	30746	0.000
4601.415	0.000	1770.662	1	14363	0.000
4319.040	0.000	2141.868	0	14364	0.000
4462.000	0.000	1902.000	2	14365	0.000
4505.000	0.000	2174.000	0	14366	0.000
4309.000	0.000	2035.000	0	14367	0.000
4738.367	0.000	2897.623	0	14368	0.000
4303.000	0.000	2692.000	2	14370	0.000
4712.622	0.000	2059.094	3	14370	0.000
4445.000	0.000	2334.000	2	14371	0.000
6534.000	0.000	6359.000	3	30758	0.000
7507.000	0.000	6322.100	4	30758	0.000
5709.237	0.000	1732.431	3	47147	0.000
4235.542	0.000	481.328	4	47147	0.000
3897.188	0.000	453.385	5	47147	0.000
4869.647	0.000	3173.199	6	47147	0.000
6911.381	0.000	4154.682	10	47147	0.000
6155.964	0.000	6133.585	11	47147	0.000
6912.534	0.000	6420.006	12	47147	0.000
7209.223	0.000	3338.121	14	47147	0.000
8170.000	0.000	5583.000	102	47147	0.000
7203.965	0.000	5162.731	103	47147	0.000
4610.965	0.000	3919.638	12	47148	0.000
6791.670	0.000	4179.029	17	47148	0.000
6080.958	0.000	6187.459	18	47148	0.000
6963.067	0.000	6453.339	19	47148	0.000
7531.011	0.000	154.867	30	47148	0.000
7206.197	0.000	5285.152	79	47148	0.000
6604.232	0.000	4985.096	5	47149	0.000
4942.920	0.000	3196.807	6	47149	0.000
5048.733	0.000	767.764	9	47149	0.000
3306.279	0.000	540.773	10	47149	0.000
3434.193	0.000	647.428	11	47149	0.000
7143.050	0.000	5208.184	13	47149	0.000
6119.890	0.000	5964.635	14	47149	0.000
6924.034	0.000	6552.335	15	47149	0.000
7521.588	0.000	276.005	25	47149	0.000
7487.021	0.000	3354.050	26	47149	0.000
7716.508	0.000	38.000	68	47149	0.000
7716.508	0.000	4134.000	133	47149	0.000
7222.000	0.000	4574.000	134	47149	0.000
7884.000	0.000	6096.000	137	47149	0.000
7448.107	0.000	6128.282	138	47149	0.000
4502.924	0.000	823.032	7	47150	0.000
6301.237	0.000	5263.431	8	47150	0.000
3346.350	0.000	624.368	10	47150	0.000
7120.301	0.000	5507.709	15	47150	0.000
6117.790	0.000	6263.740	16	47150	0.000
7162.940	0.000	6471.576	17	47150	0.000
8004.835	0.000	2721.617	18	47150	0.000
7434.048	0.000	386.754	19	47150	0.000
7111.912	0.000	5926.526	20	47150	0.000
7490.304	0.000	613.249	29	47150	0.000
7211.000	0.000	4877.880	82	47150	0.000
7346.226	0.000	6123.686	84	47150	0.000
4357.321	0.000	1732.852	1	14385	0.000
4160.027	0.000	2252.926	3	14385	0.000
3669.000	0.000	1883.000	3	30770	0.000
5262.237	0.000	309.816	5	30770	0.000
3391.943	0.000	445.398	3	30771	0.000
4686.535	0.000	3848.363	16	47156	0.000
3548.932	0.000	1185.663	17	47156	0.000
5511.814	0.000	1117.367	20	47156	0.000
6047.535	0.000	3236.363	21	47156	0.000
6572.535	0.000	5470.363	22	47156	0.000
6512.535	0.000	6580.363	23	47156	0.000
4080.535	0.000	3446.363	24	47156	0.000
4883.894	0.000	3294.139	25	47156	0.000
7047.691	0.000	4345.640	27	47156	0.000
7117.697	0.000	4815.097	29	47156	0.000
3400.995	0.000	63.392	1	30773	0.000
6652.473	0.000	2514.867	7	30773	0.000
4336.880	0.000	675.707	1	30774	0.000
4284.473	0.000	3556.980	4	30774	0.000
6301.632	0.000	5651.884	5	30774	0.000
6319.093	0.000	5574.849	6	30774	0.000
7962.723	0.000	3939.322	7	30774	0.000
6233.237	0.000	5446.431	0	30775	0.000
5271.497	0.000	694.115	5	30775	0.000
4828.000	0.000	2632.000	0	14392	0.000
4160.000	0.000	2771.000	5	14392	0.000
6012.552	0.000	5732.703	2	14393	0.000
6768.000	0.000	6066.000	1	30778	0.000
6796.000	0.000	6241.000	1	14396	0.000
6027.996	0.000	4615.000	1	30781	0.000
6018.145	0.000	4435.009	6	30782	0.000
6023.000	0.000	4977.000	2	30783	0.000
5771.000	0.000	5731.000	3	30783	0.000
5950.948	0.000	3124.252	6	30783	0.000
2239.000	0.000	138.000	3	30784	0.000
2301.000	0.000	234.000	4	30784	0.000
6343.000	0.000	1800.000	5	30784	0.000
7407.639	0.000	1713.558	6	30784	0.000
5840.000	0.000	6374.000	6	30785	0.000
5853.072	0.000	6298.574	7	30785	0.000
7419.605	0.000	624.056	11	30785	0.000
7278.478	0.000	5164.655	62	47170	0.000
7208.105	0.000	5408.806	62	47171	0.000
8170.823	0.000	5469.403	53	47173	0.000
8176.104	0.000	5394.102	62	47174	0.000
5176.262	0.000	840.839	3	30791	0.000
7963.186	0.000	3828.856	4	30791	0.000
4169.142	0.000	540.957	10	30791	0.000
7030.354	0.000	3904.327	11	30791	0.000
4819.237	0.000	3344.431	12	30791	0.000
5449.250	0.000	1253.094	13	30791	0.000
4315.649	0.000	3073.456	14	30791	0.000
4278.578	0.000	814.990	16	30791	0.000
7175.226	0.000	4050.660	17	30791	0.000
8149.117	0.000	47.977	45	30791	0.000
7232.787	0.000	5073.883	51	30791	0.000
8149.117	0.000	4143.977	52	30791	0.000
6425.174	0.000	2715.443	3	47176	0.000
3649.603	0.000	1145.564	4	47176	0.000
3574.206	0.000	1738.517	5	47176	0.000
5307.798	0.000	1148.223	8	47176	0.000
5816.237	0.000	1689.431	9	47176	0.000
5289.795	0.000	1021.036	10	47176	0.000
4394.210	0.000	545.244	11	47176	0.000
6045.237	0.000	473.223	13	47176	0.000
5377.027	0.000	702.291	14	47176	0.000
5693.237	0.000	769.431	15	47176	0.000
6166.771	0.000	6538.476	17	47176	0.000
6652.237	0.000	5936.431	18	47176	0.000
6566.237	0.000	5390.431	19	47176	0.000
6338.237	0.000	4710.431	20	47176	0.000
6524.237	0.000	5153.431	21	47176	0.000
4825.028	0.000	3500.162	22	47176	0.000
6925.023	0.000	3629.775	25	47176	0.000
6257.990	0.000	3988.318	30	47176	0.000
6818.480	0.000	4238.788	31	47176	0.000
7681.332	0.000	3005.301	33	47176	0.000
8131.603	0.000	2786.004	44	47176	0.000
8152.074	0.000	4960.211	111	47176	0.000
4324.000	0.000	2472.669	3	14411	0.000
5376.473	0.000	1972.980	4	14412	0.000
5376.473	0.000	1972.980	5	14412	0.000
5231.397	0.000	1148.902	6	14412	0.000
4980.473	0.000	1683.980	8	14412	0.000
4872.712	0.000	2018.656	2	14413	0.000
4468.838	0.000	1643.837	3	14413	0.000
4930.428	0.000	2464.806	8	14413	0.000
4836.118	0.000	2352.848	11	14413	0.000
4033.612	0.000	2032.989	12	14413	0.000
7261.343	0.000	3410.246	2	14414	0.000
3927.740	0.000	1846.817	5	14414	0.000
4158.395	0.000	2614.485	6	14414	0.000
4604.000	0.000	3000.000	8	14414	0.000
5238.293	0.000	1283.958	10	14414	0.000
4304.771	0.000	2862.781	3	14415	0.000
3865.000	0.000	1624.000	4	14415	0.000
6509.000	0.000	2848.000	5	14415	0.000
6753.000	0.000	2636.000	1	14416	0.000
4443.000	0.000	3574.000	3	14416	0.000
7423.870	0.000	3537.904	6	14416	0.000
4294.000	0.000	1901.000	3	14417	0.000
4584.286	0.000	2729.477	4	14417	0.000
3933.473	0.000	2162.980	0	14418	0.000
4392.363	0.000	1516.756	5	14418	0.000
6995.225	0.000	3530.922	6	14418	0.000
3475.798	0.000	1052.560	7	14418	0.000
5158.465	0.000	1171.485	11	14418	0.000
3390.127	0.000	729.695	1	30803	0.000
2701.039	0.000	159.878	5	30803	0.000
5265.000	0.000	2340.000	6	30803	0.000
5173.578	0.000	1599.184	10	30803	0.000
4228.970	0.000	755.552	14	30803	0.000
6441.995	0.000	4307.127	16	30803	0.000
3514.521	0.000	137.025	13	47188	0.000
3246.420	0.000	206.777	14	47188	0.000
7322.190	0.000	3211.297	17	47188	0.000
7204.193	0.000	5871.337	100	47188	0.000
3745.000	0.000	2058.000	0	30805	0.000
5701.000	0.000	2107.000	3	30805	0.000
7080.237	0.000	2575.431	12	30805	0.000
7530.118	0.000	3461.581	13	30805	0.000
3997.088	0.000	563.273	16	30805	0.000
6735.483	0.000	3307.057	19	30805	0.000
6880.133	0.000	6709.350	5	47191	0.000
7903.851	0.000	5165.739	47	47191	0.000
6647.252	0.000	2930.581	2	47193	0.000
3900.160	0.000	651.252	14	47193	0.000
5157.049	0.000	403.632	16	47193	0.000
4660.963	0.000	1023.420	19	47193	0.000
6802.598	0.000	5809.266	20	47193	0.000
5245.417	0.000	535.744	21	47193	0.000
7108.829	0.000	3117.818	23	47193	0.000
7660.345	0.000	6474.387	25	47193	0.000
7480.507	0.000	531.763	35	47193	0.000
4197.773	0.000	435.193	5	47194	0.000
4799.790	0.000	801.045	6	47194	0.000
6669.540	0.000	4257.864	8	47194	0.000
7104.261	0.000	5453.711	9	47194	0.000
6619.503	0.000	6713.895	10	47194	0.000
7709.797	0.000	2869.035	11	47194	0.000
6972.383	0.000	5739.010	12	47194	0.000
7515.051	0.000	773.313	19	47194	0.000
8057.326	0.000	2694.712	21	47194	0.000
7217.794	0.000	4217.397	56	47194	0.000
6576.588	0.000	6744.790	1	47195	0.000
6744.211	0.000	6783.831	3	47196	0.000
7891.043	0.000	6513.639	2	47197	0.000
6803.398	0.000	6778.947	3	47197	0.000
7358.520	0.000	5158.377	47	47197	0.000
3670.892	0.000	1231.826	7	47230	0.000
4414.437	0.000	1162.039	9	47230	0.000
3605.714	0.000	73.965	16	47230	0.000
6202.954	0.000	614.958	18	47230	0.000
6202.954	0.000	1174.958	19	47230	0.000
5033.954	0.000	2936.958	20	47230	0.000
3712.954	0.000	1680.958	21	47230	0.000
4436.917	0.000	601.436	24	47230	0.000
5149.384	0.000	541.629	25	47230	0.000
5610.954	0.000	2019.958	28	47230	0.000
3945.996	0.000	513.994	29	47230	0.000
6631.954	0.000	5061.958	30	47230	0.000
6969.954	0.000	6675.958	31	47230	0.000
7573.966	0.000	1059.413	33	47230	0.000
5995.798	0.000	6492.174	34	47230	0.000
7870.583	0.000	6271.106	35	47230	0.000
8144.390	0.000	2642.136	36	47230	0.000
7529.234	0.000	3604.792	37	47230	0.000
7224.711	0.000	4316.949	125	47230	0.000
6060.728	0.000	1778.607	4	47231	0.000
3351.266	0.000	376.861	7	47231	0.000
5576.237	0.000	684.607	11	47231	0.000
6558.728	0.000	6233.607	12	47231	0.000
7109.223	0.000	4665.607	13	47231	0.000
6688.898	0.000	5283.906	18	47231	0.000
8132.120	0.000	6119.613	48	47231	0.000
5966.551	0.000	1855.831	16	47232	0.000
3392.551	0.000	1473.831	17	47232	0.000
3997.551	0.000	439.831	19	47232	0.000
4423.457	0.000	3960.117	22	47232	0.000
3488.568	0.000	757.590	26	47232	0.000
8079.401	0.000	1706.322	28	47232	0.000
6879.667	0.000	5676.418	29	47232	0.000
8155.314	0.000	240.400	64	47232	0.000
8155.314	0.000	4336.400	91	47232	0.000
8033.903	0.000	5154.330	93	47232	0.000
8144.698	0.000	6026.526	94	47232	0.000
6496.452	0.000	1484.422	5	47233	0.000
6436.452	0.000	1478.422	6	47233	0.000
5817.973	0.000	772.525	7	47233	0.000
5952.452	0.000	1022.422	12	47233	0.000
5938.452	0.000	896.422	13	47233	0.000
6698.452	0.000	5355.422	14	47233	0.000
4140.012	0.000	3624.608	15	47233	0.000
6034.262	0.000	1009.436	17	47233	0.000
6097.242	0.000	998.398	18	47233	0.000
7557.929	0.000	2397.321	20	47233	0.000
7060.035	0.000	3384.015	10	47234	0.000
6059.071	0.000	752.519	12	47234	0.000
6185.071	0.000	4132.519	15	47234	0.000
5682.071	0.000	6443.519	17	47234	0.000
7420.708	0.000	219.776	21	47234	0.000
6999.835	0.000	2174.291	26	47234	0.000
4109.064	0.000	653.868	2	47235	0.000
5257.462	0.000	1542.344	4	47235	0.000
5154.106	0.000	310.863	5	47235	0.000
4117.237	0.000	3183.431	6	47235	0.000
6433.924	0.000	4545.653	8	47235	0.000
7755.918	0.000	3651.701	10	47235	0.000
7505.505	0.000	6512.935	11	47235	0.000
3633.644	0.000	231.636	5	30852	0.000
3518.237	0.000	1603.431	6	30852	0.000
6232.237	0.000	1369.431	7	30852	0.000
3903.000	0.000	2404.000	8	30852	0.000
3931.582	0.000	1444.212	10	30852	0.000
4152.193	0.000	1889.675	11	30852	0.000
2697.232	0.000	81.666	13	30852	0.000
3083.193	0.000	1024.675	14	30852	0.000
5200.424	0.000	1483.402	15	30852	0.000
6729.250	0.000	3049.529	17	30852	0.000
7766.738	0.000	3829.215	18	30852	0.000
5160.000	0.000	2058.000	3	30853	0.000
7295.237	0.000	2444.431	4	30853	0.000
6594.237	0.000	4674.431	5	30853	0.000
4402.009	0.000	735.317	6	30853	0.000
2803.418	0.000	451.463	16	47239	0.000
6954.100	0.000	3705.629	17	47239	0.000
4011.419	0.000	2692.463	18	47239	0.000
4729.419	0.000	3702.463	19	47239	0.000
6375.418	0.000	720.463	20	47239	0.000
2764.217	0.000	871.746	24	47239	0.000
6351.418	0.000	1151.463	26	47239	0.000
4531.410	0.000	713.812	27	47239	0.000
6047.448	0.000	304.623	29	47239	0.000
3665.102	0.000	128.539	30	47239	0.000
6278.418	0.000	5122.463	31	47239	0.000
6064.418	0.000	3376.463	32	47239	0.000
5454.701	0.000	698.189	36	47239	0.000
4043.064	0.000	395.548	37	47239	0.000
6225.922	0.000	3864.890	39	47239	0.000
7535.854	0.000	856.958	40	47239	0.000
7642.919	0.000	3543.905	41	47239	0.000
6913.776	0.000	3115.698	50	47239	0.000
4449.904	0.000	2873.732	3	14473	0.000
4193.275	0.000	1656.154	2	14474	0.000
4901.274	0.000	1793.683	2	14475	0.000
4485.069	0.000	2477.039	1	14476	0.000
7269.206	0.000	3270.309	1	30862	0.000
5371.490	0.000	1244.116	3	14479	0.000
4416.656	0.000	2959.278	4	14479	0.000
7387.622	0.000	3343.785	2	30864	0.000
5061.530	0.000	2841.013	3	30864	0.000
4428.166	0.000	3101.702	4	30865	0.000
6709.969	122.792	2630.976	2	47257	0.000
6525.001	96.437	2825.201	3	47257	0.000
7389.770	122.388	3510.038	4	47257	0.000
7005.602	134.117	3509.083	5	47257	0.000
6709.731	70.318	3042.288	6	47257	0.000
7778.940	70.600	3810.345	7	47257	0.000
7596.482	0.000	54.017	7	30875	0.000
3616.532	0.000	998.635	8	30875	0.000
3611.237	0.000	1826.431	17	47261	0.000
5823.237	0.000	1984.431	18	47261	0.000
5875.237	0.000	1946.431	19	47261	0.000
6055.237	0.000	1185.431	24	47261	0.000
5590.447	0.000	1823.562	25	47261	0.000
6510.185	0.000	4224.487	28	47261	0.000
7122.195	0.000	5604.751	29	47261	0.000
8079.302	0.000	859.558	30	47261	0.000
6026.988	0.000	6318.237	31	47261	0.000
6981.165	0.000	6540.769	32	47261	0.000
7781.917	0.000	2963.143	33	47261	0.000
8129.448	0.000	1720.774	34	47261	0.000
8141.000	0.000	812.000	35	47261	0.000
7966.523	0.000	6256.335	36	47261	0.000
8151.000	0.000	116.000	89	47261	0.000
8141.000	0.000	4908.000	121	47261	0.000
8151.000	0.000	4212.000	122	47261	0.000
3623.430	70.961	220.585	0	47263	0.000
3853.579	54.512	177.095	0	47264	0.000
6610.485	51.951	2524.725	0	47265	0.000
5078.098	0.000	1524.722	8	30884	0.000
3576.797	0.000	1268.243	9	30884	0.000
7613.910	0.000	3698.673	10	30884	0.000
6031.776	0.000	538.439	0	47269	0.000
5175.649	0.000	2996.989	10	47269	0.000
5423.689	0.000	1119.294	11	47269	0.000
6839.648	0.000	3495.989	12	47269	0.000
5725.649	0.000	6186.989	13	47269	0.000
5926.343	0.000	5255.955	13	30886	0.000
5905.109	0.000	5309.351	14	30886	0.000
5876.168	0.000	5377.000	15	30886	0.000
5817.110	0.000	5513.000	16	30886	0.000
7812.456	0.000	1822.236	17	30886	0.000
7429.893	0.000	1524.740	18	30886	0.000
9189.737	0.000	3133.789	0	47115	0.000
10101.276	0.000	3133.626	1	47115	0.000
8450.564	0.000	1820.191	27	47115	0.000
8497.265	0.000	1203.482	28	47115	0.000
8623.514	0.000	6202.097	29	47115	0.000
10540.250	0.000	6195.237	36	47115	0.000
8762.636	0.000	3845.448	39	47115	0.000
10562.908	0.000	1888.524	48	47115	0.000
10707.956	0.000	2090.825	49	47115	0.000
9849.037	0.000	53.185	50	47115	0.000
15404.678	0.000	4153.542	57	47115	0.000
11321.299	0.000	5162.542	58	47115	0.000
10542.678	0.000	1079.542	59	47115	0.000
11223.813	0.000	3049.426	60	47115	0.000
9194.621	0.000	58.211	67	47115	0.000
10198.106	0.000	4889.756	68	47115	0.000
10198.106	0.000	793.756	70	47115	0.000
12205.678	0.000	2008.029	94	47115	0.000
9133.678	0.000	6104.029	95	47115	0.000
10284.678	0.000	5177.542	96	47115	0.000
13368.830	0.000	4968.051	113	47115	0.000
14295.813	0.000	5097.426	114	47115	0.000
12266.621	0.000	3130.211	119	47115	0.000
8227.677	0.000	3305.151	0	47116	0.000
8523.645	0.000	1451.636	19	47116	0.000
9179.951	0.000	1917.502	20	47116	0.000
8468.479	0.000	6586.380	21	47116	0.000
15275.585	0.000	5326.734	22	47116	0.000
9330.076	0.000	6180.177	28	47116	0.000
10212.887	0.000	1777.143	30	47116	0.000
10200.369	0.000	4137.701	31	47116	0.000
8387.120	0.000	4055.977	32	47116	0.000
10397.338	0.000	2303.023	40	47116	0.000
12248.112	0.000	5165.573	46	47116	0.000
11227.102	0.000	1555.050	47	47116	0.000
10293.359	0.000	1067.386	48	47116	0.000
11056.112	0.000	2109.573	49	47116	0.000
10845.583	0.000	2093.573	50	47116	0.000
12346.848	0.000	2170.346	78	47116	0.000
10298.848	0.000	4218.346	79	47116	0.000
10287.732	0.000	3824.744	80	47116	0.000
11321.813	0.000	1956.703	93	47116	0.000
8249.813	0.000	6052.703	94	47116	0.000
12251.112	0.000	3049.051	107	47116	0.000
11537.989	0.000	3036.573	108	47116	0.000
11306.119	0.000	2775.209	109	47116	0.000
15323.112	0.000	5097.051	110	47116	0.000
14609.989	0.000	5084.573	111	47116	0.000
14378.119	0.000	4823.209	112	47116	0.000
14128.112	0.000	4157.573	136	47116	0.000
13917.583	0.000	4141.573	137	47116	0.000
8821.710	0.000	3047.627	1	47117	0.000
11011.065	0.000	6376.131	4	47117	0.000
13857.487	0.000	5514.403	5	47117	0.000
11308.662	0.000	5235.533	10	47117	0.000
11892.516	0.000	6118.042	11	47117	0.000
9727.768	0.000	1060.382	14	47117	0.000
10751.768	0.000	3108.382	29	47117	0.000
11554.550	0.000	2026.327	34	47117	0.000
8482.550	0.000	6122.327	35	47117	0.000
12343.112	0.000	5097.573	43	47117	0.000
11452.543	0.000	5101.224	48	47117	0.000
9282.325	0.000	4168.514	3	14350	0.000
9285.270	0.000	4060.361	5	14354	0.000
8291.041	0.000	2721.587	9	30739	0.000
9290.240	0.000	4486.046	10	30739	0.000
9156.577	0.000	2183.444	11	30739	0.000
8863.813	0.000	3825.604	8	30741	0.000
9167.200	0.000	2337.671	6	30742	0.000
10214.430	0.000	2003.256	7	30742	0.000
9575.456	0.000	3853.201	11	30742	0.000
9173.073	0.000	2910.464	12	30742	0.000
9278.913	0.000	2022.493	13	30742	0.000
9528.872	0.000	3302.248	17	30742	0.000
9282.591	0.000	1764.247	22	30742	0.000
11219.186	0.000	2025.280	29	30742	0.000
11308.341	0.000	2116.114	40	30742	0.000
14380.341	0.000	4164.114	41	30742	0.000
13369.369	0.000	5071.751	51	30742	0.000
8684.920	0.000	4160.831	8	30743	0.000
9732.736	0.000	4061.485	9	30743	0.000
8802.929	0.000	3925.958	10	30743	0.000
10599.645	0.000	2599.058	12	30743	0.000
10210.587	0.000	79.036	13	30743	0.000
10476.226	0.000	70.038	14	30743	0.000
8622.699	0.000	2324.924	14	30745	0.000
9272.999	0.000	3292.441	30	30746	0.000
10309.325	0.000	1816.418	31	30746	0.000
9669.357	0.000	2121.369	33	30746	0.000
9422.582	0.000	4055.833	2	14363	0.000
8672.224	0.000	2510.663	13	47147	0.000
12570.436	0.000	5997.317	15	47147	0.000
15039.746	0.000	5489.790	16	47147	0.000
11925.186	0.000	6187.585	23	47147	0.000
15596.000	0.000	4147.000	35	47147	0.000
9114.779	0.000	988.012	51	47147	0.000
8748.516	0.000	1153.124	52	47147	0.000
10165.911	0.000	1443.003	53	47147	0.000
9332.523	0.000	3043.000	54	47147	0.000
9254.000	0.000	2896.665	55	47147	0.000
8274.715	0.000	5095.364	56	47147	0.000
12805.105	0.000	3048.604	61	47147	0.000
10757.105	0.000	5096.604	62	47147	0.000
11189.911	0.000	3491.003	74	47147	0.000
12404.523	0.000	4067.000	79	47147	0.000
12326.000	0.000	3920.665	80	47147	0.000
11306.639	0.000	1198.524	85	47147	0.000
8234.639	0.000	5294.524	86	47147	0.000
9811.000	0.000	6119.000	88	47147	0.000
11596.000	0.000	2099.000	94	47147	0.000
14668.000	0.000	4147.000	95	47147	0.000
10476.000	0.000	5171.000	97	47147	0.000
13356.516	0.000	4225.124	114	47147	0.000
12263.990	0.000	5091.662	119	47147	0.000
12186.779	0.000	4060.013	124	47147	0.000
8227.000	0.000	3422.000	0	47148	0.000
8538.321	0.000	1570.447	20	47148	0.000
9947.670	0.000	182.281	21	47148	0.000
11721.803	0.000	6180.787	28	47148	0.000
14376.975	0.000	5156.842	29	47148	0.000
15401.606	0.000	4381.267	44	47148	0.000
12018.000	0.000	6116.000	45	47148	0.000
9916.000	0.000	1062.000	51	47148	0.000
10940.000	0.000	3110.000	65	47148	0.000
10290.977	0.000	3717.461	66	47148	0.000
11538.000	0.000	1069.793	69	47148	0.000
8466.000	0.000	5165.793	70	47148	0.000
9582.000	0.000	6093.000	72	47148	0.000
10281.607	0.000	5405.267	74	47148	0.000
12328.000	0.000	4135.000	89	47148	0.000
13290.000	0.000	4401.000	90	47148	0.000
11643.336	0.000	4184.273	99	47148	0.000
12266.088	0.000	4358.511	100	47148	0.000
9266.270	0.000	3179.080	0	47149	0.000
10223.828	0.000	3244.834	1	47149	0.000
8428.560	0.000	2625.205	16	47149	0.000
11237.521	0.000	6259.158	24	47149	0.000
8554.384	0.000	1853.475	27	47149	0.000
8678.450	0.000	3850.098	28	47149	0.000
14167.464	0.000	3984.501	37	47149	0.000
15411.000	0.000	4300.000	38	47149	0.000
15531.979	0.000	5099.109	39	47149	0.000
15950.000	0.000	4126.000	40	47149	0.000
12149.538	0.000	5167.062	41	47149	0.000
11323.124	0.000	5603.627	42	47149	0.000
10788.508	0.000	1062.000	43	47149	0.000
10294.000	0.000	1502.000	44	47149	0.000
11224.428	0.000	2417.177	45	47149	0.000
9258.818	0.000	2699.432	59	47149	0.000
9573.268	0.000	5088.878	60	47149	0.000
9573.268	0.000	992.878	62	47149	0.000
10411.979	0.000	1003.109	63	47149	0.000
10830.000	0.000	30.000	64	47149	0.000
13275.894	0.000	2731.650	82	47149	0.000
11227.894	0.000	4779.650	83	47149	0.000
12330.818	0.000	3723.432	98	47149	0.000
11377.000	0.000	1074.000	102	47149	0.000
8305.000	0.000	5170.000	103	47149	0.000
9515.940	0.000	5176.135	105	47149	0.000
12235.211	0.000	2698.338	111	47149	0.000
15307.211	0.000	4746.338	112	47149	0.000
10291.000	0.000	5324.000	114	47149	0.000
10411.979	0.000	6123.109	115	47149	0.000
10830.000	0.000	5150.000	116	47149	0.000
13650.444	0.000	5102.667	153	47149	0.000
14296.428	0.000	4465.177	154	47149	0.000
13031.274	0.000	4138.595	158	47149	0.000
11320.000	0.000	4683.203	167	47149	0.000
12269.387	0.000	4524.568	168	47149	0.000
14976.544	0.000	5505.978	21	47150	0.000
9912.472	0.000	6179.982	28	47150	0.000
9183.689	0.000	2412.888	30	47150	0.000
10208.564	0.000	345.473	34	47150	0.000
11305.000	0.000	5942.000	35	47150	0.000
11306.885	0.000	5548.875	36	47150	0.000
9198.075	0.000	583.677	44	47150	0.000
9460.000	0.000	1066.000	45	47150	0.000
8238.879	0.000	4794.994	46	47150	0.000
10484.000	0.000	3114.000	68	47150	0.000
13252.369	0.000	3246.201	75	47150	0.000
9518.000	0.000	6096.000	78	47150	0.000
12270.075	0.000	3655.677	92	47150	0.000
9587.210	0.000	1979.202	0	30770	0.000
10195.891	0.000	2335.954	4	30770	0.000
9420.139	0.000	3819.156	4	30771	0.000
9818.461	0.000	2115.470	18	47156	0.000
8586.295	0.000	2410.582	30	47156	0.000
8362.532	0.000	1778.862	31	47156	0.000
8759.393	0.000	6526.797	32	47156	0.000
10003.724	0.000	3843.846	39	47156	0.000
10595.394	0.000	3046.336	48	47156	0.000
9948.079	0.000	65.355	49	47156	0.000
9670.578	0.000	3825.438	11	30773	0.000
10327.514	0.000	3015.619	14	30773	0.000
10322.973	0.000	216.682	15	30773	0.000
9138.737	0.000	4303.303	8	30774	0.000
9165.721	0.000	4192.044	8	14392	0.000
8435.235	0.000	1914.822	9	30785	0.000
13997.714	0.000	5682.849	2	47170	0.000
14297.822	0.000	5512.908	4	47170	0.000
9361.229	0.000	3112.960	5	47170	0.000
10056.649	0.000	6243.921	6	47170	0.000
14616.263	0.000	5507.291	7	47170	0.000
11712.396	0.000	6318.648	8	47170	0.000
13749.462	0.000	4080.473	28	47170	0.000
9517.173	0.000	3054.691	35	47170	0.000
8241.577	0.000	4747.300	36	47170	0.000
12589.173	0.000	4078.691	56	47170	0.000
11310.437	0.000	1259.918	60	47170	0.000
8238.437	0.000	5355.918	61	47170	0.000
12262.332	0.000	5018.021	70	47170	0.000
11308.432	0.000	3612.000	75	47170	0.000
14123.507	0.000	5685.971	2	47171	0.000
13985.493	0.000	5626.268	4	47171	0.000
8488.271	0.000	3113.147	5	47171	0.000
9522.311	0.000	6376.945	7	47171	0.000
14379.003	0.000	5514.284	8	47171	0.000
11637.339	0.000	6325.047	9	47171	0.000
13376.918	0.000	3606.955	22	47171	0.000
12065.425	0.000	5153.567	23	47171	0.000
11687.326	0.000	6127.256	24	47171	0.000
9185.521	0.000	4792.700	27	47171	0.000
8989.245	0.000	5101.536	28	47171	0.000
10288.312	0.000	3671.985	51	47171	0.000
11697.885	0.000	4134.785	70	47171	0.000
11575.167	0.000	4062.415	75	47171	0.000
13918.275	0.000	5693.209	1	47172	0.000
10823.460	0.000	6345.233	2	47172	0.000
16064.554	0.000	5068.973	3	47172	0.000
11488.505	0.000	6368.318	4	47172	0.000
13413.728	0.000	3765.898	11	47172	0.000
10880.338	0.000	1003.150	16	47172	0.000
11712.548	0.000	1060.059	40	47172	0.000
8640.548	0.000	5156.059	41	47172	0.000
12273.502	0.000	2911.688	46	47172	0.000
15345.502	0.000	4959.688	47	47172	0.000
10880.338	0.000	6123.150	49	47172	0.000
12440.778	0.000	4130.969	60	47172	0.000
12880.248	0.000	4128.370	61	47172	0.000
11342.868	0.000	3778.622	66	47172	0.000
14054.813	0.000	5674.522	1	47173	0.000
15014.139	0.000	5418.711	3	47173	0.000
9330.802	0.000	6425.374	4	47173	0.000
16024.121	0.000	5082.930	5	47173	0.000
11549.570	0.000	6364.110	6	47173	0.000
13532.728	0.000	4080.339	15	47173	0.000
15396.277	0.000	5036.777	16	47173	0.000
8957.644	0.000	49.149	19	47173	0.000
8499.927	0.000	5092.322	20	47173	0.000
8777.358	0.000	5101.536	21	47173	0.000
10276.277	0.000	940.777	24	47173	0.000
10276.277	0.000	6060.777	48	47173	0.000
13293.473	0.000	5096.460	60	47173	0.000
11314.417	0.000	4937.656	65	47173	0.000
12029.644	0.000	3121.149	70	47173	0.000
14025.550	0.000	5525.015	1	47174	0.000
15909.491	0.000	5105.421	3	47174	0.000
9452.960	0.000	3114.582	4	47174	0.000
9258.715	0.000	6454.778	5	47174	0.000
14674.632	0.000	5499.796	6	47174	0.000
11299.382	0.000	6373.881	7	47174	0.000
13478.531	0.000	4074.279	24	47174	0.000
8820.729	0.000	5097.411	30	47174	0.000
11587.812	0.000	3047.804	59	47174	0.000
14659.812	0.000	5095.804	60	47174	0.000
12980.956	0.000	5105.396	69	47174	0.000
12077.600	0.000	5096.965	74	47174	0.000
11299.307	0.000	3785.246	79	47174	0.000
10134.032	0.000	2003.156	9	30791	0.000
9176.647	0.000	2021.611	18	30791	0.000
8669.274	0.000	4034.031	19	30791	0.000
9167.686	0.000	2770.095	20	30791	0.000
9170.557	0.000	4470.124	21	30791	0.000
8426.123	0.000	4150.223	22	30791	0.000
10584.379	0.000	2107.740	29	30791	0.000
11221.117	0.000	1071.977	38	30791	0.000
9283.664	0.000	1066.578	41	30791	0.000
10307.664	0.000	3114.578	46	30791	0.000
8234.000	0.000	3142.000	0	47176	0.000
10200.279	0.000	2087.771	32	47176	0.000
9176.387	0.000	1809.260	34	47176	0.000
8567.880	0.000	6363.457	35	47176	0.000
10204.055	0.000	6183.689	42	47176	0.000
9275.037	0.000	4554.608	45	47176	0.000
10218.649	0.000	3576.642	46	47176	0.000
10581.838	0.000	2281.079	53	47176	0.000
13369.259	0.000	4069.593	57	47176	0.000
16345.795	0.000	4137.131	58	47176	0.000
11305.001	0.000	6103.260	59	47176	0.000
11224.074	0.000	1888.211	60	47176	0.000
9195.303	0.000	980.440	64	47176	0.000
9837.744	0.000	1063.685	65	47176	0.000
9282.000	0.000	274.000	66	47176	0.000
11225.795	0.000	41.131	67	47176	0.041
11147.387	0.000	1000.000	68	47176	0.000
13267.000	0.000	2331.000	81	47176	0.000
13200.889	0.000	3034.496	82	47176	0.000
11219.000	0.000	4379.000	83	47176	0.000
11152.889	0.000	5082.496	84	47176	0.000
10861.745	0.000	3111.685	90	47176	0.000
11225.795	0.000	5161.131	99	47176	0.000
11147.387	0.000	6120.000	100	47176	0.000
12341.899	0.000	4294.000	116	47176	0.000
11416.046	0.000	4051.711	121	47176	0.000
12267.303	0.000	4052.440	122	47176	0.000
10401.000	0.000	2171.000	0	14409	0.000
9404.477	0.000	4148.958	10	14412	0.000
9584.136	0.000	4061.044	19	14414	0.000
9157.500	0.000	4059.931	20	14414	0.000
9268.704	0.000	3686.372	22	14414	0.000
9704.113	0.000	4156.581	10	14415	0.000
9300.571	0.000	3948.120	11	14415	0.000
9300.943	0.000	4304.467	7	14416	0.000
9028.705	0.000	3937.155	8	14416	0.000
10314.898	0.000	62.911	9	14416	0.000
8968.620	0.000	4162.027	18	14418	0.000
9180.915	0.000	3699.655	21	14418	0.000
10209.756	0.000	1697.415	12	30803	0.000
9179.938	0.000	2672.761	18	30803	0.000
9265.172	0.000	2303.427	19	30803	0.000
10574.153	0.000	2515.832	27	30803	0.000
10121.446	0.000	3861.962	0	47188	0.000
8506.924	0.000	2593.678	16	47188	0.000
8554.636	0.000	6308.058	18	47188	0.000
10005.067	0.000	2011.498	25	47188	0.000
8227.777	0.000	3658.845	26	47188	0.000
12208.193	0.000	5464.963	37	47188	0.000
9198.193	0.000	722.268	48	47188	0.000
9084.879	0.000	1076.245	49	47188	0.000
9610.780	0.000	5087.431	50	47188	0.000
9610.780	0.000	991.431	52	47188	0.000
13267.193	0.000	2522.963	67	47188	0.000
12975.750	0.000	3039.585	68	47188	0.000
11219.193	0.000	4570.962	69	47188	0.000
10927.750	0.000	5087.585	70	47188	0.000
13250.193	0.000	3413.962	88	47188	0.000
10215.193	0.000	5937.963	91	47188	0.000
11517.193	0.000	2101.963	97	47188	0.000
14589.193	0.000	4149.962	98	47188	0.000
13692.879	0.000	4148.245	112	47188	0.000
13363.459	0.000	4833.978	113	47188	0.000
12329.193	0.000	4553.962	120	47188	0.000
13293.419	0.000	4491.940	121	47188	0.000
11921.719	0.000	5089.706	130	47188	0.000
12111.523	0.000	4147.761	131	47188	0.000
12270.193	0.000	3794.268	136	47188	0.000
9265.667	0.000	2107.187	1	30805	0.000
9171.693	0.000	3847.328	20	30805	0.000
8263.539	0.000	4152.023	21	30805	0.000
9961.000	0.000	4158.237	22	30805	0.000
9178.480	0.000	3408.023	27	30805	0.000
10563.967	0.000	2014.133	29	30805	0.000
10045.767	0.000	210.733	31	30805	0.000
12370.785	0.000	5164.099	1	47190	0.000
8476.838	0.000	6468.023	4	47190	0.000
15429.729	0.000	5097.554	9	47190	0.000
9194.961	0.000	173.153	13	47190	0.000
9161.319	0.000	4608.790	14	47190	0.000
9290.365	0.000	5094.326	15	47190	0.000
9290.365	0.000	998.326	18	47190	0.000
10309.729	0.000	1001.553	19	47190	0.000
12885.594	0.000	3141.720	36	47190	0.000
10309.729	0.000	6121.553	38	47190	0.000
12266.961	0.000	3245.153	45	47190	0.000
13103.492	0.000	5182.693	0	47191	0.000
8752.896	0.000	3053.069	2	47191	0.000
8438.781	0.000	6491.235	4	47191	0.000
9460.109	0.000	6357.402	6	47191	0.000
12860.206	0.000	5346.229	7	47191	0.000
8234.756	0.000	4880.622	13	47191	0.000
11475.438	0.000	2029.513	45	47191	0.000
8403.438	0.000	6125.513	46	47191	0.000
11311.782	0.000	4998.227	55	47191	0.000
12343.268	0.000	6069.668	0	47192	0.000
15497.377	0.000	4146.187	9	47192	0.000
8413.405	0.000	55.736	15	47192	0.000
12337.488	0.000	3320.244	18	47192	0.000
11755.999	0.000	3033.147	24	47192	0.000
14827.999	0.000	5081.147	25	47192	0.000
10377.377	0.000	5170.187	27	47192	0.000
11485.405	0.000	3127.736	34	47192	0.000
9268.361	0.000	3112.402	0	47193	0.000
9906.067	0.000	3115.214	1	47193	0.000
8463.379	0.000	2506.260	22	47193	0.000
12539.901	0.000	5827.338	26	47193	0.000
10631.826	0.000	6180.606	33	47193	0.000
15961.480	0.000	5103.946	34	47193	0.000
9644.325	0.000	2025.439	36	47193	0.000
8519.604	0.000	1371.912	37	47193	0.000
14217.361	0.000	3971.836	63	47193	0.000
13901.361	0.000	4067.836	64	47193	0.000
11451.659	0.000	5171.860	65	47193	0.000
10927.918	0.000	3054.389	66	47193	0.000
9022.361	0.000	1078.836	72	47193	0.000
9260.313	0.000	1284.809	73	47193	0.000
9178.431	0.000	4744.851	74	47193	0.000
9582.705	0.000	39.094	76	47193	0.000
12345.361	0.000	2929.836	103	47193	0.000
10297.361	0.000	4977.836	104	47193	0.000
10284.313	0.000	3332.809	118	47193	0.000
11236.767	0.000	3757.500	119	47193	0.000
9463.455	0.000	5164.836	125	47193	0.000
13999.918	0.000	5102.389	135	47193	0.000
13630.361	0.000	4150.836	136	47193	0.000
12961.361	0.000	4138.836	140	47193	0.000
12181.249	0.000	5100.125	145	47193	0.000
11296.494	0.000	6192.443	18	47194	0.000
13344.098	0.000	3987.100	25	47194	0.000
10289.794	0.000	1145.397	26	47194	0.000
9252.849	0.000	194.407	31	47194	0.000
12338.689	0.000	2815.410	35	47194	0.000
10290.689	0.000	4863.410	36	47194	0.000
11313.725	0.000	1060.382	52	47194	0.000
8241.725	0.000	5156.382	53	47194	0.000
9393.851	0.000	6421.796	2	47195	0.000
13934.130	0.000	5522.042	3	47195	0.000
11858.547	0.000	6122.981	13	47195	0.000
8609.824	0.000	5097.483	15	47195	0.000
10925.176	0.000	1003.246	17	47195	0.000
11751.302	0.000	1065.146	47	47195	0.000
8679.302	0.000	5161.146	48	47195	0.000
11871.488	0.000	3052.986	53	47195	0.000
14943.488	0.000	5100.986	54	47195	0.000
10925.176	0.000	6123.246	56	47195	0.000
13294.883	0.000	4972.829	64	47195	0.000
8454.204	0.000	3107.646	1	47196	0.000
10882.123	0.000	6345.332	4	47196	0.000
12809.399	0.000	5353.508	5	47196	0.000
11534.787	0.000	6123.112	15	47196	0.000
12273.405	0.000	2967.183	46	47196	0.000
15345.405	0.000	5015.183	47	47196	0.000
12404.463	0.000	4136.184	58	47196	0.000
12934.012	0.000	5106.383	59	47196	0.000
13296.345	0.000	4550.958	60	47196	0.000
11763.596	0.000	4133.371	65	47196	0.000
9528.819	0.000	3118.034	1	47197	0.000
11126.323	0.000	6384.530	4	47197	0.000
12709.038	0.000	5358.361	5	47197	0.000
8561.315	0.000	39.847	26	47197	0.000
9197.801	0.000	265.048	27	47197	0.000
13166.935	0.000	5102.355	57	47197	0.000
12326.137	0.000	5037.217	58	47197	0.000
12268.897	0.000	4850.372	63	47197	0.000
11633.315	0.000	3111.847	68	47197	0.000
12269.801	0.000	3337.048	69	47197	0.000
13402.390	0.000	3709.377	9	47198	0.000
10205.978	0.000	4797.055	10	47198	0.000
10205.978	0.000	701.055	12	47198	0.000
10981.323	0.000	926.858	7	47229	0.000
11215.992	0.000	3660.245	13	47229	0.000
12333.849	0.000	3153.950	16	47229	0.000
10981.323	0.000	6046.858	18	47229	0.000
10170.995	0.000	3135.906	0	47230	0.000
12346.444	0.000	5344.235	38	47230	0.000
9076.129	0.000	3435.654	45	47230	0.000
10572.834	0.000	2680.732	56	47230	0.000
10289.176	0.000	381.367	57	47230	0.000
16350.742	0.000	4469.032	62	47230	0.000
10296.711	0.000	1244.949	63	47230	0.000
11225.798	0.000	2766.882	64	47230	0.000
9286.563	0.000	1206.368	77	47230	0.000
11230.742	0.000	373.032	78	47230	0.000
12350.718	0.000	2605.763	87	47230	0.000
10302.718	0.000	4653.763	88	47230	0.000
10310.563	0.000	3254.368	101	47230	0.000
11758.650	0.000	2106.913	112	47230	0.000
11310.420	0.000	3015.563	113	47230	0.000
14830.650	0.000	4154.913	114	47230	0.000
14382.420	0.000	5063.563	115	47230	0.000
11230.742	0.000	5493.032	118	47230	0.000
14297.798	0.000	4814.882	131	47230	0.000
12259.543	0.000	4149.527	136	47230	0.000
11317.188	0.000	4056.184	139	47230	0.000
9295.810	0.000	1840.456	10	47231	0.000
8369.774	0.000	2683.008	19	47231	0.000
9448.520	0.000	2124.735	20	47231	0.000
8512.212	0.000	4023.041	27	47231	0.000
10055.691	0.000	73.626	33	47231	0.000
11233.491	0.000	954.176	38	47231	0.000
13283.007	0.000	3014.259	40	47231	0.000
11235.007	0.000	5062.259	41	47231	0.000
11233.491	0.000	6074.176	43	47231	0.000
9000.681	0.000	3136.400	0	47232	0.000
10221.314	0.000	3676.400	1	47232	0.000
8237.327	0.000	2601.378	27	47232	0.000
16228.550	0.000	5134.550	30	47232	0.000
9728.259	0.000	6175.266	36	47232	0.000
9586.458	0.000	2083.541	37	47232	0.000
9176.779	0.000	4546.446	38	47232	0.000
15411.314	0.000	4871.098	47	47232	0.000
11674.968	0.000	5166.400	48	47232	0.000
11227.314	0.000	1264.400	49	47232	0.000
11229.869	0.000	2254.513	50	47232	0.000
8247.758	0.000	30.825	55	47232	0.000
9066.629	0.000	981.346	56	47232	0.000
10291.314	0.000	775.098	57	47232	0.000
12739.314	0.000	3109.157	72	47232	0.000
9620.754	0.000	5185.638	75	47232	0.000
12254.314	0.000	2782.400	81	47232	0.000
15326.314	0.000	4830.400	82	47232	0.000
10291.314	0.000	5895.098	84	47232	0.000
14301.869	0.000	4302.513	105	47232	0.000
13217.395	0.000	5084.078	109	47232	0.000
11538.472	0.000	4168.517	118	47232	0.000
11321.314	0.000	4777.036	119	47232	0.000
11319.758	0.000	3102.825	130	47232	0.000
12138.629	0.000	4053.346	131	47232	0.000
9153.776	0.000	2572.984	10	47233	0.000
8962.055	0.000	3733.309	27	47233	0.000
9084.818	0.000	3733.309	28	47233	0.000
9605.479	0.000	1054.673	38	47233	0.000
11164.215	0.000	603.991	39	47233	0.000
11164.215	0.000	645.991	40	47233	0.000
12639.215	0.000	2996.991	51	47233	0.000
12515.215	0.000	2996.991	52	47233	0.000
10591.215	0.000	5044.991	53	47233	0.000
10467.215	0.000	5044.991	54	47233	0.000
10629.479	0.000	3102.673	60	47233	0.000
11346.556	0.000	2031.933	71	47233	0.000
8274.556	0.000	6127.932	72	47233	0.000
9685.762	0.000	5204.849	74	47233	0.000
12109.215	0.000	3049.991	80	47233	0.000
15181.215	0.000	5097.991	81	47233	0.000
11164.215	0.000	5723.991	83	47233	0.000
11164.215	0.000	5765.991	84	47233	0.000
13255.215	0.000	4205.991	99	47233	0.000
13212.394	0.000	4205.991	100	47233	0.000
8357.071	0.000	2277.519	8	47234	0.000
8351.414	0.000	6629.070	23	47234	0.000
12415.629	0.000	3292.437	37	47234	0.000
8298.776	0.000	2568.133	9	47235	0.000
15200.689	0.000	5176.505	12	47235	0.000
11228.450	0.000	2103.526	26	47235	0.000
9059.834	0.000	54.000	33	47235	0.000
10197.690	0.000	3031.472	34	47235	0.000
13268.441	0.000	2101.833	40	47235	0.000
11220.441	0.000	4149.833	41	47235	0.000
13269.690	0.000	4055.472	48	47235	0.000
14300.450	0.000	4151.525	54	47235	0.000
12131.834	0.000	3126.000	59	47235	0.000
8283.093	0.000	3836.645	19	30852	0.000
8970.753	0.000	4334.601	20	30852	0.000
9359.583	0.000	3421.956	26	30852	0.000
10312.797	0.000	2762.793	29	30852	0.000
10205.558	0.000	215.641	30	30852	0.000
8931.597	0.000	3038.111	32	30852	0.000
9183.486	0.000	3278.966	9	30853	0.000
13722.475	0.000	5510.099	0	47238	0.000
16356.973	0.000	4229.630	5	47238	0.000
9263.003	0.000	5014.256	7	47238	0.000
9263.003	0.000	918.256	9	47238	0.000
11236.973	0.000	133.630	10	47238	0.000
11236.973	0.000	5253.630	18	47238	0.000
9098.696	0.000	3122.033	0	47239	0.000
9274.344	0.000	1692.313	38	47239	0.000
15319.801	0.000	5165.618	42	47239	0.000
10203.151	0.000	4357.768	51	47239	0.000
8541.871	0.000	3852.486	52	47239	0.000
10288.566	0.000	1656.875	64	47239	0.000
8247.540	0.000	480.275	76	47239	0.000
9826.182	0.000	3040.033	77	47239	0.000
8427.182	0.000	5073.033	78	47239	0.000
12399.182	0.000	2535.033	83	47239	0.000
10351.182	0.000	4583.033	84	47239	0.000
11231.581	0.000	3826.299	91	47239	0.000
12898.182	0.000	4064.033	98	47239	0.000
11309.045	0.000	2244.033	104	47239	0.000
14381.045	0.000	4292.033	105	47239	0.000
11319.539	0.000	3552.275	109	47239	0.000
8579.621	0.000	6535.037	1	47240	0.000
8286.373	0.000	3560.386	3	47240	0.000
8820.380	0.000	1496.711	14	47240	0.000
12336.257	0.000	3445.678	17	47240	0.000
12582.960	0.000	3155.347	18	47240	0.000
13428.380	0.000	4568.711	25	47240	0.000
9168.203	134.440	3676.327	8	47257	0.000
9186.183	157.976	4170.272	9	47257	0.000
8855.938	66.651	4041.588	10	47257	0.000
9304.913	190.168	4050.992	11	47257	0.000
9149.434	0.000	3036.228	12	30875	0.000
9271.828	0.000	3541.225	13	30875	0.000
8891.133	0.000	4057.572	14	30875	0.000
9509.726	0.000	3713.420	15	30875	0.000
8251.277	0.000	188.887	6	47260	0.000
9261.713	0.000	2779.406	7	47260	0.000
9719.045	0.000	5058.148	8	47260	0.000
9719.045	0.000	962.148	10	47260	0.000
13271.967	0.000	2815.531	13	47260	0.000
11223.967	0.000	4863.531	14	47260	0.000
12333.713	0.000	3803.406	20	47260	0.000
11324.430	0.000	5083.533	26	47260	0.000
11323.277	0.000	3260.887	29	47260	0.000
8700.865	0.000	6203.850	37	47261	0.000
13608.018	0.000	5182.519	38	47261	0.000
15744.506	0.000	5184.452	39	47261	0.000
10197.091	0.000	1618.410	46	47261	0.000
11213.000	0.000	1836.000	60	47261	0.000
11223.000	0.000	1140.000	61	47261	0.000
11223.000	0.000	2949.239	62	47261	0.000
8768.856	0.000	1065.094	74	47261	0.000
9407.322	0.000	3031.007	75	47261	0.000
8255.885	0.000	4985.177	76	47261	0.000
9888.904	0.000	5079.762	77	47261	0.000
9888.904	0.000	983.761	80	47261	0.000
12351.562	0.000	2329.547	92	47261	0.000
10303.562	0.000	4377.547	93	47261	0.000
12479.322	0.000	4055.007	105	47261	0.000
10208.000	0.000	5850.000	108	47261	0.000
12249.496	0.000	2517.665	114	47261	0.000
15321.496	0.000	4565.665	115	47261	0.000
14295.000	0.000	4997.239	133	47261	0.000
13376.856	0.000	4137.094	134	47261	0.000
12268.225	0.000	4613.721	139	47261	0.000
11302.000	0.000	3890.717	144	47261	0.000
8267.138	70.961	3836.386	0	47266	0.000
8246.999	0.000	2330.914	15	47269	0.000
