Picked up JAVA_TOOL_OPTIONS: -Duser.home=/tmp/ac6-ghidra-home-corrected
Picked up JAVA_TOOL_OPTIONS: -Duser.home=/tmp/ac6-ghidra-home-corrected
Picked up JAVA_TOOL_OPTIONS: -Duser.home=/tmp/ac6-ghidra-home-corrected
Picked up JAVA_TOOL_OPTIONS: -Duser.home=/tmp/ac6-ghidra-home-corrected
openjdk version "21.0.11" 2026-04-21
OpenJDK Runtime Environment (build 21.0.11+10-1-26.04.2-Ubuntu)
OpenJDK 64-Bit Server VM (build 21.0.11+10-1-26.04.2-Ubuntu, mixed mode)
INFO  Using log config file: jar:file:/fastdata/lavaulta/auto-re-agent/.tools/ghidra_12.1.2_PUBLIC/Ghidra/Framework/Generic/lib/Generic.jar!/generic.log4j.xml (LoggingInitialization)  
INFO  Using log file: /tmp/ac6-ghidra-home-corrected/.config/ghidra/ghidra_12.1.2_PUBLIC/application.log (LoggingInitialization)  
INFO  Loading user preferences: /tmp/ac6-ghidra-home-corrected/.config/ghidra/ghidra_12.1.2_PUBLIC/preferences (Preferences)  
INFO  Searching for classes... (ClassSearcher)  
INFO  Ignoring class 'xexloaderwv.XEXLoaderWVLoader' from '/fastdata/lavaulta/auto-re-agent/.tools/ghidra_12.1.2_PUBLIC/Ghidra/Extensions/XEXLoaderWV/lib/XEXLoaderWV.jar'. Already found at '/fastdata/lavaulta/auto-re-agent/.tools/ghidra_12.1.2_PUBLIC/Ghidra/patch/XEXLoaderWV-java21.jar'. (ClassSearcher)  
INFO  Class search complete (1604 ms) (ClassSearcher)  
INFO  Initializing SSL Context (DefaultSSLContextInitializer)  
INFO  Initializing Random Number Generator... (SecureRandomFactory)  
INFO  Random Number Generator initialization complete: NativePRNGNonBlocking (SecureRandomFactory)  
INFO  Trust manager disabled, cacerts have not been set (DefaultTrustManagerFactory)  
INFO  Headless startup complete (3208 ms) (AnalyzeHeadless)  
INFO  Class searcher loaded 59 extension points (20 false positives) (ClassSearcher)  
INFO  HEADLESS Script Paths:
    /fastdata/lavaulta/auto-re-agent/.tools/ghidra_12.1.2_PUBLIC/Ghidra/Features/MicrosoftCodeAnalyzer/ghidra_scripts
    /fastdata/lavaulta/auto-re-agent/.tools/ghidra_12.1.2_PUBLIC/Ghidra/Features/PDB/ghidra_scripts
    /fastdata/lavaulta/auto-re-agent/.tools/ghidra_12.1.2_PUBLIC/Ghidra/Processors/8051/ghidra_scripts
    /fastdata/lavaulta/auto-re-agent/.tools/ghidra_12.1.2_PUBLIC/Ghidra/Features/Base/ghidra_scripts
    /fastdata/lavaulta/auto-re-agent/.tools/ghidra_12.1.2_PUBLIC/Ghidra/Features/FileFormats/ghidra_scripts
    /fastdata/lavaulta/auto-re-agent/.tools/ghidra_12.1.2_PUBLIC/Ghidra/Features/GnuDemangler/ghidra_scripts
    /fastdata/lavaulta/auto-re-agent/.tools/ghidra_12.1.2_PUBLIC/Ghidra/Extensions/ghidra-emotionengine-reloaded/ghidra_scripts
    /fastdata/lavaulta/auto-re-agent/.tools/ghidra_12.1.2_PUBLIC/Ghidra/Features/Decompiler/ghidra_scripts
    /fastdata/lavaulta/auto-re-agent/.tools/ghidra_12.1.2_PUBLIC/Ghidra/Features/FunctionID/ghidra_scripts
    /fastdata/lavaulta/auto-re-agent/.tools/ghidra_12.1.2_PUBLIC/Ghidra/Features/DecompilerDependent/ghidra_scripts
    /fastdata/lavaulta/auto-re-agent/.tools/ghidra_12.1.2_PUBLIC/Ghidra/Processors/DATA/ghidra_scripts
    /fastdata/lavaulta/auto-re-agent/.tools/ghidra_12.1.2_PUBLIC/Ghidra/Debug/Debugger-rmi-trace/ghidra_scripts
    /fastdata/lavaulta/auto-re-agent/.tools/ghidra_12.1.2_PUBLIC/Ghidra/Features/SwiftDemangler/ghidra_scripts
    /fastdata/lavaulta/auto-re-agent/.tools/ghidra_12.1.2_PUBLIC/Ghidra/Debug/Debugger/ghidra_scripts
    /fastdata/lavaulta/auto-re-agent/.tools/ghidra_12.1.2_PUBLIC/Ghidra/Processors/PIC/ghidra_scripts
    /fastdata/lavaulta/auto-re-agent/.tools/ghidra_12.1.2_PUBLIC/Ghidra/Extensions/XEXLoaderWV/ghidra_scripts
    /fastdata/lavaulta/auto-re-agent/.tools/ghidra_12.1.2_PUBLIC/Ghidra/Features/WildcardAssembler/ghidra_scripts
    /fastdata/lavaulta/auto-re-agent/.tools/ghidra_12.1.2_PUBLIC/Ghidra/Features/PyGhidra/ghidra_scripts
    /fastdata/lavaulta/auto-re-agent/.tools/ghidra_12.1.2_PUBLIC/Ghidra/Features/BSim/ghidra_scripts
    /fastdata/lavaulta/auto-re-agent/.tools/ghidra_12.1.2_PUBLIC/Ghidra/Features/VersionTracking/ghidra_scripts
    /fastdata/lavaulta/auto-re-agent/.tools/ghidra_12.1.2_PUBLIC/Ghidra/Features/BytePatterns/ghidra_scripts
    /fastdata/lavaulta/auto-re-agent/.tools/ghidra_12.1.2_PUBLIC/Ghidra/Processors/Atmel/ghidra_scripts
    /fastdata/lavaulta/auto-re-agent/.tools/ghidra_12.1.2_PUBLIC/Ghidra/Features/SystemEmulation/ghidra_scripts
    /fastdata/lavaulta/auto-re-agent/.tools/ghidra_12.1.2_PUBLIC/Ghidra/Processors/JVM/ghidra_scripts (HeadlessAnalyzer)  
INFO  HEADLESS: execution starts (HeadlessAnalyzer)  
INFO  Opening existing project: /fastdata/lavaulta/auto-re-agent/workspaces/ace-combat-6/ghidra-projects/ace-combat-6-corrected (HeadlessAnalyzer)  
INFO  Opening project: /fastdata/lavaulta/auto-re-agent/workspaces/ace-combat-6/ghidra-projects/ace-combat-6-corrected (HeadlessProject)  
INFO  REPORT: Processing project file: /default.xex (HeadlessAnalyzer)  
INFO  ANALYZING all memory and code: /default.xex (HeadlessAnalyzer)  
ERROR Invalid PNG data at 8201fdcc (PngDataType)  
ERROR Invalid PNG data at 8203d4b0 (PngDataType)  
WARN  Decompiling 8215db50: Unable to read bytes at ram:419a0400 (DecompileCallback)  
WARN  Decompiling 8215db50, pcode error at 2f0b0001: Invalid instruction address (improperly aligned) (DecompileCallback)  
WARN  Decompiling 8215db50: Unable to read bytes at ram:419a0400 (DecompileCallback)  
WARN  Decompiling 8215db50, pcode error at 2f0b0001: Invalid instruction address (improperly aligned) (DecompileCallback)  
WARN  Decompiling 8215db50: Unable to read bytes at ram:419a0400 (DecompileCallback)  
WARN  Decompiling 8214ec48: Unable to read bytes at ram:817e0000 (DecompileCallback)  
WARN  Decompiling 8214ec48, pcode error at 419a0118: Could not follow disassembly flow into non-existing memory at 419a0118 (DecompileCallback)  
WARN  Decompiling 8214ec48: Unable to read bytes at ram:817e0000 (DecompileCallback)  
WARN  Decompiling 8214ec48, pcode error at 419a0118: Could not follow disassembly flow into non-existing memory at 419a0118 (DecompileCallback)  
WARN  Decompiling 8214ec48: Unable to read bytes at ram:817e0000 (DecompileCallback)  
WARN  Decompiling 822186b8: Unable to read bytes at ram:419a003c (DecompileCallback)  
WARN  Decompiling 822186b8, pcode error at 2b080000: Could not follow disassembly flow into non-existing memory at 2b080000 (DecompileCallback)  
WARN  Decompiling 822186b8: Unable to read bytes at ram:419a003c (DecompileCallback)  
WARN  Decompiling 822186b8, pcode error at 2b080000: Could not follow disassembly flow into non-existing memory at 2b080000 (DecompileCallback)  
WARN  Decompiling 822186b8: Unable to read bytes at ram:419a003c (DecompileCallback)  
WARN  Decompiling 821b5828: Unable to read bytes at ram:8181fff8 (DecompileCallback)  
WARN  Decompiling 821b5828, pcode error at 38210060: Could not follow disassembly flow into non-existing memory at 38210060 (DecompileCallback)  
WARN  Decompiling 821b5828: Unable to read bytes at ram:8181fff8 (DecompileCallback)  
WARN  Decompiling 821b5828, pcode error at 38210060: Could not follow disassembly flow into non-existing memory at 38210060 (DecompileCallback)  
WARN  Decompiling 821b5828: Unable to read bytes at ram:8181fff8 (DecompileCallback)  
WARN  Decompiling 82362ec8, pcode error at 8235915c: Unable to resolve constructor at 8235915c (DecompileCallback)  
WARN  Decompiling 82362ec8, pcode error at 8235914c: Unable to resolve constructor at 8235914c (DecompileCallback)  
WARN  Decompiling 822c6468, pcode error at 822c64d8: Unable to resolve constructor at 822c64d8 (DecompileCallback)  
WARN  Decompiling 822c6468, pcode error at 822c660c: Unable to resolve constructor at 822c660c (DecompileCallback)  
WARN  Decompiling 82150ea0: Unable to read bytes at ram:7f84e378 (DecompileCallback)  
WARN  Decompiling 82150ea0, pcode error at 4198fea0: Could not follow disassembly flow into non-existing memory at 4198fea0 (DecompileCallback)  
WARN  Decompiling 82218508: Unable to read bytes at ram:116b508c (DecompileCallback)  
WARN  Decompiling 822c6468: Unable to read bytes at ram:14006890 (DecompileCallback)  
WARN  Decompiling 82218508, pcode error at 118c188c: Could not follow disassembly flow into non-existing memory at 118c188c (DecompileCallback)  
WARN  Decompiling 822c6468: Unable to read bytes at ram:9421ff70 (DecompileCallback)  
WARN  Decompiling 822c6468, pcode error at 11ac636e: Could not follow disassembly flow into non-existing memory at 11ac636e (DecompileCallback)  
WARN  Decompiling 822c6468, pcode error at 480c3711: Invalid instruction address (improperly aligned) (DecompileCallback)  
WARN  Decompiling 82218508: Unable to read bytes at ram:116b508c (DecompileCallback)  
WARN  Decompiling 82218508, pcode error at 118c188c: Could not follow disassembly flow into non-existing memory at 118c188c (DecompileCallback)  
WARN  Decompiling 82218508: Unable to read bytes at ram:116b508c (DecompileCallback)  
WARN  Decompiling 822e7e68: Unable to read bytes at ram:38a00076 (DecompileCallback)  
WARN  Decompiling 82150ea0: Unable to read bytes at ram:7f84e378 (DecompileCallback)  
WARN  Decompiling 822e7e68, pcode error at 7ca62b78: Could not follow disassembly flow into non-existing memory at 7ca62b78 (DecompileCallback)  
WARN  Decompiling 82150ea0, pcode error at 4198fea0: Could not follow disassembly flow into non-existing memory at 4198fea0 (DecompileCallback)  
WARN  Decompiling 822c6468, pcode error at 822c64d8: Unable to resolve constructor at 822c64d8 (DecompileCallback)  
WARN  Decompiling 82150ea0: Unable to read bytes at ram:7f84e378 (DecompileCallback)  
WARN  Decompiling 822c6468, pcode error at 822c660c: Unable to resolve constructor at 822c660c (DecompileCallback)  
WARN  Decompiling 822ae220: Unable to read bytes at ram:2b0b0000 (DecompileCallback)  
WARN  Decompiling 822ae220, pcode error at 556b063e: Could not follow disassembly flow into non-existing memory at 556b063e (DecompileCallback)  
WARN  Decompiling 822ae220, pcode error at 556beffe: Could not follow disassembly flow into non-existing memory at 556beffe (DecompileCallback)  
WARN  Decompiling 822e7e68: Unable to read bytes at ram:38a00076 (DecompileCallback)  
WARN  Decompiling 822e7e68, pcode error at 7ca62b78: Could not follow disassembly flow into non-existing memory at 7ca62b78 (DecompileCallback)  
WARN  Decompiling 82137ea8, pcode error at 82138238: Unable to resolve constructor at 82138238 (DecompileCallback)  
WARN  Decompiling 822c6468: Unable to read bytes at ram:14006890 (DecompileCallback)  
WARN  Decompiling 822c6468: Unable to read bytes at ram:9421ff70 (DecompileCallback)  
WARN  Decompiling 822c6468, pcode error at 11ac636e: Could not follow disassembly flow into non-existing memory at 11ac636e (DecompileCallback)  
WARN  Decompiling 822c6468, pcode error at 480c3711: Invalid instruction address (improperly aligned) (DecompileCallback)  
WARN  Decompiling 822e7e68: Unable to read bytes at ram:38a00076 (DecompileCallback)  
WARN  Decompiling 822c6468: Unable to read bytes at ram:14006890 (DecompileCallback)  
WARN  Decompiling 822c6468: Unable to read bytes at ram:9421ff70 (DecompileCallback)  
WARN  Decompiling 8226a018: Unable to read bytes at ram:3d40823f (DecompileCallback)  
WARN  Decompiling 8226a018, pcode error at fc1cf828: Could not follow disassembly flow into non-existing memory at fc1cf828 (DecompileCallback)  
WARN  Decompiling 82137ea8, pcode error at 82138508: Unable to resolve constructor at 82138508 (DecompileCallback)  
WARN  Decompiling 821ca908: Unable to read bytes at ram:4bfffef0 (DecompileCallback)  
WARN  Decompiling 821b59c0: Unable to read bytes at ram:7c8a582e (DecompileCallback)  
WARN  Decompiling 821ca908, pcode error at 935f002c: Could not follow disassembly flow into non-existing memory at 935f002c (DecompileCallback)  
WARN  Decompiling 821b59c0, pcode error at 554a103a: Could not follow disassembly flow into non-existing memory at 554a103a (DecompileCallback)  
WARN  Decompiling 822ebd10: Unable to read bytes at ram:7d284a14 (DecompileCallback)  
WARN  Decompiling 822ebd10, pcode error at 5509083c: Could not follow disassembly flow into non-existing memory at 5509083c (DecompileCallback)  
WARN  Decompiling 821ca908: Unable to read bytes at ram:4bfffef0 (DecompileCallback)  
WARN  Decompiling 821ca908, pcode error at 935f002c: Could not follow disassembly flow into non-existing memory at 935f002c (DecompileCallback)  
WARN  Decompiling 821ca908: Unable to read bytes at ram:4bfffef0 (DecompileCallback)  
WARN  Decompiling 82137ea8: Unable to read bytes at ram:edab682a (DecompileCallback)  
WARN  Decompiling 82137ea8: Unable to read bytes at ram:7f1e1800 (DecompileCallback)  
WARN  Decompiling 82137ea8, pcode error at c1610060: Could not follow disassembly flow into non-existing memory at c1610060 (DecompileCallback)  
WARN  Decompiling 82137ea8, pcode error at 4809fb69: Invalid instruction address (improperly aligned) (DecompileCallback)  
WARN  Decompiling 8226a018: Unable to read bytes at ram:3d40823f (DecompileCallback)  
WARN  Decompiling 8226a018, pcode error at fc1cf828: Could not follow disassembly flow into non-existing memory at fc1cf828 (DecompileCallback)  
WARN  Decompiling 8222c180: Unable to read bytes at ram:7c6b1b78 (DecompileCallback)  
WARN  Decompiling 8222c180, pcode error at 4e800020: Could not follow disassembly flow into non-existing memory at 4e800020 (DecompileCallback)  
WARN  Decompiling 821bac68: Unable to read bytes at ram:38210080 (DecompileCallback)  
WARN  Decompiling 821bac68, pcode error at 4200fff8: Could not follow disassembly flow into non-existing memory at 4200fff8 (DecompileCallback)  
WARN  Decompiling 821b59c0: Unable to read bytes at ram:7c8a582e (DecompileCallback)  
WARN  Decompiling 821b59c0, pcode error at 554a103a: Could not follow disassembly flow into non-existing memory at 554a103a (DecompileCallback)  
WARN  Decompiling 8226a018: Unable to read bytes at ram:3d40823f (DecompileCallback)  
WARN  Decompiling 822ebd10: Unable to read bytes at ram:7d284a14 (DecompileCallback)  
WARN  Decompiling 822ebd10, pcode error at 5509083c: Could not follow disassembly flow into non-existing memory at 5509083c (DecompileCallback)  
WARN  Decompiling 821b59c0: Unable to read bytes at ram:7c8a582e (DecompileCallback)  
WARN  Decompiling 822ebd10: Unable to read bytes at ram:7d284a14 (DecompileCallback)  
WARN  Decompiling 821bac68: Unable to read bytes at ram:38210080 (DecompileCallback)  
WARN  Decompiling 821bac68, pcode error at 4200fff8: Could not follow disassembly flow into non-existing memory at 4200fff8 (DecompileCallback)  
WARN  Decompiling 822b7720: Unable to read bytes at ram:9421ff90 (DecompileCallback)  
WARN  Decompiling 822b7720, pcode error at 480d2439: Invalid instruction address (improperly aligned) (DecompileCallback)  
WARN  Decompiling 82161278: Unable to read bytes at ram:386b6db8 (DecompileCallback)  
WARN  Decompiling 821bac68: Unable to read bytes at ram:38210080 (DecompileCallback)  
WARN  Decompiling 82161278, pcode error at 39400001: Invalid instruction address (improperly aligned) (DecompileCallback)  
WARN  Decompiling 82137ea8, pcode error at 82138238: Unable to resolve constructor at 82138238 (DecompileCallback)  
WARN  Decompiling 82137ea8, pcode error at 82138508: Unable to resolve constructor at 82138508 (DecompileCallback)  
WARN  Decompiling 822f9300, pcode error at 822f9688: Unable to resolve constructor at 822f9688 (DecompileCallback)  
WARN  Decompiling 822f9300: Unable to read bytes at ram:39600001 (DecompileCallback)  
WARN  Decompiling 822f9300, pcode error at 7c7e1b78: Could not follow disassembly flow into non-existing memory at 7c7e1b78 (DecompileCallback)  
WARN  Decompiling 82137ea8: Unable to read bytes at ram:edab682a (DecompileCallback)  
WARN  Decompiling 82137ea8: Unable to read bytes at ram:7f1e1800 (DecompileCallback)  
WARN  Decompiling 82137ea8, pcode error at c1610060: Could not follow disassembly flow into non-existing memory at c1610060 (DecompileCallback)  
WARN  Decompiling 82137ea8, pcode error at 4809fb69: Invalid instruction address (improperly aligned) (DecompileCallback)  
WARN  Decompiling 822f9300, pcode error at 822f9688: Unable to resolve constructor at 822f9688 (DecompileCallback)  
WARN  Decompiling 821be170: Unable to read bytes at ram:4bf9abcd (DecompileCallback)  
WARN  Decompiling 821be170, pcode error at 7fe3fb78: Could not follow disassembly flow into non-existing memory at 7fe3fb78 (DecompileCallback)  
WARN  Decompiling 82328210: Unable to read bytes at ram:40990040 (DecompileCallback)  
WARN  Decompiling 82328210, pcode error at 2f1d0000: Could not follow disassembly flow into non-existing memory at 2f1d0000 (DecompileCallback)  
WARN  Decompiling 822f9300: Unable to read bytes at ram:39600001 (DecompileCallback)  
WARN  Decompiling 822f9300, pcode error at 7c7e1b78: Could not follow disassembly flow into non-existing memory at 7c7e1b78 (DecompileCallback)  
WARN  Decompiling 82161278: Unable to read bytes at ram:386b6db8 (DecompileCallback)  
WARN  Decompiling 82161278, pcode error at 39400001: Invalid instruction address (improperly aligned) (DecompileCallback)  
WARN  Decompiling 822f9300: Unable to read bytes at ram:39600001 (DecompileCallback)  
WARN  Decompiling 8222c180: Unable to read bytes at ram:7c6b1b78 (DecompileCallback)  
WARN  Decompiling 82328210: Unable to read bytes at ram:40990040 (DecompileCallback)  
WARN  Decompiling 8222c180, pcode error at 4e800020: Could not follow disassembly flow into non-existing memory at 4e800020 (DecompileCallback)  
WARN  Decompiling 82328210, pcode error at 2f1d0000: Could not follow disassembly flow into non-existing memory at 2f1d0000 (DecompileCallback)  
WARN  Decompiling 82328210: Unable to read bytes at ram:40990040 (DecompileCallback)  
WARN  Decompiling 821be170: Unable to read bytes at ram:4bf9abcd (DecompileCallback)  
WARN  Decompiling 821be170, pcode error at 7fe3fb78: Could not follow disassembly flow into non-existing memory at 7fe3fb78 (DecompileCallback)  
WARN  Decompiling 82161278: Unable to read bytes at ram:386b6db8 (DecompileCallback)  
WARN  Decompiling 82137ea8: Unable to read bytes at ram:edab682a (DecompileCallback)  
WARN  Decompiling 82137ea8: Unable to read bytes at ram:7f1e1800 (DecompileCallback)  
WARN  Decompiling 822b7720: Unable to read bytes at ram:9421ff90 (DecompileCallback)  
WARN  Decompiling 822b7720, pcode error at 480d2439: Invalid instruction address (improperly aligned) (DecompileCallback)  
WARN  Decompiling 821be170: Unable to read bytes at ram:4bf9abcd (DecompileCallback)  
WARN  Decompiling 821b5740: Unable to read bytes at ram:396ba1cc (DecompileCallback)  
WARN  Decompiling 821b5740, pcode error at 3d208206: Could not follow disassembly flow into non-existing memory at 3d208206 (DecompileCallback)  
WARN  Decompiling 8222c180: Unable to read bytes at ram:7c6b1b78 (DecompileCallback)  
WARN  Decompiling 822b7720: Unable to read bytes at ram:9421ff90 (DecompileCallback)  
WARN  Decompiling 823e5e78: Unable to read bytes at ram:90c8000c (DecompileCallback)  
WARN  Decompiling 823e5e78: Unable to read bytes at ram:7d09f214 (DecompileCallback)  
WARN  Decompiling 823e5e78, pcode error at 90670008: Could not follow disassembly flow into non-existing memory at 90670008 (DecompileCallback)  
WARN  Decompiling 821b5740: Unable to read bytes at ram:396ba1cc (DecompileCallback)  
WARN  Decompiling 823e5e78, pcode error at 9148000c: Could not follow disassembly flow into non-existing memory at 9148000c (DecompileCallback)  
WARN  Decompiling 821b5740, pcode error at 3d208206: Could not follow disassembly flow into non-existing memory at 3d208206 (DecompileCallback)  
WARN  Decompiling 821b5740: Unable to read bytes at ram:396ba1cc (DecompileCallback)  
WARN  Decompiling 82166778: Unable to read bytes at ram:3bff00f8 (DecompileCallback)  
WARN  Decompiling 82166778, pcode error at 3bde0001: Invalid instruction address (improperly aligned) (DecompileCallback)  
WARN  Decompiling 823e6658: Unable to read bytes at ram:8aa80007 (DecompileCallback)  
WARN  Decompiling 823e6658, pcode error at 8ac80006: Could not follow disassembly flow into non-existing memory at 8ac80006 (DecompileCallback)  
WARN  Decompiling 8226ecb0: Unable to read bytes at ram:817e4eb4 (DecompileCallback)  
WARN  Decompiling 8216b4f8: Unable to read bytes at ram:7d6903a6 (DecompileCallback)  
WARN  Decompiling 82166778: Unable to read bytes at ram:3bff00f8 (DecompileCallback)  
WARN  Decompiling 82166778, pcode error at 3bde0001: Invalid instruction address (improperly aligned) (DecompileCallback)  
WARN  Decompiling 8216b4f8, pcode error at 816b0014: Could not follow disassembly flow into non-existing memory at 816b0014 (DecompileCallback)  
WARN  Decompiling 8226ecb0, pcode error at 3fc0826e: Could not follow disassembly flow into non-existing memory at 3fc0826e (DecompileCallback)  
WARN  Decompiling 82166778: Unable to read bytes at ram:3bff00f8 (DecompileCallback)  
WARN  Decompiling 8216b4f8: Unable to read bytes at ram:7d6903a6 (DecompileCallback)  
WARN  Decompiling 8216b4f8, pcode error at 816b0014: Could not follow disassembly flow into non-existing memory at 816b0014 (DecompileCallback)  
WARN  Decompiling 8216b4f8: Unable to read bytes at ram:7d6903a6 (DecompileCallback)  
WARN  Decompiling 823e6658: Unable to read bytes at ram:8aa80007 (DecompileCallback)  
WARN  Decompiling 823e6658, pcode error at 8ac80006: Could not follow disassembly flow into non-existing memory at 8ac80006 (DecompileCallback)  
WARN  Decompiling 8211d3d8: Unable to read bytes at ram:38800007 (DecompileCallback)  
WARN  Decompiling 823e1ec0: Unable to read bytes at ram:39000005 (DecompileCallback)  
WARN  Decompiling 823e1ec0, pcode error at 98c10089: Invalid instruction address (improperly aligned) (DecompileCallback)  
WARN  Decompiling 823e6658: Unable to read bytes at ram:8aa80007 (DecompileCallback)  
WARN  Decompiling 8215f7c0: Unable to read bytes at ram:80ff0034 (DecompileCallback)  
WARN  Decompiling 8215f7c0, pcode error at 7fc3f378: Could not follow disassembly flow into non-existing memory at 7fc3f378 (DecompileCallback)  
WARN  Decompiling 8211d3d8, pcode error at 48000580: Could not follow disassembly flow into non-existing memory at 48000580 (DecompileCallback)  
WARN  Decompiling 823e5e78: Unable to read bytes at ram:90c8000c (DecompileCallback)  
WARN  Decompiling 823e5e78: Unable to read bytes at ram:7d09f214 (DecompileCallback)  
WARN  Decompiling 823e5e78, pcode error at 90670008: Could not follow disassembly flow into non-existing memory at 90670008 (DecompileCallback)  
WARN  Decompiling 823e5e78, pcode error at 9148000c: Could not follow disassembly flow into non-existing memory at 9148000c (DecompileCallback)  
WARN  Decompiling 8215f7c0: Unable to read bytes at ram:80ff0034 (DecompileCallback)  
WARN  Decompiling 821bd1c8: Unable to read bytes at ram:419800cc (DecompileCallback)  
WARN  Decompiling 82187bf0: Unable to read bytes at ram:81680322 (DecompileCallback)  
WARN  Decompiling 8215f7c0, pcode error at 7fc3f378: Could not follow disassembly flow into non-existing memory at 7fc3f378 (DecompileCallback)  
WARN  Decompiling 821bd1c8, pcode error at 2b0b0001: Invalid instruction address (improperly aligned) (DecompileCallback)  
WARN  Decompiling 82187bf0, pcode error at d0071fd8: Could not follow disassembly flow into non-existing memory at d0071fd8 (DecompileCallback)  
WARN  Decompiling 82217320: Unable to read bytes at ram:38600001 (DecompileCallback)  
WARN  Decompiling 82217320, pcode error at 3d608207: Invalid instruction address (improperly aligned) (DecompileCallback)  
WARN  Decompiling 8211d3d8: Unable to read bytes at ram:38800007 (DecompileCallback)  
WARN  Decompiling 8215f7c0: Unable to read bytes at ram:80ff0034 (DecompileCallback)  
WARN  Decompiling 8235ca10, pcode error at 82359558: Unable to resolve constructor at 82359558 (DecompileCallback)  
WARN  Decompiling 823e5e78: Unable to read bytes at ram:90c8000c (DecompileCallback)  
WARN  Decompiling 8235ca10, pcode error at 82359500: Unable to resolve constructor at 82359500 (DecompileCallback)  
WARN  Decompiling 823e5e78: Unable to read bytes at ram:7d09f214 (DecompileCallback)  
WARN  Decompiling 8235ca10, pcode error at 8235946c: Unable to resolve constructor at 8235946c (DecompileCallback)  
WARN  Decompiling 821b01e8: Unable to read bytes at ram:3d608206 (DecompileCallback)  
WARN  Decompiling 8235ca10, pcode error at 82359518: Unable to resolve constructor at 82359518 (DecompileCallback)  
WARN  Decompiling 821b01e8, pcode error at 4811f9b9: Invalid instruction address (improperly aligned) (DecompileCallback)  
WARN  Decompiling 8211d3d8, pcode error at 48000580: Could not follow disassembly flow into non-existing memory at 48000580 (DecompileCallback)  
WARN  Decompiling 821c7254: Unable to read bytes at ram:3a600003 (DecompileCallback)  
WARN  Decompiling 821c7254, pcode error at d37900c8: Could not follow disassembly flow into non-existing memory at d37900c8 (DecompileCallback)  
WARN  Decompiling 8211d3d8: Unable to read bytes at ram:38800007 (DecompileCallback)  
WARN  Decompiling 821b01e8: Unable to read bytes at ram:3d608206 (DecompileCallback)  
WARN  Decompiling 821c7254: Unable to read bytes at ram:3a600003 (DecompileCallback)  
WARN  Decompiling 821c7254, pcode error at d37900c8: Could not follow disassembly flow into non-existing memory at d37900c8 (DecompileCallback)  
WARN  Decompiling 821b01e8, pcode error at 4811f9b9: Invalid instruction address (improperly aligned) (DecompileCallback)  
WARN  Decompiling 821c7254: Unable to read bytes at ram:3a600003 (DecompileCallback)  
WARN  Decompiling 823e1ec0: Unable to read bytes at ram:39000005 (DecompileCallback)  
WARN  Decompiling 821b01e8: Unable to read bytes at ram:3d608206 (DecompileCallback)  
WARN  Decompiling 823e1ec0, pcode error at 98c10089: Invalid instruction address (improperly aligned) (DecompileCallback)  
WARN  Decompiling 82187bf0: Unable to read bytes at ram:81680322 (DecompileCallback)  
WARN  Decompiling 82187bf0, pcode error at d0071fd8: Could not follow disassembly flow into non-existing memory at d0071fd8 (DecompileCallback)  
WARN  Decompiling 823e1ec0: Unable to read bytes at ram:39000005 (DecompileCallback)  
WARN  Decompiling 8215cf00: Unable to read bytes at ram:3d600000 (DecompileCallback)  
WARN  Decompiling 8215cf00, pcode error at 48000020: Could not follow disassembly flow into non-existing memory at 48000020 (DecompileCallback)  
WARN  Decompiling 82187bf0: Unable to read bytes at ram:81680322 (DecompileCallback)  
WARN  Decompiling 821c8888: Unable to read bytes at ram:816b0088 (DecompileCallback)  
WARN  Decompiling 821c8888, pcode error at 817b000c: Could not follow disassembly flow into non-existing memory at 817b000c (DecompileCallback)  
WARN  Decompiling 8215cf00: Unable to read bytes at ram:3d600000 (DecompileCallback)  
WARN  Decompiling 8215cf00, pcode error at 48000020: Could not follow disassembly flow into non-existing memory at 48000020 (DecompileCallback)  
WARN  Decompiling 8215cf00: Unable to read bytes at ram:3d600000 (DecompileCallback)  
WARN  Decompiling 821c8888: Unable to read bytes at ram:816b0088 (DecompileCallback)  
WARN  Decompiling 821c8888, pcode error at 817b000c: Could not follow disassembly flow into non-existing memory at 817b000c (DecompileCallback)  
WARN  Decompiling 821c8888: Unable to read bytes at ram:816b0088 (DecompileCallback)  
WARN  Decompiling 82217320: Unable to read bytes at ram:38600001 (DecompileCallback)  
WARN  Decompiling 82217320, pcode error at 3d608207: Invalid instruction address (improperly aligned) (DecompileCallback)  
WARN  Decompiling 82217320: Unable to read bytes at ram:38600001 (DecompileCallback)  
WARN  Decompiling 821c9a5c: Unable to read bytes at ram:812b0000 (DecompileCallback)  
WARN  Decompiling 821c9a5c, pcode error at 39400000: Could not follow disassembly flow into non-existing memory at 39400000 (DecompileCallback)  
WARN  Decompiling 821ca318: Unable to read bytes at ram:93df0184 (DecompileCallback)  
WARN  Decompiling 821ca318, pcode error at 387f0190: Could not follow disassembly flow into non-existing memory at 387f0190 (DecompileCallback)  
WARN  Decompiling 821bd1c8: Unable to read bytes at ram:419800cc (DecompileCallback)  
WARN  Decompiling 821bd1c8, pcode error at 2b0b0001: Invalid instruction address (improperly aligned) (DecompileCallback)  
WARN  Decompiling 821c9a5c: Unable to read bytes at ram:812b0000 (DecompileCallback)  
WARN  Decompiling 821c9a5c, pcode error at 39400000: Could not follow disassembly flow into non-existing memory at 39400000 (DecompileCallback)  
WARN  Decompiling 821c9a5c: Unable to read bytes at ram:812b0000 (DecompileCallback)  
WARN  Decompiling 821ca318: Unable to read bytes at ram:93df0184 (DecompileCallback)  
WARN  Decompiling 821ca318, pcode error at 387f0190: Could not follow disassembly flow into non-existing memory at 387f0190 (DecompileCallback)  
WARN  Decompiling 820aac58, pcode error at 820aadd0: Unable to resolve constructor at 820aadd0 (DecompileCallback)  
WARN  Decompiling 821ca318: Unable to read bytes at ram:93df0184 (DecompileCallback)  
WARN  Decompiling 82199f68: Unable to read bytes at ram:7fc3f378 (DecompileCallback)  
WARN  Decompiling 82199f68, pcode error at 38a00000: Could not follow disassembly flow into non-existing memory at 38a00000 (DecompileCallback)  
WARN  Decompiling 821bd1c8: Unable to read bytes at ram:419800cc (DecompileCallback)  
WARN  Decompiling 82199f68: Unable to read bytes at ram:7fc3f378 (DecompileCallback)  
WARN  Decompiling 82199f68, pcode error at 38a00000: Could not follow disassembly flow into non-existing memory at 38a00000 (DecompileCallback)  
WARN  Decompiling 82199f68: Unable to read bytes at ram:7fc3f378 (DecompileCallback)  
WARN  Decompiling 8211d568: Unable to read bytes at ram:480004e0 (DecompileCallback)  
WARN  Decompiling 8211d568: Unable to read bytes at ram:48000440 (DecompileCallback)  
WARN  Decompiling 8211d568: Unable to read bytes at ram:480c4b51 (DecompileCallback)  
WARN  Decompiling 8211d568, pcode error at 480c45a9: Invalid instruction address (improperly aligned) (DecompileCallback)  
WARN  Decompiling 8211d568, pcode error at 480c49c1: Invalid instruction address (improperly aligned) (DecompileCallback)  
WARN  Decompiling 8211d568, pcode error at 80610194: Could not follow disassembly flow into non-existing memory at 80610194 (DecompileCallback)  
WARN  Decompiling 8226ecb0: Unable to read bytes at ram:817e4eb4 (DecompileCallback)  
WARN  Decompiling 8226ecb0, pcode error at 3fc0826e: Could not follow disassembly flow into non-existing memory at 3fc0826e (DecompileCallback)  
WARN  Decompiling 8211d568: Unable to read bytes at ram:480004e0 (DecompileCallback)  
WARN  Decompiling 8211d568: Unable to read bytes at ram:48000440 (DecompileCallback)  
WARN  Decompiling 8211d568: Unable to read bytes at ram:480c4b51 (DecompileCallback)  
WARN  Decompiling 8211d568, pcode error at 480c45a9: Invalid instruction address (improperly aligned) (DecompileCallback)  
WARN  Decompiling 8211d568, pcode error at 480c49c1: Invalid instruction address (improperly aligned) (DecompileCallback)  
WARN  Decompiling 8211d568, pcode error at 80610194: Could not follow disassembly flow into non-existing memory at 80610194 (DecompileCallback)  
WARN  Decompiling 8211d568: Unable to read bytes at ram:480004e0 (DecompileCallback)  
WARN  Decompiling 8211d568: Unable to read bytes at ram:48000440 (DecompileCallback)  
WARN  Decompiling 8211d568: Unable to read bytes at ram:480c4b51 (DecompileCallback)  
WARN  Decompiling 82198930: Unable to read bytes at ram:7d8802a6 (DecompileCallback)  
WARN  Decompiling 82198930, pcode error at 481f11e0: Could not follow disassembly flow into non-existing memory at 481f11e0 (DecompileCallback)  
WARN  Decompiling 820ab808: Unable to read bytes at ram:c3eb9b30 (DecompileCallback)  
WARN  Decompiling 820ab808, pcode error at 38800080: Could not follow disassembly flow into non-existing memory at 38800080 (DecompileCallback)  
WARN  Decompiling 82267cc8, pcode error at 82268550: Unable to resolve constructor at 82268550 (DecompileCallback)  
WARN  Decompiling 82198930: Unable to read bytes at ram:7d8802a6 (DecompileCallback)  
WARN  Decompiling 82198930, pcode error at 481f11e0: Could not follow disassembly flow into non-existing memory at 481f11e0 (DecompileCallback)  
WARN  Decompiling 82198930: Unable to read bytes at ram:7d8802a6 (DecompileCallback)  
WARN  Decompiling 8226ecb0: Unable to read bytes at ram:817e4eb4 (DecompileCallback)  
WARN  Decompiling 821b6820: Unable to read bytes at ram:48023351 (DecompileCallback)  
WARN  Decompiling 821b6820, pcode error at 7c8a582e: Could not follow disassembly flow into non-existing memory at 7c8a582e (DecompileCallback)  
WARN  Decompiling 820ab808: Unable to read bytes at ram:c3eb9b30 (DecompileCallback)  
WARN  Decompiling 820ab808, pcode error at 38800080: Could not follow disassembly flow into non-existing memory at 38800080 (DecompileCallback)  
WARN  Decompiling 820ab808: Unable to read bytes at ram:c3eb9b30 (DecompileCallback)  
WARN  Decompiling 821b6820: Unable to read bytes at ram:48023351 (DecompileCallback)  
WARN  Decompiling 821b6820, pcode error at 7c8a582e: Could not follow disassembly flow into non-existing memory at 7c8a582e (DecompileCallback)  
WARN  Decompiling 821b6820: Unable to read bytes at ram:48023351 (DecompileCallback)  
WARN  Decompiling 820ff518: Unable to read bytes at ram:99631010 (DecompileCallback)  
WARN  Decompiling 820ff518, pcode error at 39600001: Invalid instruction address (improperly aligned) (DecompileCallback)  
WARN  Decompiling 821c76b0: Unable to read bytes at ram:2b1d0000 (DecompileCallback)  
WARN  Decompiling 821c76b0, pcode error at 3bde0004: Could not follow disassembly flow into non-existing memory at 3bde0004 (DecompileCallback)  
WARN  Decompiling 821c76b0: Unable to read bytes at ram:2b1d0000 (DecompileCallback)  
WARN  Decompiling 821c76b0, pcode error at 3bde0004: Could not follow disassembly flow into non-existing memory at 3bde0004 (DecompileCallback)  
WARN  Decompiling 821c76b0: Unable to read bytes at ram:2b1d0000 (DecompileCallback)  
WARN  Decompiling 82321e90: Unable to read bytes at ram:546b063e (DecompileCallback)  
WARN  Decompiling 82321e90, pcode error at 4e800421: Invalid instruction address (improperly aligned) (DecompileCallback)  
WARN  Decompiling 820ff518: Unable to read bytes at ram:99631010 (DecompileCallback)  
WARN  Decompiling 820ff518, pcode error at 39600001: Invalid instruction address (improperly aligned) (DecompileCallback)  
WARN  Decompiling 821b7210: Unable to read bytes at ram:fbe1fff0 (DecompileCallback)  
WARN  Decompiling 821b7210, pcode error at 9181fff8: Could not follow disassembly flow into non-existing memory at 9181fff8 (DecompileCallback)  
WARN  Decompiling 820ff518: Unable to read bytes at ram:99631010 (DecompileCallback)  
WARN  Decompiling 82321e90: Unable to read bytes at ram:546b063e (DecompileCallback)  
WARN  Decompiling 82321e90, pcode error at 4e800421: Invalid instruction address (improperly aligned) (DecompileCallback)  
WARN  Decompiling 821b8b88: Unable to read bytes at ram:812b0050 (DecompileCallback)  
WARN  Decompiling 821b8b88, pcode error at 3f6b0016: Could not follow disassembly flow into non-existing memory at 3f6b0016 (DecompileCallback)  
WARN  Decompiling 821b7210: Unable to read bytes at ram:fbe1fff0 (DecompileCallback)  
WARN  Decompiling 821b7210, pcode error at 9181fff8: Could not follow disassembly flow into non-existing memory at 9181fff8 (DecompileCallback)  
WARN  Decompiling 82267cc8, pcode error at 82268998: Unable to resolve constructor at 82268998 (DecompileCallback)  
WARN  Decompiling 82321e90: Unable to read bytes at ram:546b063e (DecompileCallback)  
WARN  Decompiling 821b7210: Unable to read bytes at ram:fbe1fff0 (DecompileCallback)  
WARN  Decompiling 8211b060, pcode error at 8210e9d4: Unable to resolve constructor at 8210e9d4 (DecompileCallback)  
WARN  Decompiling 820aac58: Unable to read bytes at ram:57e6043e (DecompileCallback)  
WARN  Decompiling 820aac58: Unable to read bytes at ram:7fe3fb78 (DecompileCallback)  
WARN  Decompiling 820aac58: Unable to read bytes at ram:fbc1ffe8 (DecompileCallback)  
WARN  Decompiling 820aac58: Unable to read bytes at ram:419a00e8 (DecompileCallback)  
WARN  Decompiling 821b8b88: Unable to read bytes at ram:812b0050 (DecompileCallback)  
WARN  Decompiling 821b8b88, pcode error at 3f6b0016: Could not follow disassembly flow into non-existing memory at 3f6b0016 (DecompileCallback)  
WARN  Decompiling 821b8b88: Unable to read bytes at ram:812b0050 (DecompileCallback)  
WARN  Decompiling 820aac58, pcode error at 419800c0: Could not follow disassembly flow into non-existing memory at 419800c0 (DecompileCallback)  
WARN  Decompiling 820aac58, pcode error at 482dc385: Invalid instruction address (improperly aligned) (DecompileCallback)  
WARN  Decompiling 820aac58, pcode error at 9181fff8: Could not follow disassembly flow into non-existing memory at 9181fff8 (DecompileCallback)  
WARN  Decompiling 820aac58, pcode error at 2b070000: Could not follow disassembly flow into non-existing memory at 2b070000 (DecompileCallback)  
WARN  Decompiling 820979b0: Unable to read bytes at ram:81010050 (DecompileCallback)  
WARN  Decompiling 820979b0, pcode error at 7da03fae: Could not follow disassembly flow into non-existing memory at 7da03fae (DecompileCallback)  
WARN  Decompiling 821c933c: Unable to read bytes at ram:39400000 (DecompileCallback)  
WARN  Decompiling 821c933c, pcode error at 3d608206: Could not follow disassembly flow into non-existing memory at 3d608206 (DecompileCallback)  
WARN  Decompiling 821c933c: Unable to read bytes at ram:39400000 (DecompileCallback)  
WARN  Decompiling 822edc58: Unable to read bytes at ram:814b0000 (DecompileCallback)  
WARN  Decompiling 821c933c, pcode error at 3d608206: Could not follow disassembly flow into non-existing memory at 3d608206 (DecompileCallback)  
WARN  Decompiling 822edc58, pcode error at 7fc3f378: Could not follow disassembly flow into non-existing memory at 7fc3f378 (DecompileCallback)  
WARN  Decompiling 821c933c: Unable to read bytes at ram:39400000 (DecompileCallback)  
WARN  Decompiling 820979b0: Unable to read bytes at ram:81010050 (DecompileCallback)  
WARN  Decompiling 820979b0, pcode error at 7da03fae: Could not follow disassembly flow into non-existing memory at 7da03fae (DecompileCallback)  
WARN  Decompiling 820979b0: Unable to read bytes at ram:81010050 (DecompileCallback)  
WARN  Decompiling 822edc58: Unable to read bytes at ram:814b0000 (DecompileCallback)  
WARN  Decompiling 822edc58, pcode error at 7fc3f378: Could not follow disassembly flow into non-existing memory at 7fc3f378 (DecompileCallback)  
WARN  Decompiling 822edc58: Unable to read bytes at ram:814b0000 (DecompileCallback)  
WARN  Decompiling 82267cc8, pcode error at 82268bcc: Unable to resolve constructor at 82268bcc (DecompileCallback)  
WARN  Decompiling 82267cc8, pcode error at 82268d8c: Unable to resolve constructor at 82268d8c (DecompileCallback)  
WARN  Decompiling 821618c0: Unable to read bytes at ram:396b00f8 (DecompileCallback)  
WARN  Decompiling 821618c0, pcode error at 394a0001: Invalid instruction address (improperly aligned) (DecompileCallback)  
WARN  Decompiling 8235ba30, pcode error at 82358688: Unable to resolve constructor at 82358688 (DecompileCallback)  
WARN  Decompiling 820aac58, pcode error at 820aadd0: Unable to resolve constructor at 820aadd0 (DecompileCallback)  
WARN  Decompiling 821618c0: Unable to read bytes at ram:396b00f8 (DecompileCallback)  
WARN  Decompiling 821618c0, pcode error at 394a0001: Invalid instruction address (improperly aligned) (DecompileCallback)  
WARN  Decompiling 821618c0: Unable to read bytes at ram:396b00f8 (DecompileCallback)  
WARN  Decompiling 8235fdd0, pcode error at 82359558: Unable to resolve constructor at 82359558 (DecompileCallback)  
WARN  Decompiling 8235fdd0, pcode error at 82359500: Unable to resolve constructor at 82359500 (DecompileCallback)  
WARN  Decompiling 82267cc8: Unable to read bytes at ram:18076b10 (DecompileCallback)  
WARN  Decompiling 82267cc8, pcode error at 15ad0090: Could not follow disassembly flow into non-existing memory at 15ad0090 (DecompileCallback)  
WARN  Decompiling 8235fdd0, pcode error at 8235946c: Unable to resolve constructor at 8235946c (DecompileCallback)  
WARN  Decompiling 8235fdd0, pcode error at 82359518: Unable to resolve constructor at 82359518 (DecompileCallback)  
WARN  Decompiling 8226fcf0: Unable to read bytes at ram:38800005 (DecompileCallback)  
WARN  Decompiling 8226fcf0: Unable to read bytes at ram:419a0024 (DecompileCallback)  
WARN  Decompiling 8226fcf0, pcode error at 48119e38: Could not follow disassembly flow into non-existing memory at 48119e38 (DecompileCallback)  
WARN  Decompiling 8226fcf0, pcode error at 2f0b0004: Could not follow disassembly flow into non-existing memory at 2f0b0004 (DecompileCallback)  
WARN  Decompiling 82290500: Unable to read bytes at ram:9181fff8 (DecompileCallback)  
WARN  Decompiling 82290500, pcode error at 7d8802a6: Could not follow disassembly flow into non-existing memory at 7d8802a6 (DecompileCallback)  
WARN  Decompiling 8235fdd0, pcode error at 8235915c: Unable to resolve constructor at 8235915c (DecompileCallback)  
WARN  Decompiling 8235fdd0, pcode error at 8235914c: Unable to resolve constructor at 8235914c (DecompileCallback)  
WARN  Decompiling 82277cc8: Unable to read bytes at ram:38840001 (DecompileCallback)  
WARN  Decompiling 82277cc8, pcode error at 409affd4: Could not follow disassembly flow into non-existing memory at 409affd4 (DecompileCallback)  
WARN  Decompiling 822bb3d8: Unable to read bytes at ram:7fa4eb78 (DecompileCallback)  
WARN  Decompiling 820aac58: Unable to read bytes at ram:57e6043e (DecompileCallback)  
WARN  Decompiling 822bb3d8, pcode error at 39600000: Could not follow disassembly flow into non-existing memory at 39600000 (DecompileCallback)  
WARN  Decompiling 820aac58: Unable to read bytes at ram:7fe3fb78 (DecompileCallback)  
WARN  Decompiling 820aac58: Unable to read bytes at ram:fbc1ffe8 (DecompileCallback)  
WARN  Decompiling 820aac58: Unable to read bytes at ram:419a00e8 (DecompileCallback)  
WARN  Decompiling 820aac58, pcode error at 419800c0: Could not follow disassembly flow into non-existing memory at 419800c0 (DecompileCallback)  
WARN  Decompiling 820aac58, pcode error at 482dc385: Invalid instruction address (improperly aligned) (DecompileCallback)  
WARN  Decompiling 820aac58, pcode error at 9181fff8: Could not follow disassembly flow into non-existing memory at 9181fff8 (DecompileCallback)  
WARN  Decompiling 820aac58, pcode error at 2b070000: Could not follow disassembly flow into non-existing memory at 2b070000 (DecompileCallback)  
WARN  Decompiling 8226fcf0: Unable to read bytes at ram:38800005 (DecompileCallback)  
WARN  Decompiling 8226fcf0: Unable to read bytes at ram:419a0024 (DecompileCallback)  
WARN  Decompiling 8226fcf0, pcode error at 48119e38: Could not follow disassembly flow into non-existing memory at 48119e38 (DecompileCallback)  
WARN  Decompiling 8226fcf0, pcode error at 2f0b0004: Could not follow disassembly flow into non-existing memory at 2f0b0004 (DecompileCallback)  
WARN  Decompiling 8226fcf0: Unable to read bytes at ram:38800005 (DecompileCallback)  
WARN  Decompiling 8226fcf0: Unable to read bytes at ram:419a0024 (DecompileCallback)  
WARN  Decompiling 820aac58: Unable to read bytes at ram:57e6043e (DecompileCallback)  
WARN  Decompiling 820aac58: Unable to read bytes at ram:7fe3fb78 (DecompileCallback)  
WARN  Decompiling 820aac58: Unable to read bytes at ram:fbc1ffe8 (DecompileCallback)  
WARN  Decompiling 820aac58: Unable to read bytes at ram:419a00e8 (DecompileCallback)  
WARN  Decompiling 82290500: Unable to read bytes at ram:9181fff8 (DecompileCallback)  
WARN  Decompiling 82290500, pcode error at 7d8802a6: Could not follow disassembly flow into non-existing memory at 7d8802a6 (DecompileCallback)  
WARN  Decompiling 82267cc8, pcode error at 82268550: Unable to resolve constructor at 82268550 (DecompileCallback)  
WARN  Decompiling 821d1ae8: Unable to read bytes at ram:554907fe (DecompileCallback)  
WARN  Decompiling 821d1ae8, pcode error at 83ab0008: Could not follow disassembly flow into non-existing memory at 83ab0008 (DecompileCallback)  
WARN  Decompiling 820aa8a8, pcode error at 820aadd0: Unable to resolve constructor at 820aadd0 (DecompileCallback)  
WARN  Decompiling 821d1ae8: Unable to read bytes at ram:554907fe (DecompileCallback)  
WARN  Decompiling 821d1ae8, pcode error at 83ab0008: Could not follow disassembly flow into non-existing memory at 83ab0008 (DecompileCallback)  
WARN  Decompiling 821cbf00: Unable to read bytes at ram:7d6903a6 (DecompileCallback)  
WARN  Decompiling 821cbf00, pcode error at 816b0004: Could not follow disassembly flow into non-existing memory at 816b0004 (DecompileCallback)  
WARN  Decompiling 821d1ae8: Unable to read bytes at ram:554907fe (DecompileCallback)  
WARN  Decompiling 821cbf00: Unable to read bytes at ram:7d6903a6 (DecompileCallback)  
WARN  Decompiling 821cbf00, pcode error at 816b0004: Could not follow disassembly flow into non-existing memory at 816b0004 (DecompileCallback)  
WARN  Decompiling 821cbf00: Unable to read bytes at ram:7d6903a6 (DecompileCallback)  
WARN  Decompiling 82290500: Unable to read bytes at ram:9181fff8 (DecompileCallback)  
WARN  Decompiling 82155ec8: Unable to read bytes at ram:fc20f090 (DecompileCallback)  
WARN  Decompiling 82155ec8, pcode error at fc40e890: Could not follow disassembly flow into non-existing memory at fc40e890 (DecompileCallback)  
WARN  Decompiling 82267cc8, pcode error at 82268998: Unable to resolve constructor at 82268998 (DecompileCallback)  
WARN  Decompiling 82155ec8: Unable to read bytes at ram:fc20f090 (DecompileCallback)  
WARN  Decompiling 82155ec8, pcode error at fc40e890: Could not follow disassembly flow into non-existing memory at fc40e890 (DecompileCallback)  
WARN  Decompiling 82155ec8: Unable to read bytes at ram:fc20f090 (DecompileCallback)  
WARN  Decompiling 82277cc8: Unable to read bytes at ram:38840001 (DecompileCallback)  
WARN  Decompiling 82277cc8, pcode error at 409affd4: Could not follow disassembly flow into non-existing memory at 409affd4 (DecompileCallback)  
WARN  Decompiling 822bb3d8: Unable to read bytes at ram:7fa4eb78 (DecompileCallback)  
WARN  Decompiling 822bb3d8, pcode error at 39600000: Could not follow disassembly flow into non-existing memory at 39600000 (DecompileCallback)  
WARN  Decompiling 82267cc8, pcode error at 82268bcc: Unable to resolve constructor at 82268bcc (DecompileCallback)  
WARN  Decompiling 82267cc8, pcode error at 82268d8c: Unable to resolve constructor at 82268d8c (DecompileCallback)  
WARN  Decompiling 8226fb08: Unable to read bytes at ram:419a0024 (DecompileCallback)  
WARN  Decompiling 820aa8a8: Unable to read bytes at ram:7fe3fb78 (DecompileCallback)  
WARN  Decompiling 820aa8a8: Unable to read bytes at ram:fbc1ffe8 (DecompileCallback)  
WARN  Decompiling 820aa8a8: Unable to read bytes at ram:419a00e8 (DecompileCallback)  
WARN  Decompiling 820aa8a8: Unable to read bytes at ram:57e6043e (DecompileCallback)  
WARN  Decompiling 8226fb08, pcode error at 2f0b0004: Could not follow disassembly flow into non-existing memory at 2f0b0004 (DecompileCallback)  
WARN  Decompiling 820aa8a8, pcode error at 482dc385: Invalid instruction address (improperly aligned) (DecompileCallback)  
WARN  Decompiling 82199b08: Unable to read bytes at ram:38a00000 (DecompileCallback)  
WARN  Decompiling 82199b08, pcode error at 38c00001: Invalid instruction address (improperly aligned) (DecompileCallback)  
WARN  Decompiling 820aa8a8, pcode error at 9181fff8: Could not follow disassembly flow into non-existing memory at 9181fff8 (DecompileCallback)  
WARN  Decompiling 820aa8a8, pcode error at 2b070000: Could not follow disassembly flow into non-existing memory at 2b070000 (DecompileCallback)  
WARN  Decompiling 820aa8a8, pcode error at 419800c0: Could not follow disassembly flow into non-existing memory at 419800c0 (DecompileCallback)  
WARN  Decompiling 82199b08: Unable to read bytes at ram:38a00000 (DecompileCallback)  
WARN  Decompiling 822bb3d8: Unable to read bytes at ram:7fa4eb78 (DecompileCallback)  
WARN  Decompiling 82277cc8: Unable to read bytes at ram:38840001 (DecompileCallback)  
WARN  Decompiling 82199b08, pcode error at 38c00001: Invalid instruction address (improperly aligned) (DecompileCallback)  
WARN  Decompiling 82199b08: Unable to read bytes at ram:38a00000 (DecompileCallback)  
WARN  Decompiling 82267cc8: Unable to read bytes at ram:18076b10 (DecompileCallback)  
WARN  Decompiling 82267cc8, pcode error at 15ad0090: Could not follow disassembly flow into non-existing memory at 15ad0090 (DecompileCallback)  
WARN  Decompiling 8229cc40: Unable to read bytes at ram:817f00d8 (DecompileCallback)  
WARN  Decompiling 8229cc40, pcode error at 1000e9c3: Invalid instruction address (improperly aligned) (DecompileCallback)  
WARN  Decompiling 820aa8a8, pcode error at 820aadd0: Unable to resolve constructor at 820aadd0 (DecompileCallback)  
WARN  Decompiling 8229cc40: Unable to read bytes at ram:817f00d8 (DecompileCallback)  
WARN  Decompiling 8229cc40, pcode error at 1000e9c3: Invalid instruction address (improperly aligned) (DecompileCallback)  
WARN  Decompiling 82267cc8: Unable to read bytes at ram:18076b10 (DecompileCallback)  
WARN  Decompiling 8226fb08: Unable to read bytes at ram:419a0024 (DecompileCallback)  
WARN  Decompiling 8229cc40: Unable to read bytes at ram:817f00d8 (DecompileCallback)  
WARN  Decompiling 8226fb08, pcode error at 2f0b0004: Could not follow disassembly flow into non-existing memory at 2f0b0004 (DecompileCallback)  
WARN  Decompiling 82254db0: Unable to read bytes at ram:409a0008 (DecompileCallback)  
WARN  Decompiling 82254db0, pcode error at 38810050: Could not follow disassembly flow into non-existing memory at 38810050 (DecompileCallback)  
WARN  Decompiling 820aaac8, pcode error at 820aadd0: Unable to resolve constructor at 820aadd0 (DecompileCallback)  
WARN  Decompiling 82218660: Unable to read bytes at ram:c18b0008 (DecompileCallback)  
WARN  Decompiling 82218660, pcode error at c1ab0004: Could not follow disassembly flow into non-existing memory at c1ab0004 (DecompileCallback)  
WARN  Decompiling 8226fb08: Unable to read bytes at ram:419a0024 (DecompileCallback)  
WARN  Decompiling 82218660: Unable to read bytes at ram:c18b0008 (DecompileCallback)  
WARN  Decompiling 82254db0: Unable to read bytes at ram:409a0008 (DecompileCallback)  
WARN  Decompiling 82218660, pcode error at c1ab0004: Could not follow disassembly flow into non-existing memory at c1ab0004 (DecompileCallback)  
WARN  Decompiling 82254db0, pcode error at 38810050: Could not follow disassembly flow into non-existing memory at 38810050 (DecompileCallback)  
WARN  Decompiling 82218660: Unable to read bytes at ram:c18b0008 (DecompileCallback)  
WARN  Decompiling 82254db0: Unable to read bytes at ram:409a0008 (DecompileCallback)  
WARN  Decompiling 82221730, pcode error at 822217b8: Unable to resolve constructor at 822217b8 (DecompileCallback)  
WARN  Decompiling 820aa8a8: Unable to read bytes at ram:7fe3fb78 (DecompileCallback)  
WARN  Decompiling 820aa8a8: Unable to read bytes at ram:fbc1ffe8 (DecompileCallback)  
WARN  Decompiling 820aa8a8: Unable to read bytes at ram:419a00e8 (DecompileCallback)  
WARN  Decompiling 820aa8a8: Unable to read bytes at ram:57e6043e (DecompileCallback)  
WARN  Decompiling 820aa8a8, pcode error at 482dc385: Invalid instruction address (improperly aligned) (DecompileCallback)  
WARN  Decompiling 82221730: Unable to read bytes at ram:409a009c (DecompileCallback)  
WARN  Decompiling 82221730: Unable to read bytes at ram:3f60826e (DecompileCallback)  
WARN  Decompiling 82166fe0: Unable to read bytes at ram:816a0030 (DecompileCallback)  
WARN  Decompiling 820aa8a8, pcode error at 9181fff8: Could not follow disassembly flow into non-existing memory at 9181fff8 (DecompileCallback)  
WARN  Decompiling 82221730, pcode error at 2b0b0000: Could not follow disassembly flow into non-existing memory at 2b0b0000 (DecompileCallback)  
WARN  Decompiling 82166fe0, pcode error at 409a0010: Could not follow disassembly flow into non-existing memory at 409a0010 (DecompileCallback)  
WARN  Decompiling 820aa8a8, pcode error at 2b070000: Could not follow disassembly flow into non-existing memory at 2b070000 (DecompileCallback)  
WARN  Decompiling 82221730, pcode error at 7d7c5b78: Could not follow disassembly flow into non-existing memory at 7d7c5b78 (DecompileCallback)  
WARN  Decompiling 820aa8a8, pcode error at 419800c0: Could not follow disassembly flow into non-existing memory at 419800c0 (DecompileCallback)  
WARN  Decompiling 82166fe0: Unable to read bytes at ram:816a0030 (DecompileCallback)  
WARN  Decompiling 82166fe0, pcode error at 409a0010: Could not follow disassembly flow into non-existing memory at 409a0010 (DecompileCallback)  
WARN  Decompiling 82166fe0: Unable to read bytes at ram:816a0030 (DecompileCallback)  
WARN  Decompiling 82221730, pcode error at 822217b8: Unable to resolve constructor at 822217b8 (DecompileCallback)  
WARN  Decompiling 82221730: Unable to read bytes at ram:409a009c (DecompileCallback)  
WARN  Decompiling 82221730: Unable to read bytes at ram:3f60826e (DecompileCallback)  
WARN  Decompiling 82221730, pcode error at 2b0b0000: Could not follow disassembly flow into non-existing memory at 2b0b0000 (DecompileCallback)  
WARN  Decompiling 82221730, pcode error at 7d7c5b78: Could not follow disassembly flow into non-existing memory at 7d7c5b78 (DecompileCallback)  
WARN  Decompiling 82221730: Unable to read bytes at ram:409a009c (DecompileCallback)  
WARN  Decompiling 82221730: Unable to read bytes at ram:3f60826e (DecompileCallback)  
WARN  Decompiling 821609c0: Unable to read bytes at ram:817f00c8 (DecompileCallback)  
WARN  Decompiling 821609c0, pcode error at 409a0090: Could not follow disassembly flow into non-existing memory at 409a0090 (DecompileCallback)  
WARN  Decompiling 822cd000: Unable to read bytes at ram:4e800421 (DecompileCallback)  
WARN  Decompiling 822cd000, pcode error at 7d6903a6: Could not follow disassembly flow into non-existing memory at 7d6903a6 (DecompileCallback)  
WARN  Decompiling 822cd000: Unable to read bytes at ram:4e800421 (DecompileCallback)  
WARN  Decompiling 822cd000, pcode error at 7d6903a6: Could not follow disassembly flow into non-existing memory at 7d6903a6 (DecompileCallback)  
WARN  Decompiling 820aa8a8: Unable to read bytes at ram:7fe3fb78 (DecompileCallback)  
WARN  Decompiling 820aaac8: Unable to read bytes at ram:419a00e8 (DecompileCallback)  
WARN  Decompiling 820aa8a8: Unable to read bytes at ram:fbc1ffe8 (DecompileCallback)  
WARN  Decompiling 820aaac8: Unable to read bytes at ram:57e6043e (DecompileCallback)  
WARN  Decompiling 820aa8a8: Unable to read bytes at ram:419a00e8 (DecompileCallback)  
WARN  Decompiling 822cd000: Unable to read bytes at ram:4e800421 (DecompileCallback)  
WARN  Decompiling 820aaac8: Unable to read bytes at ram:7fe3fb78 (DecompileCallback)  
WARN  Decompiling 820aa8a8: Unable to read bytes at ram:57e6043e (DecompileCallback)  
WARN  Decompiling 820aaac8: Unable to read bytes at ram:fbc1ffe8 (DecompileCallback)  
WARN  Decompiling 82271920: Unable to read bytes at ram:556b2036 (DecompileCallback)  
WARN  Decompiling 82271920: Unable to read bytes at ram:61339fc8 (DecompileCallback)  
WARN  Decompiling 820aaac8, pcode error at 2b070000: Could not follow disassembly flow into non-existing memory at 2b070000 (DecompileCallback)  
WARN  Decompiling 82271920, pcode error at 7d7f5a14: Could not follow disassembly flow into non-existing memory at 7d7f5a14 (DecompileCallback)  
WARN  Decompiling 820aaac8, pcode error at 419800c0: Could not follow disassembly flow into non-existing memory at 419800c0 (DecompileCallback)  
WARN  Decompiling 82271920, pcode error at 3ac00006: Could not follow disassembly flow into non-existing memory at 3ac00006 (DecompileCallback)  
WARN  Decompiling 820aaac8, pcode error at 482dc385: Invalid instruction address (improperly aligned) (DecompileCallback)  
WARN  Decompiling 820aaac8, pcode error at 9181fff8: Could not follow disassembly flow into non-existing memory at 9181fff8 (DecompileCallback)  
WARN  Decompiling 821609c0: Unable to read bytes at ram:817f00c8 (DecompileCallback)  
WARN  Decompiling 821609c0, pcode error at 409a0090: Could not follow disassembly flow into non-existing memory at 409a0090 (DecompileCallback)  
WARN  Decompiling 82271a38: Unable to read bytes at ram:61339fc8 (DecompileCallback)  
WARN  Decompiling 82271a38, pcode error at 3ac00006: Could not follow disassembly flow into non-existing memory at 3ac00006 (DecompileCallback)  
WARN  Decompiling 823c4e70: Unable to read bytes at ram:c01e0028 (DecompileCallback)  
WARN  Decompiling 823c4e70, pcode error at 917f001c: Could not follow disassembly flow into non-existing memory at 917f001c (DecompileCallback)  
WARN  Decompiling 82119908, pcode error at 8210e9d4: Unable to resolve constructor at 8210e9d4 (DecompileCallback)  
WARN  Decompiling 821609c0: Unable to read bytes at ram:817f00c8 (DecompileCallback)  
WARN  Decompiling 821c7a58: Unable to read bytes at ram:7f1f5000 (DecompileCallback)  
WARN  Decompiling 821c7a58, pcode error at 7fcbf214: Could not follow disassembly flow into non-existing memory at 7fcbf214 (DecompileCallback)  
WARN  Decompiling 821c7a58: Unable to read bytes at ram:7f1f5000 (DecompileCallback)  
WARN  Decompiling 821c7a58, pcode error at 7fcbf214: Could not follow disassembly flow into non-existing memory at 7fcbf214 (DecompileCallback)  
WARN  Decompiling 821c7a58: Unable to read bytes at ram:7f1f5000 (DecompileCallback)  
WARN  Decompiling 822c5e20, pcode error at 822c5b0c: Unable to resolve constructor at 822c5b0c (DecompileCallback)  
WARN  Decompiling 822c5e20, pcode error at 822c5d3c: Unable to resolve constructor at 822c5d3c (DecompileCallback)  
WARN  Decompiling 8231dda0: Unable to read bytes at ram:8181fff8 (DecompileCallback)  
WARN  Decompiling 8231dda0, pcode error at 38210070: Could not follow disassembly flow into non-existing memory at 38210070 (DecompileCallback)  
WARN  Decompiling 823c4e70: Unable to read bytes at ram:c01e0028 (DecompileCallback)  
WARN  Decompiling 821c82b8: Unable to read bytes at ram:4198fe94 (DecompileCallback)  
WARN  Decompiling 823c4e70, pcode error at 917f001c: Could not follow disassembly flow into non-existing memory at 917f001c (DecompileCallback)  
WARN  Decompiling 821c82b8, pcode error at 7f1b5000: Could not follow disassembly flow into non-existing memory at 7f1b5000 (DecompileCallback)  
WARN  Decompiling 820aaac8, pcode error at 820aadd0: Unable to resolve constructor at 820aadd0 (DecompileCallback)  
WARN  Decompiling 822c5e20: Unable to read bytes at ram:817d4eb4 (DecompileCallback)  
WARN  Decompiling 82254068: Unable to read bytes at ram:c01e0104 (DecompileCallback)  
WARN  Decompiling 822c5e20: Unable to read bytes at ram:38600001 (DecompileCallback)  
WARN  Decompiling 82254068, pcode error at d01f002c: Could not follow disassembly flow into non-existing memory at d01f002c (DecompileCallback)  
WARN  Decompiling 822c5e20, pcode error at 617e6054: Could not follow disassembly flow into non-existing memory at 617e6054 (DecompileCallback)  
WARN  Decompiling 822c5e20, pcode error at 817c00b8: Could not follow disassembly flow into non-existing memory at 817c00b8 (DecompileCallback)  
WARN  Decompiling 82254068: Unable to read bytes at ram:c01e0104 (DecompileCallback)  
WARN  Decompiling 82254068, pcode error at d01f002c: Could not follow disassembly flow into non-existing memory at d01f002c (DecompileCallback)  
WARN  Decompiling 821c82b8: Unable to read bytes at ram:4198fe94 (DecompileCallback)  
WARN  Decompiling 821c82b8, pcode error at 7f1b5000: Could not follow disassembly flow into non-existing memory at 7f1b5000 (DecompileCallback)  
WARN  Decompiling 82254068: Unable to read bytes at ram:c01e0104 (DecompileCallback)  
WARN  Decompiling 821c82b8: Unable to read bytes at ram:4198fe94 (DecompileCallback)  
WARN  Decompiling 82271920: Unable to read bytes at ram:556b2036 (DecompileCallback)  
WARN  Decompiling 82271920: Unable to read bytes at ram:61339fc8 (DecompileCallback)  
WARN  Decompiling 823c4e70: Unable to read bytes at ram:c01e0028 (DecompileCallback)  
WARN  Decompiling 82271920, pcode error at 7d7f5a14: Could not follow disassembly flow into non-existing memory at 7d7f5a14 (DecompileCallback)  
WARN  Decompiling 82271920, pcode error at 3ac00006: Could not follow disassembly flow into non-existing memory at 3ac00006 (DecompileCallback)  
WARN  Decompiling 822c5e20, pcode error at 822c5b0c: Unable to resolve constructor at 822c5b0c (DecompileCallback)  
WARN  Decompiling 822c5e20, pcode error at 822c5d3c: Unable to resolve constructor at 822c5d3c (DecompileCallback)  
WARN  Decompiling 8231dda0: Unable to read bytes at ram:8181fff8 (DecompileCallback)  
WARN  Decompiling 8231dda0, pcode error at 38210070: Could not follow disassembly flow into non-existing memory at 38210070 (DecompileCallback)  
WARN  Decompiling 82271920: Unable to read bytes at ram:556b2036 (DecompileCallback)  
WARN  Decompiling 82271920: Unable to read bytes at ram:61339fc8 (DecompileCallback)  
WARN  Decompiling 82271a38: Unable to read bytes at ram:61339fc8 (DecompileCallback)  
WARN  Decompiling 82271a38, pcode error at 3ac00006: Could not follow disassembly flow into non-existing memory at 3ac00006 (DecompileCallback)  
WARN  Decompiling 822c5e20: Unable to read bytes at ram:817d4eb4 (DecompileCallback)  
WARN  Decompiling 822c5e20: Unable to read bytes at ram:38600001 (DecompileCallback)  
WARN  Decompiling 822c5e20, pcode error at 617e6054: Could not follow disassembly flow into non-existing memory at 617e6054 (DecompileCallback)  
WARN  Decompiling 822c5e20, pcode error at 817c00b8: Could not follow disassembly flow into non-existing memory at 817c00b8 (DecompileCallback)  
WARN  Decompiling 8231dda0: Unable to read bytes at ram:8181fff8 (DecompileCallback)  
WARN  Decompiling 82194610: Unable to read bytes at ram:814b0190 (DecompileCallback)  
WARN  Decompiling 82194610, pcode error at 40990014: Could not follow disassembly flow into non-existing memory at 40990014 (DecompileCallback)  
WARN  Decompiling 823e60f8: Unable to read bytes at ram:90c8000c (DecompileCallback)  
WARN  Decompiling 823e60f8: Unable to read bytes at ram:7d09f214 (DecompileCallback)  
WARN  Decompiling 823e60f8, pcode error at 90670008: Could not follow disassembly flow into non-existing memory at 90670008 (DecompileCallback)  
WARN  Decompiling 822c5e20: Unable to read bytes at ram:817d4eb4 (DecompileCallback)  
WARN  Decompiling 823e60f8, pcode error at 9148000c: Could not follow disassembly flow into non-existing memory at 9148000c (DecompileCallback)  
WARN  Decompiling 822c5e20: Unable to read bytes at ram:38600001 (DecompileCallback)  
WARN  Decompiling 820aaac8: Unable to read bytes at ram:419a00e8 (DecompileCallback)  
WARN  Decompiling 820aaac8: Unable to read bytes at ram:57e6043e (DecompileCallback)  
WARN  Decompiling 820aaac8: Unable to read bytes at ram:7fe3fb78 (DecompileCallback)  
WARN  Decompiling 820aaac8: Unable to read bytes at ram:fbc1ffe8 (DecompileCallback)  
WARN  Decompiling 820aaac8, pcode error at 2b070000: Could not follow disassembly flow into non-existing memory at 2b070000 (DecompileCallback)  
WARN  Decompiling 820aaac8, pcode error at 419800c0: Could not follow disassembly flow into non-existing memory at 419800c0 (DecompileCallback)  
WARN  Decompiling 820aaac8, pcode error at 482dc385: Invalid instruction address (improperly aligned) (DecompileCallback)  
WARN  Decompiling 820aaac8, pcode error at 9181fff8: Could not follow disassembly flow into non-existing memory at 9181fff8 (DecompileCallback)  
WARN  Decompiling 8225df88: Unable to read bytes at ram:7c69f82e (DecompileCallback)  
WARN  Decompiling 82169700: Unable to read bytes at ram:5563dffe (DecompileCallback)  
WARN  Decompiling 82169700, pcode error at 7d6b0034: Could not follow disassembly flow into non-existing memory at 7d6b0034 (DecompileCallback)  
WARN  Decompiling 8225df88, pcode error at 38800001: Invalid instruction address (improperly aligned) (DecompileCallback)  
WARN  Decompiling 82169700, pcode error at 7d6a4050: Could not follow disassembly flow into non-existing memory at 7d6a4050 (DecompileCallback)  
WARN  Decompiling 82271a38: Unable to read bytes at ram:61339fc8 (DecompileCallback)  
WARN  Decompiling 82194610: Unable to read bytes at ram:814b0190 (DecompileCallback)  
WARN  Decompiling 82194610, pcode error at 40990014: Could not follow disassembly flow into non-existing memory at 40990014 (DecompileCallback)  
WARN  Decompiling 82194610: Unable to read bytes at ram:814b0190 (DecompileCallback)  
WARN  Decompiling 82174ce0: Unable to read bytes at ram:7fa3eb78 (DecompileCallback)  
WARN  Decompiling 82174ce0, pcode error at 48000521: Invalid instruction address (improperly aligned) (DecompileCallback)  
WARN  Decompiling 820aaac8: Unable to read bytes at ram:419a00e8 (DecompileCallback)  
WARN  Decompiling 820aaac8: Unable to read bytes at ram:57e6043e (DecompileCallback)  
WARN  Decompiling 820aaac8: Unable to read bytes at ram:7fe3fb78 (DecompileCallback)  
WARN  Decompiling 820aaac8: Unable to read bytes at ram:fbc1ffe8 (DecompileCallback)  
WARN  Decompiling 82174ce0: Unable to read bytes at ram:7fa3eb78 (DecompileCallback)  
WARN  Decompiling 82174ce0, pcode error at 48000521: Invalid instruction address (improperly aligned) (DecompileCallback)  
WARN  Decompiling 82174ce0: Unable to read bytes at ram:7fa3eb78 (DecompileCallback)  
WARN  Decompiling 8229a058: Unable to read bytes at ram:7d6a582e (DecompileCallback)  
WARN  Decompiling 8229a058, pcode error at 7d6bf02e: Could not follow disassembly flow into non-existing memory at 7d6bf02e (DecompileCallback)  
WARN  Decompiling 822dfa20: Unable to read bytes at ram:817d00a4 (DecompileCallback)  
WARN  Decompiling 822dfa20, pcode error at d3bf00d0: Could not follow disassembly flow into non-existing memory at d3bf00d0 (DecompileCallback)  
WARN  Decompiling 821663c0: Unable to read bytes at ram:419a002c (DecompileCallback)  
WARN  Decompiling 8229a058: Unable to read bytes at ram:7d6a582e (DecompileCallback)  
WARN  Decompiling 821663c0, pcode error at 2f03ffff: Invalid instruction address (improperly aligned) (DecompileCallback)  
WARN  Decompiling 8229a058, pcode error at 7d6bf02e: Could not follow disassembly flow into non-existing memory at 7d6bf02e (DecompileCallback)  
WARN  Decompiling 8229a058: Unable to read bytes at ram:7d6a582e (DecompileCallback)  
WARN  Decompiling 822dfa20: Unable to read bytes at ram:817d00a4 (DecompileCallback)  
WARN  Decompiling 822dfa20, pcode error at d3bf00d0: Could not follow disassembly flow into non-existing memory at d3bf00d0 (DecompileCallback)  
WARN  Decompiling 823e60f8: Unable to read bytes at ram:90c8000c (DecompileCallback)  
WARN  Decompiling 823e60f8: Unable to read bytes at ram:7d09f214 (DecompileCallback)  
WARN  Decompiling 822dfa20: Unable to read bytes at ram:817d00a4 (DecompileCallback)  
WARN  Decompiling 823e60f8, pcode error at 90670008: Could not follow disassembly flow into non-existing memory at 90670008 (DecompileCallback)  
WARN  Decompiling 823e60f8, pcode error at 9148000c: Could not follow disassembly flow into non-existing memory at 9148000c (DecompileCallback)  
WARN  Decompiling 821c4c58: Unable to read bytes at ram:481c4ee5 (DecompileCallback)  
WARN  Decompiling 821663c0: Unable to read bytes at ram:419a002c (DecompileCallback)  
WARN  Decompiling 821663c0, pcode error at 2f03ffff: Invalid instruction address (improperly aligned) (DecompileCallback)  
WARN  Decompiling 821c4c58, pcode error at 7d8802a6: Could not follow disassembly flow into non-existing memory at 7d8802a6 (DecompileCallback)  
WARN  Decompiling 821663c0: Unable to read bytes at ram:419a002c (DecompileCallback)  
WARN  Decompiling 820b0a58: Unable to read bytes at ram:2b0a0000 (DecompileCallback)  
WARN  Decompiling 823e60f8: Unable to read bytes at ram:90c8000c (DecompileCallback)  
WARN  Decompiling 823e60f8: Unable to read bytes at ram:7d09f214 (DecompileCallback)  
WARN  Decompiling 820b0a58, pcode error at 556a07bc: Could not follow disassembly flow into non-existing memory at 556a07bc (DecompileCallback)  
WARN  Decompiling 820b0a58: Unable to read bytes at ram:2b0a0000 (DecompileCallback)  
WARN  Decompiling 822c9d20: Unable to read bytes at ram:4e800020 (DecompileCallback)  
WARN  Decompiling 821c4c58: Unable to read bytes at ram:481c4ee5 (DecompileCallback)  
WARN  Decompiling 822c9d20: Unable to read bytes at ram:4d9a0020 (DecompileCallback)  
WARN  Decompiling 820b0a58, pcode error at 556a07bc: Could not follow disassembly flow into non-existing memory at 556a07bc (DecompileCallback)  
WARN  Decompiling 821c4c58, pcode error at 7d8802a6: Could not follow disassembly flow into non-existing memory at 7d8802a6 (DecompileCallback)  
WARN  Decompiling 822c9d20, pcode error at 7c6b5214: Could not follow disassembly flow into non-existing memory at 7c6b5214 (DecompileCallback)  
WARN  Decompiling 822c9d20, pcode error at 7f0a2000: Could not follow disassembly flow into non-existing memory at 7f0a2000 (DecompileCallback)  
WARN  Decompiling 820b0a58: Unable to read bytes at ram:2b0a0000 (DecompileCallback)  
WARN  Decompiling 821c4c58: Unable to read bytes at ram:481c4ee5 (DecompileCallback)  
WARN  Decompiling 8225df88: Unable to read bytes at ram:7c69f82e (DecompileCallback)  
WARN  Decompiling 8225df88, pcode error at 38800001: Invalid instruction address (improperly aligned) (DecompileCallback)  
WARN  Decompiling 823231f8: Unable to read bytes at ram:614a9c80 (DecompileCallback)  
WARN  Decompiling 823231f8, pcode error at 3d400002: Could not follow disassembly flow into non-existing memory at 3d400002 (DecompileCallback)  
WARN  Decompiling 822c9d20: Unable to read bytes at ram:4e800020 (DecompileCallback)  
WARN  Decompiling 822c9d20: Unable to read bytes at ram:4d9a0020 (DecompileCallback)  
WARN  Decompiling 822c9d20, pcode error at 7c6b5214: Could not follow disassembly flow into non-existing memory at 7c6b5214 (DecompileCallback)  
WARN  Decompiling 822c9d20, pcode error at 7f0a2000: Could not follow disassembly flow into non-existing memory at 7f0a2000 (DecompileCallback)  
WARN  Decompiling 823231f8: Unable to read bytes at ram:614a9c80 (DecompileCallback)  
WARN  Decompiling 823231f8, pcode error at 3d400002: Could not follow disassembly flow into non-existing memory at 3d400002 (DecompileCallback)  
WARN  Decompiling 821da940: Unable to read bytes at ram:386ba494 (DecompileCallback)  
WARN  Decompiling 821da940: Unable to read bytes at ram:4e800020 (DecompileCallback)  
WARN  Decompiling 821da940, pcode error at 38c00000: Could not follow disassembly flow into non-existing memory at 38c00000 (DecompileCallback)  
WARN  Decompiling 821da940, pcode error at ebe1fff0: Could not follow disassembly flow into non-existing memory at ebe1fff0 (DecompileCallback)  
WARN  Decompiling 82195de8: Unable to read bytes at ram:91650000 (DecompileCallback)  
WARN  Decompiling 823231f8: Unable to read bytes at ram:614a9c80 (DecompileCallback)  
WARN  Decompiling 82195de8, pcode error at 7d6b5214: Could not follow disassembly flow into non-existing memory at 7d6b5214 (DecompileCallback)  
WARN  Decompiling 822c9d20: Unable to read bytes at ram:4e800020 (DecompileCallback)  
WARN  Decompiling 822c9d20: Unable to read bytes at ram:4d9a0020 (DecompileCallback)  
WARN  Decompiling 821da940: Unable to read bytes at ram:386ba494 (DecompileCallback)  
WARN  Decompiling 821da940: Unable to read bytes at ram:4e800020 (DecompileCallback)  
WARN  Decompiling 821da940, pcode error at 38c00000: Could not follow disassembly flow into non-existing memory at 38c00000 (DecompileCallback)  
WARN  Decompiling 82195de8: Unable to read bytes at ram:91650000 (DecompileCallback)  
WARN  Decompiling 82195de8, pcode error at 7d6b5214: Could not follow disassembly flow into non-existing memory at 7d6b5214 (DecompileCallback)  
WARN  Decompiling 821da940, pcode error at ebe1fff0: Could not follow disassembly flow into non-existing memory at ebe1fff0 (DecompileCallback)  
WARN  Decompiling 82195de8: Unable to read bytes at ram:91650000 (DecompileCallback)  
WARN  Decompiling 821da940: Unable to read bytes at ram:386ba494 (DecompileCallback)  
WARN  Decompiling 8225df88: Unable to read bytes at ram:7c69f82e (DecompileCallback)  
WARN  Decompiling 821da940: Unable to read bytes at ram:4e800020 (DecompileCallback)  
WARN  Decompiling 82141df8: Unable to read bytes at ram:419a0010 (DecompileCallback)  
WARN  Decompiling 82141df8, pcode error at 2b0a0000: Could not follow disassembly flow into non-existing memory at 2b0a0000 (DecompileCallback)  
WARN  Decompiling 823c19d8: Unable to read bytes at ram:7f03c378 (DecompileCallback)  
WARN  Decompiling 823c19d8, pcode error at 40820020: Could not follow disassembly flow into non-existing memory at 40820020 (DecompileCallback)  
WARN  Decompiling 8219d848: Unable to read bytes at ram:409a0058 (DecompileCallback)  
WARN  Decompiling 82141df8: Unable to read bytes at ram:419a0010 (DecompileCallback)  
WARN  Decompiling 82141df8, pcode error at 2b0a0000: Could not follow disassembly flow into non-existing memory at 2b0a0000 (DecompileCallback)  
WARN  Decompiling 8219d848, pcode error at 917f0000: Could not follow disassembly flow into non-existing memory at 917f0000 (DecompileCallback)  
WARN  Decompiling 821c7cd4: Unable to read bytes at ram:7fa7eb78 (DecompileCallback)  
WARN  Decompiling 82141df8: Unable to read bytes at ram:419a0010 (DecompileCallback)  
WARN  Decompiling 821c7cd4, pcode error at 419a001c: Could not follow disassembly flow into non-existing memory at 419a001c (DecompileCallback)  
WARN  Decompiling 822f0878: Unable to read bytes at ram:839e015c (DecompileCallback)  
WARN  Decompiling 822f0878, pcode error at 419a0080: Could not follow disassembly flow into non-existing memory at 419a0080 (DecompileCallback)  
WARN  Decompiling 823c19d8: Unable to read bytes at ram:7f03c378 (DecompileCallback)  
WARN  Decompiling 821c7cd4: Unable to read bytes at ram:7fa7eb78 (DecompileCallback)  
WARN  Decompiling 823c19d8, pcode error at 40820020: Could not follow disassembly flow into non-existing memory at 40820020 (DecompileCallback)  
WARN  Decompiling 821c7cd4, pcode error at 419a001c: Could not follow disassembly flow into non-existing memory at 419a001c (DecompileCallback)  
WARN  Decompiling 821c7cd4: Unable to read bytes at ram:7fa7eb78 (DecompileCallback)  
WARN  Decompiling 823c19d8: Unable to read bytes at ram:7f03c378 (DecompileCallback)  
WARN  Decompiling 8219d848: Unable to read bytes at ram:409a0058 (DecompileCallback)  
WARN  Decompiling 8219d848, pcode error at 917f0000: Could not follow disassembly flow into non-existing memory at 917f0000 (DecompileCallback)  
WARN  Decompiling 8219d848: Unable to read bytes at ram:409a0058 (DecompileCallback)  
WARN  Decompiling 82279318: Unable to read bytes at ram:409a000c (DecompileCallback)  
WARN  Decompiling 82279318: Unable to read bytes at ram:2b0b0000 (DecompileCallback)  
WARN  Decompiling 82279318, pcode error at 2b0b0000: Could not follow disassembly flow into non-existing memory at 2b0b0000 (DecompileCallback)  
WARN  Decompiling 8211a4c0: Unable to read bytes at ram:38800000 (DecompileCallback)  
WARN  Decompiling 82279318, pcode error at 89630004: Could not follow disassembly flow into non-existing memory at 89630004 (DecompileCallback)  
WARN  Decompiling 822f0878: Unable to read bytes at ram:839e015c (DecompileCallback)  
WARN  Decompiling 822f0878, pcode error at 419a0080: Could not follow disassembly flow into non-existing memory at 419a0080 (DecompileCallback)  
WARN  Decompiling 8231bb60: Unable to read bytes at ram:112059c3 (DecompileCallback)  
WARN  Decompiling 822f0878: Unable to read bytes at ram:839e015c (DecompileCallback)  
WARN  Decompiling 8231bb60: Unable to read bytes at ram:3bab9ed0 (DecompileCallback)  
WARN  Decompiling 8231bb60: Unable to read bytes at ram:419a0010 (DecompileCallback)  
WARN  Decompiling 8231bb60: Unable to read bytes at ram:39400020 (DecompileCallback)  
WARN  Decompiling 8231bb60: Unable to read bytes at ram:396100e0 (DecompileCallback)  
WARN  Decompiling 8231bb60, pcode error at 39610090: Could not follow disassembly flow into non-existing memory at 39610090 (DecompileCallback)  
WARN  Decompiling 8231bb60, pcode error at 7fe3fb78: Could not follow disassembly flow into non-existing memory at 7fe3fb78 (DecompileCallback)  
WARN  Decompiling 8231bb60, pcode error at 2b0b0000: Could not follow disassembly flow into non-existing memory at 2b0b0000 (DecompileCallback)  
WARN  Decompiling 8231bb60, pcode error at 3960ffff: Invalid instruction address (improperly aligned) (DecompileCallback)  
WARN  Decompiling 8231bb60, pcode error at 100059c3: Invalid instruction address (improperly aligned) (DecompileCallback)  
WARN  Decompiling 821c37e0: Unable to read bytes at ram:38800290 (DecompileCallback)  
WARN  Decompiling 821c37e0, pcode error at 38a00010: Could not follow disassembly flow into non-existing memory at 38a00010 (DecompileCallback)  
WARN  Decompiling 82279318: Unable to read bytes at ram:409a000c (DecompileCallback)  
WARN  Decompiling 82279318: Unable to read bytes at ram:2b0b0000 (DecompileCallback)  
WARN  Decompiling 82279318, pcode error at 2b0b0000: Could not follow disassembly flow into non-existing memory at 2b0b0000 (DecompileCallback)  
WARN  Decompiling 82279318, pcode error at 89630004: Could not follow disassembly flow into non-existing memory at 89630004 (DecompileCallback)  
WARN  Decompiling 82279318: Unable to read bytes at ram:409a000c (DecompileCallback)  
WARN  Decompiling 82279318: Unable to read bytes at ram:2b0b0000 (DecompileCallback)  
WARN  Decompiling 8235c69c, pcode error at 8235915c: Unable to resolve constructor at 8235915c (DecompileCallback)  
WARN  Decompiling 8235c69c, pcode error at 8235914c: Unable to resolve constructor at 8235914c (DecompileCallback)  
WARN  Decompiling 82221830: Unable to read bytes at ram:3f60826e (DecompileCallback)  
WARN  Decompiling 82221830, pcode error at 7d7c5b78: Could not follow disassembly flow into non-existing memory at 7d7c5b78 (DecompileCallback)  
WARN  Decompiling 8231bb60: Unable to read bytes at ram:112059c3 (DecompileCallback)  
WARN  Decompiling 82221830: Unable to read bytes at ram:3f60826e (DecompileCallback)  
WARN  Decompiling 82221830, pcode error at 7d7c5b78: Could not follow disassembly flow into non-existing memory at 7d7c5b78 (DecompileCallback)  
WARN  Decompiling 82221830: Unable to read bytes at ram:3f60826e (DecompileCallback)  
WARN  Decompiling 8231bb60: Unable to read bytes at ram:3bab9ed0 (DecompileCallback)  
WARN  Decompiling 8231bb60: Unable to read bytes at ram:419a0010 (DecompileCallback)  
WARN  Decompiling 8231bb60: Unable to read bytes at ram:39400020 (DecompileCallback)  
WARN  Decompiling 8231bb60: Unable to read bytes at ram:396100e0 (DecompileCallback)  
WARN  Decompiling 8231bb60, pcode error at 39610090: Could not follow disassembly flow into non-existing memory at 39610090 (DecompileCallback)  
WARN  Decompiling 8231bb60, pcode error at 7fe3fb78: Could not follow disassembly flow into non-existing memory at 7fe3fb78 (DecompileCallback)  
WARN  Decompiling 8231bb60, pcode error at 2b0b0000: Could not follow disassembly flow into non-existing memory at 2b0b0000 (DecompileCallback)  
WARN  Decompiling 8231bb60, pcode error at 3960ffff: Invalid instruction address (improperly aligned) (DecompileCallback)  
WARN  Decompiling 8231bb60, pcode error at 100059c3: Invalid instruction address (improperly aligned) (DecompileCallback)  
WARN  Decompiling 821c3be8: Unable to read bytes at ram:38800290 (DecompileCallback)  
WARN  Decompiling 821c3be8: Unable to read bytes at ram:92ff0280 (DecompileCallback)  
WARN  Decompiling 8231bb60: Unable to read bytes at ram:112059c3 (DecompileCallback)  
WARN  Decompiling 821c3be8, pcode error at 38a00010: Could not follow disassembly flow into non-existing memory at 38a00010 (DecompileCallback)  
WARN  Decompiling 821c3be8, pcode error at 387f001c: Could not follow disassembly flow into non-existing memory at 387f001c (DecompileCallback)  
WARN  Decompiling 8231bb60: Unable to read bytes at ram:3bab9ed0 (DecompileCallback)  
WARN  Decompiling 8231bb60: Unable to read bytes at ram:419a0010 (DecompileCallback)  
WARN  Decompiling 8231bb60: Unable to read bytes at ram:39400020 (DecompileCallback)  
WARN  Decompiling 8231bb60: Unable to read bytes at ram:396100e0 (DecompileCallback)  
WARN  Decompiling 82164620: Unable to read bytes at ram:4822487d (DecompileCallback)  
WARN  Decompiling 82164620, pcode error at 38610050: Could not follow disassembly flow into non-existing memory at 38610050 (DecompileCallback)  
WARN  Decompiling 8211a4c0, pcode error at 8210e9d4: Unable to resolve constructor at 8210e9d4 (DecompileCallback)  
WARN  Decompiling 82164620: Unable to read bytes at ram:4822487d (DecompileCallback)  
WARN  Decompiling 82164620, pcode error at 38610050: Could not follow disassembly flow into non-existing memory at 38610050 (DecompileCallback)  
WARN  Decompiling 82164620: Unable to read bytes at ram:4822487d (DecompileCallback)  
WARN  Decompiling 82156750: Unable to read bytes at ram:1180f9c3 (DecompileCallback)  
WARN  Decompiling 82156750, pcode error at 11bfd9c3: Invalid instruction address (improperly aligned) (DecompileCallback)  
WARN  Decompiling 82156750: Unable to read bytes at ram:1180f9c3 (DecompileCallback)  
WARN  Decompiling 82156750, pcode error at 11bfd9c3: Invalid instruction address (improperly aligned) (DecompileCallback)  
WARN  Decompiling 82156750: Unable to read bytes at ram:1180f9c3 (DecompileCallback)  
WARN  Decompiling 82267468, pcode error at 82268550: Unable to resolve constructor at 82268550 (DecompileCallback)  
WARN  Decompiling 821cfc38: Unable to read bytes at ram:48000008 (DecompileCallback)  
WARN  Decompiling 821cfc38, pcode error at 907b61a4: Could not follow disassembly flow into non-existing memory at 907b61a4 (DecompileCallback)  
WARN  Decompiling 821c37e0: Unable to read bytes at ram:38800290 (DecompileCallback)  
WARN  Decompiling 821c37e0, pcode error at 38a00010: Could not follow disassembly flow into non-existing memory at 38a00010 (DecompileCallback)  
WARN  Decompiling 821d3070: Unable to read bytes at ram:3d600000 (DecompileCallback)  
WARN  Decompiling 821d3070, pcode error at 4802770d: Invalid instruction address (improperly aligned) (DecompileCallback)  
WARN  Decompiling 822cc688: Unable to read bytes at ram:382100a0 (DecompileCallback)  
WARN  Decompiling 821c3be8: Unable to read bytes at ram:38800290 (DecompileCallback)  
WARN  Decompiling 822cc688, pcode error at 907c0000: Could not follow disassembly flow into non-existing memory at 907c0000 (DecompileCallback)  
WARN  Decompiling 821c3be8: Unable to read bytes at ram:92ff0280 (DecompileCallback)  
WARN  Decompiling 821c3be8, pcode error at 38a00010: Could not follow disassembly flow into non-existing memory at 38a00010 (DecompileCallback)  
WARN  Decompiling 821c37e0: Unable to read bytes at ram:38800290 (DecompileCallback)  
WARN  Decompiling 821c3be8, pcode error at 387f001c: Could not follow disassembly flow into non-existing memory at 387f001c (DecompileCallback)  
WARN  Decompiling 821d3070: Unable to read bytes at ram:3d600000 (DecompileCallback)  
WARN  Decompiling 821d3070, pcode error at 4802770d: Invalid instruction address (improperly aligned) (DecompileCallback)  
WARN  Decompiling 821d3070: Unable to read bytes at ram:3d600000 (DecompileCallback)  
WARN  Decompiling 822d0008: Unable to read bytes at ram:812a0000 (DecompileCallback)  
WARN  Decompiling 822d0008, pcode error at 7d0b4378: Could not follow disassembly flow into non-existing memory at 7d0b4378 (DecompileCallback)  
WARN  Decompiling 821cfc38: Unable to read bytes at ram:48000008 (DecompileCallback)  
WARN  Decompiling 821c3be8: Unable to read bytes at ram:38800290 (DecompileCallback)  
WARN  Decompiling 821cfc38, pcode error at 907b61a4: Could not follow disassembly flow into non-existing memory at 907b61a4 (DecompileCallback)  
WARN  Decompiling 821c3be8: Unable to read bytes at ram:92ff0280 (DecompileCallback)  
WARN  Decompiling 822cc688: Unable to read bytes at ram:382100a0 (DecompileCallback)  
WARN  Decompiling 822cc688, pcode error at 907c0000: Could not follow disassembly flow into non-existing memory at 907c0000 (DecompileCallback)  
WARN  Decompiling 821cfc38: Unable to read bytes at ram:48000008 (DecompileCallback)  
WARN  Decompiling 822cc688: Unable to read bytes at ram:382100a0 (DecompileCallback)  
WARN  Decompiling 82267468, pcode error at 82268998: Unable to resolve constructor at 82268998 (DecompileCallback)  
WARN  Decompiling 8211c130: Unable to read bytes at ram:38800000 (DecompileCallback)  
WARN  Decompiling 8211c130, pcode error at 480001b0: Could not follow disassembly flow into non-existing memory at 480001b0 (DecompileCallback)  
WARN  Decompiling 82142850: Unable to read bytes at ram:c3cb9b64 (DecompileCallback)  
WARN  Decompiling 82142850, pcode error at 3b90001c: Could not follow disassembly flow into non-existing memory at 3b90001c (DecompileCallback)  
WARN  Decompiling 8211c130: Unable to read bytes at ram:38800000 (DecompileCallback)  
WARN  Decompiling 8211c130, pcode error at 480001b0: Could not follow disassembly flow into non-existing memory at 480001b0 (DecompileCallback)  
WARN  Decompiling 8215ca98: Unable to read bytes at ram:556a083c (DecompileCallback)  
WARN  Decompiling 8211c130: Unable to read bytes at ram:38800000 (DecompileCallback)  
WARN  Decompiling 8215ca98, pcode error at 8103017c: Could not follow disassembly flow into non-existing memory at 8103017c (DecompileCallback)  
WARN  Decompiling 8215ca98: Unable to read bytes at ram:556a083c (DecompileCallback)  
WARN  Decompiling 82142850: Unable to read bytes at ram:c3cb9b64 (DecompileCallback)  
WARN  Decompiling 8215ca98, pcode error at 8103017c: Could not follow disassembly flow into non-existing memory at 8103017c (DecompileCallback)  
WARN  Decompiling 82142850, pcode error at 3b90001c: Could not follow disassembly flow into non-existing memory at 3b90001c (DecompileCallback)  
WARN  Decompiling 8215ca98: Unable to read bytes at ram:556a083c (DecompileCallback)  
WARN  Decompiling 82142850: Unable to read bytes at ram:c3cb9b64 (DecompileCallback)  
WARN  Decompiling 82267468, pcode error at 82268bcc: Unable to resolve constructor at 82268bcc (DecompileCallback)  
WARN  Decompiling 82267468, pcode error at 82268d8c: Unable to resolve constructor at 82268d8c (DecompileCallback)  
WARN  Decompiling 820db578: Unable to read bytes at ram:c1be0064 (DecompileCallback)  
WARN  Decompiling 820db578, pcode error at d1bf0b00: Could not follow disassembly flow into non-existing memory at d1bf0b00 (DecompileCallback)  
WARN  Decompiling 8228d650: Unable to read bytes at ram:394a0001 (DecompileCallback)  
WARN  Decompiling 8228d650, pcode error at 556be8fe: Could not follow disassembly flow into non-existing memory at 556be8fe (DecompileCallback)  
WARN  Decompiling 822d0008: Unable to read bytes at ram:812a0000 (DecompileCallback)  
WARN  Decompiling 822d0008, pcode error at 7d0b4378: Could not follow disassembly flow into non-existing memory at 7d0b4378 (DecompileCallback)  
WARN  Decompiling 820db578: Unable to read bytes at ram:c1be0064 (DecompileCallback)  
WARN  Decompiling 820db578, pcode error at d1bf0b00: Could not follow disassembly flow into non-existing memory at d1bf0b00 (DecompileCallback)  
WARN  Decompiling 82267468: Unable to read bytes at ram:15ad4190 (DecompileCallback)  
WARN  Decompiling 82267468: Unable to read bytes at ram:18076b10 (DecompileCallback)  
WARN  Decompiling 82267468, pcode error at 14ad4990: Could not follow disassembly flow into non-existing memory at 14ad4990 (DecompileCallback)  
WARN  Decompiling 82267468, pcode error at 15ad0090: Could not follow disassembly flow into non-existing memory at 15ad0090 (DecompileCallback)  
WARN  Decompiling 820db578: Unable to read bytes at ram:c1be0064 (DecompileCallback)  
WARN  Decompiling 822d0008: Unable to read bytes at ram:812a0000 (DecompileCallback)  
WARN  Decompiling 8228d650: Unable to read bytes at ram:394a0001 (DecompileCallback)  
WARN  Decompiling 8228d650, pcode error at 556be8fe: Could not follow disassembly flow into non-existing memory at 556be8fe (DecompileCallback)  
WARN  Decompiling 82267468, pcode error at 82268550: Unable to resolve constructor at 82268550 (DecompileCallback)  
WARN  Decompiling 8228d650: Unable to read bytes at ram:394a0001 (DecompileCallback)  
WARN  Decompiling 82267468, pcode error at 82268998: Unable to resolve constructor at 82268998 (DecompileCallback)  
WARN  Decompiling 82267468, pcode error at 82268bcc: Unable to resolve constructor at 82268bcc (DecompileCallback)  
WARN  Decompiling 82267468, pcode error at 82268d8c: Unable to resolve constructor at 82268d8c (DecompileCallback)  
WARN  Decompiling 82267468: Unable to read bytes at ram:15ad4190 (DecompileCallback)  
WARN  Decompiling 82267468: Unable to read bytes at ram:18076b10 (DecompileCallback)  
WARN  Decompiling 82267468, pcode error at 14ad4990: Could not follow disassembly flow into non-existing memory at 14ad4990 (DecompileCallback)  
WARN  Decompiling 82267468, pcode error at 15ad0090: Could not follow disassembly flow into non-existing memory at 15ad0090 (DecompileCallback)  
WARN  Decompiling 82267468: Unable to read bytes at ram:15ad4190 (DecompileCallback)  
WARN  Decompiling 82267468: Unable to read bytes at ram:18076b10 (DecompileCallback)  
WARN  Decompiling 82363328, pcode error at 82359558: Unable to resolve constructor at 82359558 (DecompileCallback)  
WARN  Decompiling 82363328, pcode error at 82359500: Unable to resolve constructor at 82359500 (DecompileCallback)  
WARN  Decompiling 82363328, pcode error at 8235946c: Unable to resolve constructor at 8235946c (DecompileCallback)  
WARN  Decompiling 82363328, pcode error at 82359518: Unable to resolve constructor at 82359518 (DecompileCallback)  
WARN  Decompiling 82363328, pcode error at 8235915c: Unable to resolve constructor at 8235915c (DecompileCallback)  
WARN  Decompiling 82363328, pcode error at 8235914c: Unable to resolve constructor at 8235914c (DecompileCallback)  
WARN  Decompiling 823216c0: Unable to read bytes at ram:83e400e0 (DecompileCallback)  
WARN  Decompiling 823216c0: Unable to read bytes at ram:48000008 (DecompileCallback)  
WARN  Decompiling 823216c0: Unable to read bytes at ram:546b063e (DecompileCallback)  
WARN  Decompiling 823216c0, pcode error at 3d600002: Could not follow disassembly flow into non-existing memory at 3d600002 (DecompileCallback)  
WARN  Decompiling 823216c0, pcode error at a16b004e: Could not follow disassembly flow into non-existing memory at a16b004e (DecompileCallback)  
WARN  Decompiling 823216c0, pcode error at 4e800421: Invalid instruction address (improperly aligned) (DecompileCallback)  
WARN  Decompiling 823216c0: Unable to read bytes at ram:83e400e0 (DecompileCallback)  
WARN  Decompiling 823216c0: Unable to read bytes at ram:48000008 (DecompileCallback)  
WARN  Decompiling 823216c0: Unable to read bytes at ram:546b063e (DecompileCallback)  
WARN  Decompiling 823216c0, pcode error at 3d600002: Could not follow disassembly flow into non-existing memory at 3d600002 (DecompileCallback)  
WARN  Decompiling 823216c0, pcode error at a16b004e: Could not follow disassembly flow into non-existing memory at a16b004e (DecompileCallback)  
WARN  Decompiling 823216c0, pcode error at 4e800421: Invalid instruction address (improperly aligned) (DecompileCallback)  
WARN  Decompiling 823216c0: Unable to read bytes at ram:83e400e0 (DecompileCallback)  
WARN  Decompiling 823216c0: Unable to read bytes at ram:48000008 (DecompileCallback)  
WARN  Decompiling 823216c0: Unable to read bytes at ram:546b063e (DecompileCallback)  
WARN  Decompiling 821a3e70: Unable to read bytes at ram:7d6903a6 (DecompileCallback)  
WARN  Decompiling 821a3e70, pcode error at 816b000c: Could not follow disassembly flow into non-existing memory at 816b000c (DecompileCallback)  
WARN  Decompiling 821a3e70: Unable to read bytes at ram:7d6903a6 (DecompileCallback)  
WARN  Decompiling 821a3e70, pcode error at 816b000c: Could not follow disassembly flow into non-existing memory at 816b000c (DecompileCallback)  
WARN  Decompiling 821a3e70: Unable to read bytes at ram:7d6903a6 (DecompileCallback)  
WARN  Decompiling 821a0388: Unable to read bytes at ram:38a5cd48 (DecompileCallback)  
WARN  Decompiling 821a0388, pcode error at 91680000: Could not follow disassembly flow into non-existing memory at 91680000 (DecompileCallback)  
WARN  Decompiling 821a0388: Unable to read bytes at ram:38a5cd48 (DecompileCallback)  
WARN  Decompiling 821a0388, pcode error at 91680000: Could not follow disassembly flow into non-existing memory at 91680000 (DecompileCallback)  
WARN  Decompiling 821a0388: Unable to read bytes at ram:38a5cd48 (DecompileCallback)  
WARN  Decompiling 8209bb10: Unable to read bytes at ram:7d8803a6 (DecompileCallback)  
WARN  Decompiling 8209bb10, pcode error at 8181fff8: Could not follow disassembly flow into non-existing memory at 8181fff8 (DecompileCallback)  
WARN  Decompiling 8209bb10: Unable to read bytes at ram:7d8803a6 (DecompileCallback)  
WARN  Decompiling 8209bb10, pcode error at 8181fff8: Could not follow disassembly flow into non-existing memory at 8181fff8 (DecompileCallback)  
WARN  Decompiling 8209bb10: Unable to read bytes at ram:7d8803a6 (DecompileCallback)  
WARN  Decompiling 822b8370, pcode error at 822b86d4: Unable to resolve constructor at 822b86d4 (DecompileCallback)  
WARN  Decompiling 822b8370: Unable to read bytes at ram:7fe3fb78 (DecompileCallback)  
WARN  Decompiling 822b8370, pcode error at 817f0000: Could not follow disassembly flow into non-existing memory at 817f0000 (DecompileCallback)  
WARN  Decompiling 822b8370, pcode error at 822b86d4: Unable to resolve constructor at 822b86d4 (DecompileCallback)  
WARN  Decompiling 822b8370: Unable to read bytes at ram:7fe3fb78 (DecompileCallback)  
WARN  Decompiling 822b8370, pcode error at 817f0000: Could not follow disassembly flow into non-existing memory at 817f0000 (DecompileCallback)  
WARN  Decompiling 822b8370: Unable to read bytes at ram:7fe3fb78 (DecompileCallback)  
WARN  Decompiling 821b59c0: Unable to read bytes at ram:7c8a582e (DecompileCallback)  
WARN  Decompiling 821b59c0, pcode error at 554a103a: Could not follow disassembly flow into non-existing memory at 554a103a (DecompileCallback)  
WARN  Decompiling 821b59c0: Unable to read bytes at ram:7c8a582e (DecompileCallback)  
WARN  Decompiling 821b59c0, pcode error at 554a103a: Could not follow disassembly flow into non-existing memory at 554a103a (DecompileCallback)  
WARN  Decompiling 821b59c0: Unable to read bytes at ram:7c8a582e (DecompileCallback)  
WARN  Decompiling 82137ea8, pcode error at 82138238: Unable to resolve constructor at 82138238 (DecompileCallback)  
WARN  Decompiling 82137ea8, pcode error at 82138508: Unable to resolve constructor at 82138508 (DecompileCallback)  
WARN  Decompiling 82137ea8: Unable to read bytes at ram:edab682a (DecompileCallback)  
WARN  Decompiling 82137ea8: Unable to read bytes at ram:7f1e1800 (DecompileCallback)  
WARN  Decompiling 82137ea8, pcode error at c1610060: Could not follow disassembly flow into non-existing memory at c1610060 (DecompileCallback)  
WARN  Decompiling 82137ea8, pcode error at 4809fb69: Invalid instruction address (improperly aligned) (DecompileCallback)  
WARN  Decompiling 82137ea8, pcode error at 82138238: Unable to resolve constructor at 82138238 (DecompileCallback)  
WARN  Decompiling 82137ea8, pcode error at 82138508: Unable to resolve constructor at 82138508 (DecompileCallback)  
WARN  Decompiling 82137ea8: Unable to read bytes at ram:edab682a (DecompileCallback)  
WARN  Decompiling 82137ea8: Unable to read bytes at ram:7f1e1800 (DecompileCallback)  
WARN  Decompiling 82137ea8, pcode error at c1610060: Could not follow disassembly flow into non-existing memory at c1610060 (DecompileCallback)  
WARN  Decompiling 82137ea8, pcode error at 4809fb69: Invalid instruction address (improperly aligned) (DecompileCallback)  
WARN  Decompiling 82137ea8: Unable to read bytes at ram:edab682a (DecompileCallback)  
WARN  Decompiling 82137ea8: Unable to read bytes at ram:7f1e1800 (DecompileCallback)  
WARN  Decompiling 821baffc: Unable to read bytes at ram:386b6db8 (DecompileCallback)  
WARN  Decompiling 821baffc, pcode error at 3d60823f: Invalid instruction address (improperly aligned) (DecompileCallback)  
WARN  Decompiling 820b78e8: Unable to read bytes at ram:482cf4c5 (DecompileCallback)  
WARN  Decompiling 820b78e8, pcode error at 419a000c: Could not follow disassembly flow into non-existing memory at 419a000c (DecompileCallback)  
WARN  Decompiling 821baffc: Unable to read bytes at ram:386b6db8 (DecompileCallback)  
WARN  Decompiling 821baffc, pcode error at 3d60823f: Invalid instruction address (improperly aligned) (DecompileCallback)  
WARN  Decompiling 820b78e8: Unable to read bytes at ram:482cf4c5 (DecompileCallback)  
WARN  Decompiling 820b78e8, pcode error at 419a000c: Could not follow disassembly flow into non-existing memory at 419a000c (DecompileCallback)  
WARN  Decompiling 821baffc: Unable to read bytes at ram:386b6db8 (DecompileCallback)  
WARN  Decompiling 820b78e8: Unable to read bytes at ram:482cf4c5 (DecompileCallback)  
WARN  Decompiling 82256778: Unable to read bytes at ram:915f1160 (DecompileCallback)  
WARN  Decompiling 82256778, pcode error at 39400003: Invalid instruction address (improperly aligned) (DecompileCallback)  
WARN  Decompiling 82256778: Unable to read bytes at ram:915f1160 (DecompileCallback)  
WARN  Decompiling 82256778, pcode error at 39400003: Invalid instruction address (improperly aligned) (DecompileCallback)  
WARN  Decompiling 82256778: Unable to read bytes at ram:915f1160 (DecompileCallback)  
WARN  Decompiling 821142f4, pcode error at 8210e9d4: Unable to resolve constructor at 8210e9d4 (DecompileCallback)  
WARN  Decompiling 82362eb8, pcode error at 8235915c: Unable to resolve constructor at 8235915c (DecompileCallback)  
WARN  Decompiling 82362eb8, pcode error at 8235914c: Unable to resolve constructor at 8235914c (DecompileCallback)  
WARN  Decompiling 822d36f8: Unable to read bytes at ram:7c0047ae (DecompileCallback)  
WARN  Decompiling 822d36f8, pcode error at fc00065e: Could not follow disassembly flow into non-existing memory at fc00065e (DecompileCallback)  
WARN  Decompiling 822d36f8: Unable to read bytes at ram:7c0047ae (DecompileCallback)  
WARN  Decompiling 822d36f8, pcode error at fc00065e: Could not follow disassembly flow into non-existing memory at fc00065e (DecompileCallback)  
WARN  Decompiling 822d36f8: Unable to read bytes at ram:7c0047ae (DecompileCallback)  
WARN  Decompiling 821b7288: Unable to read bytes at ram:2b050005 (DecompileCallback)  
WARN  Decompiling 821b7288: Unable to read bytes at ram:2b050005 (DecompileCallback)  
WARN  Decompiling 821b7288: Unable to read bytes at ram:2b050005 (DecompileCallback)  
WARN  Decompiling 822fc4b0: Unable to read bytes at ram:c1210064 (DecompileCallback)  
WARN  Decompiling 822fc4b0, pcode error at 9149000c: Could not follow disassembly flow into non-existing memory at 9149000c (DecompileCallback)  
WARN  Decompiling 822fc4b0: Unable to read bytes at ram:c1210064 (DecompileCallback)  
WARN  Decompiling 822fc4b0, pcode error at 9149000c: Could not follow disassembly flow into non-existing memory at 9149000c (DecompileCallback)  
WARN  Decompiling 822fc4b0: Unable to read bytes at ram:c1210064 (DecompileCallback)  
WARN  Decompiling 821ad648: Unable to read bytes at ram:4bfbb7d5 (DecompileCallback)  
WARN  Decompiling 821ad648, pcode error at 807f027c: Could not follow disassembly flow into non-existing memory at 807f027c (DecompileCallback)  
WARN  Decompiling 821ad648: Unable to read bytes at ram:4bfbb7d5 (DecompileCallback)  
WARN  Decompiling 821ad648, pcode error at 807f027c: Could not follow disassembly flow into non-existing memory at 807f027c (DecompileCallback)  
WARN  Decompiling 821ad648: Unable to read bytes at ram:4bfbb7d5 (DecompileCallback)  
WARN  Decompiling 822eb0f8: Unable to read bytes at ram:809d002c (DecompileCallback)  
WARN  Decompiling 822eb0f8, pcode error at 4bf8ffad: Invalid instruction address (improperly aligned) (DecompileCallback)  
WARN  Decompiling 822eb0f8: Unable to read bytes at ram:809d002c (DecompileCallback)  
WARN  Decompiling 822eb0f8, pcode error at 4bf8ffad: Invalid instruction address (improperly aligned) (DecompileCallback)  
WARN  Decompiling 822eb0f8: Unable to read bytes at ram:809d002c (DecompileCallback)  
WARN  Decompiling 822fd698: Unable to read bytes at ram:38810070 (DecompileCallback)  
WARN  Decompiling 822fd698: Unable to read bytes at ram:100b5c84 (DecompileCallback)  
WARN  Decompiling 822fd698: Unable to read bytes at ram:c01f0578 (DecompileCallback)  
WARN  Decompiling 822fd698: Unable to read bytes at ram:cbc1ffb0 (DecompileCallback)  
WARN  Decompiling 822fd698, pcode error at c3df015c: Could not follow disassembly flow into non-existing memory at c3df015c (DecompileCallback)  
WARN  Decompiling 822fd698, pcode error at 100059c3: Invalid instruction address (improperly aligned) (DecompileCallback)  
WARN  Decompiling 822fd698, pcode error at 419a0150: Could not follow disassembly flow into non-existing memory at 419a0150 (DecompileCallback)  
WARN  Decompiling 822fd698, pcode error at cba1ffa8: Could not follow disassembly flow into non-existing memory at cba1ffa8 (DecompileCallback)  
WARN  Decompiling 822fd698: Unable to read bytes at ram:38810070 (DecompileCallback)  
WARN  Decompiling 822fd698: Unable to read bytes at ram:100b5c84 (DecompileCallback)  
WARN  Decompiling 822fd698: Unable to read bytes at ram:c01f0578 (DecompileCallback)  
WARN  Decompiling 822fd698: Unable to read bytes at ram:cbc1ffb0 (DecompileCallback)  
WARN  Decompiling 822fd698, pcode error at c3df015c: Could not follow disassembly flow into non-existing memory at c3df015c (DecompileCallback)  
WARN  Decompiling 822fd698, pcode error at 100059c3: Invalid instruction address (improperly aligned) (DecompileCallback)  
WARN  Decompiling 822fd698, pcode error at 419a0150: Could not follow disassembly flow into non-existing memory at 419a0150 (DecompileCallback)  
WARN  Decompiling 822fd698, pcode error at cba1ffa8: Could not follow disassembly flow into non-existing memory at cba1ffa8 (DecompileCallback)  
WARN  Decompiling 822fd698: Unable to read bytes at ram:38810070 (DecompileCallback)  
WARN  Decompiling 822fd698: Unable to read bytes at ram:100b5c84 (DecompileCallback)  
WARN  Decompiling 822fd698: Unable to read bytes at ram:c01f0578 (DecompileCallback)  
WARN  Decompiling 822fd698: Unable to read bytes at ram:cbc1ffb0 (DecompileCallback)  
WARN  Decompiling 82125d88: Unable to read bytes at ram:ec0007b2 (DecompileCallback)  
WARN  Decompiling 82125d88, pcode error at fc20f890: Could not follow disassembly flow into non-existing memory at fc20f890 (DecompileCallback)  
WARN  Decompiling 82125d88: Unable to read bytes at ram:ec0007b2 (DecompileCallback)  
WARN  Decompiling 82125d88, pcode error at fc20f890: Could not follow disassembly flow into non-existing memory at fc20f890 (DecompileCallback)  
WARN  Decompiling 82125d88: Unable to read bytes at ram:ec0007b2 (DecompileCallback)  
WARN  Decompiling 82140988: Unable to read bytes at ram:c0010080 (DecompileCallback)  
WARN  Decompiling 82140988, pcode error at 4bfff6ed: Invalid instruction address (improperly aligned) (DecompileCallback)  
WARN  Decompiling 82140988: Unable to read bytes at ram:c0010080 (DecompileCallback)  
WARN  Decompiling 82140988, pcode error at 4bfff6ed: Invalid instruction address (improperly aligned) (DecompileCallback)  
WARN  Decompiling 82140988: Unable to read bytes at ram:c0010080 (DecompileCallback)  
WARN  Decompiling 822d6490: Unable to read bytes at ram:7f3e5840 (DecompileCallback)  
WARN  Decompiling 822d6490, pcode error at 7fdd5214: Could not follow disassembly flow into non-existing memory at 7fdd5214 (DecompileCallback)  
WARN  Decompiling 822d6490: Unable to read bytes at ram:7f3e5840 (DecompileCallback)  
WARN  Decompiling 822d6490, pcode error at 7fdd5214: Could not follow disassembly flow into non-existing memory at 7fdd5214 (DecompileCallback)  
WARN  Decompiling 822d6490: Unable to read bytes at ram:7f3e5840 (DecompileCallback)  
WARN  Decompiling 822e2e10: Unable to read bytes at ram:fc400890 (DecompileCallback)  
WARN  Decompiling 821b6ab0: Unable to read bytes at ram:409a0010 (DecompileCallback)  
WARN  Decompiling 822e2e10, pcode error at 7fe3fb78: Could not follow disassembly flow into non-existing memory at 7fe3fb78 (DecompileCallback)  
WARN  Decompiling 821b6ab0, pcode error at 3d608269: Invalid instruction address (improperly aligned) (DecompileCallback)  
WARN  Decompiling 8219df08: Unable to read bytes at ram:fc00001e (DecompileCallback)  
WARN  Decompiling 8219df08, pcode error at ec006024: Could not follow disassembly flow into non-existing memory at ec006024 (DecompileCallback)  
WARN  Decompiling 822dad08: Unable to read bytes at ram:4bf514bd (DecompileCallback)  
WARN  Decompiling 822f6308: Unable to read bytes at ram:9421ff90 (DecompileCallback)  
WARN  Decompiling 822f6308, pcode error at 48093791: Invalid instruction address (improperly aligned) (DecompileCallback)  
WARN  Decompiling 822dad08, pcode error at c02b00d4: Could not follow disassembly flow into non-existing memory at c02b00d4 (DecompileCallback)  
WARN  Decompiling 822e2e10: Unable to read bytes at ram:fc400890 (DecompileCallback)  
WARN  Decompiling 822e2e10, pcode error at 7fe3fb78: Could not follow disassembly flow into non-existing memory at 7fe3fb78 (DecompileCallback)  
WARN  Decompiling 821b6ab0: Unable to read bytes at ram:409a0010 (DecompileCallback)  
WARN  Decompiling 821b6ab0, pcode error at 3d608269: Invalid instruction address (improperly aligned) (DecompileCallback)  
WARN  Decompiling 822e7900: Unable to read bytes at ram:39610080 (DecompileCallback)  
WARN  Decompiling 822e7900, pcode error at 116be0c3: Invalid instruction address (improperly aligned) (DecompileCallback)  
WARN  Decompiling 822e2e10: Unable to read bytes at ram:fc400890 (DecompileCallback)  
WARN  Decompiling 821b6ab0: Unable to read bytes at ram:409a0010 (DecompileCallback)  
WARN  Decompiling 82155c70: Unable to read bytes at ram:3bc00001 (DecompileCallback)  
WARN  Decompiling 822dad08: Unable to read bytes at ram:4bf514bd (DecompileCallback)  
WARN  Decompiling 8219df08: Unable to read bytes at ram:fc00001e (DecompileCallback)  
WARN  Decompiling 822dad08, pcode error at c02b00d4: Could not follow disassembly flow into non-existing memory at c02b00d4 (DecompileCallback)  
WARN  Decompiling 82155c70, pcode error at 817f0068: Could not follow disassembly flow into non-existing memory at 817f0068 (DecompileCallback)  
WARN  Decompiling 8219df08, pcode error at ec006024: Could not follow disassembly flow into non-existing memory at ec006024 (DecompileCallback)  
WARN  Decompiling 822dad08: Unable to read bytes at ram:4bf514bd (DecompileCallback)  
WARN  Decompiling 8219df08: Unable to read bytes at ram:fc00001e (DecompileCallback)  
WARN  Decompiling 822f6308: Unable to read bytes at ram:9421ff90 (DecompileCallback)  
WARN  Decompiling 822f6308, pcode error at 48093791: Invalid instruction address (improperly aligned) (DecompileCallback)  
WARN  Decompiling 822f6308: Unable to read bytes at ram:9421ff90 (DecompileCallback)  
WARN  Decompiling 822e7900: Unable to read bytes at ram:39610080 (DecompileCallback)  
WARN  Decompiling 822e7900, pcode error at 116be0c3: Invalid instruction address (improperly aligned) (DecompileCallback)  
WARN  Decompiling 82144a30: Unable to read bytes at ram:1000036e (DecompileCallback)  
WARN  Decompiling 82144a30, pcode error at 118000c6: Could not follow disassembly flow into non-existing memory at 118000c6 (DecompileCallback)  
WARN  Decompiling 8222ae40: Unable to read bytes at ram:7d6bfa14 (DecompileCallback)  
WARN  Decompiling 821b6998: Unable to read bytes at ram:38c00000 (DecompileCallback)  
WARN  Decompiling 822e7900: Unable to read bytes at ram:39610080 (DecompileCallback)  
WARN  Decompiling 8222ae40, pcode error at 556b103a: Could not follow disassembly flow into non-existing memory at 556b103a (DecompileCallback)  
WARN  Decompiling 821b6998, pcode error at 815f0000: Could not follow disassembly flow into non-existing memory at 815f0000 (DecompileCallback)  
WARN  Decompiling 82155c70: Unable to read bytes at ram:3bc00001 (DecompileCallback)  
WARN  Decompiling 82144a30: Unable to read bytes at ram:1000036e (DecompileCallback)  
WARN  Decompiling 82155c70, pcode error at 817f0068: Could not follow disassembly flow into non-existing memory at 817f0068 (DecompileCallback)  
WARN  Decompiling 82144a30, pcode error at 118000c6: Could not follow disassembly flow into non-existing memory at 118000c6 (DecompileCallback)  
WARN  Decompiling 82144a30: Unable to read bytes at ram:1000036e (DecompileCallback)  
WARN  Decompiling 8222ae40: Unable to read bytes at ram:7d6bfa14 (DecompileCallback)  
WARN  Decompiling 8222ae40, pcode error at 556b103a: Could not follow disassembly flow into non-existing memory at 556b103a (DecompileCallback)  
WARN  Decompiling 82155c70: Unable to read bytes at ram:3bc00001 (DecompileCallback)  
WARN  Decompiling 821b6998: Unable to read bytes at ram:38c00000 (DecompileCallback)  
WARN  Decompiling 8222ae40: Unable to read bytes at ram:7d6bfa14 (DecompileCallback)  
WARN  Decompiling 821b6998, pcode error at 815f0000: Could not follow disassembly flow into non-existing memory at 815f0000 (DecompileCallback)  
WARN  Decompiling 821b6998: Unable to read bytes at ram:38c00000 (DecompileCallback)  
WARN  Decompiling 82360010, pcode error at 82359558: Unable to resolve constructor at 82359558 (DecompileCallback)  
WARN  Decompiling 82360010, pcode error at 82359500: Unable to resolve constructor at 82359500 (DecompileCallback)  
WARN  Decompiling 82360010, pcode error at 8235946c: Unable to resolve constructor at 8235946c (DecompileCallback)  
WARN  Decompiling 82360010, pcode error at 82359518: Unable to resolve constructor at 82359518 (DecompileCallback)  
INFO  Packed database cache: /fastdata/lavaulta/neural_doubling_public_di_gpu_pack/.cache_runtime/xdg/lavaulta-ghidra/packed-db-cache (PackedDatabaseCache)  
INFO  Applied data type archive: generic_clib (ApplyDataArchiveAnalyzer)  
WARN  Decompiling 820c1a98: Unable to read bytes at ram:817e0048 (DecompileCallback)  
WARN  Decompiling 820c1a98, pcode error at 419a0390: Could not follow disassembly flow into non-existing memory at 419a0390 (DecompileCallback)  
WARN  Decompiling 820c1a98: Unable to read bytes at ram:817e0048 (DecompileCallback)  
WARN  Decompiling 820c1a98, pcode error at 419a0390: Could not follow disassembly flow into non-existing memory at 419a0390 (DecompileCallback)  
WARN  Decompiling 820c1a98: Unable to read bytes at ram:817e0048 (DecompileCallback)  
WARN  Decompiling 8210ff5c, pcode error at 8210e9d4: Unable to resolve constructor at 8210e9d4 (DecompileCallback)  
WARN  Decompiling 8210fb7c, pcode error at 8210e9d4: Unable to resolve constructor at 8210e9d4 (DecompileCallback)  
WARN  Decompiling 8212f03c: Unable to read bytes at ram:38a00010 (DecompileCallback)  
WARN  Decompiling 8212f03c, pcode error at 38c00000: Could not follow disassembly flow into non-existing memory at 38c00000 (DecompileCallback)  
WARN  Decompiling 8212f03c: Unable to read bytes at ram:38a00010 (DecompileCallback)  
WARN  Decompiling 8212f03c, pcode error at 38c00000: Could not follow disassembly flow into non-existing memory at 38c00000 (DecompileCallback)  
WARN  Decompiling 8212f03c: Unable to read bytes at ram:38a00010 (DecompileCallback)  
WARN  Decompiling 8213edf8, pcode error at 8213f338: Unable to resolve constructor at 8213f338 (DecompileCallback)  
WARN  Decompiling 8213edf8: Unable to read bytes at ram:817f293c (DecompileCallback)  
WARN  Decompiling 8213edf8, pcode error at 480a3bcd: Invalid instruction address (improperly aligned) (DecompileCallback)  
WARN  Decompiling 8213edf8, pcode error at 8213f338: Unable to resolve constructor at 8213f338 (DecompileCallback)  
WARN  Decompiling 8213edf8: Unable to read bytes at ram:817f293c (DecompileCallback)  
WARN  Decompiling 8213edf8, pcode error at 480a3bcd: Invalid instruction address (improperly aligned) (DecompileCallback)  
WARN  Decompiling 8213edf8: Unable to read bytes at ram:817f293c (DecompileCallback)  
WARN  Decompiling 82192a30: Unable to read bytes at ram:7c7f1b78 (DecompileCallback)  
WARN  Decompiling 82192a30, pcode error at 9421ffa0: Could not follow disassembly flow into non-existing memory at 9421ffa0 (DecompileCallback)  
WARN  Decompiling 82192a30: Unable to read bytes at ram:7c7f1b78 (DecompileCallback)  
WARN  Decompiling 82192a30, pcode error at 9421ffa0: Could not follow disassembly flow into non-existing memory at 9421ffa0 (DecompileCallback)  
WARN  Decompiling 82192a30: Unable to read bytes at ram:7c7f1b78 (DecompileCallback)  
WARN  Decompiling 821a0a20: Unable to read bytes at ram:548a103a (DecompileCallback)  
WARN  Decompiling 821a0a20, pcode error at 3d608269: Invalid instruction address (improperly aligned) (DecompileCallback)  
WARN  Decompiling 821a0a20: Unable to read bytes at ram:548a103a (DecompileCallback)  
WARN  Decompiling 821a0a20, pcode error at 3d608269: Invalid instruction address (improperly aligned) (DecompileCallback)  
WARN  Decompiling 821a0a20: Unable to read bytes at ram:548a103a (DecompileCallback)  
WARN  Decompiling 821a9e48: Unable to read bytes at ram:564b0630 (DecompileCallback)  
WARN  Decompiling 821a9e48, pcode error at 4e800421: Invalid instruction address (improperly aligned) (DecompileCallback)  
WARN  Decompiling 821a9e48: Unable to read bytes at ram:564b0630 (DecompileCallback)  
WARN  Decompiling 821a9e48, pcode error at 4e800421: Invalid instruction address (improperly aligned) (DecompileCallback)  
WARN  Decompiling 821a9e48: Unable to read bytes at ram:564b0630 (DecompileCallback)  
WARN  Decompiling 821ae200: Unable to read bytes at ram:694a0001 (DecompileCallback)  
WARN  Decompiling 821ae200, pcode error at 554adffe: Could not follow disassembly flow into non-existing memory at 554adffe (DecompileCallback)  
WARN  Decompiling 821ae200: Unable to read bytes at ram:694a0001 (DecompileCallback)  
WARN  Decompiling 821ae200, pcode error at 554adffe: Could not follow disassembly flow into non-existing memory at 554adffe (DecompileCallback)  
WARN  Decompiling 821ae200: Unable to read bytes at ram:694a0001 (DecompileCallback)  
WARN  Decompiling 821ae498: Unable to read bytes at ram:396b1b8c (DecompileCallback)  
WARN  Decompiling 821ae498, pcode error at 548a103a: Could not follow disassembly flow into non-existing memory at 548a103a (DecompileCallback)  
WARN  Decompiling 821ae498: Unable to read bytes at ram:396b1b8c (DecompileCallback)  
WARN  Decompiling 821ae498, pcode error at 548a103a: Could not follow disassembly flow into non-existing memory at 548a103a (DecompileCallback)  
WARN  Decompiling 821ae498: Unable to read bytes at ram:396b1b8c (DecompileCallback)  
WARN  Decompiling 821b36bc: Unable to read bytes at ram:816a001c (DecompileCallback)  
WARN  Decompiling 821b36bc, pcode error at 4d9a0020: Could not follow disassembly flow into non-existing memory at 4d9a0020 (DecompileCallback)  
WARN  Decompiling 821b36bc: Unable to read bytes at ram:816a001c (DecompileCallback)  
WARN  Decompiling 821b36bc, pcode error at 4d9a0020: Could not follow disassembly flow into non-existing memory at 4d9a0020 (DecompileCallback)  
WARN  Decompiling 821b36bc: Unable to read bytes at ram:816a001c (DecompileCallback)  
WARN  Decompiling 821c6df8: Unable to read bytes at ram:a1710002 (DecompileCallback)  
WARN  Decompiling 821c6df8, pcode error at 917900b8: Could not follow disassembly flow into non-existing memory at 917900b8 (DecompileCallback)  
WARN  Decompiling 821c6df8: Unable to read bytes at ram:a1710002 (DecompileCallback)  
WARN  Decompiling 821c6df8, pcode error at 917900b8: Could not follow disassembly flow into non-existing memory at 917900b8 (DecompileCallback)  
WARN  Decompiling 821c6df8: Unable to read bytes at ram:a1710002 (DecompileCallback)  
WARN  Decompiling 821c8d14: Unable to read bytes at ram:7c992378 (DecompileCallback)  
WARN  Decompiling 821c8d14, pcode error at 396b42bc: Could not follow disassembly flow into non-existing memory at 396b42bc (DecompileCallback)  
WARN  Decompiling 821c8d14: Unable to read bytes at ram:7c992378 (DecompileCallback)  
WARN  Decompiling 821c8d14, pcode error at 396b42bc: Could not follow disassembly flow into non-existing memory at 396b42bc (DecompileCallback)  
WARN  Decompiling 821c8d14: Unable to read bytes at ram:7c992378 (DecompileCallback)  
WARN  Decompiling 821c916c: Unable to read bytes at ram:118c518c (DecompileCallback)  
WARN  Decompiling 821c916c, pcode error at 110c508c: Could not follow disassembly flow into non-existing memory at 110c508c (DecompileCallback)  
WARN  Decompiling 821c916c: Unable to read bytes at ram:118c518c (DecompileCallback)  
WARN  Decompiling 821c916c, pcode error at 110c508c: Could not follow disassembly flow into non-existing memory at 110c508c (DecompileCallback)  
WARN  Decompiling 821c916c: Unable to read bytes at ram:118c518c (DecompileCallback)  
WARN  Decompiling 821cc90c: Unable to read bytes at ram:7fc3f378 (DecompileCallback)  
WARN  Decompiling 821cc90c, pcode error at 93bf0004: Could not follow disassembly flow into non-existing memory at 93bf0004 (DecompileCallback)  
WARN  Decompiling 821cc90c: Unable to read bytes at ram:7fc3f378 (DecompileCallback)  
WARN  Decompiling 821cc90c, pcode error at 93bf0004: Could not follow disassembly flow into non-existing memory at 93bf0004 (DecompileCallback)  
WARN  Decompiling 821cc90c: Unable to read bytes at ram:7fc3f378 (DecompileCallback)  
WARN  Decompiling 8228a8c4: Unable to read bytes at ram:816304d4 (DecompileCallback)  
WARN  Decompiling 8228a8c4, pcode error at 4e800020: Could not follow disassembly flow into non-existing memory at 4e800020 (DecompileCallback)  
WARN  Decompiling 8228a8c4: Unable to read bytes at ram:816304d4 (DecompileCallback)  
WARN  Decompiling 8228a8c4, pcode error at 4e800020: Could not follow disassembly flow into non-existing memory at 4e800020 (DecompileCallback)  
WARN  Decompiling 8228a8c4: Unable to read bytes at ram:816304d4 (DecompileCallback)  
WARN  Decompiling 8229910c: Unable to read bytes at ram:7d6b502e (DecompileCallback)  
WARN  Decompiling 8229910c, pcode error at 816b4eb4: Could not follow disassembly flow into non-existing memory at 816b4eb4 (DecompileCallback)  
WARN  Decompiling 8229910c: Unable to read bytes at ram:7d6b502e (DecompileCallback)  
WARN  Decompiling 8229910c, pcode error at 816b4eb4: Could not follow disassembly flow into non-existing memory at 816b4eb4 (DecompileCallback)  
WARN  Decompiling 8229910c: Unable to read bytes at ram:7d6b502e (DecompileCallback)  
WARN  Decompiling 8231d8cc: Unable to read bytes at ram:390bd8d0 (DecompileCallback)  
WARN  Decompiling 8231d8cc: Unable to read bytes at ram:8181fff8 (DecompileCallback)  
WARN  Decompiling 8231d8cc: Unable to read bytes at ram:ebc1ffe8 (DecompileCallback)  
WARN  Decompiling 8231d8cc, pcode error at 393f0210: Could not follow disassembly flow into non-existing memory at 393f0210 (DecompileCallback)  
WARN  Decompiling 8231d8cc, pcode error at 38210070: Could not follow disassembly flow into non-existing memory at 38210070 (DecompileCallback)  
WARN  Decompiling 8231d8cc, pcode error at 7d8803a6: Could not follow disassembly flow into non-existing memory at 7d8803a6 (DecompileCallback)  
WARN  Decompiling 8231d8cc: Unable to read bytes at ram:390bd8d0 (DecompileCallback)  
WARN  Decompiling 8231d8cc: Unable to read bytes at ram:8181fff8 (DecompileCallback)  
WARN  Decompiling 8231d8cc: Unable to read bytes at ram:ebc1ffe8 (DecompileCallback)  
WARN  Decompiling 8231d8cc, pcode error at 393f0210: Could not follow disassembly flow into non-existing memory at 393f0210 (DecompileCallback)  
WARN  Decompiling 8231d8cc, pcode error at 38210070: Could not follow disassembly flow into non-existing memory at 38210070 (DecompileCallback)  
WARN  Decompiling 8231d8cc, pcode error at 7d8803a6: Could not follow disassembly flow into non-existing memory at 7d8803a6 (DecompileCallback)  
WARN  Decompiling 8231d8cc: Unable to read bytes at ram:390bd8d0 (DecompileCallback)  
WARN  Decompiling 8231d8cc: Unable to read bytes at ram:8181fff8 (DecompileCallback)  
WARN  Decompiling 8231d8cc: Unable to read bytes at ram:ebc1ffe8 (DecompileCallback)  
WARN  Decompiling 8231e968: Unable to read bytes at ram:832b040c (DecompileCallback)  
WARN  Decompiling 8231e968, pcode error at 7d6be82e: Could not follow disassembly flow into non-existing memory at 7d6be82e (DecompileCallback)  
WARN  Decompiling 8231e968: Unable to read bytes at ram:832b040c (DecompileCallback)  
WARN  Decompiling 8231e968, pcode error at 7d6be82e: Could not follow disassembly flow into non-existing memory at 7d6be82e (DecompileCallback)  
WARN  Decompiling 8231e968: Unable to read bytes at ram:832b040c (DecompileCallback)  
INFO  -----------------------------------------------------
    ASCII Strings                              1.418 secs
    Apply Data Archives                        1.141 secs
    Call Convention ID                         0.472 secs
    Call-Fixup Installer                       0.357 secs
    Create Address Tables                      0.505 secs
    Create Address Tables - One Time          12.055 secs
    Create Function                            1.142 secs
    Data Reference                             2.229 secs
    Decompiler Switch Analysis                30.073 secs
    Demangler GNU                              1.589 secs
    Disassemble                                2.161 secs
    Disassemble Entry Points                   0.616 secs
    Disassemble Entry Points - One Time        0.052 secs
    Embedded Media                             0.123 secs
    External Entry References                  0.000 secs
    Function ID                                0.031 secs
    Function Start Pre Search                  0.162 secs
    Function Start Search                      0.239 secs
    Function Start Search After Code           0.211 secs
    Function Start Search After Data           0.054 secs
    Function Start Search delayed - One Time   0.916 secs
    Non-Returning Functions - Discovered      12.891 secs
    PowerPC Constant Reference Analyzer       23.388 secs
    Reference                                  3.360 secs
    Shared Return Calls                        1.660 secs
    Stack                                     14.768 secs
    Subroutine References                      1.858 secs
    Subroutine References - One Time           0.001 secs
-----------------------------------------------------
     Total Time   113 secs
-----------------------------------------------------
 (AutoAnalysisManager)  
INFO  REPORT: Analysis succeeded for file: /default.xex (HeadlessAnalyzer)  
INFO  REPORT: Save succeeded for processed file: /default.xex (HeadlessAnalyzer)  
