openjdk version "21.0.11" 2026-04-21
OpenJDK Runtime Environment (build 21.0.11+10-1-26.04.2-Ubuntu)
OpenJDK 64-Bit Server VM (build 21.0.11+10-1-26.04.2-Ubuntu, mixed mode)
INFO  Using log config file: jar:file:/fastdata/lavaulta/auto-re-agent/.tools/ghidra_12.1.2_PUBLIC/Ghidra/Framework/Generic/lib/Generic.jar!/generic.log4j.xml (LoggingInitialization)  
INFO  Using log file: /home/lavaulta/.config/ghidra/ghidra_12.1.2_PUBLIC/application.log (LoggingInitialization)  
INFO  Loading user preferences: /home/lavaulta/.config/ghidra/ghidra_12.1.2_PUBLIC/preferences (Preferences)  
INFO  Searching for classes... (ClassSearcher)  
INFO  Ignoring class 'xexloaderwv.XEXLoaderWVLoader' from '/fastdata/lavaulta/auto-re-agent/.tools/ghidra_12.1.2_PUBLIC/Ghidra/Extensions/XEXLoaderWV/lib/XEXLoaderWV.jar'. Already found at '/fastdata/lavaulta/auto-re-agent/.tools/ghidra_12.1.2_PUBLIC/Ghidra/patch/XEXLoaderWV-java21.jar'. (ClassSearcher)  
INFO  Class search complete (1573 ms) (ClassSearcher)  
INFO  Initializing SSL Context (DefaultSSLContextInitializer)  
INFO  Initializing Random Number Generator... (SecureRandomFactory)  
INFO  Random Number Generator initialization complete: NativePRNGNonBlocking (SecureRandomFactory)  
INFO  Trust manager disabled, cacerts have not been set (DefaultTrustManagerFactory)  
INFO  Headless startup complete (3108 ms) (AnalyzeHeadless)  
INFO  Class searcher loaded 59 extension points (20 false positives) (ClassSearcher)  
INFO  HEADLESS Script Paths:
    /fastdata/lavaulta/auto-re-agent/.tools/ghidra_12.1.2_PUBLIC/Ghidra/Features/MicrosoftCodeAnalyzer/ghidra_scripts
    /fastdata/lavaulta/auto-re-agent/.tools/ghidra_12.1.2_PUBLIC/Ghidra/Features/PDB/ghidra_scripts
    /fastdata/lavaulta/auto-re-agent/.tools/ghidra_12.1.2_PUBLIC/Ghidra/Processors/8051/ghidra_scripts
    /fastdata/lavaulta/auto-re-agent/.tools/ghidra_12.1.2_PUBLIC/Ghidra/Features/Base/ghidra_scripts
    /fastdata/lavaulta/auto-re-agent/workspaces/ace-combat-6/scripts
    /fastdata/lavaulta/auto-re-agent/.tools/ghidra_12.1.2_PUBLIC/Ghidra/Features/FileFormats/ghidra_scripts
    /fastdata/lavaulta/auto-re-agent/.tools/ghidra_12.1.2_PUBLIC/Ghidra/Features/GnuDemangler/ghidra_scripts
    /fastdata/lavaulta/auto-re-agent/.tools/ghidra_12.1.2_PUBLIC/Ghidra/Extensions/ghidra-emotionengine-reloaded/ghidra_scripts
    /fastdata/lavaulta/auto-re-agent/.tools/ghidra_12.1.2_PUBLIC/Ghidra/Features/Decompiler/ghidra_scripts
    /fastdata/lavaulta/auto-re-agent/.tools/ghidra_12.1.2_PUBLIC/Ghidra/Features/FunctionID/ghidra_scripts
    /fastdata/lavaulta/auto-re-agent/.tools/ghidra_12.1.2_PUBLIC/Ghidra/Features/DecompilerDependent/ghidra_scripts
    /fastdata/lavaulta/auto-re-agent/.tools/ghidra_12.1.2_PUBLIC/Ghidra/Processors/DATA/ghidra_scripts
    /fastdata/lavaulta/auto-re-agent/.tools/ghidra_12.1.2_PUBLIC/Ghidra/Debug/Debugger-rmi-trace/ghidra_scripts
    /fastdata/lavaulta/auto-re-agent/.tools/ghidra_12.1.2_PUBLIC/Ghidra/Features/SwiftDemangler/ghidra_scripts
    /fastdata/lavaulta/auto-re-agent/.tools/ghidra_12.1.2_PUBLIC/Ghidra/Debug/Debugger/ghidra_scripts
    /fastdata/lavaulta/auto-re-agent/.tools/ghidra_12.1.2_PUBLIC/Ghidra/Processors/PIC/ghidra_scripts
    /fastdata/lavaulta/auto-re-agent/.tools/ghidra_12.1.2_PUBLIC/Ghidra/Extensions/XEXLoaderWV/ghidra_scripts
    /fastdata/lavaulta/auto-re-agent/.tools/ghidra_12.1.2_PUBLIC/Ghidra/Features/WildcardAssembler/ghidra_scripts
    /fastdata/lavaulta/auto-re-agent/.tools/ghidra_12.1.2_PUBLIC/Ghidra/Features/PyGhidra/ghidra_scripts
    /fastdata/lavaulta/auto-re-agent/.tools/ghidra_12.1.2_PUBLIC/Ghidra/Features/BSim/ghidra_scripts
    /fastdata/lavaulta/auto-re-agent/.tools/ghidra_12.1.2_PUBLIC/Ghidra/Features/VersionTracking/ghidra_scripts
    /fastdata/lavaulta/auto-re-agent/.tools/ghidra_12.1.2_PUBLIC/Ghidra/Features/BytePatterns/ghidra_scripts
    /fastdata/lavaulta/auto-re-agent/.tools/ghidra_12.1.2_PUBLIC/Ghidra/Processors/Atmel/ghidra_scripts
    /fastdata/lavaulta/auto-re-agent/.tools/ghidra_12.1.2_PUBLIC/Ghidra/Features/SystemEmulation/ghidra_scripts
    /fastdata/lavaulta/auto-re-agent/.tools/ghidra_12.1.2_PUBLIC/Ghidra/Processors/JVM/ghidra_scripts (HeadlessAnalyzer)  
INFO  HEADLESS: execution starts (HeadlessAnalyzer)  
INFO  Opening existing project: /fastdata/lavaulta/auto-re-agent/workspaces/ace-combat-6/ghidra-projects/ace-combat-6 (HeadlessAnalyzer)  
INFO  Opening project: /fastdata/lavaulta/auto-re-agent/workspaces/ace-combat-6/ghidra-projects/ace-combat-6 (HeadlessProject)  
INFO  REPORT: Processing read-only project file: /default.xex (HeadlessAnalyzer)  
INFO  REPORT: Execute script: SummarizeGlobalReferenceFunctions.java '0x8293ba10' '3'  (HeadlessAnalyzer)  
INFO  SCRIPT: /fastdata/lavaulta/auto-re-agent/workspaces/ace-combat-6/scripts/SummarizeGlobalReferenceFunctions.java (HeadlessAnalyzer)  
INFO  SummarizeGlobalReferenceFunctions.java> FUNCTION 82090818 refs=[8209083c] stores8=9 slotCLoads=1 body=[[82090818, 82092323]] (GhidraScript)  
INFO  SummarizeGlobalReferenceFunctions.java>   STORE8 8209081c stw r12,-0x8(r1) (GhidraScript)  
INFO  SummarizeGlobalReferenceFunctions.java>   STORE8 820909e0 stw r9,0x8(r10) (GhidraScript)  
INFO  SummarizeGlobalReferenceFunctions.java>   STORE8 82090b6c stw r9,0x8(r10) (GhidraScript)  
INFO  SummarizeGlobalReferenceFunctions.java>   STORE8 82090cf8 stw r9,0x8(r10) (GhidraScript)  
INFO  SummarizeGlobalReferenceFunctions.java>   STORE8 82091004 stw r9,0x8(r10) (GhidraScript)  
INFO  SummarizeGlobalReferenceFunctions.java>   STORE8 820912d8 stw r9,0x8(r10) (GhidraScript)  
INFO  SummarizeGlobalReferenceFunctions.java>   STORE8 82091ce8 stw r9,0x8(r10) (GhidraScript)  
INFO  SummarizeGlobalReferenceFunctions.java>   STORE8 82091e74 stw r9,0x8(r10) (GhidraScript)  
INFO  SummarizeGlobalReferenceFunctions.java>   STORE8 82092208 stw r9,0x8(r10) (GhidraScript)  
INFO  SummarizeGlobalReferenceFunctions.java>   SLOTC 82092084 lwz r9,0xc(r11) (GhidraScript)  
INFO  SummarizeGlobalReferenceFunctions.java>   CONTEXT bl 0x82222230 (GhidraScript)  
INFO  SummarizeGlobalReferenceFunctions.java>   CONTEXT lis r11,-0x7d6c (GhidraScript)  
INFO  SummarizeGlobalReferenceFunctions.java>   CONTEXT li r4,0x22 (GhidraScript)  
INFO  SummarizeGlobalReferenceFunctions.java>   CONTEXT lwz r11,-0x45f0(r11) (GhidraScript)  
INFO  SummarizeGlobalReferenceFunctions.java>   CONTEXT addis r3,r11,0x16 (GhidraScript)  
INFO  SummarizeGlobalReferenceFunctions.java>   CONTEXT subi r3,r3,0x5588 (GhidraScript)  
INFO  SummarizeGlobalReferenceFunctions.java>   CONTEXT bl 0x82234dd0 (GhidraScript)  
INFO  SummarizeGlobalReferenceFunctions.java> FUNCTION 820965f0 refs=[82096620] stores8=1 slotCLoads=0 body=[[820965f0, 8209664b]] (GhidraScript)  
INFO  SummarizeGlobalReferenceFunctions.java>   STORE8 820965f4 stw r12,-0x8(r1) (GhidraScript)  
INFO  SummarizeGlobalReferenceFunctions.java>   CONTEXT b 0x8209661c (GhidraScript)  
INFO  SummarizeGlobalReferenceFunctions.java>   CONTEXT li r4,0x0 (GhidraScript)  
INFO  SummarizeGlobalReferenceFunctions.java>   CONTEXT lis r11,-0x7d6c (GhidraScript)  
INFO  SummarizeGlobalReferenceFunctions.java>   CONTEXT lwz r11,-0x45f0(r11) (GhidraScript)  
INFO  SummarizeGlobalReferenceFunctions.java>   CONTEXT addis r3,r11,0x16 (GhidraScript)  
INFO  SummarizeGlobalReferenceFunctions.java>   CONTEXT subi r3,r3,0x56ac (GhidraScript)  
INFO  SummarizeGlobalReferenceFunctions.java>   CONTEXT bl 0x821539e0 (GhidraScript)  
INFO  SummarizeGlobalReferenceFunctions.java> FUNCTION 82096650 refs=[82096714] stores8=1 slotCLoads=0 body=[[82096650, 820966bb] [820966ec, 8209673f]] (GhidraScript)  
INFO  SummarizeGlobalReferenceFunctions.java>   STORE8 82096654 stw r12,-0x8(r1) (GhidraScript)  
INFO  SummarizeGlobalReferenceFunctions.java>   CONTEXT lis r11,-0x7d6c (GhidraScript)  
INFO  SummarizeGlobalReferenceFunctions.java>   CONTEXT li r7,0x0 (GhidraScript)  
INFO  SummarizeGlobalReferenceFunctions.java>   CONTEXT li r6,0x1 (GhidraScript)  
INFO  SummarizeGlobalReferenceFunctions.java>   CONTEXT lwz r11,-0x45f0(r11) (GhidraScript)  
INFO  SummarizeGlobalReferenceFunctions.java>   CONTEXT addis r3,r11,0x16 (GhidraScript)  
INFO  SummarizeGlobalReferenceFunctions.java>   CONTEXT subi r3,r3,0x56ac (GhidraScript)  
INFO  SummarizeGlobalReferenceFunctions.java>   CONTEXT bl 0x82153a48 (GhidraScript)  
INFO  SummarizeGlobalReferenceFunctions.java> FUNCTION 82096740 refs=[82096774] stores8=1 slotCLoads=0 body=[[82096740, 8209679b]] (GhidraScript)  
INFO  SummarizeGlobalReferenceFunctions.java>   STORE8 82096744 stw r12,-0x8(r1) (GhidraScript)  
INFO  SummarizeGlobalReferenceFunctions.java>   CONTEXT b 0x82096770 (GhidraScript)  
INFO  SummarizeGlobalReferenceFunctions.java>   CONTEXT li r4,0x0 (GhidraScript)  
INFO  SummarizeGlobalReferenceFunctions.java>   CONTEXT lis r11,-0x7d6c (GhidraScript)  
INFO  SummarizeGlobalReferenceFunctions.java>   CONTEXT lwz r11,-0x45f0(r11) (GhidraScript)  
INFO  SummarizeGlobalReferenceFunctions.java>   CONTEXT addis r3,r11,0x16 (GhidraScript)  
INFO  SummarizeGlobalReferenceFunctions.java>   CONTEXT subi r3,r3,0x56ac (GhidraScript)  
INFO  SummarizeGlobalReferenceFunctions.java>   CONTEXT bl 0x82153b50 (GhidraScript)  
INFO  SummarizeGlobalReferenceFunctions.java> FUNCTION 820a85e0 refs=[820a8604] stores8=1 slotCLoads=0 body=[[820a85e0, 820a8673]] (GhidraScript)  
INFO  SummarizeGlobalReferenceFunctions.java>   STORE8 820a85e4 stw r12,-0x8(r1) (GhidraScript)  
INFO  SummarizeGlobalReferenceFunctions.java>   CONTEXT cmplwi cr6,r30,0x0 (GhidraScript)  
INFO  SummarizeGlobalReferenceFunctions.java>   CONTEXT beq cr6,0x820a865c (GhidraScript)  
INFO  SummarizeGlobalReferenceFunctions.java>   CONTEXT lis r11,-0x7d6c (GhidraScript)  
INFO  SummarizeGlobalReferenceFunctions.java>   CONTEXT lwz r11,-0x45f0(r11) (GhidraScript)  
INFO  SummarizeGlobalReferenceFunctions.java>   CONTEXT lwz r4,0x54(r11) (GhidraScript)  
INFO  SummarizeGlobalReferenceFunctions.java>   CONTEXT lis r11,-0x7d62 (GhidraScript)  
INFO  SummarizeGlobalReferenceFunctions.java>   CONTEXT addi r3,r11,0x6218 (GhidraScript)  
INFO  SummarizeGlobalReferenceFunctions.java> FUNCTION 821249c8 refs=[82124a34, 82124b58] stores8=0 slotCLoads=0 body=[[821249c8, 82124bb3]] (GhidraScript)  
INFO  SummarizeGlobalReferenceFunctions.java>   CONTEXT subi r25,r25,0x2414 (GhidraScript)  
INFO  SummarizeGlobalReferenceFunctions.java>   CONTEXT stb r31,0x329(r30) (GhidraScript)  
INFO  SummarizeGlobalReferenceFunctions.java>   CONTEXT addi r4,r11,0x5 (GhidraScript)  
INFO  SummarizeGlobalReferenceFunctions.java>   CONTEXT lwz r11,-0x45f0(r21) (GhidraScript)  
INFO  SummarizeGlobalReferenceFunctions.java>   CONTEXT ori r22,r10,0xaa78 (GhidraScript)  
INFO  SummarizeGlobalReferenceFunctions.java>   CONTEXT stw r26,0x324(r29) (GhidraScript)  
INFO  SummarizeGlobalReferenceFunctions.java>   CONTEXT stw r31,0x334(r29) (GhidraScript)  
INFO  SummarizeGlobalReferenceFunctions.java>   CONTEXT rlwinm r11,r11,0x1b,0x1f,0x1f (GhidraScript)  
INFO  SummarizeGlobalReferenceFunctions.java>   CONTEXT xori r11,r11,0x1 (GhidraScript)  
INFO  SummarizeGlobalReferenceFunctions.java>   CONTEXT addi r4,r11,0x7 (GhidraScript)  
INFO  SummarizeGlobalReferenceFunctions.java>   CONTEXT lwz r11,-0x45f0(r21) (GhidraScript)  
INFO  SummarizeGlobalReferenceFunctions.java>   CONTEXT add r3,r11,r22 (GhidraScript)  
INFO  SummarizeGlobalReferenceFunctions.java>   CONTEXT bl 0x82234dd0 (GhidraScript)  
INFO  SummarizeGlobalReferenceFunctions.java>   CONTEXT cmpwi cr6,r23,0x0 (GhidraScript)  
INFO  SummarizeGlobalReferenceFunctions.java> FUNCTION 8212c970 refs=[8212c9cc] stores8=1 slotCLoads=0 body=[[8212c970, 8212ca33]] (GhidraScript)  
INFO  SummarizeGlobalReferenceFunctions.java>   STORE8 8212c974 stw r12,-0x8(r1) (GhidraScript)  
INFO  SummarizeGlobalReferenceFunctions.java>   CONTEXT ld r31,-0x10(r1) (GhidraScript)  
INFO  SummarizeGlobalReferenceFunctions.java>   CONTEXT blr (GhidraScript)  
INFO  SummarizeGlobalReferenceFunctions.java>   CONTEXT lis r11,-0x7d6c (GhidraScript)  
INFO  SummarizeGlobalReferenceFunctions.java>   CONTEXT lwz r11,-0x45f0(r11) (GhidraScript)  
INFO  SummarizeGlobalReferenceFunctions.java>   CONTEXT lwz r4,0x58(r11) (GhidraScript)  
INFO  SummarizeGlobalReferenceFunctions.java>   CONTEXT lis r11,-0x7d62 (GhidraScript)  
INFO  SummarizeGlobalReferenceFunctions.java>   CONTEXT addi r3,r11,0x6218 (GhidraScript)  
INFO  SummarizeGlobalReferenceFunctions.java> FUNCTION 8212cee0 refs=[8212cf4c, 8212cf94] stores8=0 slotCLoads=0 body=[[8212cee0, 8212d01b]] (GhidraScript)  
INFO  SummarizeGlobalReferenceFunctions.java>   CONTEXT beq cr6,0x8212cf80 (GhidraScript)  
INFO  SummarizeGlobalReferenceFunctions.java>   CONTEXT cmplwi cr6,r11,0x0 (GhidraScript)  
INFO  SummarizeGlobalReferenceFunctions.java>   CONTEXT bne cr6,0x8212cf80 (GhidraScript)  
INFO  SummarizeGlobalReferenceFunctions.java>   CONTEXT lwz r11,-0x45f0(r28) (GhidraScript)  
INFO  SummarizeGlobalReferenceFunctions.java>   CONTEXT or r3,r29,r29 (GhidraScript)  
INFO  SummarizeGlobalReferenceFunctions.java>   CONTEXT lwz r31,0x4(r10) (GhidraScript)  
INFO  SummarizeGlobalReferenceFunctions.java>   CONTEXT lwz r4,0x58(r11) (GhidraScript)  
INFO  SummarizeGlobalReferenceFunctions.java>   CONTEXT addi r30,r30,0x4 (GhidraScript)  
INFO  SummarizeGlobalReferenceFunctions.java>   CONTEXT cmpw cr6,r26,r11 (GhidraScript)  
INFO  SummarizeGlobalReferenceFunctions.java>   CONTEXT blt cr6,0x8212cf2c (GhidraScript)  
INFO  SummarizeGlobalReferenceFunctions.java>   CONTEXT lwz r11,-0x45f0(r28) (GhidraScript)  
INFO  SummarizeGlobalReferenceFunctions.java>   CONTEXT or r3,r29,r29 (GhidraScript)  
INFO  SummarizeGlobalReferenceFunctions.java>   CONTEXT lwz r4,0x58(r11) (GhidraScript)  
INFO  SummarizeGlobalReferenceFunctions.java>   CONTEXT bl 0x821d2fc0 (GhidraScript)  
INFO  SummarizeGlobalReferenceFunctions.java> FUNCTION 82140db0 refs=[821413ac, 821413d0, 821413fc] stores8=1 slotCLoads=0 body=[[82140db0, 82140de7] [82140e84, 82140fd3] [82140ff4, 8214142f]] (GhidraScript)  
INFO  SummarizeGlobalReferenceFunctions.java>   STORE8 82140db4 stw r12,-0x8(r1) (GhidraScript)  
INFO  SummarizeGlobalReferenceFunctions.java>   CONTEXT ld r31,-0x10(r1) (GhidraScript)  
INFO  SummarizeGlobalReferenceFunctions.java>   CONTEXT blr (GhidraScript)  
INFO  SummarizeGlobalReferenceFunctions.java>   CONTEXT lis r11,-0x7d6c (GhidraScript)  
INFO  SummarizeGlobalReferenceFunctions.java>   CONTEXT lwz r11,-0x45f0(r11) (GhidraScript)  
INFO  SummarizeGlobalReferenceFunctions.java>   CONTEXT lwz r11,0x1ec(r11) (GhidraScript)  
INFO  SummarizeGlobalReferenceFunctions.java>   CONTEXT cntlzw r11,r11 (GhidraScript)  
INFO  SummarizeGlobalReferenceFunctions.java>   CONTEXT rlwinm r11,r11,0x1b,0x1f,0x1f (GhidraScript)  
INFO  SummarizeGlobalReferenceFunctions.java>   CONTEXT xori r11,r11,0x1 (GhidraScript)  
INFO  SummarizeGlobalReferenceFunctions.java>   CONTEXT b 0x82141418 (GhidraScript)  
INFO  SummarizeGlobalReferenceFunctions.java>   CONTEXT lis r11,-0x7d6c (GhidraScript)  
INFO  SummarizeGlobalReferenceFunctions.java>   CONTEXT lwz r11,-0x45f0(r11) (GhidraScript)  
INFO  SummarizeGlobalReferenceFunctions.java>   CONTEXT lwz r11,0x1f0(r11) (GhidraScript)  
INFO  SummarizeGlobalReferenceFunctions.java>   CONTEXT cntlzw r11,r11 (GhidraScript)  
INFO  SummarizeGlobalReferenceFunctions.java>   CONTEXT rlwinm r11,r11,0x1b,0x1f,0x1f (GhidraScript)  
INFO  SummarizeGlobalReferenceFunctions.java>   CONTEXT li r11,0x0 (GhidraScript)  
INFO  SummarizeGlobalReferenceFunctions.java>   CONTEXT stw r11,0x0(r31) (GhidraScript)  
INFO  SummarizeGlobalReferenceFunctions.java>   CONTEXT lis r11,-0x7d6c (GhidraScript)  
INFO  SummarizeGlobalReferenceFunctions.java>   CONTEXT lwz r11,-0x45f0(r11) (GhidraScript)  
INFO  SummarizeGlobalReferenceFunctions.java>   CONTEXT lwz r11,0x214(r11) (GhidraScript)  
INFO  SummarizeGlobalReferenceFunctions.java>   CONTEXT cntlzw r11,r11 (GhidraScript)  
INFO  SummarizeGlobalReferenceFunctions.java>   CONTEXT rlwinm r11,r11,0x1b,0x1f,0x1f (GhidraScript)  
INFO  SummarizeGlobalReferenceFunctions.java> FUNCTION 82141430 refs=[82141d94] stores8=1 slotCLoads=1 body=[[82141430, 82141473] [821414f4, 82141c53] [82141c6c, 82141df3]] (GhidraScript)  
INFO  SummarizeGlobalReferenceFunctions.java>   STORE8 82141434 stw r12,-0x8(r1) (GhidraScript)  
INFO  SummarizeGlobalReferenceFunctions.java>   SLOTC 821415a8 lwz r10,0xc(r11) (GhidraScript)  
INFO  SummarizeGlobalReferenceFunctions.java>   CONTEXT cmplwi cr6,r6,0x3 (GhidraScript)  
INFO  SummarizeGlobalReferenceFunctions.java>   CONTEXT bge cr6,0x82141ddc (GhidraScript)  
INFO  SummarizeGlobalReferenceFunctions.java>   CONTEXT lis r11,-0x7d6c (GhidraScript)  
INFO  SummarizeGlobalReferenceFunctions.java>   CONTEXT lwz r11,-0x45f0(r11) (GhidraScript)  
INFO  SummarizeGlobalReferenceFunctions.java>   CONTEXT lwz r3,0x84(r11) (GhidraScript)  
INFO  SummarizeGlobalReferenceFunctions.java>   CONTEXT cmplwi cr6,r3,0x3 (GhidraScript)  
INFO  SummarizeGlobalReferenceFunctions.java>   CONTEXT bgt cr6,0x82141dbc (GhidraScript)  
INFO  SummarizeGlobalReferenceFunctions.java> FUNCTION 82159718 refs=[82159750] stores8=1 slotCLoads=0 body=[[82159718, 821597b7]] (GhidraScript)  
INFO  SummarizeGlobalReferenceFunctions.java>   STORE8 8215971c stw r12,-0x8(r1) (GhidraScript)  
INFO  SummarizeGlobalReferenceFunctions.java>   CONTEXT add r11,r11,r10 (GhidraScript)  
INFO  SummarizeGlobalReferenceFunctions.java>   CONTEXT rlwinm r10,r11,0x7,0x0,0x18 (GhidraScript)  
INFO  SummarizeGlobalReferenceFunctions.java>   CONTEXT lis r11,-0x7d6c (GhidraScript)  
INFO  SummarizeGlobalReferenceFunctions.java>   CONTEXT lwz r11,-0x45f0(r11) (GhidraScript)  
INFO  SummarizeGlobalReferenceFunctions.java>   CONTEXT add r11,r10,r11 (GhidraScript)  
INFO  SummarizeGlobalReferenceFunctions.java>   CONTEXT addis r11,r11,0x3 (GhidraScript)  
INFO  SummarizeGlobalReferenceFunctions.java>   CONTEXT addi r11,r11,0x77fc (GhidraScript)  
INFO  SummarizeGlobalReferenceFunctions.java> FUNCTION 821633f0 refs=[82163440] stores8=1 slotCLoads=0 body=[[821633f0, 821634d7]] (GhidraScript)  
INFO  SummarizeGlobalReferenceFunctions.java>   STORE8 821633f4 stw r12,-0x8(r1) (GhidraScript)  
INFO  SummarizeGlobalReferenceFunctions.java>   CONTEXT lis r11,-0x7d6c (GhidraScript)  
INFO  SummarizeGlobalReferenceFunctions.java>   CONTEXT li r6,0x0 (GhidraScript)  
INFO  SummarizeGlobalReferenceFunctions.java>   CONTEXT li r5,0x10 (GhidraScript)  
INFO  SummarizeGlobalReferenceFunctions.java>   CONTEXT lwz r11,-0x45f0(r11) (GhidraScript)  
INFO  SummarizeGlobalReferenceFunctions.java>   CONTEXT lwz r3,0x3c(r11) (GhidraScript)  
INFO  SummarizeGlobalReferenceFunctions.java>   CONTEXT lwz r11,0x178(r31) (GhidraScript)  
INFO  SummarizeGlobalReferenceFunctions.java>   CONTEXT rlwinm r4,r11,0x3,0x0,0x1c (GhidraScript)  
INFO  SummarizeGlobalReferenceFunctions.java> FUNCTION 82164530 refs=[82164550] stores8=1 slotCLoads=0 body=[[82164530, 821645db]] (GhidraScript)  
INFO  SummarizeGlobalReferenceFunctions.java>   STORE8 82164534 stw r12,-0x8(r1) (GhidraScript)  
INFO  SummarizeGlobalReferenceFunctions.java>   CONTEXT lis r10,-0x7d6c (GhidraScript)  
INFO  SummarizeGlobalReferenceFunctions.java>   CONTEXT or r31,r3,r3 (GhidraScript)  
INFO  SummarizeGlobalReferenceFunctions.java>   CONTEXT li r3,0x1 (GhidraScript)  
INFO  SummarizeGlobalReferenceFunctions.java>   CONTEXT lwz r10,-0x45f0(r10) (GhidraScript)  
INFO  SummarizeGlobalReferenceFunctions.java>   CONTEXT lwz r11,0x30(r31) (GhidraScript)  
INFO  SummarizeGlobalReferenceFunctions.java>   CONTEXT cmplwi cr6,r11,0x0 (GhidraScript)  
INFO  SummarizeGlobalReferenceFunctions.java>   CONTEXT lwz r30,0x3c(r10) (GhidraScript)  
INFO  SummarizeGlobalReferenceFunctions.java> FUNCTION 82186f00 refs=[82186f14] stores8=1 slotCLoads=1 body=[[82186f00, 821875df]] (GhidraScript)  
INFO  SummarizeGlobalReferenceFunctions.java>   STORE8 82186f04 stw r12,-0x8(r1) (GhidraScript)  
INFO  SummarizeGlobalReferenceFunctions.java>   SLOTC 82186f84 lwz r10,0xc(r3) (GhidraScript)  
INFO  SummarizeGlobalReferenceFunctions.java>   CONTEXT stwu r1,-0x60(r1) (GhidraScript)  
INFO  SummarizeGlobalReferenceFunctions.java>   CONTEXT lis r10,-0x7d6c (GhidraScript)  
INFO  SummarizeGlobalReferenceFunctions.java>   CONTEXT lis r11,-0x7d6c (GhidraScript)  
INFO  SummarizeGlobalReferenceFunctions.java>   CONTEXT lwz r10,-0x45f0(r10) (GhidraScript)  
INFO  SummarizeGlobalReferenceFunctions.java>   CONTEXT lwz r11,-0x45f8(r11) (GhidraScript)  
INFO  SummarizeGlobalReferenceFunctions.java>   CONTEXT addis r3,r10,0x16 (GhidraScript)  
INFO  SummarizeGlobalReferenceFunctions.java>   CONTEXT rlwinm r10,r11,0x2,0x0,0x1d (GhidraScript)  
INFO  SummarizeGlobalReferenceFunctions.java> FUNCTION 821875e0 refs=[821875f8] stores8=1 slotCLoads=1 body=[[821875e0, 82187beb]] (GhidraScript)  
INFO  SummarizeGlobalReferenceFunctions.java>   STORE8 821875e4 stw r12,-0x8(r1) (GhidraScript)  
INFO  SummarizeGlobalReferenceFunctions.java>   SLOTC 821876fc lwz r10,0xc(r3) (GhidraScript)  
INFO  SummarizeGlobalReferenceFunctions.java>   CONTEXT lis r11,-0x7d6c (GhidraScript)  
INFO  SummarizeGlobalReferenceFunctions.java>   CONTEXT lis r10,-0x7d6c (GhidraScript)  
INFO  SummarizeGlobalReferenceFunctions.java>   CONTEXT lwz r11,-0x45f8(r11) (GhidraScript)  
INFO  SummarizeGlobalReferenceFunctions.java>   CONTEXT lwz r10,-0x45f0(r10) (GhidraScript)  
INFO  SummarizeGlobalReferenceFunctions.java>   CONTEXT addi r11,r11,0x5 (GhidraScript)  
INFO  SummarizeGlobalReferenceFunctions.java>   CONTEXT addis r3,r10,0x16 (GhidraScript)  
INFO  SummarizeGlobalReferenceFunctions.java>   CONTEXT rlwinm r10,r11,0x2,0x0,0x1d (GhidraScript)  
INFO  SummarizeGlobalReferenceFunctions.java> FUNCTION 82187bf0 refs=[82187c04] stores8=1 slotCLoads=1 body=[[82187bf0, 8218820b]] (GhidraScript)  
INFO  SummarizeGlobalReferenceFunctions.java>   STORE8 82187bf4 stw r12,-0x8(r1) (GhidraScript)  
INFO  SummarizeGlobalReferenceFunctions.java>   SLOTC 82187f0c lwz r10,0xc(r3) (GhidraScript)  
INFO  SummarizeGlobalReferenceFunctions.java>   CONTEXT stwu r1,-0x60(r1) (GhidraScript)  
INFO  SummarizeGlobalReferenceFunctions.java>   CONTEXT lis r10,-0x7d6c (GhidraScript)  
INFO  SummarizeGlobalReferenceFunctions.java>   CONTEXT lis r11,-0x7d6c (GhidraScript)  
INFO  SummarizeGlobalReferenceFunctions.java>   CONTEXT lwz r10,-0x45f0(r10) (GhidraScript)  
INFO  SummarizeGlobalReferenceFunctions.java>   CONTEXT lwz r11,-0x45f8(r11) (GhidraScript)  
INFO  SummarizeGlobalReferenceFunctions.java>   CONTEXT addis r3,r10,0x16 (GhidraScript)  
INFO  SummarizeGlobalReferenceFunctions.java>   CONTEXT rlwinm r10,r11,0x2,0x0,0x1d (GhidraScript)  
INFO  SummarizeGlobalReferenceFunctions.java> FUNCTION 82188210 refs=[82188224] stores8=1 slotCLoads=1 body=[[82188210, 82188983]] (GhidraScript)  
INFO  SummarizeGlobalReferenceFunctions.java>   STORE8 82188214 stw r12,-0x8(r1) (GhidraScript)  
INFO  SummarizeGlobalReferenceFunctions.java>   SLOTC 8218845c lwz r11,0xc(r3) (GhidraScript)  
INFO  SummarizeGlobalReferenceFunctions.java>   CONTEXT stwu r1,-0x60(r1) (GhidraScript)  
INFO  SummarizeGlobalReferenceFunctions.java>   CONTEXT lis r10,-0x7d6c (GhidraScript)  
INFO  SummarizeGlobalReferenceFunctions.java>   CONTEXT lis r11,-0x7d6c (GhidraScript)  
INFO  SummarizeGlobalReferenceFunctions.java>   CONTEXT lwz r10,-0x45f0(r10) (GhidraScript)  
INFO  SummarizeGlobalReferenceFunctions.java>   CONTEXT lwz r11,-0x45f8(r11) (GhidraScript)  
INFO  SummarizeGlobalReferenceFunctions.java>   CONTEXT addis r3,r10,0x16 (GhidraScript)  
INFO  SummarizeGlobalReferenceFunctions.java>   CONTEXT rlwinm r10,r11,0x2,0x0,0x1d (GhidraScript)  
INFO  SummarizeGlobalReferenceFunctions.java> FUNCTION 82188988 refs=[8218899c] stores8=1 slotCLoads=1 body=[[82188988, 82188ff3]] (GhidraScript)  
INFO  SummarizeGlobalReferenceFunctions.java>   STORE8 8218898c stw r12,-0x8(r1) (GhidraScript)  
INFO  SummarizeGlobalReferenceFunctions.java>   SLOTC 82188a98 lwz r10,0xc(r3) (GhidraScript)  
INFO  SummarizeGlobalReferenceFunctions.java>   CONTEXT stwu r1,-0x60(r1) (GhidraScript)  
INFO  SummarizeGlobalReferenceFunctions.java>   CONTEXT lis r10,-0x7d6c (GhidraScript)  
INFO  SummarizeGlobalReferenceFunctions.java>   CONTEXT lis r11,-0x7d6c (GhidraScript)  
INFO  SummarizeGlobalReferenceFunctions.java>   CONTEXT lwz r10,-0x45f0(r10) (GhidraScript)  
INFO  SummarizeGlobalReferenceFunctions.java>   CONTEXT lwz r11,-0x45f8(r11) (GhidraScript)  
INFO  SummarizeGlobalReferenceFunctions.java>   CONTEXT addis r3,r10,0x16 (GhidraScript)  
INFO  SummarizeGlobalReferenceFunctions.java>   CONTEXT rlwinm r10,r11,0x2,0x0,0x1d (GhidraScript)  
INFO  SummarizeGlobalReferenceFunctions.java> FUNCTION 8218cd80 refs=[8218ce7c, 8218cea8] stores8=1 slotCLoads=0 body=[[8218cd80, 8218ceeb]] (GhidraScript)  
INFO  SummarizeGlobalReferenceFunctions.java>   STORE8 8218cd84 stw r12,-0x8(r1) (GhidraScript)  
INFO  SummarizeGlobalReferenceFunctions.java>   CONTEXT lis r30,-0x7d6c (GhidraScript)  
INFO  SummarizeGlobalReferenceFunctions.java>   CONTEXT lis r10,-0x7d62 (GhidraScript)  
INFO  SummarizeGlobalReferenceFunctions.java>   CONTEXT addi r31,r10,0x6218 (GhidraScript)  
INFO  SummarizeGlobalReferenceFunctions.java>   CONTEXT lwz r11,-0x45f0(r30) (GhidraScript)  
INFO  SummarizeGlobalReferenceFunctions.java>   CONTEXT or r3,r31,r31 (GhidraScript)  
INFO  SummarizeGlobalReferenceFunctions.java>   CONTEXT lwz r9,0x50(r11) (GhidraScript)  
INFO  SummarizeGlobalReferenceFunctions.java>   CONTEXT cntlzw r10,r9 (GhidraScript)  
INFO  SummarizeGlobalReferenceFunctions.java>   CONTEXT lwzx r4,r10,r11 (GhidraScript)  
INFO  SummarizeGlobalReferenceFunctions.java>   CONTEXT bl 0x821d2fc0 (GhidraScript)  
INFO  SummarizeGlobalReferenceFunctions.java>   CONTEXT bl 0x821d2d88 (GhidraScript)  
INFO  SummarizeGlobalReferenceFunctions.java>   CONTEXT lwz r11,-0x45f0(r30) (GhidraScript)  
INFO  SummarizeGlobalReferenceFunctions.java>   CONTEXT or r3,r31,r31 (GhidraScript)  
INFO  SummarizeGlobalReferenceFunctions.java>   CONTEXT lwz r10,0x50(r11) (GhidraScript)  
INFO  SummarizeGlobalReferenceFunctions.java>   CONTEXT cntlzw r10,r10 (GhidraScript)  
INFO  SummarizeGlobalReferenceFunctions.java> FUNCTION 8218d598 refs=[8218d5c8] stores8=1 slotCLoads=0 body=[[8218d598, 8218d623]] (GhidraScript)  
INFO  SummarizeGlobalReferenceFunctions.java>   STORE8 8218d59c stw r12,-0x8(r1) (GhidraScript)  
INFO  SummarizeGlobalReferenceFunctions.java>   CONTEXT lis r11,-0x7d6c (GhidraScript)  
INFO  SummarizeGlobalReferenceFunctions.java>   CONTEXT lis r10,-0x7d62 (GhidraScript)  
INFO  SummarizeGlobalReferenceFunctions.java>   CONTEXT addi r3,r10,0x6218 (GhidraScript)  
INFO  SummarizeGlobalReferenceFunctions.java>   CONTEXT lwz r11,-0x45f0(r11) (GhidraScript)  
INFO  SummarizeGlobalReferenceFunctions.java>   CONTEXT lwz r9,0x50(r11) (GhidraScript)  
INFO  SummarizeGlobalReferenceFunctions.java>   CONTEXT cntlzw r10,r9 (GhidraScript)  
INFO  SummarizeGlobalReferenceFunctions.java>   CONTEXT rlwinm r10,r10,0x1b,0x1f,0x1f (GhidraScript)  
INFO  SummarizeGlobalReferenceFunctions.java> FUNCTION 8218d690 refs=[8218d6f4] stores8=1 slotCLoads=0 body=[[8218d690, 8218d73f]] (GhidraScript)  
INFO  SummarizeGlobalReferenceFunctions.java>   STORE8 8218d694 stw r12,-0x8(r1) (GhidraScript)  
INFO  SummarizeGlobalReferenceFunctions.java>   CONTEXT lis r11,-0x7d6c (GhidraScript)  
INFO  SummarizeGlobalReferenceFunctions.java>   CONTEXT lis r10,-0x7d62 (GhidraScript)  
INFO  SummarizeGlobalReferenceFunctions.java>   CONTEXT addi r3,r10,0x6218 (GhidraScript)  
INFO  SummarizeGlobalReferenceFunctions.java>   CONTEXT lwz r11,-0x45f0(r11) (GhidraScript)  
INFO  SummarizeGlobalReferenceFunctions.java>   CONTEXT lwz r9,0x50(r11) (GhidraScript)  
INFO  SummarizeGlobalReferenceFunctions.java>   CONTEXT cntlzw r10,r9 (GhidraScript)  
INFO  SummarizeGlobalReferenceFunctions.java>   CONTEXT rlwinm r10,r10,0x1b,0x1f,0x1f (GhidraScript)  
INFO  SummarizeGlobalReferenceFunctions.java> FUNCTION 8218f898 refs=[8218f928, 8218f954] stores8=1 slotCLoads=0 body=[[8218f898, 8218f997]] (GhidraScript)  
INFO  SummarizeGlobalReferenceFunctions.java>   STORE8 8218f89c stw r12,-0x8(r1) (GhidraScript)  
INFO  SummarizeGlobalReferenceFunctions.java>   CONTEXT lis r30,-0x7d6c (GhidraScript)  
INFO  SummarizeGlobalReferenceFunctions.java>   CONTEXT lis r10,-0x7d62 (GhidraScript)  
INFO  SummarizeGlobalReferenceFunctions.java>   CONTEXT addi r31,r10,0x6218 (GhidraScript)  
INFO  SummarizeGlobalReferenceFunctions.java>   CONTEXT lwz r11,-0x45f0(r30) (GhidraScript)  
INFO  SummarizeGlobalReferenceFunctions.java>   CONTEXT or r3,r31,r31 (GhidraScript)  
INFO  SummarizeGlobalReferenceFunctions.java>   CONTEXT lwz r9,0x50(r11) (GhidraScript)  
INFO  SummarizeGlobalReferenceFunctions.java>   CONTEXT cntlzw r10,r9 (GhidraScript)  
INFO  SummarizeGlobalReferenceFunctions.java>   CONTEXT lwzx r4,r10,r11 (GhidraScript)  
INFO  SummarizeGlobalReferenceFunctions.java>   CONTEXT bl 0x821d2fc0 (GhidraScript)  
INFO  SummarizeGlobalReferenceFunctions.java>   CONTEXT bl 0x821d2d88 (GhidraScript)  
INFO  SummarizeGlobalReferenceFunctions.java>   CONTEXT lwz r11,-0x45f0(r30) (GhidraScript)  
INFO  SummarizeGlobalReferenceFunctions.java>   CONTEXT or r3,r31,r31 (GhidraScript)  
INFO  SummarizeGlobalReferenceFunctions.java>   CONTEXT lwz r10,0x50(r11) (GhidraScript)  
INFO  SummarizeGlobalReferenceFunctions.java>   CONTEXT cntlzw r10,r10 (GhidraScript)  
INFO  SummarizeGlobalReferenceFunctions.java> FUNCTION 8218f9e8 refs=[8218fa1c] stores8=1 slotCLoads=0 body=[[8218f9e8, 8218faaf]] (GhidraScript)  
INFO  SummarizeGlobalReferenceFunctions.java>   STORE8 8218f9ec stw r12,-0x8(r1) (GhidraScript)  
INFO  SummarizeGlobalReferenceFunctions.java>   CONTEXT lis r11,-0x7d6c (GhidraScript)  
INFO  SummarizeGlobalReferenceFunctions.java>   CONTEXT lis r10,-0x7d62 (GhidraScript)  
INFO  SummarizeGlobalReferenceFunctions.java>   CONTEXT addi r3,r10,0x6218 (GhidraScript)  
INFO  SummarizeGlobalReferenceFunctions.java>   CONTEXT lwz r11,-0x45f0(r11) (GhidraScript)  
INFO  SummarizeGlobalReferenceFunctions.java>   CONTEXT lwz r9,0x50(r11) (GhidraScript)  
INFO  SummarizeGlobalReferenceFunctions.java>   CONTEXT cntlzw r10,r9 (GhidraScript)  
INFO  SummarizeGlobalReferenceFunctions.java>   CONTEXT rlwinm r10,r10,0x1b,0x1f,0x1f (GhidraScript)  
INFO  SummarizeGlobalReferenceFunctions.java> FUNCTION 821900d0 refs=[821900f8, 82190124] stores8=1 slotCLoads=0 body=[[821900d0, 82190167]] (GhidraScript)  
INFO  SummarizeGlobalReferenceFunctions.java>   STORE8 821900d4 stw r12,-0x8(r1) (GhidraScript)  
INFO  SummarizeGlobalReferenceFunctions.java>   CONTEXT lis r30,-0x7d6c (GhidraScript)  
INFO  SummarizeGlobalReferenceFunctions.java>   CONTEXT lis r10,-0x7d62 (GhidraScript)  
INFO  SummarizeGlobalReferenceFunctions.java>   CONTEXT addi r31,r10,0x6218 (GhidraScript)  
INFO  SummarizeGlobalReferenceFunctions.java>   CONTEXT lwz r11,-0x45f0(r30) (GhidraScript)  
INFO  SummarizeGlobalReferenceFunctions.java>   CONTEXT or r3,r31,r31 (GhidraScript)  
INFO  SummarizeGlobalReferenceFunctions.java>   CONTEXT lwz r9,0x50(r11) (GhidraScript)  
INFO  SummarizeGlobalReferenceFunctions.java>   CONTEXT cntlzw r10,r9 (GhidraScript)  
INFO  SummarizeGlobalReferenceFunctions.java>   CONTEXT lwzx r4,r10,r11 (GhidraScript)  
INFO  SummarizeGlobalReferenceFunctions.java>   CONTEXT bl 0x821d2fc0 (GhidraScript)  
INFO  SummarizeGlobalReferenceFunctions.java>   CONTEXT bl 0x821d2d88 (GhidraScript)  
INFO  SummarizeGlobalReferenceFunctions.java>   CONTEXT lwz r11,-0x45f0(r30) (GhidraScript)  
INFO  SummarizeGlobalReferenceFunctions.java>   CONTEXT or r3,r31,r31 (GhidraScript)  
INFO  SummarizeGlobalReferenceFunctions.java>   CONTEXT lwz r10,0x50(r11) (GhidraScript)  
INFO  SummarizeGlobalReferenceFunctions.java>   CONTEXT cntlzw r10,r10 (GhidraScript)  
INFO  SummarizeGlobalReferenceFunctions.java> FUNCTION 82191438 refs=[82191484] stores8=1 slotCLoads=0 body=[[82191438, 821914eb]] (GhidraScript)  
INFO  SummarizeGlobalReferenceFunctions.java>   STORE8 8219143c stw r12,-0x8(r1) (GhidraScript)  
INFO  SummarizeGlobalReferenceFunctions.java>   CONTEXT lis r11,-0x7d6c (GhidraScript)  
INFO  SummarizeGlobalReferenceFunctions.java>   CONTEXT lis r10,-0x7d62 (GhidraScript)  
INFO  SummarizeGlobalReferenceFunctions.java>   CONTEXT addi r3,r10,0x6218 (GhidraScript)  
INFO  SummarizeGlobalReferenceFunctions.java>   CONTEXT lwz r11,-0x45f0(r11) (GhidraScript)  
INFO  SummarizeGlobalReferenceFunctions.java>   CONTEXT lwz r9,0x50(r11) (GhidraScript)  
INFO  SummarizeGlobalReferenceFunctions.java>   CONTEXT cntlzw r10,r9 (GhidraScript)  
INFO  SummarizeGlobalReferenceFunctions.java>   CONTEXT rlwinm r10,r10,0x1b,0x1f,0x1f (GhidraScript)  
INFO  SummarizeGlobalReferenceFunctions.java> FUNCTION 82191750 refs=[8219178c, 821917b8] stores8=1 slotCLoads=0 body=[[82191750, 821917fb]] (GhidraScript)  
INFO  SummarizeGlobalReferenceFunctions.java>   STORE8 82191754 stw r12,-0x8(r1) (GhidraScript)  
INFO  SummarizeGlobalReferenceFunctions.java>   CONTEXT lis r30,-0x7d6c (GhidraScript)  
INFO  SummarizeGlobalReferenceFunctions.java>   CONTEXT lis r10,-0x7d62 (GhidraScript)  
INFO  SummarizeGlobalReferenceFunctions.java>   CONTEXT addi r31,r10,0x6218 (GhidraScript)  
INFO  SummarizeGlobalReferenceFunctions.java>   CONTEXT lwz r11,-0x45f0(r30) (GhidraScript)  
INFO  SummarizeGlobalReferenceFunctions.java>   CONTEXT or r3,r31,r31 (GhidraScript)  
INFO  SummarizeGlobalReferenceFunctions.java>   CONTEXT lwz r9,0x50(r11) (GhidraScript)  
INFO  SummarizeGlobalReferenceFunctions.java>   CONTEXT cntlzw r10,r9 (GhidraScript)  
INFO  SummarizeGlobalReferenceFunctions.java>   CONTEXT lwzx r4,r10,r11 (GhidraScript)  
INFO  SummarizeGlobalReferenceFunctions.java>   CONTEXT bl 0x821d2fc0 (GhidraScript)  
INFO  SummarizeGlobalReferenceFunctions.java>   CONTEXT bl 0x821d2d88 (GhidraScript)  
INFO  SummarizeGlobalReferenceFunctions.java>   CONTEXT lwz r11,-0x45f0(r30) (GhidraScript)  
INFO  SummarizeGlobalReferenceFunctions.java>   CONTEXT or r3,r31,r31 (GhidraScript)  
INFO  SummarizeGlobalReferenceFunctions.java>   CONTEXT lwz r10,0x50(r11) (GhidraScript)  
INFO  SummarizeGlobalReferenceFunctions.java>   CONTEXT cntlzw r10,r10 (GhidraScript)  
INFO  SummarizeGlobalReferenceFunctions.java> FUNCTION 82193a58 refs=[82193ae8, 82193b14] stores8=1 slotCLoads=0 body=[[82193a58, 82193b57]] (GhidraScript)  
INFO  SummarizeGlobalReferenceFunctions.java>   STORE8 82193a5c stw r12,-0x8(r1) (GhidraScript)  
INFO  SummarizeGlobalReferenceFunctions.java>   CONTEXT lis r30,-0x7d6c (GhidraScript)  
INFO  SummarizeGlobalReferenceFunctions.java>   CONTEXT lis r10,-0x7d62 (GhidraScript)  
INFO  SummarizeGlobalReferenceFunctions.java>   CONTEXT addi r31,r10,0x6218 (GhidraScript)  
INFO  SummarizeGlobalReferenceFunctions.java>   CONTEXT lwz r11,-0x45f0(r30) (GhidraScript)  
INFO  SummarizeGlobalReferenceFunctions.java>   CONTEXT or r3,r31,r31 (GhidraScript)  
INFO  SummarizeGlobalReferenceFunctions.java>   CONTEXT lwz r9,0x50(r11) (GhidraScript)  
INFO  SummarizeGlobalReferenceFunctions.java>   CONTEXT cntlzw r10,r9 (GhidraScript)  
INFO  SummarizeGlobalReferenceFunctions.java>   CONTEXT lwzx r4,r10,r11 (GhidraScript)  
INFO  SummarizeGlobalReferenceFunctions.java>   CONTEXT bl 0x821d2fc0 (GhidraScript)  
INFO  SummarizeGlobalReferenceFunctions.java>   CONTEXT bl 0x821d2d88 (GhidraScript)  
INFO  SummarizeGlobalReferenceFunctions.java>   CONTEXT lwz r11,-0x45f0(r30) (GhidraScript)  
INFO  SummarizeGlobalReferenceFunctions.java>   CONTEXT or r3,r31,r31 (GhidraScript)  
INFO  SummarizeGlobalReferenceFunctions.java>   CONTEXT lwz r10,0x50(r11) (GhidraScript)  
INFO  SummarizeGlobalReferenceFunctions.java>   CONTEXT cntlzw r10,r10 (GhidraScript)  
INFO  SummarizeGlobalReferenceFunctions.java> FUNCTION 82194610 refs=[82194664, 821946ac] stores8=1 slotCLoads=1 body=[[82194610, 821946cb]] (GhidraScript)  
INFO  SummarizeGlobalReferenceFunctions.java>   STORE8 82194614 stw r12,-0x8(r1) (GhidraScript)  
INFO  SummarizeGlobalReferenceFunctions.java>   SLOTC 82194678 lwz r11,0xc(r11) (GhidraScript)  
INFO  SummarizeGlobalReferenceFunctions.java>   CONTEXT li r9,0x2 (GhidraScript)  
INFO  SummarizeGlobalReferenceFunctions.java>   CONTEXT cmplwi cr6,r11,0x0 (GhidraScript)  
INFO  SummarizeGlobalReferenceFunctions.java>   CONTEXT lis r11,-0x7d97 (GhidraScript)  
INFO  SummarizeGlobalReferenceFunctions.java>   CONTEXT lwz r10,-0x45f0(r10) (GhidraScript)  
INFO  SummarizeGlobalReferenceFunctions.java>   CONTEXT addi r11,r11,0x1d0c (GhidraScript)  
INFO  SummarizeGlobalReferenceFunctions.java>   CONTEXT beq cr6,0x82194678 (GhidraScript)  
INFO  SummarizeGlobalReferenceFunctions.java>   CONTEXT lwz r11,0x8(r11) (GhidraScript)  
INFO  SummarizeGlobalReferenceFunctions.java>   CONTEXT lwz r11,0x1d0c(r11) (GhidraScript)  
INFO  SummarizeGlobalReferenceFunctions.java>   CONTEXT lis r10,-0x7d6c (GhidraScript)  
INFO  SummarizeGlobalReferenceFunctions.java>   CONTEXT li r9,0x2 (GhidraScript)  
INFO  SummarizeGlobalReferenceFunctions.java>   CONTEXT lwz r10,-0x45f0(r10) (GhidraScript)  
INFO  SummarizeGlobalReferenceFunctions.java>   CONTEXT stw r11,0x10(r10) (GhidraScript)  
INFO  SummarizeGlobalReferenceFunctions.java>   CONTEXT stw r9,0xc(r31) (GhidraScript)  
INFO  SummarizeGlobalReferenceFunctions.java>   CONTEXT addi r1,r1,0x60 (GhidraScript)  
INFO  SummarizeGlobalReferenceFunctions.java> FUNCTION 82195c68 refs=[82195c94] stores8=1 slotCLoads=0 body=[[82195c68, 82195cc7]] (GhidraScript)  
INFO  SummarizeGlobalReferenceFunctions.java>   STORE8 82195c6c stw r12,-0x8(r1) (GhidraScript)  
INFO  SummarizeGlobalReferenceFunctions.java>   CONTEXT mtspr CTR,r11 (GhidraScript)  
INFO  SummarizeGlobalReferenceFunctions.java>   CONTEXT bctrl (GhidraScript)  
INFO  SummarizeGlobalReferenceFunctions.java>   CONTEXT lis r11,-0x7d6c (GhidraScript)  
INFO  SummarizeGlobalReferenceFunctions.java>   CONTEXT lwz r11,-0x45f0(r11) (GhidraScript)  
INFO  SummarizeGlobalReferenceFunctions.java>   CONTEXT lwz r10,0x24(r11) (GhidraScript)  
INFO  SummarizeGlobalReferenceFunctions.java>   CONTEXT cmpwi cr6,r10,0x2 (GhidraScript)  
INFO  SummarizeGlobalReferenceFunctions.java>   CONTEXT beq cr6,0x82195cac (GhidraScript)  
INFO  SummarizeGlobalReferenceFunctions.java> FUNCTION 82195cc8 refs=[82195d1c] stores8=1 slotCLoads=0 body=[[82195cc8, 82195d97]] (GhidraScript)  
INFO  SummarizeGlobalReferenceFunctions.java>   STORE8 82195ccc stw r12,-0x8(r1) (GhidraScript)  
INFO  SummarizeGlobalReferenceFunctions.java>   CONTEXT rlwinm r11,r3,0x0,0x18,0x1f (GhidraScript)  
INFO  SummarizeGlobalReferenceFunctions.java>   CONTEXT cmplwi cr6,r11,0x0 (GhidraScript)  
INFO  SummarizeGlobalReferenceFunctions.java>   CONTEXT lis r11,-0x7d6c (GhidraScript)  
INFO  SummarizeGlobalReferenceFunctions.java>   CONTEXT lwz r10,-0x45f0(r11) (GhidraScript)  
INFO  SummarizeGlobalReferenceFunctions.java>   CONTEXT beq cr6,0x82195d6c (GhidraScript)  
INFO  SummarizeGlobalReferenceFunctions.java>   CONTEXT lis r11,0x2 (GhidraScript)  
INFO  SummarizeGlobalReferenceFunctions.java>   CONTEXT li r30,0x1 (GhidraScript)  
INFO  SummarizeGlobalReferenceFunctions.java> FUNCTION 82195d98 refs=[82195dcc] stores8=1 slotCLoads=0 body=[[82195d98, 82195de3]] (GhidraScript)  
INFO  SummarizeGlobalReferenceFunctions.java>   STORE8 82195d9c stw r12,-0x8(r1) (GhidraScript)  
INFO  SummarizeGlobalReferenceFunctions.java>   CONTEXT lis r11,-0x7d97 (GhidraScript)  
INFO  SummarizeGlobalReferenceFunctions.java>   CONTEXT lis r10,-0x7d6c (GhidraScript)  
INFO  SummarizeGlobalReferenceFunctions.java>   CONTEXT lwz r11,0x1bc0(r11) (GhidraScript)  
INFO  SummarizeGlobalReferenceFunctions.java>   CONTEXT lwz r10,-0x45f0(r10) (GhidraScript)  
INFO  SummarizeGlobalReferenceFunctions.java>   CONTEXT stw r11,0x10(r10) (GhidraScript)  
INFO  SummarizeGlobalReferenceFunctions.java>   CONTEXT addi r1,r1,0x60 (GhidraScript)  
INFO  SummarizeGlobalReferenceFunctions.java>   CONTEXT lwz r12,-0x8(r1) (GhidraScript)  
INFO  SummarizeGlobalReferenceFunctions.java> FUNCTION 82195de8 refs=[82195e1c] stores8=1 slotCLoads=0 body=[[82195de8, 82195e33]] (GhidraScript)  
INFO  SummarizeGlobalReferenceFunctions.java>   STORE8 82195dec stw r12,-0x8(r1) (GhidraScript)  
INFO  SummarizeGlobalReferenceFunctions.java>   CONTEXT lis r11,-0x7d97 (GhidraScript)  
INFO  SummarizeGlobalReferenceFunctions.java>   CONTEXT lis r10,-0x7d6c (GhidraScript)  
INFO  SummarizeGlobalReferenceFunctions.java>   CONTEXT lwz r11,0x1d68(r11) (GhidraScript)  
INFO  SummarizeGlobalReferenceFunctions.java>   CONTEXT lwz r10,-0x45f0(r10) (GhidraScript)  
INFO  SummarizeGlobalReferenceFunctions.java>   CONTEXT stw r11,0x10(r10) (GhidraScript)  
INFO  SummarizeGlobalReferenceFunctions.java>   CONTEXT addi r1,r1,0x60 (GhidraScript)  
INFO  SummarizeGlobalReferenceFunctions.java>   CONTEXT lwz r12,-0x8(r1) (GhidraScript)  
INFO  SummarizeGlobalReferenceFunctions.java> FUNCTION 82195e38 refs=[82195e6c] stores8=1 slotCLoads=0 body=[[82195e38, 82195e83]] (GhidraScript)  
INFO  SummarizeGlobalReferenceFunctions.java>   STORE8 82195e3c stw r12,-0x8(r1) (GhidraScript)  
INFO  SummarizeGlobalReferenceFunctions.java>   CONTEXT lis r11,-0x7d97 (GhidraScript)  
INFO  SummarizeGlobalReferenceFunctions.java>   CONTEXT lis r10,-0x7d6c (GhidraScript)  
INFO  SummarizeGlobalReferenceFunctions.java>   CONTEXT lwz r11,0x1c2c(r11) (GhidraScript)  
INFO  SummarizeGlobalReferenceFunctions.java>   CONTEXT lwz r10,-0x45f0(r10) (GhidraScript)  
INFO  SummarizeGlobalReferenceFunctions.java>   CONTEXT stw r11,0x10(r10) (GhidraScript)  
INFO  SummarizeGlobalReferenceFunctions.java>   CONTEXT addi r1,r1,0x60 (GhidraScript)  
INFO  SummarizeGlobalReferenceFunctions.java>   CONTEXT lwz r12,-0x8(r1) (GhidraScript)  
INFO  SummarizeGlobalReferenceFunctions.java> FUNCTION 82196430 refs=[82196448] stores8=2 slotCLoads=0 body=[[82196430, 821964d3]] (GhidraScript)  
INFO  SummarizeGlobalReferenceFunctions.java>   STORE8 82196434 stw r12,-0x8(r1) (GhidraScript)  
INFO  SummarizeGlobalReferenceFunctions.java>   STORE8 82196498 stw r11,0x8(r3) (GhidraScript)  
INFO  SummarizeGlobalReferenceFunctions.java>   CONTEXT std r31,-0x10(r1) (GhidraScript)  
INFO  SummarizeGlobalReferenceFunctions.java>   CONTEXT stwu r1,-0x70(r1) (GhidraScript)  
INFO  SummarizeGlobalReferenceFunctions.java>   CONTEXT lis r11,-0x7d6c (GhidraScript)  
INFO  SummarizeGlobalReferenceFunctions.java>   CONTEXT lwz r11,-0x45f0(r11) (GhidraScript)  
INFO  SummarizeGlobalReferenceFunctions.java>   CONTEXT addi r3,r11,0x60 (GhidraScript)  
INFO  SummarizeGlobalReferenceFunctions.java>   CONTEXT ld r4,0xdc(r11) (GhidraScript)  
INFO  SummarizeGlobalReferenceFunctions.java>   CONTEXT bl 0x821cfca8 (GhidraScript)  
INFO  SummarizeGlobalReferenceFunctions.java> FUNCTION 821966f0 refs=[8219673c, 82196790] stores8=1 slotCLoads=1 body=[[821966f0, 82196887]] (GhidraScript)  
INFO  SummarizeGlobalReferenceFunctions.java>   STORE8 821966f4 stw r12,-0x8(r1) (GhidraScript)  
INFO  SummarizeGlobalReferenceFunctions.java>   SLOTC 82196708 lwz r11,0xc(r30) (GhidraScript)  
INFO  SummarizeGlobalReferenceFunctions.java>   CONTEXT lis r11,-0x7d6c (GhidraScript)  
INFO  SummarizeGlobalReferenceFunctions.java>   CONTEXT li r10,0x1 (GhidraScript)  
INFO  SummarizeGlobalReferenceFunctions.java>   CONTEXT li r9,0x3 (GhidraScript)  
INFO  SummarizeGlobalReferenceFunctions.java>   CONTEXT lwz r11,-0x45f0(r11) (GhidraScript)  
INFO  SummarizeGlobalReferenceFunctions.java>   CONTEXT lwz r3,0x8(r11) (GhidraScript)  
INFO  SummarizeGlobalReferenceFunctions.java>   CONTEXT stw r10,0x18(r11) (GhidraScript)  
INFO  SummarizeGlobalReferenceFunctions.java>   CONTEXT stw r9,0x1c(r11) (GhidraScript)  
INFO  SummarizeGlobalReferenceFunctions.java>   CONTEXT lis r11,-0x7d6c (GhidraScript)  
INFO  SummarizeGlobalReferenceFunctions.java>   CONTEXT lis r10,-0x7d62 (GhidraScript)  
INFO  SummarizeGlobalReferenceFunctions.java>   CONTEXT addi r3,r10,0x6218 (GhidraScript)  
INFO  SummarizeGlobalReferenceFunctions.java>   CONTEXT lwz r11,-0x45f0(r11) (GhidraScript)  
INFO  SummarizeGlobalReferenceFunctions.java>   CONTEXT lwz r9,0x50(r11) (GhidraScript)  
INFO  SummarizeGlobalReferenceFunctions.java>   CONTEXT cntlzw r10,r9 (GhidraScript)  
INFO  SummarizeGlobalReferenceFunctions.java>   CONTEXT rlwinm r10,r10,0x1b,0x1f,0x1f (GhidraScript)  
INFO  SummarizeGlobalReferenceFunctions.java> FUNCTION 82196d20 refs=[82196d54, 82196d74, 82196db8] stores8=1 slotCLoads=0 body=[[82196d20, 82196de7]] (GhidraScript)  
INFO  SummarizeGlobalReferenceFunctions.java>   STORE8 82196d24 stw r12,-0x8(r1) (GhidraScript)  
INFO  SummarizeGlobalReferenceFunctions.java>   CONTEXT li r4,0x0 (GhidraScript)  
INFO  SummarizeGlobalReferenceFunctions.java>   CONTEXT lwz r3,-0x64d8(r11) (GhidraScript)  
INFO  SummarizeGlobalReferenceFunctions.java>   CONTEXT lis r11,-0x7d97 (GhidraScript)  
INFO  SummarizeGlobalReferenceFunctions.java>   CONTEXT lwz r10,-0x45f0(r31) (GhidraScript)  
INFO  SummarizeGlobalReferenceFunctions.java>   CONTEXT addi r11,r11,0x1c44 (GhidraScript)  
INFO  SummarizeGlobalReferenceFunctions.java>   CONTEXT lwz r11,0x4(r11) (GhidraScript)  
INFO  SummarizeGlobalReferenceFunctions.java>   CONTEXT stw r11,0x10(r10) (GhidraScript)  
INFO  SummarizeGlobalReferenceFunctions.java>   CONTEXT lwz r11,0xfc(r11) (GhidraScript)  
INFO  SummarizeGlobalReferenceFunctions.java>   CONTEXT mtspr CTR,r11 (GhidraScript)  
INFO  SummarizeGlobalReferenceFunctions.java>   CONTEXT bctrl (GhidraScript)  
INFO  SummarizeGlobalReferenceFunctions.java>   CONTEXT lwz r11,-0x45f0(r31) (GhidraScript)  
INFO  SummarizeGlobalReferenceFunctions.java>   CONTEXT lwz r10,0x24(r11) (GhidraScript)  
INFO  SummarizeGlobalReferenceFunctions.java>   CONTEXT cmpwi cr6,r10,0x2 (GhidraScript)  
INFO  SummarizeGlobalReferenceFunctions.java>   CONTEXT beq cr6,0x82196dc8 (GhidraScript)  
INFO  SummarizeGlobalReferenceFunctions.java>   CONTEXT lis r11,-0x7d97 (GhidraScript)  
INFO  SummarizeGlobalReferenceFunctions.java>   CONTEXT lis r10,-0x7d6c (GhidraScript)  
INFO  SummarizeGlobalReferenceFunctions.java>   CONTEXT lwz r11,0x1c44(r11) (GhidraScript)  
INFO  SummarizeGlobalReferenceFunctions.java>   CONTEXT lwz r10,-0x45f0(r10) (GhidraScript)  
INFO  SummarizeGlobalReferenceFunctions.java>   CONTEXT stw r11,0x10(r10) (GhidraScript)  
INFO  SummarizeGlobalReferenceFunctions.java>   CONTEXT stw r9,-0x25c(r30) (GhidraScript)  
INFO  SummarizeGlobalReferenceFunctions.java>   CONTEXT b 0x82196dd0 (GhidraScript)  
INFO  SummarizeGlobalReferenceFunctions.java> FUNCTION 82196e48 refs=[82196eac] stores8=1 slotCLoads=0 body=[[82196e48, 82196ef7]] (GhidraScript)  
INFO  SummarizeGlobalReferenceFunctions.java>   STORE8 82196e4c stw r12,-0x8(r1) (GhidraScript)  
INFO  SummarizeGlobalReferenceFunctions.java>   CONTEXT lis r11,-0x7d6c (GhidraScript)  
INFO  SummarizeGlobalReferenceFunctions.java>   CONTEXT lis r10,-0x7d62 (GhidraScript)  
INFO  SummarizeGlobalReferenceFunctions.java>   CONTEXT addi r3,r10,0x6218 (GhidraScript)  
INFO  SummarizeGlobalReferenceFunctions.java>   CONTEXT lwz r11,-0x45f0(r11) (GhidraScript)  
INFO  SummarizeGlobalReferenceFunctions.java>   CONTEXT lwz r9,0x50(r11) (GhidraScript)  
INFO  SummarizeGlobalReferenceFunctions.java>   CONTEXT cntlzw r10,r9 (GhidraScript)  
INFO  SummarizeGlobalReferenceFunctions.java>   CONTEXT rlwinm r10,r10,0x1b,0x1f,0x1f (GhidraScript)  
INFO  SummarizeGlobalReferenceFunctions.java> FUNCTION 821970d8 refs=[8219713c] stores8=1 slotCLoads=0 body=[[821970d8, 82197187]] (GhidraScript)  
INFO  SummarizeGlobalReferenceFunctions.java>   STORE8 821970dc stw r12,-0x8(r1) (GhidraScript)  
INFO  SummarizeGlobalReferenceFunctions.java>   CONTEXT lis r11,-0x7d6c (GhidraScript)  
INFO  SummarizeGlobalReferenceFunctions.java>   CONTEXT lis r10,-0x7d62 (GhidraScript)  
INFO  SummarizeGlobalReferenceFunctions.java>   CONTEXT addi r3,r10,0x6218 (GhidraScript)  
INFO  SummarizeGlobalReferenceFunctions.java>   CONTEXT lwz r11,-0x45f0(r11) (GhidraScript)  
INFO  SummarizeGlobalReferenceFunctions.java>   CONTEXT lwz r9,0x50(r11) (GhidraScript)  
INFO  SummarizeGlobalReferenceFunctions.java>   CONTEXT cntlzw r10,r9 (GhidraScript)  
INFO  SummarizeGlobalReferenceFunctions.java>   CONTEXT rlwinm r10,r10,0x1b,0x1f,0x1f (GhidraScript)  
INFO  SummarizeGlobalReferenceFunctions.java> FUNCTION 82197b58 refs=[82197bbc] stores8=1 slotCLoads=0 body=[[82197b58, 82197c07]] (GhidraScript)  
INFO  SummarizeGlobalReferenceFunctions.java>   STORE8 82197b5c stw r12,-0x8(r1) (GhidraScript)  
INFO  SummarizeGlobalReferenceFunctions.java>   CONTEXT lis r11,-0x7d6c (GhidraScript)  
INFO  SummarizeGlobalReferenceFunctions.java>   CONTEXT lis r10,-0x7d62 (GhidraScript)  
INFO  SummarizeGlobalReferenceFunctions.java>   CONTEXT addi r3,r10,0x6218 (GhidraScript)  
INFO  SummarizeGlobalReferenceFunctions.java>   CONTEXT lwz r11,-0x45f0(r11) (GhidraScript)  
INFO  SummarizeGlobalReferenceFunctions.java>   CONTEXT lwz r9,0x50(r11) (GhidraScript)  
INFO  SummarizeGlobalReferenceFunctions.java>   CONTEXT cntlzw r10,r9 (GhidraScript)  
INFO  SummarizeGlobalReferenceFunctions.java>   CONTEXT rlwinm r10,r10,0x1b,0x1f,0x1f (GhidraScript)  
INFO  SummarizeGlobalReferenceFunctions.java> FUNCTION 82197c08 refs=[82197cd8, 82197d4c] stores8=1 slotCLoads=1 body=[[82197c08, 82197def]] (GhidraScript)  
INFO  SummarizeGlobalReferenceFunctions.java>   STORE8 82197c0c stw r12,-0x8(r1) (GhidraScript)  
INFO  SummarizeGlobalReferenceFunctions.java>   SLOTC 82197c1c lwz r11,0xc(r31) (GhidraScript)  
INFO  SummarizeGlobalReferenceFunctions.java>   CONTEXT lis r11,-0x7d6c (GhidraScript)  
INFO  SummarizeGlobalReferenceFunctions.java>   CONTEXT li r10,0x1 (GhidraScript)  
INFO  SummarizeGlobalReferenceFunctions.java>   CONTEXT li r9,0x3 (GhidraScript)  
INFO  SummarizeGlobalReferenceFunctions.java>   CONTEXT lwz r11,-0x45f0(r11) (GhidraScript)  
INFO  SummarizeGlobalReferenceFunctions.java>   CONTEXT lwz r3,0x8(r11) (GhidraScript)  
INFO  SummarizeGlobalReferenceFunctions.java>   CONTEXT stw r10,0x18(r11) (GhidraScript)  
INFO  SummarizeGlobalReferenceFunctions.java>   CONTEXT stw r9,0x1c(r11) (GhidraScript)  
INFO  SummarizeGlobalReferenceFunctions.java>   CONTEXT lis r11,-0x7d6c (GhidraScript)  
INFO  SummarizeGlobalReferenceFunctions.java>   CONTEXT lis r10,-0x7d62 (GhidraScript)  
INFO  SummarizeGlobalReferenceFunctions.java>   CONTEXT addi r3,r10,0x6218 (GhidraScript)  
INFO  SummarizeGlobalReferenceFunctions.java>   CONTEXT lwz r11,-0x45f0(r11) (GhidraScript)  
INFO  SummarizeGlobalReferenceFunctions.java>   CONTEXT lwz r9,0x50(r11) (GhidraScript)  
INFO  SummarizeGlobalReferenceFunctions.java>   CONTEXT cntlzw r10,r9 (GhidraScript)  
INFO  SummarizeGlobalReferenceFunctions.java>   CONTEXT rlwinm r10,r10,0x1b,0x1f,0x1f (GhidraScript)  
INFO  SummarizeGlobalReferenceFunctions.java> FUNCTION 82197fa0 refs=[82198004] stores8=1 slotCLoads=0 body=[[82197fa0, 8219804f]] (GhidraScript)  
INFO  SummarizeGlobalReferenceFunctions.java>   STORE8 82197fa4 stw r12,-0x8(r1) (GhidraScript)  
INFO  SummarizeGlobalReferenceFunctions.java>   CONTEXT lis r11,-0x7d6c (GhidraScript)  
INFO  SummarizeGlobalReferenceFunctions.java>   CONTEXT lis r10,-0x7d62 (GhidraScript)  
INFO  SummarizeGlobalReferenceFunctions.java>   CONTEXT addi r3,r10,0x6218 (GhidraScript)  
INFO  SummarizeGlobalReferenceFunctions.java>   CONTEXT lwz r11,-0x45f0(r11) (GhidraScript)  
INFO  SummarizeGlobalReferenceFunctions.java>   CONTEXT lwz r9,0x50(r11) (GhidraScript)  
INFO  SummarizeGlobalReferenceFunctions.java>   CONTEXT cntlzw r10,r9 (GhidraScript)  
INFO  SummarizeGlobalReferenceFunctions.java>   CONTEXT rlwinm r10,r10,0x1b,0x1f,0x1f (GhidraScript)  
INFO  SummarizeGlobalReferenceFunctions.java> FUNCTION 82198050 refs=[82198098, 82198114] stores8=1 slotCLoads=1 body=[[82198050, 821981b7]] (GhidraScript)  
INFO  SummarizeGlobalReferenceFunctions.java>   STORE8 82198054 stw r12,-0x8(r1) (GhidraScript)  
INFO  SummarizeGlobalReferenceFunctions.java>   SLOTC 82198064 lwz r11,0xc(r31) (GhidraScript)  
INFO  SummarizeGlobalReferenceFunctions.java>   CONTEXT lis r11,-0x7d6c (GhidraScript)  
INFO  SummarizeGlobalReferenceFunctions.java>   CONTEXT li r10,0x1 (GhidraScript)  
INFO  SummarizeGlobalReferenceFunctions.java>   CONTEXT li r9,0x3 (GhidraScript)  
INFO  SummarizeGlobalReferenceFunctions.java>   CONTEXT lwz r11,-0x45f0(r11) (GhidraScript)  
INFO  SummarizeGlobalReferenceFunctions.java>   CONTEXT lwz r3,0x8(r11) (GhidraScript)  
INFO  SummarizeGlobalReferenceFunctions.java>   CONTEXT stw r10,0x18(r11) (GhidraScript)  
INFO  SummarizeGlobalReferenceFunctions.java>   CONTEXT stw r9,0x1c(r11) (GhidraScript)  
INFO  SummarizeGlobalReferenceFunctions.java>   CONTEXT lis r11,-0x7d6c (GhidraScript)  
INFO  SummarizeGlobalReferenceFunctions.java>   CONTEXT lis r10,-0x7d62 (GhidraScript)  
INFO  SummarizeGlobalReferenceFunctions.java>   CONTEXT addi r3,r10,0x6218 (GhidraScript)  
INFO  SummarizeGlobalReferenceFunctions.java>   CONTEXT lwz r11,-0x45f0(r11) (GhidraScript)  
INFO  SummarizeGlobalReferenceFunctions.java>   CONTEXT lwz r9,0x50(r11) (GhidraScript)  
INFO  SummarizeGlobalReferenceFunctions.java>   CONTEXT cntlzw r10,r9 (GhidraScript)  
INFO  SummarizeGlobalReferenceFunctions.java>   CONTEXT rlwinm r10,r10,0x1b,0x1f,0x1f (GhidraScript)  
INFO  SummarizeGlobalReferenceFunctions.java> FUNCTION 821981b8 refs=[821982c8, 821982f4] stores8=1 slotCLoads=0 body=[[821981b8, 82198337]] (GhidraScript)  
INFO  SummarizeGlobalReferenceFunctions.java>   STORE8 821981bc stw r12,-0x8(r1) (GhidraScript)  
INFO  SummarizeGlobalReferenceFunctions.java>   CONTEXT lis r30,-0x7d6c (GhidraScript)  
INFO  SummarizeGlobalReferenceFunctions.java>   CONTEXT lis r10,-0x7d62 (GhidraScript)  
INFO  SummarizeGlobalReferenceFunctions.java>   CONTEXT addi r31,r10,0x6218 (GhidraScript)  
INFO  SummarizeGlobalReferenceFunctions.java>   CONTEXT lwz r11,-0x45f0(r30) (GhidraScript)  
INFO  SummarizeGlobalReferenceFunctions.java>   CONTEXT or r3,r31,r31 (GhidraScript)  
INFO  SummarizeGlobalReferenceFunctions.java>   CONTEXT lwz r9,0x50(r11) (GhidraScript)  
INFO  SummarizeGlobalReferenceFunctions.java>   CONTEXT cntlzw r10,r9 (GhidraScript)  
INFO  SummarizeGlobalReferenceFunctions.java>   CONTEXT lwzx r4,r10,r11 (GhidraScript)  
INFO  SummarizeGlobalReferenceFunctions.java>   CONTEXT bl 0x821d2fc0 (GhidraScript)  
INFO  SummarizeGlobalReferenceFunctions.java>   CONTEXT bl 0x821d2d88 (GhidraScript)  
INFO  SummarizeGlobalReferenceFunctions.java>   CONTEXT lwz r11,-0x45f0(r30) (GhidraScript)  
INFO  SummarizeGlobalReferenceFunctions.java>   CONTEXT or r3,r31,r31 (GhidraScript)  
INFO  SummarizeGlobalReferenceFunctions.java>   CONTEXT lwz r10,0x50(r11) (GhidraScript)  
INFO  SummarizeGlobalReferenceFunctions.java>   CONTEXT cntlzw r10,r10 (GhidraScript)  
INFO  SummarizeGlobalReferenceFunctions.java> FUNCTION 82198930 refs=[8219894c, 82198988] stores8=1 slotCLoads=0 body=[[82198930, 821989df]] (GhidraScript)  
INFO  SummarizeGlobalReferenceFunctions.java>   STORE8 82198934 stw r12,-0x8(r1) (GhidraScript)  
INFO  SummarizeGlobalReferenceFunctions.java>   CONTEXT stwu r1,-0x70(r1) (GhidraScript)  
INFO  SummarizeGlobalReferenceFunctions.java>   CONTEXT lis r30,-0x7d6c (GhidraScript)  
INFO  SummarizeGlobalReferenceFunctions.java>   CONTEXT or r31,r3,r3 (GhidraScript)  
INFO  SummarizeGlobalReferenceFunctions.java>   CONTEXT lwz r11,-0x45f0(r30) (GhidraScript)  
INFO  SummarizeGlobalReferenceFunctions.java>   CONTEXT lbz r11,0x71(r11) (GhidraScript)  
INFO  SummarizeGlobalReferenceFunctions.java>   CONTEXT cmplwi cr6,r11,0x0 (GhidraScript)  
INFO  SummarizeGlobalReferenceFunctions.java>   CONTEXT lwz r11,0x0(r31) (GhidraScript)  
INFO  SummarizeGlobalReferenceFunctions.java>   CONTEXT lwz r11,0x34(r11) (GhidraScript)  
INFO  SummarizeGlobalReferenceFunctions.java>   CONTEXT mtspr CTR,r11 (GhidraScript)  
INFO  SummarizeGlobalReferenceFunctions.java>   CONTEXT bctrl (GhidraScript)  
INFO  SummarizeGlobalReferenceFunctions.java>   CONTEXT lwz r11,-0x45f0(r30) (GhidraScript)  
INFO  SummarizeGlobalReferenceFunctions.java>   CONTEXT lis r10,-0x7d62 (GhidraScript)  
INFO  SummarizeGlobalReferenceFunctions.java>   CONTEXT addi r3,r10,0x6218 (GhidraScript)  
INFO  SummarizeGlobalReferenceFunctions.java>   CONTEXT lwz r9,0x50(r11) (GhidraScript)  
INFO  SummarizeGlobalReferenceFunctions.java> FUNCTION 82198d08 refs=[82198d80, 82198dac] stores8=1 slotCLoads=0 body=[[82198d08, 82198def]] (GhidraScript)  
INFO  SummarizeGlobalReferenceFunctions.java>   STORE8 82198d0c stw r12,-0x8(r1) (GhidraScript)  
INFO  SummarizeGlobalReferenceFunctions.java>   CONTEXT lis r30,-0x7d6c (GhidraScript)  
INFO  SummarizeGlobalReferenceFunctions.java>   CONTEXT lis r10,-0x7d62 (GhidraScript)  
INFO  SummarizeGlobalReferenceFunctions.java>   CONTEXT addi r31,r10,0x6218 (GhidraScript)  
INFO  SummarizeGlobalReferenceFunctions.java>   CONTEXT lwz r11,-0x45f0(r30) (GhidraScript)  
INFO  SummarizeGlobalReferenceFunctions.java>   CONTEXT or r3,r31,r31 (GhidraScript)  
INFO  SummarizeGlobalReferenceFunctions.java>   CONTEXT lwz r9,0x50(r11) (GhidraScript)  
INFO  SummarizeGlobalReferenceFunctions.java>   CONTEXT cntlzw r10,r9 (GhidraScript)  
INFO  SummarizeGlobalReferenceFunctions.java>   CONTEXT lwzx r4,r10,r11 (GhidraScript)  
INFO  SummarizeGlobalReferenceFunctions.java>   CONTEXT bl 0x821d2fc0 (GhidraScript)  
INFO  SummarizeGlobalReferenceFunctions.java>   CONTEXT bl 0x821d2d88 (GhidraScript)  
INFO  SummarizeGlobalReferenceFunctions.java>   CONTEXT lwz r11,-0x45f0(r30) (GhidraScript)  
INFO  SummarizeGlobalReferenceFunctions.java>   CONTEXT or r3,r31,r31 (GhidraScript)  
INFO  SummarizeGlobalReferenceFunctions.java>   CONTEXT lwz r10,0x50(r11) (GhidraScript)  
INFO  SummarizeGlobalReferenceFunctions.java>   CONTEXT cntlzw r10,r10 (GhidraScript)  
INFO  SummarizeGlobalReferenceFunctions.java> FUNCTION 82198f98 refs=[82198fe4] stores8=1 slotCLoads=0 body=[[82198f98, 8219902f]] (GhidraScript)  
INFO  SummarizeGlobalReferenceFunctions.java>   STORE8 82198f9c stw r12,-0x8(r1) (GhidraScript)  
INFO  SummarizeGlobalReferenceFunctions.java>   CONTEXT lis r11,-0x7d6c (GhidraScript)  
INFO  SummarizeGlobalReferenceFunctions.java>   CONTEXT lis r10,-0x7d62 (GhidraScript)  
INFO  SummarizeGlobalReferenceFunctions.java>   CONTEXT addi r3,r10,0x6218 (GhidraScript)  
INFO  SummarizeGlobalReferenceFunctions.java>   CONTEXT lwz r11,-0x45f0(r11) (GhidraScript)  
INFO  SummarizeGlobalReferenceFunctions.java>   CONTEXT lwz r9,0x50(r11) (GhidraScript)  
INFO  SummarizeGlobalReferenceFunctions.java>   CONTEXT cntlzw r10,r9 (GhidraScript)  
INFO  SummarizeGlobalReferenceFunctions.java>   CONTEXT rlwinm r10,r10,0x1b,0x1f,0x1f (GhidraScript)  
INFO  SummarizeGlobalReferenceFunctions.java> FUNCTION 821991c8 refs=[82199214] stores8=1 slotCLoads=0 body=[[821991c8, 8219925f]] (GhidraScript)  
INFO  SummarizeGlobalReferenceFunctions.java>   STORE8 821991cc stw r12,-0x8(r1) (GhidraScript)  
INFO  SummarizeGlobalReferenceFunctions.java>   CONTEXT lis r11,-0x7d6c (GhidraScript)  
INFO  SummarizeGlobalReferenceFunctions.java>   CONTEXT lis r10,-0x7d62 (GhidraScript)  
INFO  SummarizeGlobalReferenceFunctions.java>   CONTEXT addi r3,r10,0x6218 (GhidraScript)  
INFO  SummarizeGlobalReferenceFunctions.java>   CONTEXT lwz r11,-0x45f0(r11) (GhidraScript)  
INFO  SummarizeGlobalReferenceFunctions.java>   CONTEXT lwz r9,0x50(r11) (GhidraScript)  
INFO  SummarizeGlobalReferenceFunctions.java>   CONTEXT cntlzw r10,r9 (GhidraScript)  
INFO  SummarizeGlobalReferenceFunctions.java>   CONTEXT rlwinm r10,r10,0x1b,0x1f,0x1f (GhidraScript)  
INFO  SummarizeGlobalReferenceFunctions.java> FUNCTION 8219a378 refs=[8219a3fc, 8219a454, 8219a4ac] stores8=1 slotCLoads=0 body=[[8219a378, 8219a5e7]] (GhidraScript)  
INFO  SummarizeGlobalReferenceFunctions.java>   STORE8 8219a37c stw r12,-0x8(r1) (GhidraScript)  
INFO  SummarizeGlobalReferenceFunctions.java>   CONTEXT bctrl (GhidraScript)  
INFO  SummarizeGlobalReferenceFunctions.java>   CONTEXT lis r11,-0x7d6c (GhidraScript)  
INFO  SummarizeGlobalReferenceFunctions.java>   CONTEXT li r10,0x3 (GhidraScript)  
INFO  SummarizeGlobalReferenceFunctions.java>   CONTEXT lwz r11,-0x45f0(r11) (GhidraScript)  
INFO  SummarizeGlobalReferenceFunctions.java>   CONTEXT lwz r3,0x8(r11) (GhidraScript)  
INFO  SummarizeGlobalReferenceFunctions.java>   CONTEXT stw r30,0x18(r11) (GhidraScript)  
INFO  SummarizeGlobalReferenceFunctions.java>   CONTEXT stw r10,0x1c(r11) (GhidraScript)  
INFO  SummarizeGlobalReferenceFunctions.java>   CONTEXT bctrl (GhidraScript)  
INFO  SummarizeGlobalReferenceFunctions.java>   CONTEXT lis r11,-0x7d6c (GhidraScript)  
INFO  SummarizeGlobalReferenceFunctions.java>   CONTEXT li r10,0x3 (GhidraScript)  
INFO  SummarizeGlobalReferenceFunctions.java>   CONTEXT lwz r11,-0x45f0(r11) (GhidraScript)  
INFO  SummarizeGlobalReferenceFunctions.java>   CONTEXT lwz r3,0x8(r11) (GhidraScript)  
INFO  SummarizeGlobalReferenceFunctions.java>   CONTEXT stw r30,0x18(r11) (GhidraScript)  
INFO  SummarizeGlobalReferenceFunctions.java>   CONTEXT stw r10,0x1c(r11) (GhidraScript)  
INFO  SummarizeGlobalReferenceFunctions.java>   CONTEXT bctrl (GhidraScript)  
INFO  SummarizeGlobalReferenceFunctions.java>   CONTEXT lis r11,-0x7d6c (GhidraScript)  
INFO  SummarizeGlobalReferenceFunctions.java>   CONTEXT li r10,0x3 (GhidraScript)  
INFO  SummarizeGlobalReferenceFunctions.java>   CONTEXT lwz r11,-0x45f0(r11) (GhidraScript)  
INFO  SummarizeGlobalReferenceFunctions.java>   CONTEXT lwz r3,0x8(r11) (GhidraScript)  
INFO  SummarizeGlobalReferenceFunctions.java>   CONTEXT stw r30,0x18(r11) (GhidraScript)  
INFO  SummarizeGlobalReferenceFunctions.java>   CONTEXT stw r10,0x1c(r11) (GhidraScript)  
INFO  SummarizeGlobalReferenceFunctions.java> FUNCTION 821a4c30 refs=[821a4c54, 821a4c88] stores8=1 slotCLoads=0 body=[[821a4c30, 821a4cef]] (GhidraScript)  
INFO  SummarizeGlobalReferenceFunctions.java>   STORE8 821a4c34 stw r12,-0x8(r1) (GhidraScript)  
INFO  SummarizeGlobalReferenceFunctions.java>   CONTEXT lis r30,-0x7d6c (GhidraScript)  
INFO  SummarizeGlobalReferenceFunctions.java>   CONTEXT or r31,r3,r3 (GhidraScript)  
INFO  SummarizeGlobalReferenceFunctions.java>   CONTEXT lwz r11,0x1d84(r11) (GhidraScript)  
INFO  SummarizeGlobalReferenceFunctions.java>   CONTEXT lwz r10,-0x45f0(r30) (GhidraScript)  
INFO  SummarizeGlobalReferenceFunctions.java>   CONTEXT stw r11,0x10(r10) (GhidraScript)  
INFO  SummarizeGlobalReferenceFunctions.java>   CONTEXT lwz r11,0x0(r31) (GhidraScript)  
INFO  SummarizeGlobalReferenceFunctions.java>   CONTEXT lwz r11,0x34(r11) (GhidraScript)  
INFO  SummarizeGlobalReferenceFunctions.java>   CONTEXT lwz r11,0x38(r11) (GhidraScript)  
INFO  SummarizeGlobalReferenceFunctions.java>   CONTEXT mtspr CTR,r11 (GhidraScript)  
INFO  SummarizeGlobalReferenceFunctions.java>   CONTEXT bctrl (GhidraScript)  
INFO  SummarizeGlobalReferenceFunctions.java>   CONTEXT lwz r11,-0x45f0(r30) (GhidraScript)  
INFO  SummarizeGlobalReferenceFunctions.java>   CONTEXT lis r10,-0x7d62 (GhidraScript)  
INFO  SummarizeGlobalReferenceFunctions.java>   CONTEXT addi r3,r10,0x6218 (GhidraScript)  
INFO  SummarizeGlobalReferenceFunctions.java>   CONTEXT lwz r9,0x50(r11) (GhidraScript)  
INFO  SummarizeGlobalReferenceFunctions.java> FUNCTION 821a4fd8 refs=[821a5068, 821a5094] stores8=1 slotCLoads=0 body=[[821a4fd8, 821a50d7]] (GhidraScript)  
INFO  SummarizeGlobalReferenceFunctions.java>   STORE8 821a4fdc stw r12,-0x8(r1) (GhidraScript)  
INFO  SummarizeGlobalReferenceFunctions.java>   CONTEXT lis r30,-0x7d6c (GhidraScript)  
INFO  SummarizeGlobalReferenceFunctions.java>   CONTEXT lis r10,-0x7d62 (GhidraScript)  
INFO  SummarizeGlobalReferenceFunctions.java>   CONTEXT addi r31,r10,0x6218 (GhidraScript)  
INFO  SummarizeGlobalReferenceFunctions.java>   CONTEXT lwz r11,-0x45f0(r30) (GhidraScript)  
INFO  SummarizeGlobalReferenceFunctions.java>   CONTEXT or r3,r31,r31 (GhidraScript)  
INFO  SummarizeGlobalReferenceFunctions.java>   CONTEXT lwz r9,0x50(r11) (GhidraScript)  
INFO  SummarizeGlobalReferenceFunctions.java>   CONTEXT cntlzw r10,r9 (GhidraScript)  
INFO  SummarizeGlobalReferenceFunctions.java>   CONTEXT lwzx r4,r10,r11 (GhidraScript)  
INFO  SummarizeGlobalReferenceFunctions.java>   CONTEXT bl 0x821d2fc0 (GhidraScript)  
INFO  SummarizeGlobalReferenceFunctions.java>   CONTEXT bl 0x821d2d88 (GhidraScript)  
INFO  SummarizeGlobalReferenceFunctions.java>   CONTEXT lwz r11,-0x45f0(r30) (GhidraScript)  
INFO  SummarizeGlobalReferenceFunctions.java>   CONTEXT or r3,r31,r31 (GhidraScript)  
INFO  SummarizeGlobalReferenceFunctions.java>   CONTEXT lwz r10,0x50(r11) (GhidraScript)  
INFO  SummarizeGlobalReferenceFunctions.java>   CONTEXT cntlzw r10,r10 (GhidraScript)  
INFO  SummarizeGlobalReferenceFunctions.java> FUNCTION 821a5268 refs=[821a52b8] stores8=1 slotCLoads=0 body=[[821a5268, 821a5337]] (GhidraScript)  
INFO  SummarizeGlobalReferenceFunctions.java>   STORE8 821a526c stw r12,-0x8(r1) (GhidraScript)  
INFO  SummarizeGlobalReferenceFunctions.java>   CONTEXT li r11,0x1 (GhidraScript)  
INFO  SummarizeGlobalReferenceFunctions.java>   CONTEXT stb r11,0x4e(r31) (GhidraScript)  
INFO  SummarizeGlobalReferenceFunctions.java>   CONTEXT lis r11,-0x7d6c (GhidraScript)  
INFO  SummarizeGlobalReferenceFunctions.java>   CONTEXT lwz r11,-0x45f0(r11) (GhidraScript)  
INFO  SummarizeGlobalReferenceFunctions.java>   CONTEXT lwz r11,0xa8(r11) (GhidraScript)  
INFO  SummarizeGlobalReferenceFunctions.java>   CONTEXT stw r11,0x50(r31) (GhidraScript)  
INFO  SummarizeGlobalReferenceFunctions.java>   CONTEXT addi r1,r1,0x60 (GhidraScript)  
INFO  SummarizeGlobalReferenceFunctions.java> FUNCTION 821a57b0 refs=[821a57d8, 821a5838] stores8=1 slotCLoads=0 body=[[821a57b0, 821a588f]] (GhidraScript)  
INFO  SummarizeGlobalReferenceFunctions.java>   STORE8 821a57b4 stw r12,-0x8(r1) (GhidraScript)  
INFO  SummarizeGlobalReferenceFunctions.java>   CONTEXT or r31,r3,r3 (GhidraScript)  
INFO  SummarizeGlobalReferenceFunctions.java>   CONTEXT addi r3,r31,0x50 (GhidraScript)  
INFO  SummarizeGlobalReferenceFunctions.java>   CONTEXT lwz r11,0x1bcc(r11) (GhidraScript)  
INFO  SummarizeGlobalReferenceFunctions.java>   CONTEXT lwz r10,-0x45f0(r30) (GhidraScript)  
INFO  SummarizeGlobalReferenceFunctions.java>   CONTEXT stw r11,0x10(r10) (GhidraScript)  
INFO  SummarizeGlobalReferenceFunctions.java>   CONTEXT lwz r11,0x50(r31) (GhidraScript)  
INFO  SummarizeGlobalReferenceFunctions.java>   CONTEXT lwz r11,0x34(r11) (GhidraScript)  
INFO  SummarizeGlobalReferenceFunctions.java>   CONTEXT lwz r11,0x74(r11) (GhidraScript)  
INFO  SummarizeGlobalReferenceFunctions.java>   CONTEXT mtspr CTR,r11 (GhidraScript)  
INFO  SummarizeGlobalReferenceFunctions.java>   CONTEXT bctrl (GhidraScript)  
INFO  SummarizeGlobalReferenceFunctions.java>   CONTEXT lwz r11,-0x45f0(r30) (GhidraScript)  
INFO  SummarizeGlobalReferenceFunctions.java>   CONTEXT lis r10,-0x7d62 (GhidraScript)  
INFO  SummarizeGlobalReferenceFunctions.java>   CONTEXT addi r3,r10,0x6218 (GhidraScript)  
INFO  SummarizeGlobalReferenceFunctions.java>   CONTEXT lwz r9,0x50(r11) (GhidraScript)  
INFO  SummarizeGlobalReferenceFunctions.java> FUNCTION 821a5c80 refs=[821a5d4c, 821a5d78] stores8=1 slotCLoads=0 body=[[821a5c80, 821a5dbb]] (GhidraScript)  
INFO  SummarizeGlobalReferenceFunctions.java>   STORE8 821a5c84 stw r12,-0x8(r1) (GhidraScript)  
INFO  SummarizeGlobalReferenceFunctions.java>   CONTEXT lis r30,-0x7d6c (GhidraScript)  
INFO  SummarizeGlobalReferenceFunctions.java>   CONTEXT lis r10,-0x7d62 (GhidraScript)  
INFO  SummarizeGlobalReferenceFunctions.java>   CONTEXT addi r31,r10,0x6218 (GhidraScript)  
INFO  SummarizeGlobalReferenceFunctions.java>   CONTEXT lwz r11,-0x45f0(r30) (GhidraScript)  
INFO  SummarizeGlobalReferenceFunctions.java>   CONTEXT or r3,r31,r31 (GhidraScript)  
INFO  SummarizeGlobalReferenceFunctions.java>   CONTEXT lwz r9,0x50(r11) (GhidraScript)  
INFO  SummarizeGlobalReferenceFunctions.java>   CONTEXT cntlzw r10,r9 (GhidraScript)  
INFO  SummarizeGlobalReferenceFunctions.java>   CONTEXT lwzx r4,r10,r11 (GhidraScript)  
INFO  SummarizeGlobalReferenceFunctions.java>   CONTEXT bl 0x821d2fc0 (GhidraScript)  
INFO  SummarizeGlobalReferenceFunctions.java>   CONTEXT bl 0x821d2d88 (GhidraScript)  
INFO  SummarizeGlobalReferenceFunctions.java>   CONTEXT lwz r11,-0x45f0(r30) (GhidraScript)  
INFO  SummarizeGlobalReferenceFunctions.java>   CONTEXT or r3,r31,r31 (GhidraScript)  
INFO  SummarizeGlobalReferenceFunctions.java>   CONTEXT lwz r10,0x50(r11) (GhidraScript)  
INFO  SummarizeGlobalReferenceFunctions.java>   CONTEXT cntlzw r10,r10 (GhidraScript)  
INFO  SummarizeGlobalReferenceFunctions.java> FUNCTION 821a5de0 refs=[821a5e00] stores8=1 slotCLoads=0 body=[[821a5de0, 821a5e87]] (GhidraScript)  
INFO  SummarizeGlobalReferenceFunctions.java>   STORE8 821a5de4 stw r12,-0x8(r1) (GhidraScript)  
INFO  SummarizeGlobalReferenceFunctions.java>   CONTEXT lis r10,-0x7d62 (GhidraScript)  
INFO  SummarizeGlobalReferenceFunctions.java>   CONTEXT or r31,r3,r3 (GhidraScript)  
INFO  SummarizeGlobalReferenceFunctions.java>   CONTEXT addi r3,r10,0x6218 (GhidraScript)  
INFO  SummarizeGlobalReferenceFunctions.java>   CONTEXT lwz r11,-0x45f0(r11) (GhidraScript)  
INFO  SummarizeGlobalReferenceFunctions.java>   CONTEXT lwz r9,0x50(r11) (GhidraScript)  
INFO  SummarizeGlobalReferenceFunctions.java>   CONTEXT cntlzw r10,r9 (GhidraScript)  
INFO  SummarizeGlobalReferenceFunctions.java>   CONTEXT rlwinm r10,r10,0x1b,0x1f,0x1f (GhidraScript)  
INFO  SummarizeGlobalReferenceFunctions.java> FUNCTION 821a5e88 refs=[821a5ed0] stores8=1 slotCLoads=0 body=[[821a5e88, 821a5eef]] (GhidraScript)  
INFO  SummarizeGlobalReferenceFunctions.java>   STORE8 821a5e8c stw r12,-0x8(r1) (GhidraScript)  
INFO  SummarizeGlobalReferenceFunctions.java>   CONTEXT lis r10,-0x7d6c (GhidraScript)  
INFO  SummarizeGlobalReferenceFunctions.java>   CONTEXT li r9,0x2 (GhidraScript)  
INFO  SummarizeGlobalReferenceFunctions.java>   CONTEXT lwz r11,0x1bcc(r11) (GhidraScript)  
INFO  SummarizeGlobalReferenceFunctions.java>   CONTEXT lwz r10,-0x45f0(r10) (GhidraScript)  
INFO  SummarizeGlobalReferenceFunctions.java>   CONTEXT stw r11,0x10(r10) (GhidraScript)  
INFO  SummarizeGlobalReferenceFunctions.java>   CONTEXT stw r9,-0x25c(r31) (GhidraScript)  
INFO  SummarizeGlobalReferenceFunctions.java>   CONTEXT addi r1,r1,0x60 (GhidraScript)  
INFO  SummarizeGlobalReferenceFunctions.java> FUNCTION 821a6048 refs=[821a606c, 821a60a0] stores8=1 slotCLoads=0 body=[[821a6048, 821a6147]] (GhidraScript)  
INFO  SummarizeGlobalReferenceFunctions.java>   STORE8 821a604c stw r12,-0x8(r1) (GhidraScript)  
INFO  SummarizeGlobalReferenceFunctions.java>   CONTEXT lis r30,-0x7d6c (GhidraScript)  
INFO  SummarizeGlobalReferenceFunctions.java>   CONTEXT or r31,r3,r3 (GhidraScript)  
INFO  SummarizeGlobalReferenceFunctions.java>   CONTEXT lwz r11,0x1bb4(r11) (GhidraScript)  
INFO  SummarizeGlobalReferenceFunctions.java>   CONTEXT lwz r10,-0x45f0(r30) (GhidraScript)  
INFO  SummarizeGlobalReferenceFunctions.java>   CONTEXT stw r11,0x10(r10) (GhidraScript)  
INFO  SummarizeGlobalReferenceFunctions.java>   CONTEXT lwz r11,0x0(r31) (GhidraScript)  
INFO  SummarizeGlobalReferenceFunctions.java>   CONTEXT lwz r11,0x34(r11) (GhidraScript)  
INFO  SummarizeGlobalReferenceFunctions.java>   CONTEXT lwz r11,0x38(r11) (GhidraScript)  
INFO  SummarizeGlobalReferenceFunctions.java>   CONTEXT mtspr CTR,r11 (GhidraScript)  
INFO  SummarizeGlobalReferenceFunctions.java>   CONTEXT bctrl (GhidraScript)  
INFO  SummarizeGlobalReferenceFunctions.java>   CONTEXT lwz r11,-0x45f0(r30) (GhidraScript)  
INFO  SummarizeGlobalReferenceFunctions.java>   CONTEXT lis r10,-0x7d62 (GhidraScript)  
INFO  SummarizeGlobalReferenceFunctions.java>   CONTEXT addi r3,r10,0x6218 (GhidraScript)  
INFO  SummarizeGlobalReferenceFunctions.java>   CONTEXT lwz r9,0x50(r11) (GhidraScript)  
INFO  SummarizeGlobalReferenceFunctions.java> FUNCTION 821a6408 refs=[821a64a4, 821a64d0] stores8=1 slotCLoads=0 body=[[821a6408, 821a6513]] (GhidraScript)  
INFO  SummarizeGlobalReferenceFunctions.java>   STORE8 821a640c stw r12,-0x8(r1) (GhidraScript)  
INFO  SummarizeGlobalReferenceFunctions.java>   CONTEXT lis r30,-0x7d6c (GhidraScript)  
INFO  SummarizeGlobalReferenceFunctions.java>   CONTEXT lis r10,-0x7d62 (GhidraScript)  
INFO  SummarizeGlobalReferenceFunctions.java>   CONTEXT addi r31,r10,0x6218 (GhidraScript)  
INFO  SummarizeGlobalReferenceFunctions.java>   CONTEXT lwz r11,-0x45f0(r30) (GhidraScript)  
INFO  SummarizeGlobalReferenceFunctions.java>   CONTEXT or r3,r31,r31 (GhidraScript)  
INFO  SummarizeGlobalReferenceFunctions.java>   CONTEXT lwz r9,0x50(r11) (GhidraScript)  
INFO  SummarizeGlobalReferenceFunctions.java>   CONTEXT cntlzw r10,r9 (GhidraScript)  
INFO  SummarizeGlobalReferenceFunctions.java>   CONTEXT lwzx r4,r10,r11 (GhidraScript)  
INFO  SummarizeGlobalReferenceFunctions.java>   CONTEXT bl 0x821d2fc0 (GhidraScript)  
INFO  SummarizeGlobalReferenceFunctions.java>   CONTEXT bl 0x821d2d88 (GhidraScript)  
INFO  SummarizeGlobalReferenceFunctions.java>   CONTEXT lwz r11,-0x45f0(r30) (GhidraScript)  
INFO  SummarizeGlobalReferenceFunctions.java>   CONTEXT or r3,r31,r31 (GhidraScript)  
INFO  SummarizeGlobalReferenceFunctions.java>   CONTEXT lwz r10,0x50(r11) (GhidraScript)  
INFO  SummarizeGlobalReferenceFunctions.java>   CONTEXT cntlzw r10,r10 (GhidraScript)  
INFO  SummarizeGlobalReferenceFunctions.java> FUNCTION 821a65a8 refs=[821a65dc, 821a6604, 821a6618] stores8=1 slotCLoads=0 body=[[821a65a8, 821a666b]] (GhidraScript)  
INFO  SummarizeGlobalReferenceFunctions.java>   STORE8 821a65ac stw r12,-0x8(r1) (GhidraScript)  
INFO  SummarizeGlobalReferenceFunctions.java>   CONTEXT cmpwi cr6,r11,0x2 (GhidraScript)  
INFO  SummarizeGlobalReferenceFunctions.java>   CONTEXT bne cr6,0x821a65f0 (GhidraScript)  
INFO  SummarizeGlobalReferenceFunctions.java>   CONTEXT lis r11,-0x7d97 (GhidraScript)  
INFO  SummarizeGlobalReferenceFunctions.java>   CONTEXT lwz r10,-0x45f0(r10) (GhidraScript)  
INFO  SummarizeGlobalReferenceFunctions.java>   CONTEXT addi r11,r11,0x1bb4 (GhidraScript)  
INFO  SummarizeGlobalReferenceFunctions.java>   CONTEXT lwz r11,0x8(r11) (GhidraScript)  
INFO  SummarizeGlobalReferenceFunctions.java>   CONTEXT stw r11,0x10(r10) (GhidraScript)  
INFO  SummarizeGlobalReferenceFunctions.java>   CONTEXT lis r11,-0x7d97 (GhidraScript)  
INFO  SummarizeGlobalReferenceFunctions.java>   CONTEXT beq cr6,0x821a6614 (GhidraScript)  
INFO  SummarizeGlobalReferenceFunctions.java>   CONTEXT addi r11,r11,0x1bb4 (GhidraScript)  
INFO  SummarizeGlobalReferenceFunctions.java>   CONTEXT lwz r10,-0x45f0(r10) (GhidraScript)  
INFO  SummarizeGlobalReferenceFunctions.java>   CONTEXT lwz r11,0x4(r11) (GhidraScript)  
INFO  SummarizeGlobalReferenceFunctions.java>   CONTEXT stw r11,0x10(r10) (GhidraScript)  
INFO  SummarizeGlobalReferenceFunctions.java>   CONTEXT b 0x821a664c (GhidraScript)  
INFO  SummarizeGlobalReferenceFunctions.java>   CONTEXT stw r11,0x10(r10) (GhidraScript)  
INFO  SummarizeGlobalReferenceFunctions.java>   CONTEXT b 0x821a664c (GhidraScript)  
INFO  SummarizeGlobalReferenceFunctions.java>   CONTEXT lwz r11,0x1bb4(r11) (GhidraScript)  
INFO  SummarizeGlobalReferenceFunctions.java>   CONTEXT lwz r31,-0x45f0(r10) (GhidraScript)  
INFO  SummarizeGlobalReferenceFunctions.java>   CONTEXT stw r11,0x10(r31) (GhidraScript)  
INFO  SummarizeGlobalReferenceFunctions.java>   CONTEXT lwz r11,0x4eb4(r9) (GhidraScript)  
INFO  SummarizeGlobalReferenceFunctions.java>   CONTEXT addi r3,r11,0x70 (GhidraScript)  
INFO  SummarizeGlobalReferenceFunctions.java> FUNCTION 821a7968 refs=[821a79f0, 821a7a1c] stores8=1 slotCLoads=0 body=[[821a7968, 821a7a6f]] (GhidraScript)  
INFO  SummarizeGlobalReferenceFunctions.java>   STORE8 821a796c stw r12,-0x8(r1) (GhidraScript)  
INFO  SummarizeGlobalReferenceFunctions.java>   CONTEXT lis r30,-0x7d6c (GhidraScript)  
INFO  SummarizeGlobalReferenceFunctions.java>   CONTEXT lis r10,-0x7d62 (GhidraScript)  
INFO  SummarizeGlobalReferenceFunctions.java>   CONTEXT addi r31,r10,0x6218 (GhidraScript)  
INFO  SummarizeGlobalReferenceFunctions.java>   CONTEXT lwz r11,-0x45f0(r30) (GhidraScript)  
INFO  SummarizeGlobalReferenceFunctions.java>   CONTEXT or r3,r31,r31 (GhidraScript)  
INFO  SummarizeGlobalReferenceFunctions.java>   CONTEXT lwz r9,0x50(r11) (GhidraScript)  
INFO  SummarizeGlobalReferenceFunctions.java>   CONTEXT cntlzw r10,r9 (GhidraScript)  
INFO  SummarizeGlobalReferenceFunctions.java>   CONTEXT lwzx r4,r10,r11 (GhidraScript)  
INFO  SummarizeGlobalReferenceFunctions.java>   CONTEXT bl 0x821d2fc0 (GhidraScript)  
INFO  SummarizeGlobalReferenceFunctions.java>   CONTEXT bl 0x821d2d88 (GhidraScript)  
INFO  SummarizeGlobalReferenceFunctions.java>   CONTEXT lwz r11,-0x45f0(r30) (GhidraScript)  
INFO  SummarizeGlobalReferenceFunctions.java>   CONTEXT or r3,r31,r31 (GhidraScript)  
INFO  SummarizeGlobalReferenceFunctions.java>   CONTEXT lwz r10,0x50(r11) (GhidraScript)  
INFO  SummarizeGlobalReferenceFunctions.java>   CONTEXT cntlzw r10,r10 (GhidraScript)  
INFO  SummarizeGlobalReferenceFunctions.java> FUNCTION 821a8eb0 refs=[821a8ec8] stores8=1 slotCLoads=0 body=[[821a8eb0, 821a8f0f]] (GhidraScript)  
INFO  SummarizeGlobalReferenceFunctions.java>   STORE8 821a8eb4 stw r12,-0x8(r1) (GhidraScript)  
INFO  SummarizeGlobalReferenceFunctions.java>   CONTEXT lis r11,-0x7d6c (GhidraScript)  
INFO  SummarizeGlobalReferenceFunctions.java>   CONTEXT lis r10,-0x7d62 (GhidraScript)  
INFO  SummarizeGlobalReferenceFunctions.java>   CONTEXT addi r3,r10,0x6218 (GhidraScript)  
INFO  SummarizeGlobalReferenceFunctions.java>   CONTEXT lwz r11,-0x45f0(r11) (GhidraScript)  
INFO  SummarizeGlobalReferenceFunctions.java>   CONTEXT lwz r9,0x50(r11) (GhidraScript)  
INFO  SummarizeGlobalReferenceFunctions.java>   CONTEXT cntlzw r10,r9 (GhidraScript)  
INFO  SummarizeGlobalReferenceFunctions.java>   CONTEXT rlwinm r10,r10,0x1b,0x1f,0x1f (GhidraScript)  
INFO  SummarizeGlobalReferenceFunctions.java> FUNCTION 821a91d8 refs=[821a9208] stores8=1 slotCLoads=0 body=[[821a91d8, 821a924b]] (GhidraScript)  
INFO  SummarizeGlobalReferenceFunctions.java>   STORE8 821a91dc stw r12,-0x8(r1) (GhidraScript)  
INFO  SummarizeGlobalReferenceFunctions.java>   CONTEXT cmpwi cr6,r4,0x0 (GhidraScript)  
INFO  SummarizeGlobalReferenceFunctions.java>   CONTEXT beq cr6,0x821a9238 (GhidraScript)  
INFO  SummarizeGlobalReferenceFunctions.java>   CONTEXT lis r11,-0x7d6c (GhidraScript)  
INFO  SummarizeGlobalReferenceFunctions.java>   CONTEXT lwz r11,-0x45f0(r11) (GhidraScript)  
INFO  SummarizeGlobalReferenceFunctions.java>   CONTEXT addis r3,r11,0x16 (GhidraScript)  
INFO  SummarizeGlobalReferenceFunctions.java>   CONTEXT subi r3,r3,0x56ac (GhidraScript)  
INFO  SummarizeGlobalReferenceFunctions.java>   CONTEXT bl 0x821539e0 (GhidraScript)  
INFO  SummarizeGlobalReferenceFunctions.java> FUNCTION 821aa750 refs=[821aa79c] stores8=1 slotCLoads=0 body=[[821aa750, 821aa7cf]] (GhidraScript)  
INFO  SummarizeGlobalReferenceFunctions.java>   STORE8 821aa754 stw r12,-0x8(r1) (GhidraScript)  
INFO  SummarizeGlobalReferenceFunctions.java>   CONTEXT bctrl (GhidraScript)  
INFO  SummarizeGlobalReferenceFunctions.java>   CONTEXT lis r11,-0x7d6c (GhidraScript)  
INFO  SummarizeGlobalReferenceFunctions.java>   CONTEXT lwz r4,0x2b4(r31) (GhidraScript)  
INFO  SummarizeGlobalReferenceFunctions.java>   CONTEXT lwz r11,-0x45f0(r11) (GhidraScript)  
INFO  SummarizeGlobalReferenceFunctions.java>   CONTEXT addis r3,r11,0x16 (GhidraScript)  
INFO  SummarizeGlobalReferenceFunctions.java>   CONTEXT subi r3,r3,0x56ac (GhidraScript)  
INFO  SummarizeGlobalReferenceFunctions.java>   CONTEXT bl 0x82153b50 (GhidraScript)  
INFO  SummarizeGlobalReferenceFunctions.java> FUNCTION 821ac368 refs=[821ac3ec] stores8=3 slotCLoads=0 body=[[821ac368, 821ac48b]] (GhidraScript)  
INFO  SummarizeGlobalReferenceFunctions.java>   STORE8 821ac36c stw r12,-0x8(r1) (GhidraScript)  
INFO  SummarizeGlobalReferenceFunctions.java>   STORE8 821ac43c stw r7,0x8(r30) (GhidraScript)  
INFO  SummarizeGlobalReferenceFunctions.java>   STORE8 821ac468 stw r11,0x8(r30) (GhidraScript)  
INFO  SummarizeGlobalReferenceFunctions.java>   CONTEXT stw r9,0x55fc(r11) (GhidraScript)  
INFO  SummarizeGlobalReferenceFunctions.java>   CONTEXT lis r11,-0x7d6c (GhidraScript)  
INFO  SummarizeGlobalReferenceFunctions.java>   CONTEXT lwz r9,0x270(r31) (GhidraScript)  
INFO  SummarizeGlobalReferenceFunctions.java>   CONTEXT lwz r11,-0x45f0(r11) (GhidraScript)  
INFO  SummarizeGlobalReferenceFunctions.java>   CONTEXT lwz r11,0x84(r11) (GhidraScript)  
INFO  SummarizeGlobalReferenceFunctions.java>   CONTEXT stw r11,0xc8(r9) (GhidraScript)  
INFO  SummarizeGlobalReferenceFunctions.java>   CONTEXT lwz r9,0x274(r31) (GhidraScript)  
INFO  SummarizeGlobalReferenceFunctions.java> FUNCTION 821ade00 refs=[821ade4c, 821aded4, 821adf08] stores8=1 slotCLoads=1 body=[[821ade00, 821adfaf]] (GhidraScript)  
INFO  SummarizeGlobalReferenceFunctions.java>   STORE8 821ade04 stw r12,-0x8(r1) (GhidraScript)  
INFO  SummarizeGlobalReferenceFunctions.java>   SLOTC 821ade18 lwz r11,0xc(r31) (GhidraScript)  
INFO  SummarizeGlobalReferenceFunctions.java>   CONTEXT lis r11,-0x7d6c (GhidraScript)  
INFO  SummarizeGlobalReferenceFunctions.java>   CONTEXT li r10,0x1 (GhidraScript)  
INFO  SummarizeGlobalReferenceFunctions.java>   CONTEXT li r9,0x3 (GhidraScript)  
INFO  SummarizeGlobalReferenceFunctions.java>   CONTEXT lwz r11,-0x45f0(r11) (GhidraScript)  
INFO  SummarizeGlobalReferenceFunctions.java>   CONTEXT lwz r3,0x8(r11) (GhidraScript)  
INFO  SummarizeGlobalReferenceFunctions.java>   CONTEXT stw r10,0x18(r11) (GhidraScript)  
INFO  SummarizeGlobalReferenceFunctions.java>   CONTEXT stw r9,0x1c(r11) (GhidraScript)  
INFO  SummarizeGlobalReferenceFunctions.java>   CONTEXT bctrl (GhidraScript)  
INFO  SummarizeGlobalReferenceFunctions.java>   CONTEXT lis r11,-0x7d6c (GhidraScript)  
INFO  SummarizeGlobalReferenceFunctions.java>   CONTEXT li r4,0x43 (GhidraScript)  
INFO  SummarizeGlobalReferenceFunctions.java>   CONTEXT lwz r11,-0x45f0(r11) (GhidraScript)  
INFO  SummarizeGlobalReferenceFunctions.java>   CONTEXT addis r3,r11,0x16 (GhidraScript)  
INFO  SummarizeGlobalReferenceFunctions.java>   CONTEXT subi r3,r3,0x56ac (GhidraScript)  
INFO  SummarizeGlobalReferenceFunctions.java>   CONTEXT bl 0x821539e0 (GhidraScript)  
INFO  SummarizeGlobalReferenceFunctions.java>   CONTEXT lis r11,-0x7d6c (GhidraScript)  
INFO  SummarizeGlobalReferenceFunctions.java>   CONTEXT lis r10,-0x7d62 (GhidraScript)  
INFO  SummarizeGlobalReferenceFunctions.java>   CONTEXT addi r3,r10,0x6218 (GhidraScript)  
INFO  SummarizeGlobalReferenceFunctions.java>   CONTEXT lwz r11,-0x45f0(r11) (GhidraScript)  
INFO  SummarizeGlobalReferenceFunctions.java>   CONTEXT lwz r9,0x50(r11) (GhidraScript)  
INFO  SummarizeGlobalReferenceFunctions.java>   CONTEXT cntlzw r10,r9 (GhidraScript)  
INFO  SummarizeGlobalReferenceFunctions.java>   CONTEXT rlwinm r10,r10,0x1b,0x1f,0x1f (GhidraScript)  
INFO  SummarizeGlobalReferenceFunctions.java> FUNCTION 821ae048 refs=[821ae0d0, 821ae0fc] stores8=1 slotCLoads=0 body=[[821ae048, 821ae13f]] (GhidraScript)  
INFO  SummarizeGlobalReferenceFunctions.java>   STORE8 821ae04c stw r12,-0x8(r1) (GhidraScript)  
INFO  SummarizeGlobalReferenceFunctions.java>   CONTEXT lis r30,-0x7d6c (GhidraScript)  
INFO  SummarizeGlobalReferenceFunctions.java>   CONTEXT lis r10,-0x7d62 (GhidraScript)  
INFO  SummarizeGlobalReferenceFunctions.java>   CONTEXT addi r31,r10,0x6218 (GhidraScript)  
INFO  SummarizeGlobalReferenceFunctions.java>   CONTEXT lwz r11,-0x45f0(r30) (GhidraScript)  
INFO  SummarizeGlobalReferenceFunctions.java>   CONTEXT or r3,r31,r31 (GhidraScript)  
INFO  SummarizeGlobalReferenceFunctions.java>   CONTEXT lwz r9,0x50(r11) (GhidraScript)  
INFO  SummarizeGlobalReferenceFunctions.java>   CONTEXT cntlzw r10,r9 (GhidraScript)  
INFO  SummarizeGlobalReferenceFunctions.java>   CONTEXT lwzx r4,r10,r11 (GhidraScript)  
INFO  SummarizeGlobalReferenceFunctions.java>   CONTEXT bl 0x821d2fc0 (GhidraScript)  
INFO  SummarizeGlobalReferenceFunctions.java>   CONTEXT bl 0x821d2d88 (GhidraScript)  
INFO  SummarizeGlobalReferenceFunctions.java>   CONTEXT lwz r11,-0x45f0(r30) (GhidraScript)  
INFO  SummarizeGlobalReferenceFunctions.java>   CONTEXT or r3,r31,r31 (GhidraScript)  
INFO  SummarizeGlobalReferenceFunctions.java>   CONTEXT lwz r10,0x50(r11) (GhidraScript)  
INFO  SummarizeGlobalReferenceFunctions.java>   CONTEXT cntlzw r10,r10 (GhidraScript)  
INFO  SummarizeGlobalReferenceFunctions.java> FUNCTION 821ae140 refs=[821ae158, 821ae1d0] stores8=2 slotCLoads=0 body=[[821ae140, 821ae1ef]] (GhidraScript)  
INFO  SummarizeGlobalReferenceFunctions.java>   STORE8 821ae144 stw r12,-0x8(r1) (GhidraScript)  
INFO  SummarizeGlobalReferenceFunctions.java>   STORE8 821ae1c0 stw r11,0x8(r3) (GhidraScript)  
INFO  SummarizeGlobalReferenceFunctions.java>   CONTEXT cmpwi cr6,r4,0x6b (GhidraScript)  
INFO  SummarizeGlobalReferenceFunctions.java>   CONTEXT bne cr6,0x821ae198 (GhidraScript)  
INFO  SummarizeGlobalReferenceFunctions.java>   CONTEXT lis r11,-0x7d6c (GhidraScript)  
INFO  SummarizeGlobalReferenceFunctions.java>   CONTEXT lwz r11,-0x45f0(r11) (GhidraScript)  
INFO  SummarizeGlobalReferenceFunctions.java>   CONTEXT addi r11,r11,0x60 (GhidraScript)  
INFO  SummarizeGlobalReferenceFunctions.java>   CONTEXT lwz r10,0x78(r11) (GhidraScript)  
INFO  SummarizeGlobalReferenceFunctions.java>   CONTEXT cmpwi cr6,r10,0x0 (GhidraScript)  
INFO  SummarizeGlobalReferenceFunctions.java>   CONTEXT lis r11,-0x7d6c (GhidraScript)  
INFO  SummarizeGlobalReferenceFunctions.java>   CONTEXT li r7,0x0 (GhidraScript)  
INFO  SummarizeGlobalReferenceFunctions.java>   CONTEXT li r6,0x1 (GhidraScript)  
INFO  SummarizeGlobalReferenceFunctions.java>   CONTEXT lwz r11,-0x45f0(r11) (GhidraScript)  
INFO  SummarizeGlobalReferenceFunctions.java>   CONTEXT addis r3,r11,0x16 (GhidraScript)  
INFO  SummarizeGlobalReferenceFunctions.java>   CONTEXT subi r3,r3,0x56ac (GhidraScript)  
INFO  SummarizeGlobalReferenceFunctions.java>   CONTEXT bl 0x82153a48 (GhidraScript)  
INFO  SummarizeGlobalReferenceFunctions.java> FUNCTION 821ae370 refs=[821ae548, 821ae590, 821ae5d8, 821ae638, 821ae700] stores8=3 slotCLoads=0 body=[[821ae370, 821ae3af] [821ae3f4, 821ae743]] (GhidraScript)  
INFO  SummarizeGlobalReferenceFunctions.java>   STORE8 821ae374 stw r12,-0x8(r1) (GhidraScript)  
INFO  SummarizeGlobalReferenceFunctions.java>   STORE8 821ae714 stw r3,0x8(r7) (GhidraScript)  
INFO  SummarizeGlobalReferenceFunctions.java>   STORE8 821ae720 stw r11,0x8(r7) (GhidraScript)  
INFO  SummarizeGlobalReferenceFunctions.java>   CONTEXT lwz r11,0x4c5c(r11) (GhidraScript)  
INFO  SummarizeGlobalReferenceFunctions.java>   CONTEXT b 0x821ae728 (GhidraScript)  
INFO  SummarizeGlobalReferenceFunctions.java>   CONTEXT lis r11,-0x7d6c (GhidraScript)  
INFO  SummarizeGlobalReferenceFunctions.java>   CONTEXT lwz r11,-0x45f0(r11) (GhidraScript)  
INFO  SummarizeGlobalReferenceFunctions.java>   CONTEXT lwz r3,0x84(r11) (GhidraScript)  
INFO  SummarizeGlobalReferenceFunctions.java>   CONTEXT cmplwi cr6,r3,0x3 (GhidraScript)  
INFO  SummarizeGlobalReferenceFunctions.java>   CONTEXT bgt cr6,0x821ae570 (GhidraScript)  
INFO  SummarizeGlobalReferenceFunctions.java>   CONTEXT b 0x821ae728 (GhidraScript)  
INFO  SummarizeGlobalReferenceFunctions.java>   CONTEXT lis r11,-0x7d6c (GhidraScript)  
INFO  SummarizeGlobalReferenceFunctions.java>   CONTEXT li r31,0x0 (GhidraScript)  
INFO  SummarizeGlobalReferenceFunctions.java>   CONTEXT lwz r11,-0x45f0(r11) (GhidraScript)  
INFO  SummarizeGlobalReferenceFunctions.java>   CONTEXT stw r31,0x0(r30) (GhidraScript)  
INFO  SummarizeGlobalReferenceFunctions.java>   CONTEXT lwz r3,0x84(r11) (GhidraScript)  
INFO  SummarizeGlobalReferenceFunctions.java>   CONTEXT cmplwi cr6,r3,0x3 (GhidraScript)  
INFO  SummarizeGlobalReferenceFunctions.java>   CONTEXT b 0x821ae728 (GhidraScript)  
INFO  SummarizeGlobalReferenceFunctions.java>   CONTEXT lis r11,-0x7d6c (GhidraScript)  
INFO  SummarizeGlobalReferenceFunctions.java>   CONTEXT li r31,0x0 (GhidraScript)  
INFO  SummarizeGlobalReferenceFunctions.java>   CONTEXT lwz r11,-0x45f0(r11) (GhidraScript)  
INFO  SummarizeGlobalReferenceFunctions.java>   CONTEXT stw r31,0x0(r30) (GhidraScript)  
INFO  SummarizeGlobalReferenceFunctions.java>   CONTEXT lwz r10,0xd8(r11) (GhidraScript)  
INFO  SummarizeGlobalReferenceFunctions.java>   CONTEXT cntlzw r10,r10 (GhidraScript)  
INFO  SummarizeGlobalReferenceFunctions.java>   CONTEXT lis r11,-0x7d6c (GhidraScript)  
INFO  SummarizeGlobalReferenceFunctions.java>   CONTEXT li r10,0x0 (GhidraScript)  
INFO  SummarizeGlobalReferenceFunctions.java>   CONTEXT li r9,0x1 (GhidraScript)  
INFO  SummarizeGlobalReferenceFunctions.java>   CONTEXT lwz r11,-0x45f0(r11) (GhidraScript)  
INFO  SummarizeGlobalReferenceFunctions.java>   CONTEXT stw r10,0x0(r30) (GhidraScript)  
INFO  SummarizeGlobalReferenceFunctions.java>   CONTEXT addis r8,r11,0x1 (GhidraScript)  
INFO  SummarizeGlobalReferenceFunctions.java>   CONTEXT lis r11,0x7 (GhidraScript)  
INFO  SummarizeGlobalReferenceFunctions.java>   CONTEXT bgt cr6,0x821ae724 (GhidraScript)  
INFO  SummarizeGlobalReferenceFunctions.java>   CONTEXT lis r11,-0x7d6c (GhidraScript)  
INFO  SummarizeGlobalReferenceFunctions.java>   CONTEXT li r4,0x58 (GhidraScript)  
INFO  SummarizeGlobalReferenceFunctions.java>   CONTEXT lwz r11,-0x45f0(r11) (GhidraScript)  
INFO  SummarizeGlobalReferenceFunctions.java>   CONTEXT addis r3,r11,0x16 (GhidraScript)  
INFO  SummarizeGlobalReferenceFunctions.java>   CONTEXT subi r3,r3,0x56ac (GhidraScript)  
INFO  SummarizeGlobalReferenceFunctions.java>   CONTEXT bl 0x821539e0 (GhidraScript)  
INFO  SummarizeGlobalReferenceFunctions.java> FUNCTION 821aec78 refs=[821aec9c, 821aecd0] stores8=1 slotCLoads=0 body=[[821aec78, 821aed27]] (GhidraScript)  
INFO  SummarizeGlobalReferenceFunctions.java>   STORE8 821aec7c stw r12,-0x8(r1) (GhidraScript)  
INFO  SummarizeGlobalReferenceFunctions.java>   CONTEXT lis r30,-0x7d6c (GhidraScript)  
INFO  SummarizeGlobalReferenceFunctions.java>   CONTEXT or r31,r3,r3 (GhidraScript)  
INFO  SummarizeGlobalReferenceFunctions.java>   CONTEXT lwz r11,0x1af0(r11) (GhidraScript)  
INFO  SummarizeGlobalReferenceFunctions.java>   CONTEXT lwz r10,-0x45f0(r30) (GhidraScript)  
INFO  SummarizeGlobalReferenceFunctions.java>   CONTEXT stw r11,0x10(r10) (GhidraScript)  
INFO  SummarizeGlobalReferenceFunctions.java>   CONTEXT lwz r11,0x0(r31) (GhidraScript)  
INFO  SummarizeGlobalReferenceFunctions.java>   CONTEXT lwz r11,0x34(r11) (GhidraScript)  
INFO  SummarizeGlobalReferenceFunctions.java>   CONTEXT lwz r11,0x38(r11) (GhidraScript)  
INFO  SummarizeGlobalReferenceFunctions.java>   CONTEXT mtspr CTR,r11 (GhidraScript)  
INFO  SummarizeGlobalReferenceFunctions.java>   CONTEXT bctrl (GhidraScript)  
INFO  SummarizeGlobalReferenceFunctions.java>   CONTEXT lwz r11,-0x45f0(r30) (GhidraScript)  
INFO  SummarizeGlobalReferenceFunctions.java>   CONTEXT lis r10,-0x7d62 (GhidraScript)  
INFO  SummarizeGlobalReferenceFunctions.java>   CONTEXT addi r3,r10,0x6218 (GhidraScript)  
INFO  SummarizeGlobalReferenceFunctions.java>   CONTEXT lwz r9,0x50(r11) (GhidraScript)  
INFO  SummarizeGlobalReferenceFunctions.java> FUNCTION 821af2e0 refs=[821af310] stores8=1 slotCLoads=0 body=[[821af2e0, 821af397]] (GhidraScript)  
INFO  SummarizeGlobalReferenceFunctions.java>   STORE8 821af2e4 stw r12,-0x8(r1) (GhidraScript)  
INFO  SummarizeGlobalReferenceFunctions.java>   CONTEXT lis r11,-0x7d6c (GhidraScript)  
INFO  SummarizeGlobalReferenceFunctions.java>   CONTEXT lis r10,-0x7d62 (GhidraScript)  
INFO  SummarizeGlobalReferenceFunctions.java>   CONTEXT addi r3,r10,0x6218 (GhidraScript)  
INFO  SummarizeGlobalReferenceFunctions.java>   CONTEXT lwz r11,-0x45f0(r11) (GhidraScript)  
INFO  SummarizeGlobalReferenceFunctions.java>   CONTEXT lwz r9,0x50(r11) (GhidraScript)  
INFO  SummarizeGlobalReferenceFunctions.java>   CONTEXT cntlzw r10,r9 (GhidraScript)  
INFO  SummarizeGlobalReferenceFunctions.java>   CONTEXT rlwinm r10,r10,0x1b,0x1f,0x1f (GhidraScript)  
INFO  SummarizeGlobalReferenceFunctions.java> FUNCTION 821af5a0 refs=[821af5bc, 821af5c8] stores8=1 slotCLoads=0 body=[[821af5a0, 821af637]] (GhidraScript)  
INFO  SummarizeGlobalReferenceFunctions.java>   STORE8 821af5a4 stw r12,-0x8(r1) (GhidraScript)  
INFO  SummarizeGlobalReferenceFunctions.java>   CONTEXT cmpwi cr6,r4,0x8d (GhidraScript)  
INFO  SummarizeGlobalReferenceFunctions.java>   CONTEXT bne cr6,0x821af624 (GhidraScript)  
INFO  SummarizeGlobalReferenceFunctions.java>   CONTEXT lis r31,-0x7d6c (GhidraScript)  
INFO  SummarizeGlobalReferenceFunctions.java>   CONTEXT lwz r11,-0x45f0(r31) (GhidraScript)  
INFO  SummarizeGlobalReferenceFunctions.java>   CONTEXT addi r3,r11,0x60 (GhidraScript)  
INFO  SummarizeGlobalReferenceFunctions.java>   CONTEXT bl 0x821cfe18 (GhidraScript)  
INFO  SummarizeGlobalReferenceFunctions.java>   CONTEXT lwz r11,-0x45f0(r31) (GhidraScript)  
INFO  SummarizeGlobalReferenceFunctions.java>   CONTEXT lwz r11,-0x45f0(r31) (GhidraScript)  
INFO  SummarizeGlobalReferenceFunctions.java>   CONTEXT addi r3,r11,0x60 (GhidraScript)  
INFO  SummarizeGlobalReferenceFunctions.java>   CONTEXT bl 0x821cfe18 (GhidraScript)  
INFO  SummarizeGlobalReferenceFunctions.java>   CONTEXT lwz r11,-0x45f0(r31) (GhidraScript)  
INFO  SummarizeGlobalReferenceFunctions.java>   CONTEXT cmpwi cr6,r3,0x2 (GhidraScript)  
INFO  SummarizeGlobalReferenceFunctions.java>   CONTEXT beq cr6,0x821af610 (GhidraScript)  
INFO  SummarizeGlobalReferenceFunctions.java>   CONTEXT addis r31,r11,0x16 (GhidraScript)  
INFO  SummarizeGlobalReferenceFunctions.java> FUNCTION 821afbf0 refs=[821afc14, 821afc48] stores8=1 slotCLoads=0 body=[[821afbf0, 821afc9f]] (GhidraScript)  
INFO  SummarizeGlobalReferenceFunctions.java>   STORE8 821afbf4 stw r12,-0x8(r1) (GhidraScript)  
INFO  SummarizeGlobalReferenceFunctions.java>   CONTEXT lis r30,-0x7d6c (GhidraScript)  
INFO  SummarizeGlobalReferenceFunctions.java>   CONTEXT or r31,r3,r3 (GhidraScript)  
INFO  SummarizeGlobalReferenceFunctions.java>   CONTEXT lwz r11,0x1b58(r11) (GhidraScript)  
INFO  SummarizeGlobalReferenceFunctions.java>   CONTEXT lwz r10,-0x45f0(r30) (GhidraScript)  
INFO  SummarizeGlobalReferenceFunctions.java>   CONTEXT stw r11,0x10(r10) (GhidraScript)  
INFO  SummarizeGlobalReferenceFunctions.java>   CONTEXT lwz r11,0x0(r31) (GhidraScript)  
INFO  SummarizeGlobalReferenceFunctions.java>   CONTEXT lwz r11,0x34(r11) (GhidraScript)  
INFO  SummarizeGlobalReferenceFunctions.java>   CONTEXT lwz r11,0x38(r11) (GhidraScript)  
INFO  SummarizeGlobalReferenceFunctions.java>   CONTEXT mtspr CTR,r11 (GhidraScript)  
INFO  SummarizeGlobalReferenceFunctions.java>   CONTEXT bctrl (GhidraScript)  
INFO  SummarizeGlobalReferenceFunctions.java>   CONTEXT lwz r11,-0x45f0(r30) (GhidraScript)  
INFO  SummarizeGlobalReferenceFunctions.java>   CONTEXT lis r10,-0x7d62 (GhidraScript)  
INFO  SummarizeGlobalReferenceFunctions.java>   CONTEXT addi r3,r10,0x6218 (GhidraScript)  
INFO  SummarizeGlobalReferenceFunctions.java>   CONTEXT lwz r9,0x50(r11) (GhidraScript)  
INFO  SummarizeGlobalReferenceFunctions.java> FUNCTION 821afca0 refs=[821afcec, 821afd40] stores8=1 slotCLoads=1 body=[[821afca0, 821afe37]] (GhidraScript)  
INFO  SummarizeGlobalReferenceFunctions.java>   STORE8 821afca4 stw r12,-0x8(r1) (GhidraScript)  
INFO  SummarizeGlobalReferenceFunctions.java>   SLOTC 821afcb8 lwz r11,0xc(r30) (GhidraScript)  
INFO  SummarizeGlobalReferenceFunctions.java>   CONTEXT lis r11,-0x7d6c (GhidraScript)  
INFO  SummarizeGlobalReferenceFunctions.java>   CONTEXT li r10,0x1 (GhidraScript)  
INFO  SummarizeGlobalReferenceFunctions.java>   CONTEXT li r9,0x3 (GhidraScript)  
INFO  SummarizeGlobalReferenceFunctions.java>   CONTEXT lwz r11,-0x45f0(r11) (GhidraScript)  
INFO  SummarizeGlobalReferenceFunctions.java>   CONTEXT lwz r3,0x8(r11) (GhidraScript)  
INFO  SummarizeGlobalReferenceFunctions.java>   CONTEXT stw r10,0x18(r11) (GhidraScript)  
INFO  SummarizeGlobalReferenceFunctions.java>   CONTEXT stw r9,0x1c(r11) (GhidraScript)  
INFO  SummarizeGlobalReferenceFunctions.java>   CONTEXT lis r11,-0x7d6c (GhidraScript)  
INFO  SummarizeGlobalReferenceFunctions.java>   CONTEXT lis r10,-0x7d62 (GhidraScript)  
INFO  SummarizeGlobalReferenceFunctions.java>   CONTEXT addi r3,r10,0x6218 (GhidraScript)  
INFO  SummarizeGlobalReferenceFunctions.java>   CONTEXT lwz r11,-0x45f0(r11) (GhidraScript)  
INFO  SummarizeGlobalReferenceFunctions.java>   CONTEXT lwz r9,0x50(r11) (GhidraScript)  
INFO  SummarizeGlobalReferenceFunctions.java>   CONTEXT cntlzw r10,r9 (GhidraScript)  
INFO  SummarizeGlobalReferenceFunctions.java>   CONTEXT rlwinm r10,r10,0x1b,0x1f,0x1f (GhidraScript)  
INFO  SummarizeGlobalReferenceFunctions.java> FUNCTION 821afe38 refs=[821afe84, 821aff04] stores8=1 slotCLoads=0 body=[[821afe38, 821aff77]] (GhidraScript)  
INFO  SummarizeGlobalReferenceFunctions.java>   STORE8 821afe3c stw r12,-0x8(r1) (GhidraScript)  
INFO  SummarizeGlobalReferenceFunctions.java>   CONTEXT lwzx r10,r10,r11 (GhidraScript)  
INFO  SummarizeGlobalReferenceFunctions.java>   CONTEXT lis r11,-0x7d6c (GhidraScript)  
INFO  SummarizeGlobalReferenceFunctions.java>   CONTEXT cmpwi cr6,r4,0x4 (GhidraScript)  
INFO  SummarizeGlobalReferenceFunctions.java>   CONTEXT lwz r11,-0x45f0(r11) (GhidraScript)  
INFO  SummarizeGlobalReferenceFunctions.java>   CONTEXT stw r10,0x10(r11) (GhidraScript)  
INFO  SummarizeGlobalReferenceFunctions.java>   CONTEXT bne cr6,0x821afeb4 (GhidraScript)  
INFO  SummarizeGlobalReferenceFunctions.java>   CONTEXT li r10,0x1 (GhidraScript)  
INFO  SummarizeGlobalReferenceFunctions.java>   CONTEXT lis r11,-0x7d6c (GhidraScript)  
INFO  SummarizeGlobalReferenceFunctions.java>   CONTEXT li r9,0x0 (GhidraScript)  
INFO  SummarizeGlobalReferenceFunctions.java>   CONTEXT subi r11,r11,0x45f0 (GhidraScript)  
INFO  SummarizeGlobalReferenceFunctions.java>   CONTEXT lwz r11,0x0(r11) (GhidraScript)  
INFO  SummarizeGlobalReferenceFunctions.java>   CONTEXT stw r10,0x10(r11) (GhidraScript)  
INFO  SummarizeGlobalReferenceFunctions.java>   CONTEXT li r10,0x1 (GhidraScript)  
INFO  SummarizeGlobalReferenceFunctions.java>   CONTEXT stb r9,0x29(r11) (GhidraScript)  
INFO  SummarizeGlobalReferenceFunctions.java> FUNCTION 821b00a0 refs=[821b00c8, 821b0194] stores8=1 slotCLoads=0 body=[[821b00a0, 821b012b] [821b0148, 821b01e3]] (GhidraScript)  
INFO  SummarizeGlobalReferenceFunctions.java>   STORE8 821b00a4 stw r12,-0x8(r1) (GhidraScript)  
INFO  SummarizeGlobalReferenceFunctions.java>   CONTEXT or r31,r3,r3 (GhidraScript)  
INFO  SummarizeGlobalReferenceFunctions.java>   CONTEXT addi r3,r31,0x50 (GhidraScript)  
INFO  SummarizeGlobalReferenceFunctions.java>   CONTEXT lwz r11,0x1b4c(r11) (GhidraScript)  
INFO  SummarizeGlobalReferenceFunctions.java>   CONTEXT lwz r10,-0x45f0(r30) (GhidraScript)  
INFO  SummarizeGlobalReferenceFunctions.java>   CONTEXT stw r11,0x10(r10) (GhidraScript)  
INFO  SummarizeGlobalReferenceFunctions.java>   CONTEXT lwz r11,0x50(r31) (GhidraScript)  
INFO  SummarizeGlobalReferenceFunctions.java>   CONTEXT lwz r11,0x34(r11) (GhidraScript)  
INFO  SummarizeGlobalReferenceFunctions.java>   CONTEXT lwz r11,0x38(r11) (GhidraScript)  
INFO  SummarizeGlobalReferenceFunctions.java>   CONTEXT mtspr CTR,r11 (GhidraScript)  
INFO  SummarizeGlobalReferenceFunctions.java>   CONTEXT bctrl (GhidraScript)  
INFO  SummarizeGlobalReferenceFunctions.java>   CONTEXT lwz r11,-0x45f0(r30) (GhidraScript)  
INFO  SummarizeGlobalReferenceFunctions.java>   CONTEXT lis r10,-0x7d62 (GhidraScript)  
INFO  SummarizeGlobalReferenceFunctions.java>   CONTEXT addi r3,r10,0x6218 (GhidraScript)  
INFO  SummarizeGlobalReferenceFunctions.java>   CONTEXT lwz r9,0x50(r11) (GhidraScript)  
INFO  SummarizeGlobalReferenceFunctions.java> FUNCTION 821b01e8 refs=[821b0230, 821b02dc] stores8=1 slotCLoads=1 body=[[821b01e8, 821b037f]] (GhidraScript)  
INFO  SummarizeGlobalReferenceFunctions.java>   STORE8 821b01ec stw r12,-0x8(r1) (GhidraScript)  
INFO  SummarizeGlobalReferenceFunctions.java>   SLOTC 821b01fc lwz r11,0xc(r31) (GhidraScript)  
INFO  SummarizeGlobalReferenceFunctions.java>   CONTEXT lis r11,-0x7d6c (GhidraScript)  
INFO  SummarizeGlobalReferenceFunctions.java>   CONTEXT li r10,0x1 (GhidraScript)  
INFO  SummarizeGlobalReferenceFunctions.java>   CONTEXT li r9,0x3 (GhidraScript)  
INFO  SummarizeGlobalReferenceFunctions.java>   CONTEXT lwz r11,-0x45f0(r11) (GhidraScript)  
INFO  SummarizeGlobalReferenceFunctions.java>   CONTEXT lwz r3,0x8(r11) (GhidraScript)  
INFO  SummarizeGlobalReferenceFunctions.java>   CONTEXT stw r10,0x18(r11) (GhidraScript)  
INFO  SummarizeGlobalReferenceFunctions.java>   CONTEXT stw r9,0x1c(r11) (GhidraScript)  
INFO  SummarizeGlobalReferenceFunctions.java>   CONTEXT lis r11,-0x7d6c (GhidraScript)  
INFO  SummarizeGlobalReferenceFunctions.java>   CONTEXT lis r10,-0x7d62 (GhidraScript)  
INFO  SummarizeGlobalReferenceFunctions.java>   CONTEXT addi r3,r10,0x6218 (GhidraScript)  
INFO  SummarizeGlobalReferenceFunctions.java>   CONTEXT lwz r11,-0x45f0(r11) (GhidraScript)  
INFO  SummarizeGlobalReferenceFunctions.java>   CONTEXT lwz r9,0x50(r11) (GhidraScript)  
INFO  SummarizeGlobalReferenceFunctions.java>   CONTEXT cntlzw r10,r9 (GhidraScript)  
INFO  SummarizeGlobalReferenceFunctions.java>   CONTEXT rlwinm r10,r10,0x1b,0x1f,0x1f (GhidraScript)  
INFO  SummarizeGlobalReferenceFunctions.java> FUNCTION 821b0420 refs=[821b0484] stores8=1 slotCLoads=0 body=[[821b0420, 821b04cf]] (GhidraScript)  
INFO  SummarizeGlobalReferenceFunctions.java>   STORE8 821b0424 stw r12,-0x8(r1) (GhidraScript)  
INFO  SummarizeGlobalReferenceFunctions.java>   CONTEXT lis r11,-0x7d6c (GhidraScript)  
INFO  SummarizeGlobalReferenceFunctions.java>   CONTEXT lis r10,-0x7d62 (GhidraScript)  
INFO  SummarizeGlobalReferenceFunctions.java>   CONTEXT addi r3,r10,0x6218 (GhidraScript)  
INFO  SummarizeGlobalReferenceFunctions.java>   CONTEXT lwz r11,-0x45f0(r11) (GhidraScript)  
INFO  SummarizeGlobalReferenceFunctions.java>   CONTEXT lwz r9,0x50(r11) (GhidraScript)  
INFO  SummarizeGlobalReferenceFunctions.java>   CONTEXT cntlzw r10,r9 (GhidraScript)  
INFO  SummarizeGlobalReferenceFunctions.java>   CONTEXT rlwinm r10,r10,0x1b,0x1f,0x1f (GhidraScript)  
INFO  SummarizeGlobalReferenceFunctions.java> FUNCTION 821b04d0 refs=[821b0518, 821b058c] stores8=1 slotCLoads=1 body=[[821b04d0, 821b062f]] (GhidraScript)  
INFO  SummarizeGlobalReferenceFunctions.java>   STORE8 821b04d4 stw r12,-0x8(r1) (GhidraScript)  
INFO  SummarizeGlobalReferenceFunctions.java>   SLOTC 821b04e4 lwz r11,0xc(r31) (GhidraScript)  
INFO  SummarizeGlobalReferenceFunctions.java>   CONTEXT lis r11,-0x7d6c (GhidraScript)  
INFO  SummarizeGlobalReferenceFunctions.java>   CONTEXT li r10,0x1 (GhidraScript)  
INFO  SummarizeGlobalReferenceFunctions.java>   CONTEXT li r9,0x3 (GhidraScript)  
INFO  SummarizeGlobalReferenceFunctions.java>   CONTEXT lwz r11,-0x45f0(r11) (GhidraScript)  
INFO  SummarizeGlobalReferenceFunctions.java>   CONTEXT lwz r3,0x8(r11) (GhidraScript)  
INFO  SummarizeGlobalReferenceFunctions.java>   CONTEXT stw r10,0x18(r11) (GhidraScript)  
INFO  SummarizeGlobalReferenceFunctions.java>   CONTEXT stw r9,0x1c(r11) (GhidraScript)  
INFO  SummarizeGlobalReferenceFunctions.java>   CONTEXT lis r11,-0x7d6c (GhidraScript)  
INFO  SummarizeGlobalReferenceFunctions.java>   CONTEXT lis r10,-0x7d62 (GhidraScript)  
INFO  SummarizeGlobalReferenceFunctions.java>   CONTEXT addi r3,r10,0x6218 (GhidraScript)  
INFO  SummarizeGlobalReferenceFunctions.java>   CONTEXT lwz r11,-0x45f0(r11) (GhidraScript)  
INFO  SummarizeGlobalReferenceFunctions.java>   CONTEXT lwz r9,0x50(r11) (GhidraScript)  
INFO  SummarizeGlobalReferenceFunctions.java>   CONTEXT cntlzw r10,r9 (GhidraScript)  
INFO  SummarizeGlobalReferenceFunctions.java>   CONTEXT rlwinm r10,r10,0x1b,0x1f,0x1f (GhidraScript)  
INFO  SummarizeGlobalReferenceFunctions.java> FUNCTION 821b1b80 refs=[821b1bc8] stores8=2 slotCLoads=0 body=[[821b1b80, 821b1bff]] (GhidraScript)  
INFO  SummarizeGlobalReferenceFunctions.java>   STORE8 821b1b84 stw r12,-0x8(r1) (GhidraScript)  
INFO  SummarizeGlobalReferenceFunctions.java>   STORE8 821b1be8 stw r10,0x8(r5) (GhidraScript)  
INFO  SummarizeGlobalReferenceFunctions.java>   CONTEXT lis r11,-0x7d6c (GhidraScript)  
INFO  SummarizeGlobalReferenceFunctions.java>   CONTEXT addis r5,r31,0x2 (GhidraScript)  
INFO  SummarizeGlobalReferenceFunctions.java>   CONTEXT addi r5,r5,0x910 (GhidraScript)  
INFO  SummarizeGlobalReferenceFunctions.java>   CONTEXT lwz r11,-0x45f0(r11) (GhidraScript)  
INFO  SummarizeGlobalReferenceFunctions.java>   CONTEXT addis r3,r11,0x16 (GhidraScript)  
INFO  SummarizeGlobalReferenceFunctions.java>   CONTEXT lwz r4,0x0(r5) (GhidraScript)  
INFO  SummarizeGlobalReferenceFunctions.java>   CONTEXT subi r3,r3,0x56ac (GhidraScript)  
INFO  SummarizeGlobalReferenceFunctions.java> FUNCTION 821b1d68 refs=[821b1e00] stores8=2 slotCLoads=0 body=[[821b1d68, 821b1e43]] (GhidraScript)  
INFO  SummarizeGlobalReferenceFunctions.java>   STORE8 821b1d6c stw r12,-0x8(r1) (GhidraScript)  
INFO  SummarizeGlobalReferenceFunctions.java>   STORE8 821b1de8 stw r30,0x8(r11) (GhidraScript)  
INFO  SummarizeGlobalReferenceFunctions.java>   CONTEXT lis r11,-0x7d6c (GhidraScript)  
INFO  SummarizeGlobalReferenceFunctions.java>   CONTEXT lis r10,-0x7d62 (GhidraScript)  
INFO  SummarizeGlobalReferenceFunctions.java>   CONTEXT addi r3,r10,0x6218 (GhidraScript)  
INFO  SummarizeGlobalReferenceFunctions.java>   CONTEXT lwz r11,-0x45f0(r11) (GhidraScript)  
INFO  SummarizeGlobalReferenceFunctions.java>   CONTEXT lwz r9,0x50(r11) (GhidraScript)  
INFO  SummarizeGlobalReferenceFunctions.java>   CONTEXT cntlzw r10,r9 (GhidraScript)  
INFO  SummarizeGlobalReferenceFunctions.java>   CONTEXT rlwinm r10,r10,0x1b,0x1f,0x1f (GhidraScript)  
INFO  SummarizeGlobalReferenceFunctions.java> FUNCTION 821b3c88 refs=[821b3d18, 821b3d50, 821b3d88, 821b3dc0] stores8=1 slotCLoads=0 body=[[821b3c88, 821b3cc7] [821b3ce8, 821b3dff]] (GhidraScript)  
INFO  SummarizeGlobalReferenceFunctions.java>   STORE8 821b3c8c stw r12,-0x8(r1) (GhidraScript)  
INFO  SummarizeGlobalReferenceFunctions.java>   CONTEXT bgt cr6,0x821b3dec (GhidraScript)  
INFO  SummarizeGlobalReferenceFunctions.java>   CONTEXT lis r11,-0x7d6c (GhidraScript)  
INFO  SummarizeGlobalReferenceFunctions.java>   CONTEXT addi r4,r4,0xd (GhidraScript)  
INFO  SummarizeGlobalReferenceFunctions.java>   CONTEXT lwz r11,-0x45f0(r11) (GhidraScript)  
INFO  SummarizeGlobalReferenceFunctions.java>   CONTEXT addis r3,r11,0x1 (GhidraScript)  
INFO  SummarizeGlobalReferenceFunctions.java>   CONTEXT addi r3,r3,0x7de0 (GhidraScript)  
INFO  SummarizeGlobalReferenceFunctions.java>   CONTEXT bl 0x821c9390 (GhidraScript)  
INFO  SummarizeGlobalReferenceFunctions.java>   CONTEXT bgt cr6,0x821b3dec (GhidraScript)  
INFO  SummarizeGlobalReferenceFunctions.java>   CONTEXT lis r11,-0x7d6c (GhidraScript)  
INFO  SummarizeGlobalReferenceFunctions.java>   CONTEXT addi r4,r4,0x14 (GhidraScript)  
INFO  SummarizeGlobalReferenceFunctions.java>   CONTEXT lwz r11,-0x45f0(r11) (GhidraScript)  
INFO  SummarizeGlobalReferenceFunctions.java>   CONTEXT addis r3,r11,0x1 (GhidraScript)  
INFO  SummarizeGlobalReferenceFunctions.java>   CONTEXT addi r3,r3,0x7de0 (GhidraScript)  
INFO  SummarizeGlobalReferenceFunctions.java>   CONTEXT bl 0x821c9390 (GhidraScript)  
INFO  SummarizeGlobalReferenceFunctions.java>   CONTEXT bgt cr6,0x821b3dec (GhidraScript)  
INFO  SummarizeGlobalReferenceFunctions.java>   CONTEXT lis r11,-0x7d6c (GhidraScript)  
INFO  SummarizeGlobalReferenceFunctions.java>   CONTEXT addi r4,r4,0x1b (GhidraScript)  
INFO  SummarizeGlobalReferenceFunctions.java>   CONTEXT lwz r11,-0x45f0(r11) (GhidraScript)  
INFO  SummarizeGlobalReferenceFunctions.java>   CONTEXT addis r3,r11,0x1 (GhidraScript)  
INFO  SummarizeGlobalReferenceFunctions.java>   CONTEXT addi r3,r3,0x7de0 (GhidraScript)  
INFO  SummarizeGlobalReferenceFunctions.java>   CONTEXT bl 0x821c9390 (GhidraScript)  
INFO  SummarizeGlobalReferenceFunctions.java>   CONTEXT bgt cr6,0x821b3dec (GhidraScript)  
INFO  SummarizeGlobalReferenceFunctions.java>   CONTEXT lis r11,-0x7d6c (GhidraScript)  
INFO  SummarizeGlobalReferenceFunctions.java>   CONTEXT addi r4,r4,0x22 (GhidraScript)  
INFO  SummarizeGlobalReferenceFunctions.java>   CONTEXT lwz r11,-0x45f0(r11) (GhidraScript)  
INFO  SummarizeGlobalReferenceFunctions.java>   CONTEXT addis r3,r11,0x1 (GhidraScript)  
INFO  SummarizeGlobalReferenceFunctions.java>   CONTEXT addi r3,r3,0x7de0 (GhidraScript)  
INFO  SummarizeGlobalReferenceFunctions.java>   CONTEXT bl 0x821c9390 (GhidraScript)  
INFO  SummarizeGlobalReferenceFunctions.java> FUNCTION 821b44a8 refs=[821b44d4] stores8=1 slotCLoads=0 body=[[821b44a8, 821b4513]] (GhidraScript)  
INFO  SummarizeGlobalReferenceFunctions.java>   STORE8 821b44ac stw r12,-0x8(r1) (GhidraScript)  
INFO  SummarizeGlobalReferenceFunctions.java>   CONTEXT cmpwi cr6,r4,0x0 (GhidraScript)  
INFO  SummarizeGlobalReferenceFunctions.java>   CONTEXT beq cr6,0x821b4500 (GhidraScript)  
INFO  SummarizeGlobalReferenceFunctions.java>   CONTEXT lis r11,-0x7d6c (GhidraScript)  
INFO  SummarizeGlobalReferenceFunctions.java>   CONTEXT lwz r11,-0x45f0(r11) (GhidraScript)  
INFO  SummarizeGlobalReferenceFunctions.java>   CONTEXT addis r3,r11,0x16 (GhidraScript)  
INFO  SummarizeGlobalReferenceFunctions.java>   CONTEXT subi r3,r3,0x56ac (GhidraScript)  
INFO  SummarizeGlobalReferenceFunctions.java>   CONTEXT bl 0x821539e0 (GhidraScript)  
INFO  SummarizeGlobalReferenceFunctions.java> FUNCTION 821b5398 refs=[821b5464] stores8=1 slotCLoads=0 body=[[821b5398, 821b540b] [821b541c, 821b54bb]] (GhidraScript)  
INFO  SummarizeGlobalReferenceFunctions.java>   STORE8 821b539c stw r12,-0x8(r1) (GhidraScript)  
INFO  SummarizeGlobalReferenceFunctions.java>   CONTEXT lis r11,-0x7d6c (GhidraScript)  
INFO  SummarizeGlobalReferenceFunctions.java>   CONTEXT lis r10,-0x7d62 (GhidraScript)  
INFO  SummarizeGlobalReferenceFunctions.java>   CONTEXT addi r3,r10,0x6218 (GhidraScript)  
INFO  SummarizeGlobalReferenceFunctions.java>   CONTEXT lwz r11,-0x45f0(r11) (GhidraScript)  
INFO  SummarizeGlobalReferenceFunctions.java>   CONTEXT lwz r9,0x50(r11) (GhidraScript)  
INFO  SummarizeGlobalReferenceFunctions.java>   CONTEXT cntlzw r10,r9 (GhidraScript)  
INFO  SummarizeGlobalReferenceFunctions.java>   CONTEXT rlwinm r10,r10,0x1b,0x1f,0x1f (GhidraScript)  
INFO  SummarizeGlobalReferenceFunctions.java> FUNCTION 821b5540 refs=[821b5610] stores8=2 slotCLoads=0 body=[[821b5540, 821b55b7] [821b55c8, 821b568b]] (GhidraScript)  
INFO  SummarizeGlobalReferenceFunctions.java>   STORE8 821b5544 stw r12,-0x8(r1) (GhidraScript)  
INFO  SummarizeGlobalReferenceFunctions.java>   STORE8 821b5660 stw r11,0x8(r3) (GhidraScript)  
INFO  SummarizeGlobalReferenceFunctions.java>   CONTEXT lis r11,-0x7d6c (GhidraScript)  
INFO  SummarizeGlobalReferenceFunctions.java>   CONTEXT lis r10,-0x7d62 (GhidraScript)  
INFO  SummarizeGlobalReferenceFunctions.java>   CONTEXT addi r3,r10,0x6218 (GhidraScript)  
INFO  SummarizeGlobalReferenceFunctions.java>   CONTEXT lwz r11,-0x45f0(r11) (GhidraScript)  
INFO  SummarizeGlobalReferenceFunctions.java>   CONTEXT lwz r9,0x50(r11) (GhidraScript)  
INFO  SummarizeGlobalReferenceFunctions.java>   CONTEXT cntlzw r10,r9 (GhidraScript)  
INFO  SummarizeGlobalReferenceFunctions.java>   CONTEXT rlwinm r10,r10,0x1b,0x1f,0x1f (GhidraScript)  
INFO  SummarizeGlobalReferenceFunctions.java> FUNCTION 821b5690 refs=[821b56d8, 821b574c] stores8=1 slotCLoads=1 body=[[821b5690, 821b5803]] (GhidraScript)  
INFO  SummarizeGlobalReferenceFunctions.java>   STORE8 821b5694 stw r12,-0x8(r1) (GhidraScript)  
INFO  SummarizeGlobalReferenceFunctions.java>   SLOTC 821b56a4 lwz r11,0xc(r31) (GhidraScript)  
INFO  SummarizeGlobalReferenceFunctions.java>   CONTEXT lis r11,-0x7d6c (GhidraScript)  
INFO  SummarizeGlobalReferenceFunctions.java>   CONTEXT li r10,0x1 (GhidraScript)  
INFO  SummarizeGlobalReferenceFunctions.java>   CONTEXT li r9,0x3 (GhidraScript)  
INFO  SummarizeGlobalReferenceFunctions.java>   CONTEXT lwz r11,-0x45f0(r11) (GhidraScript)  
INFO  SummarizeGlobalReferenceFunctions.java>   CONTEXT lwz r3,0x8(r11) (GhidraScript)  
INFO  SummarizeGlobalReferenceFunctions.java>   CONTEXT stw r10,0x18(r11) (GhidraScript)  
INFO  SummarizeGlobalReferenceFunctions.java>   CONTEXT stw r9,0x1c(r11) (GhidraScript)  
INFO  SummarizeGlobalReferenceFunctions.java>   CONTEXT lis r11,-0x7d6c (GhidraScript)  
INFO  SummarizeGlobalReferenceFunctions.java>   CONTEXT lis r10,-0x7d62 (GhidraScript)  
INFO  SummarizeGlobalReferenceFunctions.java>   CONTEXT addi r3,r10,0x6218 (GhidraScript)  
INFO  SummarizeGlobalReferenceFunctions.java>   CONTEXT lwz r11,-0x45f0(r11) (GhidraScript)  
INFO  SummarizeGlobalReferenceFunctions.java>   CONTEXT lwz r9,0x50(r11) (GhidraScript)  
INFO  SummarizeGlobalReferenceFunctions.java>   CONTEXT cntlzw r10,r9 (GhidraScript)  
INFO  SummarizeGlobalReferenceFunctions.java>   CONTEXT rlwinm r10,r10,0x1b,0x1f,0x1f (GhidraScript)  
INFO  SummarizeGlobalReferenceFunctions.java> FUNCTION 821b5808 refs=[821b5840, 821b5874, 821b58d4] stores8=2 slotCLoads=0 body=[[821b5808, 821b58e7]] (GhidraScript)  
INFO  SummarizeGlobalReferenceFunctions.java>   STORE8 821b580c stw r12,-0x8(r1) (GhidraScript)  
INFO  SummarizeGlobalReferenceFunctions.java>   STORE8 821b58b0 stw r11,0x8(r3) (GhidraScript)  
INFO  SummarizeGlobalReferenceFunctions.java>   CONTEXT addi r11,r11,0x7b4 (GhidraScript)  
INFO  SummarizeGlobalReferenceFunctions.java>   CONTEXT stb r10,0x19(r11) (GhidraScript)  
INFO  SummarizeGlobalReferenceFunctions.java>   CONTEXT stw r10,0x1c(r11) (GhidraScript)  
INFO  SummarizeGlobalReferenceFunctions.java>   CONTEXT lwz r11,-0x45f0(r31) (GhidraScript)  
INFO  SummarizeGlobalReferenceFunctions.java>   CONTEXT lis r10,-0x7d97 (GhidraScript)  
INFO  SummarizeGlobalReferenceFunctions.java>   CONTEXT rlwinm r9,r30,0x2,0x0,0x1d (GhidraScript)  
INFO  SummarizeGlobalReferenceFunctions.java>   CONTEXT addi r10,r10,0x1adc (GhidraScript)  
INFO  SummarizeGlobalReferenceFunctions.java>   CONTEXT ld r31,-0x10(r1) (GhidraScript)  
INFO  SummarizeGlobalReferenceFunctions.java>   CONTEXT blr (GhidraScript)  
INFO  SummarizeGlobalReferenceFunctions.java>   CONTEXT lis r8,-0x7d92 (GhidraScript)  
INFO  SummarizeGlobalReferenceFunctions.java>   CONTEXT lwz r11,-0x45f0(r31) (GhidraScript)  
INFO  SummarizeGlobalReferenceFunctions.java>   CONTEXT lwz r10,0x4eb4(r8) (GhidraScript)  
INFO  SummarizeGlobalReferenceFunctions.java>   CONTEXT lwz r9,0xa4(r10) (GhidraScript)  
INFO  SummarizeGlobalReferenceFunctions.java>   CONTEXT cmplwi cr6,r9,0x0 (GhidraScript)  
INFO  SummarizeGlobalReferenceFunctions.java>   CONTEXT rlwinm r11,r11,0x2,0x0,0x1d (GhidraScript)  
INFO  SummarizeGlobalReferenceFunctions.java>   CONTEXT stwx r9,r11,r3 (GhidraScript)  
INFO  SummarizeGlobalReferenceFunctions.java>   CONTEXT bl 0x82166038 (GhidraScript)  
INFO  SummarizeGlobalReferenceFunctions.java>   CONTEXT lwz r11,-0x45f0(r31) (GhidraScript)  
INFO  SummarizeGlobalReferenceFunctions.java>   CONTEXT cmpwi cr6,r30,0x2 (GhidraScript)  
INFO  SummarizeGlobalReferenceFunctions.java>   CONTEXT blt cr6,0x821b5844 (GhidraScript)  
INFO  SummarizeGlobalReferenceFunctions.java>   CONTEXT li r10,0x0 (GhidraScript)  
INFO  SummarizeGlobalReferenceFunctions.java> FUNCTION 821b5a48 refs=[821b5abc] stores8=1 slotCLoads=1 body=[[821b5a48, 821b5bd3]] (GhidraScript)  
INFO  SummarizeGlobalReferenceFunctions.java>   STORE8 821b5a4c stw r12,-0x8(r1) (GhidraScript)  
INFO  SummarizeGlobalReferenceFunctions.java>   SLOTC 821b5a5c lwz r11,0xc(r31) (GhidraScript)  
INFO  SummarizeGlobalReferenceFunctions.java>   CONTEXT lis r11,-0x7d6c (GhidraScript)  
INFO  SummarizeGlobalReferenceFunctions.java>   CONTEXT li r10,0x1 (GhidraScript)  
INFO  SummarizeGlobalReferenceFunctions.java>   CONTEXT li r9,0x3 (GhidraScript)  
INFO  SummarizeGlobalReferenceFunctions.java>   CONTEXT lwz r11,-0x45f0(r11) (GhidraScript)  
INFO  SummarizeGlobalReferenceFunctions.java>   CONTEXT lwz r3,0x8(r11) (GhidraScript)  
INFO  SummarizeGlobalReferenceFunctions.java>   CONTEXT stw r10,0x18(r11) (GhidraScript)  
INFO  SummarizeGlobalReferenceFunctions.java>   CONTEXT stw r9,0x1c(r11) (GhidraScript)  
INFO  SummarizeGlobalReferenceFunctions.java> FUNCTION 821b5c00 refs=[821b5c64, 821b5c90] stores8=1 slotCLoads=0 body=[[821b5c00, 821b5cd3]] (GhidraScript)  
INFO  SummarizeGlobalReferenceFunctions.java>   STORE8 821b5c04 stw r12,-0x8(r1) (GhidraScript)  
INFO  SummarizeGlobalReferenceFunctions.java>   CONTEXT lis r30,-0x7d6c (GhidraScript)  
INFO  SummarizeGlobalReferenceFunctions.java>   CONTEXT lis r10,-0x7d62 (GhidraScript)  
INFO  SummarizeGlobalReferenceFunctions.java>   CONTEXT addi r31,r10,0x6218 (GhidraScript)  
INFO  SummarizeGlobalReferenceFunctions.java>   CONTEXT lwz r11,-0x45f0(r30) (GhidraScript)  
INFO  SummarizeGlobalReferenceFunctions.java>   CONTEXT or r3,r31,r31 (GhidraScript)  
INFO  SummarizeGlobalReferenceFunctions.java>   CONTEXT lwz r9,0x50(r11) (GhidraScript)  
INFO  SummarizeGlobalReferenceFunctions.java>   CONTEXT cntlzw r10,r9 (GhidraScript)  
INFO  SummarizeGlobalReferenceFunctions.java>   CONTEXT lwzx r4,r10,r11 (GhidraScript)  
INFO  SummarizeGlobalReferenceFunctions.java>   CONTEXT bl 0x821d2fc0 (GhidraScript)  
INFO  SummarizeGlobalReferenceFunctions.java>   CONTEXT bl 0x821d2d88 (GhidraScript)  
INFO  SummarizeGlobalReferenceFunctions.java>   CONTEXT lwz r11,-0x45f0(r30) (GhidraScript)  
INFO  SummarizeGlobalReferenceFunctions.java>   CONTEXT or r3,r31,r31 (GhidraScript)  
INFO  SummarizeGlobalReferenceFunctions.java>   CONTEXT lwz r10,0x50(r11) (GhidraScript)  
INFO  SummarizeGlobalReferenceFunctions.java>   CONTEXT cntlzw r10,r10 (GhidraScript)  
INFO  SummarizeGlobalReferenceFunctions.java> FUNCTION 821b5e58 refs=[821b5e7c, 821b5eb0] stores8=1 slotCLoads=0 body=[[821b5e58, 821b5f7b]] (GhidraScript)  
INFO  SummarizeGlobalReferenceFunctions.java>   STORE8 821b5e5c stw r12,-0x8(r1) (GhidraScript)  
INFO  SummarizeGlobalReferenceFunctions.java>   CONTEXT lis r31,-0x7d6c (GhidraScript)  
INFO  SummarizeGlobalReferenceFunctions.java>   CONTEXT or r30,r3,r3 (GhidraScript)  
INFO  SummarizeGlobalReferenceFunctions.java>   CONTEXT lwz r11,0x1c54(r11) (GhidraScript)  
INFO  SummarizeGlobalReferenceFunctions.java>   CONTEXT lwz r10,-0x45f0(r31) (GhidraScript)  
INFO  SummarizeGlobalReferenceFunctions.java>   CONTEXT stw r11,0x10(r10) (GhidraScript)  
INFO  SummarizeGlobalReferenceFunctions.java>   CONTEXT lwz r11,0x0(r30) (GhidraScript)  
INFO  SummarizeGlobalReferenceFunctions.java>   CONTEXT lwz r11,0x34(r11) (GhidraScript)  
INFO  SummarizeGlobalReferenceFunctions.java>   CONTEXT lwz r11,0x38(r11) (GhidraScript)  
INFO  SummarizeGlobalReferenceFunctions.java>   CONTEXT mtspr CTR,r11 (GhidraScript)  
INFO  SummarizeGlobalReferenceFunctions.java>   CONTEXT bctrl (GhidraScript)  
INFO  SummarizeGlobalReferenceFunctions.java>   CONTEXT lwz r11,-0x45f0(r31) (GhidraScript)  
INFO  SummarizeGlobalReferenceFunctions.java>   CONTEXT lis r10,-0x7d62 (GhidraScript)  
INFO  SummarizeGlobalReferenceFunctions.java>   CONTEXT addi r3,r10,0x6218 (GhidraScript)  
INFO  SummarizeGlobalReferenceFunctions.java>   CONTEXT lwz r9,0x50(r11) (GhidraScript)  
INFO  SummarizeGlobalReferenceFunctions.java> FUNCTION 821b5f80 refs=[821b5fcc, 821b6020] stores8=1 slotCLoads=1 body=[[821b5f80, 821b6117]] (GhidraScript)  
INFO  SummarizeGlobalReferenceFunctions.java>   STORE8 821b5f84 stw r12,-0x8(r1) (GhidraScript)  
INFO  SummarizeGlobalReferenceFunctions.java>   SLOTC 821b5f98 lwz r11,0xc(r31) (GhidraScript)  
INFO  SummarizeGlobalReferenceFunctions.java>   CONTEXT lis r11,-0x7d6c (GhidraScript)  
INFO  SummarizeGlobalReferenceFunctions.java>   CONTEXT li r10,0x1 (GhidraScript)  
INFO  SummarizeGlobalReferenceFunctions.java>   CONTEXT li r9,0x3 (GhidraScript)  
INFO  SummarizeGlobalReferenceFunctions.java>   CONTEXT lwz r11,-0x45f0(r11) (GhidraScript)  
INFO  SummarizeGlobalReferenceFunctions.java>   CONTEXT lwz r3,0x8(r11) (GhidraScript)  
INFO  SummarizeGlobalReferenceFunctions.java>   CONTEXT stw r10,0x18(r11) (GhidraScript)  
INFO  SummarizeGlobalReferenceFunctions.java>   CONTEXT stw r9,0x1c(r11) (GhidraScript)  
INFO  SummarizeGlobalReferenceFunctions.java>   CONTEXT lis r11,-0x7d6c (GhidraScript)  
INFO  SummarizeGlobalReferenceFunctions.java>   CONTEXT lis r10,-0x7d62 (GhidraScript)  
INFO  SummarizeGlobalReferenceFunctions.java>   CONTEXT addi r3,r10,0x6218 (GhidraScript)  
INFO  SummarizeGlobalReferenceFunctions.java>   CONTEXT lwz r11,-0x45f0(r11) (GhidraScript)  
INFO  SummarizeGlobalReferenceFunctions.java>   CONTEXT lwz r9,0x50(r11) (GhidraScript)  
INFO  SummarizeGlobalReferenceFunctions.java>   CONTEXT cntlzw r10,r9 (GhidraScript)  
INFO  SummarizeGlobalReferenceFunctions.java>   CONTEXT rlwinm r10,r10,0x1b,0x1f,0x1f (GhidraScript)  
INFO  SummarizeGlobalReferenceFunctions.java> FUNCTION 821b6668 refs=[821b66b0, 821b675c] stores8=1 slotCLoads=1 body=[[821b6668, 821b67ff]] (GhidraScript)  
INFO  SummarizeGlobalReferenceFunctions.java>   STORE8 821b666c stw r12,-0x8(r1) (GhidraScript)  
INFO  SummarizeGlobalReferenceFunctions.java>   SLOTC 821b667c lwz r11,0xc(r31) (GhidraScript)  
INFO  SummarizeGlobalReferenceFunctions.java>   CONTEXT lis r11,-0x7d6c (GhidraScript)  
INFO  SummarizeGlobalReferenceFunctions.java>   CONTEXT li r10,0x1 (GhidraScript)  
INFO  SummarizeGlobalReferenceFunctions.java>   CONTEXT li r9,0x3 (GhidraScript)  
INFO  SummarizeGlobalReferenceFunctions.java>   CONTEXT lwz r11,-0x45f0(r11) (GhidraScript)  
INFO  SummarizeGlobalReferenceFunctions.java>   CONTEXT lwz r3,0x8(r11) (GhidraScript)  
INFO  SummarizeGlobalReferenceFunctions.java>   CONTEXT stw r10,0x18(r11) (GhidraScript)  
INFO  SummarizeGlobalReferenceFunctions.java>   CONTEXT stw r9,0x1c(r11) (GhidraScript)  
INFO  SummarizeGlobalReferenceFunctions.java>   CONTEXT lis r11,-0x7d6c (GhidraScript)  
INFO  SummarizeGlobalReferenceFunctions.java>   CONTEXT lis r10,-0x7d62 (GhidraScript)  
INFO  SummarizeGlobalReferenceFunctions.java>   CONTEXT addi r3,r10,0x6218 (GhidraScript)  
INFO  SummarizeGlobalReferenceFunctions.java>   CONTEXT lwz r11,-0x45f0(r11) (GhidraScript)  
INFO  SummarizeGlobalReferenceFunctions.java>   CONTEXT lwz r9,0x50(r11) (GhidraScript)  
INFO  SummarizeGlobalReferenceFunctions.java>   CONTEXT cntlzw r10,r9 (GhidraScript)  
INFO  SummarizeGlobalReferenceFunctions.java>   CONTEXT rlwinm r10,r10,0x1b,0x1f,0x1f (GhidraScript)  
INFO  SummarizeGlobalReferenceFunctions.java> FUNCTION 821b8430 refs=[821b8464] stores8=1 slotCLoads=1 body=[[821b8430, 821b84e3]] (GhidraScript)  
INFO  SummarizeGlobalReferenceFunctions.java>   STORE8 821b8434 stw r12,-0x8(r1) (GhidraScript)  
INFO  SummarizeGlobalReferenceFunctions.java>   SLOTC 821b8444 lwz r11,0xc(r31) (GhidraScript)  
INFO  SummarizeGlobalReferenceFunctions.java>   CONTEXT lbz r11,0x11(r31) (GhidraScript)  
INFO  SummarizeGlobalReferenceFunctions.java>   CONTEXT cmplwi cr6,r11,0x0 (GhidraScript)  
INFO  SummarizeGlobalReferenceFunctions.java>   CONTEXT lis r11,-0x7d6c (GhidraScript)  
INFO  SummarizeGlobalReferenceFunctions.java>   CONTEXT lwz r11,-0x45f0(r11) (GhidraScript)  
INFO  SummarizeGlobalReferenceFunctions.java>   CONTEXT beq cr6,0x821b8474 (GhidraScript)  
INFO  SummarizeGlobalReferenceFunctions.java>   CONTEXT lwz r4,0x58(r11) (GhidraScript)  
INFO  SummarizeGlobalReferenceFunctions.java>   CONTEXT b 0x821b8478 (GhidraScript)  
INFO  SummarizeGlobalReferenceFunctions.java> FUNCTION 821cbb58 refs=[821cbb70] stores8=1 slotCLoads=0 body=[[821cbb58, 821cbc0f]] (GhidraScript)  
INFO  SummarizeGlobalReferenceFunctions.java>   STORE8 821cbb5c stw r12,-0x8(r1) (GhidraScript)  
INFO  SummarizeGlobalReferenceFunctions.java>   CONTEXT std r31,-0x10(r1) (GhidraScript)  
INFO  SummarizeGlobalReferenceFunctions.java>   CONTEXT stwu r1,-0xb0(r1) (GhidraScript)  
INFO  SummarizeGlobalReferenceFunctions.java>   CONTEXT lis r11,-0x7d6c (GhidraScript)  
INFO  SummarizeGlobalReferenceFunctions.java>   CONTEXT lwz r11,-0x45f0(r11) (GhidraScript)  
INFO  SummarizeGlobalReferenceFunctions.java>   CONTEXT lwz r30,0x84(r11) (GhidraScript)  
INFO  SummarizeGlobalReferenceFunctions.java>   CONTEXT cmplwi cr6,r30,0x4 (GhidraScript)  
INFO  SummarizeGlobalReferenceFunctions.java>   CONTEXT blt cr6,0x821cbbc4 (GhidraScript)  
