openjdk version "21.0.11" 2026-04-21
OpenJDK Runtime Environment (build 21.0.11+10-1-26.04.2-Ubuntu)
OpenJDK 64-Bit Server VM (build 21.0.11+10-1-26.04.2-Ubuntu, mixed mode)
INFO  Using log config file: jar:file:/fastdata/lavaulta/auto-re-agent/.tools/ghidra_12.1.2_PUBLIC/Ghidra/Framework/Generic/lib/Generic.jar!/generic.log4j.xml (LoggingInitialization)  
INFO  Using log file: /home/lavaulta/.config/ghidra/ghidra_12.1.2_PUBLIC/application.log (LoggingInitialization)  
INFO  Loading user preferences: /home/lavaulta/.config/ghidra/ghidra_12.1.2_PUBLIC/preferences (Preferences)  
INFO  Searching for classes... (ClassSearcher)  
INFO  Ignoring class 'xexloaderwv.XEXLoaderWVLoader' from '/fastdata/lavaulta/auto-re-agent/.tools/ghidra_12.1.2_PUBLIC/Ghidra/Extensions/XEXLoaderWV/lib/XEXLoaderWV.jar'. Already found at '/fastdata/lavaulta/auto-re-agent/.tools/ghidra_12.1.2_PUBLIC/Ghidra/patch/XEXLoaderWV-java21.jar'. (ClassSearcher)  
INFO  Class search complete (1510 ms) (ClassSearcher)  
INFO  Initializing SSL Context (DefaultSSLContextInitializer)  
INFO  Initializing Random Number Generator... (SecureRandomFactory)  
INFO  Random Number Generator initialization complete: NativePRNGNonBlocking (SecureRandomFactory)  
INFO  Trust manager disabled, cacerts have not been set (DefaultTrustManagerFactory)  
INFO  Headless startup complete (2988 ms) (AnalyzeHeadless)  
INFO  Class searcher loaded 59 extension points (20 false positives) (ClassSearcher)  
INFO  HEADLESS Script Paths:
    /fastdata/lavaulta/auto-re-agent/.tools/ghidra_12.1.2_PUBLIC/Ghidra/Features/MicrosoftCodeAnalyzer/ghidra_scripts
    /fastdata/lavaulta/auto-re-agent/.tools/ghidra_12.1.2_PUBLIC/Ghidra/Features/PDB/ghidra_scripts
    /fastdata/lavaulta/auto-re-agent/.tools/ghidra_12.1.2_PUBLIC/Ghidra/Processors/8051/ghidra_scripts
    /fastdata/lavaulta/auto-re-agent/.tools/ghidra_12.1.2_PUBLIC/Ghidra/Features/Base/ghidra_scripts
    /fastdata/lavaulta/auto-re-agent/workspaces/ace-combat-6/scripts
    /fastdata/lavaulta/auto-re-agent/.tools/ghidra_12.1.2_PUBLIC/Ghidra/Features/FileFormats/ghidra_scripts
    /fastdata/lavaulta/auto-re-agent/.tools/ghidra_12.1.2_PUBLIC/Ghidra/Features/GnuDemangler/ghidra_scripts
    /fastdata/lavaulta/auto-re-agent/.tools/ghidra_12.1.2_PUBLIC/Ghidra/Extensions/ghidra-emotionengine-reloaded/ghidra_scripts
    /fastdata/lavaulta/auto-re-agent/.tools/ghidra_12.1.2_PUBLIC/Ghidra/Features/Decompiler/ghidra_scripts
    /fastdata/lavaulta/auto-re-agent/.tools/ghidra_12.1.2_PUBLIC/Ghidra/Features/FunctionID/ghidra_scripts
    /fastdata/lavaulta/auto-re-agent/.tools/ghidra_12.1.2_PUBLIC/Ghidra/Features/DecompilerDependent/ghidra_scripts
    /fastdata/lavaulta/auto-re-agent/.tools/ghidra_12.1.2_PUBLIC/Ghidra/Processors/DATA/ghidra_scripts
    /fastdata/lavaulta/auto-re-agent/.tools/ghidra_12.1.2_PUBLIC/Ghidra/Debug/Debugger-rmi-trace/ghidra_scripts
    /fastdata/lavaulta/auto-re-agent/.tools/ghidra_12.1.2_PUBLIC/Ghidra/Features/SwiftDemangler/ghidra_scripts
    /fastdata/lavaulta/auto-re-agent/.tools/ghidra_12.1.2_PUBLIC/Ghidra/Debug/Debugger/ghidra_scripts
    /fastdata/lavaulta/auto-re-agent/.tools/ghidra_12.1.2_PUBLIC/Ghidra/Processors/PIC/ghidra_scripts
    /fastdata/lavaulta/auto-re-agent/.tools/ghidra_12.1.2_PUBLIC/Ghidra/Extensions/XEXLoaderWV/ghidra_scripts
    /fastdata/lavaulta/auto-re-agent/.tools/ghidra_12.1.2_PUBLIC/Ghidra/Features/WildcardAssembler/ghidra_scripts
    /fastdata/lavaulta/auto-re-agent/.tools/ghidra_12.1.2_PUBLIC/Ghidra/Features/PyGhidra/ghidra_scripts
    /fastdata/lavaulta/auto-re-agent/.tools/ghidra_12.1.2_PUBLIC/Ghidra/Features/BSim/ghidra_scripts
    /fastdata/lavaulta/auto-re-agent/.tools/ghidra_12.1.2_PUBLIC/Ghidra/Features/VersionTracking/ghidra_scripts
    /fastdata/lavaulta/auto-re-agent/.tools/ghidra_12.1.2_PUBLIC/Ghidra/Features/BytePatterns/ghidra_scripts
    /fastdata/lavaulta/auto-re-agent/.tools/ghidra_12.1.2_PUBLIC/Ghidra/Processors/Atmel/ghidra_scripts
    /fastdata/lavaulta/auto-re-agent/.tools/ghidra_12.1.2_PUBLIC/Ghidra/Features/SystemEmulation/ghidra_scripts
    /fastdata/lavaulta/auto-re-agent/.tools/ghidra_12.1.2_PUBLIC/Ghidra/Processors/JVM/ghidra_scripts (HeadlessAnalyzer)  
INFO  HEADLESS: execution starts (HeadlessAnalyzer)  
INFO  Opening existing project: /fastdata/lavaulta/auto-re-agent/workspaces/ace-combat-6/ghidra-projects/ace-combat-6 (HeadlessAnalyzer)  
INFO  Opening project: /fastdata/lavaulta/auto-re-agent/workspaces/ace-combat-6/ghidra-projects/ace-combat-6 (HeadlessProject)  
INFO  REPORT: Processing read-only project file: /default.xex (HeadlessAnalyzer)  
INFO  REPORT: Execute script: FindStoresAtDisplacement.java '0x8'  (HeadlessAnalyzer)  
INFO  SCRIPT: /fastdata/lavaulta/auto-re-agent/workspaces/ace-combat-6/scripts/FindStoresAtDisplacement.java (HeadlessAnalyzer)  
INFO  FindStoresAtDisplacement.java> 82090000 82090004 stw r12,-0x8(r1) (GhidraScript)  
INFO  FindStoresAtDisplacement.java> 820900c8 820900cc stw r12,-0x8(r1) (GhidraScript)  
INFO  FindStoresAtDisplacement.java> 82090150 82090154 stw r12,-0x8(r1) (GhidraScript)  
INFO  FindStoresAtDisplacement.java> 820901d0 820901d4 stw r12,-0x8(r1) (GhidraScript)  
INFO  FindStoresAtDisplacement.java> 820902c0 820902c4 stw r12,-0x8(r1) (GhidraScript)  
INFO  FindStoresAtDisplacement.java> 82090320 82090324 stw r12,-0x8(r1) (GhidraScript)  
INFO  FindStoresAtDisplacement.java> 82090370 82090374 stw r12,-0x8(r1) (GhidraScript)  
INFO  FindStoresAtDisplacement.java> 820903f0 820903f4 stw r12,-0x8(r1) (GhidraScript)  
INFO  FindStoresAtDisplacement.java> 82090818 8209081c stw r12,-0x8(r1) (GhidraScript)  
INFO  FindStoresAtDisplacement.java> 82090818 8209086c stw r7,0x58(r1) (GhidraScript)  
INFO  FindStoresAtDisplacement.java> 82090818 820908f4 stw r7,0x58(r1) (GhidraScript)  
INFO  FindStoresAtDisplacement.java> 82090818 82090988 stw r5,0x58(r1) (GhidraScript)  
INFO  FindStoresAtDisplacement.java> 82090818 820909e0 stw r9,0x8(r10) (GhidraScript)  
INFO  FindStoresAtDisplacement.java> 82090818 820909fc stw r8,0x58(r1) (GhidraScript)  
INFO  FindStoresAtDisplacement.java> 82090818 82090a84 stw r6,0x58(r1) (GhidraScript)  
INFO  FindStoresAtDisplacement.java> 82090818 82090b08 stw r6,0x58(r1) (GhidraScript)  
INFO  FindStoresAtDisplacement.java> 82090818 82090b6c stw r9,0x8(r10) (GhidraScript)  
INFO  FindStoresAtDisplacement.java> 82090818 82090b88 stw r8,0x58(r1) (GhidraScript)  
INFO  FindStoresAtDisplacement.java> 82090818 82090c14 stw r6,0x58(r1) (GhidraScript)  
INFO  FindStoresAtDisplacement.java> 82090818 82090c94 stw r6,0x58(r1) (GhidraScript)  
INFO  FindStoresAtDisplacement.java> 82090818 82090cf8 stw r9,0x8(r10) (GhidraScript)  
INFO  FindStoresAtDisplacement.java> 82090818 82090d94 stw r6,0x58(r1) (GhidraScript)  
INFO  FindStoresAtDisplacement.java> 82090818 82090e10 stw r6,0x58(r1) (GhidraScript)  
INFO  FindStoresAtDisplacement.java> 82090818 82090e94 stw r8,0x58(r1) (GhidraScript)  
INFO  FindStoresAtDisplacement.java> 82090818 82090f20 stw r6,0x58(r1) (GhidraScript)  
INFO  FindStoresAtDisplacement.java> 82090818 82090fa0 stw r6,0x58(r1) (GhidraScript)  
INFO  FindStoresAtDisplacement.java> 82090818 82091004 stw r9,0x8(r10) (GhidraScript)  
INFO  FindStoresAtDisplacement.java> 82090818 82091020 stw r6,0x58(r1) (GhidraScript)  
INFO  FindStoresAtDisplacement.java> 82090818 82091168 stw r7,0x58(r1) (GhidraScript)  
INFO  FindStoresAtDisplacement.java> 82090818 820911f4 stw r6,0x58(r1) (GhidraScript)  
INFO  FindStoresAtDisplacement.java> 82090818 82091274 stw r6,0x58(r1) (GhidraScript)  
INFO  FindStoresAtDisplacement.java> 82090818 820912d8 stw r9,0x8(r10) (GhidraScript)  
INFO  FindStoresAtDisplacement.java> 82090818 820912f4 stw r6,0x58(r1) (GhidraScript)  
INFO  FindStoresAtDisplacement.java> 82090818 82091390 stw r5,0x58(r1) (GhidraScript)  
INFO  FindStoresAtDisplacement.java> 82090818 820913f8 stw r6,0x58(r1) (GhidraScript)  
INFO  FindStoresAtDisplacement.java> 82090818 82091474 stw r6,0x58(r1) (GhidraScript)  
INFO  FindStoresAtDisplacement.java> 82090818 820914dc stw r9,0x18(r10) (GhidraScript)  
INFO  FindStoresAtDisplacement.java> 82090818 820914f8 stw r6,0x58(r1) (GhidraScript)  
INFO  FindStoresAtDisplacement.java> 82090818 82091578 stw r6,0x58(r1) (GhidraScript)  
INFO  FindStoresAtDisplacement.java> 82090818 820915f8 stw r6,0x58(r1) (GhidraScript)  
INFO  FindStoresAtDisplacement.java> 82090818 8209165c stw r9,0x28(r10) (GhidraScript)  
INFO  FindStoresAtDisplacement.java> 82090818 82091678 stw r6,0x58(r1) (GhidraScript)  
INFO  FindStoresAtDisplacement.java> 82090818 82091778 stw r6,0x58(r1) (GhidraScript)  
INFO  FindStoresAtDisplacement.java> 82090818 820917f4 stw r6,0x58(r1) (GhidraScript)  
INFO  FindStoresAtDisplacement.java> 82090818 8209185c stw r9,0x38(r10) (GhidraScript)  
INFO  FindStoresAtDisplacement.java> 82090818 82091878 stw r6,0x58(r1) (GhidraScript)  
INFO  FindStoresAtDisplacement.java> 82090818 820918f8 stw r6,0x58(r1) (GhidraScript)  
INFO  FindStoresAtDisplacement.java> 82090818 82091978 stw r6,0x58(r1) (GhidraScript)  
INFO  FindStoresAtDisplacement.java> 82090818 820919f8 stw r6,0x58(r1) (GhidraScript)  
INFO  FindStoresAtDisplacement.java> 82090818 82091a5c stw r9,0x78(r10) (GhidraScript)  
INFO  FindStoresAtDisplacement.java> 82090818 82091af8 stw r6,0x58(r1) (GhidraScript)  
INFO  FindStoresAtDisplacement.java> 82090818 82091b78 stw r8,0x58(r1) (GhidraScript)  
INFO  FindStoresAtDisplacement.java> 82090818 82091c04 stw r6,0x58(r1) (GhidraScript)  
INFO  FindStoresAtDisplacement.java> 82090818 82091c84 stw r6,0x58(r1) (GhidraScript)  
INFO  FindStoresAtDisplacement.java> 82090818 82091ce8 stw r9,0x8(r10) (GhidraScript)  
INFO  FindStoresAtDisplacement.java> 82090818 82091d14 stw r7,0x58(r1) (GhidraScript)  
INFO  FindStoresAtDisplacement.java> 82090818 82091d90 stw r6,0x58(r1) (GhidraScript)  
INFO  FindStoresAtDisplacement.java> 82090818 82091e0c stw r6,0x58(r1) (GhidraScript)  
INFO  FindStoresAtDisplacement.java> 82090818 82091e74 stw r9,0x8(r10) (GhidraScript)  
INFO  FindStoresAtDisplacement.java> 82090818 82091e90 stw r6,0x58(r1) (GhidraScript)  
INFO  FindStoresAtDisplacement.java> 82090818 82091f10 stw r8,0x58(r1) (GhidraScript)  
INFO  FindStoresAtDisplacement.java> 82090818 82091f9c stw r6,0x58(r1) (GhidraScript)  
INFO  FindStoresAtDisplacement.java> 82090818 8209201c stw r6,0x58(r1) (GhidraScript)  
INFO  FindStoresAtDisplacement.java> 82090818 8209211c stw r6,0x58(r1) (GhidraScript)  
INFO  FindStoresAtDisplacement.java> 82090818 820921a4 stw r6,0x58(r1) (GhidraScript)  
INFO  FindStoresAtDisplacement.java> 82090818 82092208 stw r9,0x8(r10) (GhidraScript)  
INFO  FindStoresAtDisplacement.java> 82090818 82092224 stw r6,0x58(r1) (GhidraScript)  
INFO  FindStoresAtDisplacement.java> 82090818 820922a4 stw r6,0x58(r1) (GhidraScript)  
INFO  FindStoresAtDisplacement.java> 82090818 82092304 stw r11,0x18(r10) (GhidraScript)  
INFO  FindStoresAtDisplacement.java> 82092348 8209234c stw r12,-0x8(r1) (GhidraScript)  
INFO  FindStoresAtDisplacement.java> 82092550 82092554 stw r12,-0x8(r1) (GhidraScript)  
INFO  FindStoresAtDisplacement.java> 82092bd8 82092bdc stw r12,-0x8(r1) (GhidraScript)  
INFO  FindStoresAtDisplacement.java> 82092bd8 82092cd4 stw r8,0x8(r30) (GhidraScript)  
INFO  FindStoresAtDisplacement.java> 82092e90 82092e94 stw r12,-0x8(r1) (GhidraScript)  
INFO  FindStoresAtDisplacement.java> 82092ee0 82092ee4 stw r12,-0x8(r1) (GhidraScript)  
INFO  FindStoresAtDisplacement.java> 82093158 820931c8 stw r6,0x8(r10) (GhidraScript)  
INFO  FindStoresAtDisplacement.java> 82093158 8209320c stw r10,0x8(r11) (GhidraScript)  
INFO  FindStoresAtDisplacement.java> 82093630 82093634 stw r12,-0x8(r1) (GhidraScript)  
INFO  FindStoresAtDisplacement.java> 820936e8 820936ec stw r12,-0x8(r1) (GhidraScript)  
INFO  FindStoresAtDisplacement.java> 82093818 8209381c stw r12,-0x8(r1) (GhidraScript)  
INFO  FindStoresAtDisplacement.java> 82093870 82093874 stw r12,-0x8(r1) (GhidraScript)  
INFO  FindStoresAtDisplacement.java> 82093a10 82093a14 stw r12,-0x8(r1) (GhidraScript)  
INFO  FindStoresAtDisplacement.java> 82093a68 82093a6c stw r12,-0x8(r1) (GhidraScript)  
INFO  FindStoresAtDisplacement.java> 82093ab0 82093ab4 stw r12,-0x8(r1) (GhidraScript)  
INFO  FindStoresAtDisplacement.java> 82093b20 82093b24 stw r12,-0x8(r1) (GhidraScript)  
INFO  FindStoresAtDisplacement.java> 82093b90 82093b94 stw r12,-0x8(r1) (GhidraScript)  
INFO  FindStoresAtDisplacement.java> 82093bd8 82093bdc stw r12,-0x8(r1) (GhidraScript)  
INFO  FindStoresAtDisplacement.java> 82093c20 82093c44 stw r8,0x178(r3) (GhidraScript)  
INFO  FindStoresAtDisplacement.java> 82093c20 82093c60 stw r9,0x18(r11) (GhidraScript)  
INFO  FindStoresAtDisplacement.java> 82093c70 82093c74 stw r12,-0x8(r1) (GhidraScript)  
INFO  FindStoresAtDisplacement.java> 82093c70 82093ca0 stw r11,0x18(r31) (GhidraScript)  
INFO  FindStoresAtDisplacement.java> 82093cc8 82093ccc stw r12,-0x8(r1) (GhidraScript)  
INFO  FindStoresAtDisplacement.java> 82093d18 82093d1c stw r12,-0x8(r1) (GhidraScript)  
INFO  FindStoresAtDisplacement.java> 82093d18 82093d58 stw r9,0x2f8(r31) (GhidraScript)  
INFO  FindStoresAtDisplacement.java> 82093d18 82093d68 stw r11,0x2d8(r31) (GhidraScript)  
INFO  FindStoresAtDisplacement.java> 82093e80 82093e84 stw r12,-0x8(r1) (GhidraScript)  
INFO  FindStoresAtDisplacement.java> 82093ed0 82093ef8 stw r8,0x348(r3) (GhidraScript)  
INFO  FindStoresAtDisplacement.java> 82093ed0 82093f38 stw r11,0x378(r3) (GhidraScript)  
INFO  FindStoresAtDisplacement.java> 82093ed0 82093f3c stw r10,0x348(r3) (GhidraScript)  
INFO  FindStoresAtDisplacement.java> 82093f68 82093f6c stw r12,-0x8(r1) (GhidraScript)  
INFO  FindStoresAtDisplacement.java> 82093fb8 82093fbc stw r12,-0x8(r1) (GhidraScript)  
INFO  FindStoresAtDisplacement.java> 82094038 8209403c stw r12,-0x8(r1) (GhidraScript)  
INFO  FindStoresAtDisplacement.java> 820940a0 820940a4 stw r12,-0x8(r1) (GhidraScript)  
INFO  FindStoresAtDisplacement.java> 820940e8 820940ec stw r12,-0x8(r1) (GhidraScript)  
INFO  FindStoresAtDisplacement.java> 82094140 82094144 stw r12,-0x8(r1) (GhidraScript)  
INFO  FindStoresAtDisplacement.java> 820941a8 820941ac stw r12,-0x8(r1) (GhidraScript)  
INFO  FindStoresAtDisplacement.java> 820941f8 820941fc stw r12,-0x8(r1) (GhidraScript)  
INFO  FindStoresAtDisplacement.java> 820942a0 820942a4 stw r12,-0x8(r1) (GhidraScript)  
INFO  FindStoresAtDisplacement.java> 820942e8 820942ec stw r12,-0x8(r1) (GhidraScript)  
INFO  FindStoresAtDisplacement.java> 82094350 82094354 stw r12,-0x8(r1) (GhidraScript)  
INFO  FindStoresAtDisplacement.java> 82094440 820944f0 stw r10,0x858(r3) (GhidraScript)  
INFO  FindStoresAtDisplacement.java> 82094440 82094500 stw r10,0x868(r3) (GhidraScript)  
INFO  FindStoresAtDisplacement.java> 82094518 8209451c stw r12,-0x8(r1) (GhidraScript)  
INFO  FindStoresAtDisplacement.java> 82094560 82094564 stw r12,-0x8(r1) (GhidraScript)  
INFO  FindStoresAtDisplacement.java> 82094560 82094624 stw r11,0x198(r31) (GhidraScript)  
INFO  FindStoresAtDisplacement.java> 82094560 82094638 stw r30,0x1a8(r31) (GhidraScript)  
INFO  FindStoresAtDisplacement.java> 82094be8 82094bec stw r12,-0x8(r1) (GhidraScript)  
INFO  FindStoresAtDisplacement.java> 82094be8 82094c3c stw r10,0x198(r31) (GhidraScript)  
INFO  FindStoresAtDisplacement.java> 82094da8 82094dac stw r12,-0x8(r1) (GhidraScript)  
INFO  FindStoresAtDisplacement.java> 82094df0 82094df4 stw r12,-0x8(r1) (GhidraScript)  
INFO  FindStoresAtDisplacement.java> 82094e50 82094e54 stw r12,-0x8(r1) (GhidraScript)  
INFO  FindStoresAtDisplacement.java> 82094ea0 82094ea4 stw r12,-0x8(r1) (GhidraScript)  
INFO  FindStoresAtDisplacement.java> 82094f10 82094f14 stw r12,-0x8(r1) (GhidraScript)  
INFO  FindStoresAtDisplacement.java> 82094f98 82094f9c stw r12,-0x8(r1) (GhidraScript)  
INFO  FindStoresAtDisplacement.java> 82094ff8 82094ffc stw r12,-0x8(r1) (GhidraScript)  
INFO  FindStoresAtDisplacement.java> 82095058 8209505c stw r12,-0x8(r1) (GhidraScript)  
INFO  FindStoresAtDisplacement.java> 820950b8 820950bc stw r12,-0x8(r1) (GhidraScript)  
INFO  FindStoresAtDisplacement.java> 82095118 8209511c stw r12,-0x8(r1) (GhidraScript)  
INFO  FindStoresAtDisplacement.java> 82095160 82095164 stw r12,-0x8(r1) (GhidraScript)  
INFO  FindStoresAtDisplacement.java> 820951c8 820951cc stw r12,-0x8(r1) (GhidraScript)  
INFO  FindStoresAtDisplacement.java> 82095210 82095214 stw r12,-0x8(r1) (GhidraScript)  
INFO  FindStoresAtDisplacement.java> 82095288 8209528c stw r12,-0x8(r1) (GhidraScript)  
INFO  FindStoresAtDisplacement.java> 82095468 8209546c stw r12,-0x8(r1) (GhidraScript)  
INFO  FindStoresAtDisplacement.java> 82095550 82095554 stw r12,-0x8(r1) (GhidraScript)  
INFO  FindStoresAtDisplacement.java> 820955a0 820955a4 stw r12,-0x8(r1) (GhidraScript)  
INFO  FindStoresAtDisplacement.java> 820955a0 820955e8 stw r11,0x8(r31) (GhidraScript)  
INFO  FindStoresAtDisplacement.java> 820955a0 82095678 stw r11,0xc28(r31) (GhidraScript)  
INFO  FindStoresAtDisplacement.java> 820955a0 82095698 stw r9,0xc38(r31) (GhidraScript)  
INFO  FindStoresAtDisplacement.java> 820955a0 820956a8 stw r9,0xc88(r31) (GhidraScript)  
INFO  FindStoresAtDisplacement.java> 820955a0 820956ac stb r11,0xc48(r31) (GhidraScript)  
INFO  FindStoresAtDisplacement.java> 820955a0 820956c0 stw r11,0xc78(r31) (GhidraScript)  
INFO  FindStoresAtDisplacement.java> 820955a0 820956cc stb r11,0xc98(r31) (GhidraScript)  
INFO  FindStoresAtDisplacement.java> 820955a0 82095704 stw r11,0x8(r10) (GhidraScript)  
INFO  FindStoresAtDisplacement.java> 82095818 8209581c stw r12,-0x8(r1) (GhidraScript)  
INFO  FindStoresAtDisplacement.java> 82095860 82095864 stw r12,-0x8(r1) (GhidraScript)  
INFO  FindStoresAtDisplacement.java> 820958b0 820958b4 stw r12,-0x8(r1) (GhidraScript)  
INFO  FindStoresAtDisplacement.java> 82095e20 82095e24 stw r12,-0x8(r1) (GhidraScript)  
INFO  FindStoresAtDisplacement.java> 82095e70 82095e74 stw r12,-0x8(r1) (GhidraScript)  
INFO  FindStoresAtDisplacement.java> 82095f08 82095f0c stw r12,-0x8(r1) (GhidraScript)  
INFO  FindStoresAtDisplacement.java> 82095fa8 82095fac stw r12,-0x8(r1) (GhidraScript)  
INFO  FindStoresAtDisplacement.java> 82095fa8 82095fec stw r9,0x348(r31) (GhidraScript)  
INFO  FindStoresAtDisplacement.java> 820964b0 820964b4 stw r12,-0x8(r1) (GhidraScript)  
INFO  FindStoresAtDisplacement.java> 820964b0 820964f8 stw r11,0x388(r31) (GhidraScript)  
INFO  FindStoresAtDisplacement.java> 82096548 8209654c stw r12,-0x8(r1) (GhidraScript)  
INFO  FindStoresAtDisplacement.java> 820965f0 820965f4 stw r12,-0x8(r1) (GhidraScript)  
INFO  FindStoresAtDisplacement.java> 82096650 82096654 stw r12,-0x8(r1) (GhidraScript)  
INFO  FindStoresAtDisplacement.java> 82096740 82096744 stw r12,-0x8(r1) (GhidraScript)  
INFO  FindStoresAtDisplacement.java> 82096848 8209684c stw r12,-0x8(r1) (GhidraScript)  
INFO  FindStoresAtDisplacement.java> 820968e8 820968ec stw r12,-0x8(r1) (GhidraScript)  
INFO  FindStoresAtDisplacement.java> 82096970 82096974 stw r12,-0x8(r1) (GhidraScript)  
INFO  FindStoresAtDisplacement.java> 820969f8 820969fc stw r12,-0x8(r1) (GhidraScript)  
INFO  FindStoresAtDisplacement.java> 82096b10 82096b14 stw r12,-0x8(r1) (GhidraScript)  
INFO  FindStoresAtDisplacement.java> 82096b48 82096b4c stw r12,-0x8(r1) (GhidraScript)  
INFO  FindStoresAtDisplacement.java> 82096bb8 82096bbc stw r12,-0x8(r1) (GhidraScript)  
INFO  FindStoresAtDisplacement.java> 82096c28 82096c2c stw r12,-0x8(r1) (GhidraScript)  
INFO  FindStoresAtDisplacement.java> 82097210 82097214 stw r12,-0x8(r1) (GhidraScript)  
INFO  FindStoresAtDisplacement.java> 82097258 8209725c stw r12,-0x8(r1) (GhidraScript)  
INFO  FindStoresAtDisplacement.java> 820972a0 820972a4 stw r12,-0x8(r1) (GhidraScript)  
INFO  FindStoresAtDisplacement.java> 820972e8 820972ec stw r12,-0x8(r1) (GhidraScript)  
INFO  FindStoresAtDisplacement.java> 82097338 8209733c stw r12,-0x8(r1) (GhidraScript)  
INFO  FindStoresAtDisplacement.java> 8209b128 8209b12c stw r12,-0x8(r1) (GhidraScript)  
INFO  FindStoresAtDisplacement.java> 8209b1e8 8209b1ec stw r12,-0x8(r1) (GhidraScript)  
INFO  FindStoresAtDisplacement.java> 8209b1e8 8209b258 stw r10,0x8(r11) (GhidraScript)  
INFO  FindStoresAtDisplacement.java> 8209b1e8 8209b268 stw r10,0x18(r11) (GhidraScript)  
INFO  FindStoresAtDisplacement.java> 8209b1e8 8209b278 stw r10,0x28(r11) (GhidraScript)  
INFO  FindStoresAtDisplacement.java> 8209b1e8 8209b288 stw r10,0x38(r11) (GhidraScript)  
INFO  FindStoresAtDisplacement.java> 8209b1e8 8209b298 stw r10,0x48(r11) (GhidraScript)  
INFO  FindStoresAtDisplacement.java> 8209b1e8 8209b2a4 stw r10,0x58(r11) (GhidraScript)  
INFO  FindStoresAtDisplacement.java> 8209b2c0 8209b2c4 stw r12,-0x8(r1) (GhidraScript)  
INFO  FindStoresAtDisplacement.java> 8209b2c0 8209b374 stw r31,-0x898(r8) (GhidraScript)  
INFO  FindStoresAtDisplacement.java> 8209b2c0 8209b37c stw r10,0x1898(r7) (GhidraScript)  
INFO  FindStoresAtDisplacement.java> 8209bab0 8209bab4 stw r12,-0x8(r1) (GhidraScript)  
INFO  FindStoresAtDisplacement.java> 8209c8d8 8209c8dc stw r12,-0x8(r1) (GhidraScript)  
INFO  FindStoresAtDisplacement.java> 8209c968 8209c96c stw r12,-0x8(r1) (GhidraScript)  
INFO  FindStoresAtDisplacement.java> 8209c9a8 8209c9ac stw r12,-0x8(r1) (GhidraScript)  
INFO  FindStoresAtDisplacement.java> 8209ca18 8209ca1c stw r12,-0x8(r1) (GhidraScript)  
INFO  FindStoresAtDisplacement.java> 8209cd80 8209cd84 stw r12,-0x8(r1) (GhidraScript)  
INFO  FindStoresAtDisplacement.java> 820a0fd8 820a0fdc stw r12,-0x8(r1) (GhidraScript)  
INFO  FindStoresAtDisplacement.java> 820a14a0 820a14a4 stw r12,-0x8(r1) (GhidraScript)  
INFO  FindStoresAtDisplacement.java> 820a1cb8 820a1cbc stw r12,-0x8(r1) (GhidraScript)  
INFO  FindStoresAtDisplacement.java> 820a2090 820a2094 stw r12,-0x8(r1) (GhidraScript)  
INFO  FindStoresAtDisplacement.java> 820a20d8 820a20dc stw r12,-0x8(r1) (GhidraScript)  
INFO  FindStoresAtDisplacement.java> 820a2150 820a2154 stw r12,-0x8(r1) (GhidraScript)  
INFO  FindStoresAtDisplacement.java> 820a3438 820a343c stw r12,-0x8(r1) (GhidraScript)  
INFO  FindStoresAtDisplacement.java> 820a3480 820a3484 stw r12,-0x8(r1) (GhidraScript)  
INFO  FindStoresAtDisplacement.java> 820a34f0 820a34f4 stw r12,-0x8(r1) (GhidraScript)  
INFO  FindStoresAtDisplacement.java> 820a3550 820a3554 stw r12,-0x8(r1) (GhidraScript)  
INFO  FindStoresAtDisplacement.java> 820a3598 820a359c stw r12,-0x8(r1) (GhidraScript)  
INFO  FindStoresAtDisplacement.java> 820a35e0 820a35e4 stw r12,-0x8(r1) (GhidraScript)  
INFO  FindStoresAtDisplacement.java> 820a3640 820a3644 stw r12,-0x8(r1) (GhidraScript)  
INFO  FindStoresAtDisplacement.java> 820a36c0 820a36c4 stw r12,-0x8(r1) (GhidraScript)  
INFO  FindStoresAtDisplacement.java> 820a3728 820a372c stw r12,-0x8(r1) (GhidraScript)  
INFO  FindStoresAtDisplacement.java> 820a3798 820a379c stw r12,-0x8(r1) (GhidraScript)  
INFO  FindStoresAtDisplacement.java> 820a38c0 820a38c4 stw r12,-0x8(r1) (GhidraScript)  
INFO  FindStoresAtDisplacement.java> 820a3b20 820a3b24 stw r12,-0x8(r1) (GhidraScript)  
INFO  FindStoresAtDisplacement.java> 820a3b70 820a3b74 stw r12,-0x8(r1) (GhidraScript)  
INFO  FindStoresAtDisplacement.java> 820a3ca0 820a3ca4 stw r12,-0x8(r1) (GhidraScript)  
INFO  FindStoresAtDisplacement.java> 820a3d10 820a3d14 stw r12,-0x8(r1) (GhidraScript)  
INFO  FindStoresAtDisplacement.java> 820a3dd0 820a3dd4 stw r12,-0x8(r1) (GhidraScript)  
INFO  FindStoresAtDisplacement.java> 820a3ec0 820a3ec4 stw r12,-0x8(r1) (GhidraScript)  
INFO  FindStoresAtDisplacement.java> 820a4878 820a487c stw r12,-0x8(r1) (GhidraScript)  
INFO  FindStoresAtDisplacement.java> 820a4908 820a490c stw r12,-0x8(r1) (GhidraScript)  
INFO  FindStoresAtDisplacement.java> 820a4da0 820a4da4 stw r12,-0x8(r1) (GhidraScript)  
INFO  FindStoresAtDisplacement.java> 820a4e08 820a4e0c stw r12,-0x8(r1) (GhidraScript)  
INFO  FindStoresAtDisplacement.java> 820a6328 820a632c stw r12,-0x8(r1) (GhidraScript)  
INFO  FindStoresAtDisplacement.java> 820a6588 820a658c stw r12,-0x8(r1) (GhidraScript)  
INFO  FindStoresAtDisplacement.java> 820a6588 820a663c stw r11,0x98(r1) (GhidraScript)  
INFO  FindStoresAtDisplacement.java> 820a66c0 820a66c4 stw r12,-0x8(r1) (GhidraScript)  
INFO  FindStoresAtDisplacement.java> 820a6720 820a6724 stw r12,-0x8(r1) (GhidraScript)  
INFO  FindStoresAtDisplacement.java> 820a6880 820a6884 stw r12,-0x8(r1) (GhidraScript)  
INFO  FindStoresAtDisplacement.java> 820a6940 820a6944 stw r12,-0x8(r1) (GhidraScript)  
INFO  FindStoresAtDisplacement.java> 820a6a00 820a6a04 stw r12,-0x8(r1) (GhidraScript)  
INFO  FindStoresAtDisplacement.java> 820a6ef8 820a6efc stw r12,-0x8(r1) (GhidraScript)  
INFO  FindStoresAtDisplacement.java> 820a6ef8 820a6f40 stw r11,0x8(r31) (GhidraScript)  
INFO  FindStoresAtDisplacement.java> 820a6f68 820a6f6c stw r12,-0x8(r1) (GhidraScript)  
INFO  FindStoresAtDisplacement.java> 820a6f68 820a6f94 stw r3,0x8(r31) (GhidraScript)  
INFO  FindStoresAtDisplacement.java> 820a6fb8 820a6fbc stw r12,-0x8(r1) (GhidraScript)  
INFO  FindStoresAtDisplacement.java> 820a7eb0 820a7eb4 stw r12,-0x8(r1) (GhidraScript)  
INFO  FindStoresAtDisplacement.java> 820a85e0 820a85e4 stw r12,-0x8(r1) (GhidraScript)  
INFO  FindStoresAtDisplacement.java> 820a9858 820a985c stw r12,-0x8(r1) (GhidraScript)  
INFO  FindStoresAtDisplacement.java> 820a99f8 820a99fc stw r12,-0x8(r1) (GhidraScript)  
INFO  FindStoresAtDisplacement.java> 820a9b30 820a9b34 stw r12,-0x8(r1) (GhidraScript)  
INFO  FindStoresAtDisplacement.java> 820a9c68 820a9c6c stw r12,-0x8(r1) (GhidraScript)  
INFO  FindStoresAtDisplacement.java> 820a9d18 820a9d1c stw r12,-0x8(r1) (GhidraScript)  
INFO  FindStoresAtDisplacement.java> 820a9d80 820a9d84 stw r12,-0x8(r1) (GhidraScript)  
INFO  FindStoresAtDisplacement.java> 820a9d80 820a9df4 stw r11,0x8(r31) (GhidraScript)  
INFO  FindStoresAtDisplacement.java> 820aa028 820aa02c stw r12,-0x8(r1) (GhidraScript)  
INFO  FindStoresAtDisplacement.java> 820aa618 820aa61c stw r12,-0x8(r1) (GhidraScript)  
INFO  FindStoresAtDisplacement.java> 820aa660 820aa664 stw r12,-0x8(r1) (GhidraScript)  
INFO  FindStoresAtDisplacement.java> 820aa660 820aa6b4 stb r9,0x18(r3) (GhidraScript)  
INFO  FindStoresAtDisplacement.java> 820aa6c8 820aa6cc stw r12,-0x8(r1) (GhidraScript)  
INFO  FindStoresAtDisplacement.java> 820aa730 820aa734 stw r12,-0x8(r1) (GhidraScript)  
INFO  FindStoresAtDisplacement.java> 820aa7e8 820aa7ec stw r12,-0x8(r1) (GhidraScript)  
INFO  FindStoresAtDisplacement.java> 820aa8a8 820aa8ac stw r12,-0x8(r1) (GhidraScript)  
INFO  FindStoresAtDisplacement.java> 820aa930 820aa934 stw r12,-0x8(r1) (GhidraScript)  
INFO  FindStoresAtDisplacement.java> 820aa930 820aa9b0 stw r3,0x73a8(r11) (GhidraScript)  
INFO  FindStoresAtDisplacement.java> 820aa9d0 820aa9d4 stw r12,-0x8(r1) (GhidraScript)  
INFO  FindStoresAtDisplacement.java> 820aa9d0 820aa9f4 stw r11,0x7318(r10) (GhidraScript)  
INFO  FindStoresAtDisplacement.java> 820aa9d0 820aaa6c stw r30,0x58(r1) (GhidraScript)  
INFO  FindStoresAtDisplacement.java> 820aac58 820aac5c stw r12,-0x8(r1) (GhidraScript)  
INFO  FindStoresAtDisplacement.java> 820aac58 820aacf8 stw r6,0x8(r11) (GhidraScript)  
INFO  FindStoresAtDisplacement.java> 820aac58 820aad2c stw r11,0x7318(r10) (GhidraScript)  
INFO  FindStoresAtDisplacement.java> 820aae48 820aae4c stw r12,-0x8(r1) (GhidraScript)  
INFO  FindStoresAtDisplacement.java> 820aaee8 820aaeec stw r12,-0x8(r1) (GhidraScript)  
INFO  FindStoresAtDisplacement.java> 820ab0c0 820ab0c4 stw r12,-0x8(r1) (GhidraScript)  
INFO  FindStoresAtDisplacement.java> 820abcf0 820abcf4 stw r12,-0x8(r1) (GhidraScript)  
INFO  FindStoresAtDisplacement.java> 820ac0f8 820ac0fc stw r12,-0x8(r1) (GhidraScript)  
INFO  FindStoresAtDisplacement.java> 820ad9c8 820ad9cc stw r12,-0x8(r1) (GhidraScript)  
INFO  FindStoresAtDisplacement.java> 820ada10 820ada14 stw r12,-0x8(r1) (GhidraScript)  
INFO  FindStoresAtDisplacement.java> 820ada58 820ada5c stw r12,-0x8(r1) (GhidraScript)  
INFO  FindStoresAtDisplacement.java> 820adc60 820adcd4 stw r9,0xb8(r3) (GhidraScript)  
INFO  FindStoresAtDisplacement.java> 820add20 820add24 stw r12,-0x8(r1) (GhidraScript)  
INFO  FindStoresAtDisplacement.java> 820add70 820add74 stw r12,-0x8(r1) (GhidraScript)  
INFO  FindStoresAtDisplacement.java> 820addb8 820addbc stw r12,-0x8(r1) (GhidraScript)  
INFO  FindStoresAtDisplacement.java> 820ae0e8 820ae0ec stw r12,-0x8(r1) (GhidraScript)  
INFO  FindStoresAtDisplacement.java> 820ae268 820ae26c stw r12,-0x8(r1) (GhidraScript)  
INFO  FindStoresAtDisplacement.java> 820ae268 820ae29c stb r11,0x58(r1) (GhidraScript)  
INFO  FindStoresAtDisplacement.java> 820ae268 820ae2e0 sth r10,0x68(r1) (GhidraScript)  
INFO  FindStoresAtDisplacement.java> 820ae7a8 820ae7ac stw r12,-0x8(r1) (GhidraScript)  
INFO  FindStoresAtDisplacement.java> 820aebc8 820aebcc stw r12,-0x8(r1) (GhidraScript)  
INFO  FindStoresAtDisplacement.java> 820aebc8 820aec14 stb r31,0x68(r1) (GhidraScript)  
INFO  FindStoresAtDisplacement.java> 820aebc8 820aec38 sth r11,0x78(r1) (GhidraScript)  
INFO  FindStoresAtDisplacement.java> 820aece8 820aecec stw r12,-0x8(r1) (GhidraScript)  
INFO  FindStoresAtDisplacement.java> 820aedc8 820aedcc stw r12,-0x8(r1) (GhidraScript)  
INFO  FindStoresAtDisplacement.java> 820aeef0 820aeef4 stw r12,-0x8(r1) (GhidraScript)  
INFO  FindStoresAtDisplacement.java> 820af228 820af22c stw r12,-0x8(r1) (GhidraScript)  
INFO  FindStoresAtDisplacement.java> 820af408 820af40c stw r12,-0x8(r1) (GhidraScript)  
INFO  FindStoresAtDisplacement.java> 820af4f0 820af4f4 stw r12,-0x8(r1) (GhidraScript)  
INFO  FindStoresAtDisplacement.java> 820af548 820af54c stw r12,-0x8(r1) (GhidraScript)  
INFO  FindStoresAtDisplacement.java> 820af548 820af5b0 stw r11,0x58(r1) (GhidraScript)  
INFO  FindStoresAtDisplacement.java> 820af5d8 820af5dc stw r12,-0x8(r1) (GhidraScript)  
INFO  FindStoresAtDisplacement.java> 820af5d8 820af640 stw r11,0x58(r1) (GhidraScript)  
INFO  FindStoresAtDisplacement.java> 820afa28 820afa2c stw r12,-0x8(r1) (GhidraScript)  
INFO  FindStoresAtDisplacement.java> 820b0a58 820b0a5c stw r12,-0x8(r1) (GhidraScript)  
INFO  FindStoresAtDisplacement.java> 820b0ab8 820b0abc stw r12,-0x8(r1) (GhidraScript)  
INFO  FindStoresAtDisplacement.java> 820b0b10 820b0b14 stw r12,-0x8(r1) (GhidraScript)  
INFO  FindStoresAtDisplacement.java> 820b0b70 820b0b74 stw r12,-0x8(r1) (GhidraScript)  
INFO  FindStoresAtDisplacement.java> 820b0bd0 820b0bd4 stw r12,-0x8(r1) (GhidraScript)  
INFO  FindStoresAtDisplacement.java> 820b0c18 820b0c1c stw r12,-0x8(r1) (GhidraScript)  
INFO  FindStoresAtDisplacement.java> 820b0c60 820b0c64 stw r12,-0x8(r1) (GhidraScript)  
INFO  FindStoresAtDisplacement.java> 820b0ca8 820b0cac stw r12,-0x8(r1) (GhidraScript)  
INFO  FindStoresAtDisplacement.java> 820b0d00 820b0d04 stw r12,-0x8(r1) (GhidraScript)  
INFO  FindStoresAtDisplacement.java> 820b0d98 820b0d9c stw r12,-0x8(r1) (GhidraScript)  
INFO  FindStoresAtDisplacement.java> 820b0de0 820b0de4 stw r12,-0x8(r1) (GhidraScript)  
INFO  FindStoresAtDisplacement.java> 820b0e38 820b0e3c stw r12,-0x8(r1) (GhidraScript)  
INFO  FindStoresAtDisplacement.java> 820b1108 820b110c stw r12,-0x8(r1) (GhidraScript)  
INFO  FindStoresAtDisplacement.java> 820b1150 820b1154 stw r12,-0x8(r1) (GhidraScript)  
INFO  FindStoresAtDisplacement.java> 820b1598 820b159c stw r12,-0x8(r1) (GhidraScript)  
INFO  FindStoresAtDisplacement.java> 820b1610 820b1614 stw r12,-0x8(r1) (GhidraScript)  
INFO  FindStoresAtDisplacement.java> 820b1d70 820b1d74 stw r12,-0x8(r1) (GhidraScript)  
INFO  FindStoresAtDisplacement.java> 820b1f38 820b1f3c stw r12,-0x8(r1) (GhidraScript)  
INFO  FindStoresAtDisplacement.java> 820b25c8 820b25cc stw r12,-0x8(r1) (GhidraScript)  
INFO  FindStoresAtDisplacement.java> 820b2628 820b262c stw r12,-0x8(r1) (GhidraScript)  
INFO  FindStoresAtDisplacement.java> 820b2690 820b2694 stw r12,-0x8(r1) (GhidraScript)  
INFO  FindStoresAtDisplacement.java> 820b3200 820b3204 stw r12,-0x8(r1) (GhidraScript)  
INFO  FindStoresAtDisplacement.java> 820b3f70 820b3f74 stw r12,-0x8(r1) (GhidraScript)  
INFO  FindStoresAtDisplacement.java> 820b3fa0 820b3fa4 stw r12,-0x8(r1) (GhidraScript)  
INFO  FindStoresAtDisplacement.java> 820b3fe8 820b3fec stw r12,-0x8(r1) (GhidraScript)  
INFO  FindStoresAtDisplacement.java> 820b4470 820b4474 stw r12,-0x8(r1) (GhidraScript)  
INFO  FindStoresAtDisplacement.java> 820b44b8 820b44bc stw r12,-0x8(r1) (GhidraScript)  
INFO  FindStoresAtDisplacement.java> 820b4518 820b451c stw r12,-0x8(r1) (GhidraScript)  
INFO  FindStoresAtDisplacement.java> 820b4588 820b458c stw r12,-0x8(r1) (GhidraScript)  
INFO  FindStoresAtDisplacement.java> 820b45e0 820b45e4 stw r12,-0x8(r1) (GhidraScript)  
INFO  FindStoresAtDisplacement.java> 820b4628 820b462c stw r12,-0x8(r1) (GhidraScript)  
INFO  FindStoresAtDisplacement.java> 820b4670 820b4674 stw r12,-0x8(r1) (GhidraScript)  
INFO  FindStoresAtDisplacement.java> 820b46c8 820b46cc stw r12,-0x8(r1) (GhidraScript)  
INFO  FindStoresAtDisplacement.java> 820b4710 820b4714 stw r12,-0x8(r1) (GhidraScript)  
INFO  FindStoresAtDisplacement.java> 820b4760 820b4764 stw r12,-0x8(r1) (GhidraScript)  
INFO  FindStoresAtDisplacement.java> 820b4a78 820b4a7c stw r12,-0x8(r1) (GhidraScript)  
INFO  FindStoresAtDisplacement.java> 820b5f28 820b5f2c stw r12,-0x8(r1) (GhidraScript)  
INFO  FindStoresAtDisplacement.java> 820b6d58 820b6d5c stw r12,-0x8(r1) (GhidraScript)  
INFO  FindStoresAtDisplacement.java> 820b7008 820b700c stw r12,-0x8(r1) (GhidraScript)  
INFO  FindStoresAtDisplacement.java> 820b7408 820b740c stw r12,-0x8(r1) (GhidraScript)  
INFO  FindStoresAtDisplacement.java> 820b7780 820b7808 stw r10,0x8(r11) (GhidraScript)  
INFO  FindStoresAtDisplacement.java> 820b7b38 820b7b3c stw r12,-0x8(r1) (GhidraScript)  
INFO  FindStoresAtDisplacement.java> 820b8b90 820b8b94 stw r12,-0x8(r1) (GhidraScript)  
INFO  FindStoresAtDisplacement.java> 820b8c18 820b8c1c stw r12,-0x8(r1) (GhidraScript)  
INFO  FindStoresAtDisplacement.java> 820b9300 820b9304 stw r12,-0x8(r1) (GhidraScript)  
INFO  FindStoresAtDisplacement.java> 820b9b58 820b9b5c stw r12,-0x8(r1) (GhidraScript)  
INFO  FindStoresAtDisplacement.java> 820bb030 820bb034 stw r12,-0x8(r1) (GhidraScript)  
INFO  FindStoresAtDisplacement.java> 820bb218 820bb21c stw r12,-0x8(r1) (GhidraScript)  
INFO  FindStoresAtDisplacement.java> 820bbcc8 820bbccc stw r12,-0x8(r1) (GhidraScript)  
INFO  FindStoresAtDisplacement.java> 820bc0c8 820bc0cc stw r12,-0x8(r1) (GhidraScript)  
INFO  FindStoresAtDisplacement.java> 820bc4e0 820bc4e4 stw r12,-0x8(r1) (GhidraScript)  
INFO  FindStoresAtDisplacement.java> 820bc760 820bc764 stw r12,-0x8(r1) (GhidraScript)  
INFO  FindStoresAtDisplacement.java> 820bd2f0 820bd2f4 stw r12,-0x8(r1) (GhidraScript)  
INFO  FindStoresAtDisplacement.java> 820be0c0 820be0c4 stw r12,-0x8(r1) (GhidraScript)  
INFO  FindStoresAtDisplacement.java> 820be3b0 820be3b4 stw r12,-0x8(r1) (GhidraScript)  
INFO  FindStoresAtDisplacement.java> 820be3b0 820be454 stw r11,0xa8(r30) (GhidraScript)  
INFO  FindStoresAtDisplacement.java> 820be4d0 820be4d4 stw r12,-0x8(r1) (GhidraScript)  
INFO  FindStoresAtDisplacement.java> 820bef28 820bef2c stw r12,-0x8(r1) (GhidraScript)  
INFO  FindStoresAtDisplacement.java> 820bf000 820bf004 stw r12,-0x8(r1) (GhidraScript)  
INFO  FindStoresAtDisplacement.java> 820bf050 820bf07c stw r9,0x18(r11) (GhidraScript)  
INFO  FindStoresAtDisplacement.java> 820bf050 820bf150 stb r8,0x88(r11) (GhidraScript)  
INFO  FindStoresAtDisplacement.java> 820bf158 820bf15c stw r12,-0x8(r1) (GhidraScript)  
INFO  FindStoresAtDisplacement.java> 820c00a8 820c00ac stw r12,-0x8(r1) (GhidraScript)  
INFO  FindStoresAtDisplacement.java> 820c0540 820c0570 stw r9,0x28(r11) (GhidraScript)  
INFO  FindStoresAtDisplacement.java> 820c0540 820c061c stb r8,0x88(r11) (GhidraScript)  
INFO  FindStoresAtDisplacement.java> 820c0628 820c062c stw r12,-0x8(r1) (GhidraScript)  
INFO  FindStoresAtDisplacement.java> 820c1b68 820c1b98 stw r9,0x58(r11) (GhidraScript)  
INFO  FindStoresAtDisplacement.java> 820c1b68 820c1c44 stb r8,0x88(r11) (GhidraScript)  
INFO  FindStoresAtDisplacement.java> 820c1c50 820c1c54 stw r12,-0x8(r1) (GhidraScript)  
INFO  FindStoresAtDisplacement.java> 820c1ee8 820c1eec stw r12,-0x8(r1) (GhidraScript)  
INFO  FindStoresAtDisplacement.java> 820c2bf0 820c2bf4 stw r12,-0x8(r1) (GhidraScript)  
INFO  FindStoresAtDisplacement.java> 820c2bf0 820c2c40 stw r10,0xa8(r31) (GhidraScript)  
INFO  FindStoresAtDisplacement.java> 820c2bf0 820c2c4c stw r11,0xa8(r31) (GhidraScript)  
INFO  FindStoresAtDisplacement.java> 820c2cc8 820c2ccc stw r12,-0x8(r1) (GhidraScript)  
INFO  FindStoresAtDisplacement.java> 820c3018 820c301c stw r12,-0x8(r1) (GhidraScript)  
INFO  FindStoresAtDisplacement.java> 820c3940 820c3944 stw r12,-0x8(r1) (GhidraScript)  
INFO  FindStoresAtDisplacement.java> 820c3ba0 820c3ba4 stw r12,-0x8(r1) (GhidraScript)  
INFO  FindStoresAtDisplacement.java> 820c3ba0 820c3c54 stw r11,0x58(r30) (GhidraScript)  
INFO  FindStoresAtDisplacement.java> 820c3ba0 820c3d00 stw r11,0xa8(r30) (GhidraScript)  
INFO  FindStoresAtDisplacement.java> 820c3ba0 820c3d28 stw r11,0x58(r30) (GhidraScript)  
INFO  FindStoresAtDisplacement.java> 820c4388 820c438c stw r12,-0x8(r1) (GhidraScript)  
INFO  FindStoresAtDisplacement.java> 820c5078 820c507c stw r12,-0x8(r1) (GhidraScript)  
INFO  FindStoresAtDisplacement.java> 820c5160 820c5164 stw r12,-0x8(r1) (GhidraScript)  
INFO  FindStoresAtDisplacement.java> 820c53b0 820c53b4 stw r12,-0x8(r1) (GhidraScript)  
INFO  FindStoresAtDisplacement.java> 820c5460 820c5498 stw r9,0x38(r11) (GhidraScript)  
INFO  FindStoresAtDisplacement.java> 820c5460 820c54c8 stw r9,0x98(r11) (GhidraScript)  
INFO  FindStoresAtDisplacement.java> 820c5460 820c5538 stb r9,0x88(r11) (GhidraScript)  
INFO  FindStoresAtDisplacement.java> 820c5540 820c5544 stw r12,-0x8(r1) (GhidraScript)  
INFO  FindStoresAtDisplacement.java> 820c5590 820c5594 stw r12,-0x8(r1) (GhidraScript)  
INFO  FindStoresAtDisplacement.java> 820c5738 820c573c stw r12,-0x8(r1) (GhidraScript)  
INFO  FindStoresAtDisplacement.java> 820c5ce8 820c5cec stw r12,-0x8(r1) (GhidraScript)  
INFO  FindStoresAtDisplacement.java> 820c5e20 820c5e24 stw r12,-0x8(r1) (GhidraScript)  
INFO  FindStoresAtDisplacement.java> 820c62d8 820c62dc stw r12,-0x8(r1) (GhidraScript)  
INFO  FindStoresAtDisplacement.java> 820c6860 820c6864 stw r12,-0x8(r1) (GhidraScript)  
INFO  FindStoresAtDisplacement.java> 820c6fe0 820c6fe4 stw r12,-0x8(r1) (GhidraScript)  
INFO  FindStoresAtDisplacement.java> 820c7a50 820c7a54 stw r12,-0x8(r1) (GhidraScript)  
INFO  FindStoresAtDisplacement.java> 820c85d8 820c85dc stw r12,-0x8(r1) (GhidraScript)  
INFO  FindStoresAtDisplacement.java> 820c87a8 820c87ac stw r12,-0x8(r1) (GhidraScript)  
INFO  FindStoresAtDisplacement.java> 820c8878 820c88b0 stw r8,0x78(r11) (GhidraScript)  
INFO  FindStoresAtDisplacement.java> 820c8878 820c8a10 stb r8,0x88(r11) (GhidraScript)  
INFO  FindStoresAtDisplacement.java> 820c8a18 820c8a1c stw r12,-0x8(r1) (GhidraScript)  
INFO  FindStoresAtDisplacement.java> 820c8d30 820c8d34 stw r12,-0x8(r1) (GhidraScript)  
INFO  FindStoresAtDisplacement.java> 820c8d30 820c8dcc stw r11,0x78(r30) (GhidraScript)  
INFO  FindStoresAtDisplacement.java> 820c8e58 820c8e5c stw r12,-0x8(r1) (GhidraScript)  
INFO  FindStoresAtDisplacement.java> 820c9388 820c938c stw r12,-0x8(r1) (GhidraScript)  
INFO  FindStoresAtDisplacement.java> 820c93e0 820c9410 stw r10,0x48(r11) (GhidraScript)  
INFO  FindStoresAtDisplacement.java> 820c93e0 820c957c stb r10,0x88(r11) (GhidraScript)  
INFO  FindStoresAtDisplacement.java> 820c9588 820c958c stw r12,-0x8(r1) (GhidraScript)  
INFO  FindStoresAtDisplacement.java> 820c9a28 820c9a2c stw r12,-0x8(r1) (GhidraScript)  
INFO  FindStoresAtDisplacement.java> 820c9ef0 820c9f20 stw r9,0x78(r11) (GhidraScript)  
INFO  FindStoresAtDisplacement.java> 820c9ef0 820ca15c stb r8,0x88(r11) (GhidraScript)  
INFO  FindStoresAtDisplacement.java> 820ca168 820ca16c stw r12,-0x8(r1) (GhidraScript)  
INFO  FindStoresAtDisplacement.java> 820ca1c8 820ca1cc stw r12,-0x8(r1) (GhidraScript)  
INFO  FindStoresAtDisplacement.java> 820ca7f8 820ca7fc stw r12,-0x8(r1) (GhidraScript)  
INFO  FindStoresAtDisplacement.java> 820ca9d8 820ca9dc stw r12,-0x8(r1) (GhidraScript)  
INFO  FindStoresAtDisplacement.java> 820caa08 820caa0c stw r12,-0x8(r1) (GhidraScript)  
INFO  FindStoresAtDisplacement.java> 820caa98 820caa9c stw r12,-0x8(r1) (GhidraScript)  
INFO  FindStoresAtDisplacement.java> 820caae0 820caae4 stw r12,-0x8(r1) (GhidraScript)  
INFO  FindStoresAtDisplacement.java> 820cc7a0 820cc7a4 stw r12,-0x8(r1) (GhidraScript)  
INFO  FindStoresAtDisplacement.java> 820cd480 820cd484 stw r12,-0x8(r1) (GhidraScript)  
INFO  FindStoresAtDisplacement.java> 820cd480 820cd4ac stb r11,0x58(r1) (GhidraScript)  
INFO  FindStoresAtDisplacement.java> 820cd480 820cd50c sth r9,0x68(r1) (GhidraScript)  
INFO  FindStoresAtDisplacement.java> 820cd480 820cd514 stw r10,0x78(r1) (GhidraScript)  
INFO  FindStoresAtDisplacement.java> 820cda60 820cda64 stw r12,-0x8(r1) (GhidraScript)  
INFO  FindStoresAtDisplacement.java> 820cda60 820cdab8 stb r11,0x58(r1) (GhidraScript)  
INFO  FindStoresAtDisplacement.java> 820cda60 820cdabc sth r10,0x68(r1) (GhidraScript)  
INFO  FindStoresAtDisplacement.java> 820cda60 820cdaf0 stw r3,-0x7cb8(r31) (GhidraScript)  
INFO  FindStoresAtDisplacement.java> 820ce028 820ce02c stw r12,-0x8(r1) (GhidraScript)  
INFO  FindStoresAtDisplacement.java> 820ce028 820ce054 stb r11,0x58(r1) (GhidraScript)  
INFO  FindStoresAtDisplacement.java> 820ce028 820ce0a8 sth r10,0x68(r1) (GhidraScript)  
INFO  FindStoresAtDisplacement.java> 820ce0d0 820ce0d4 stw r12,-0x8(r1) (GhidraScript)  
INFO  FindStoresAtDisplacement.java> 820ce0d0 820ce48c stw r11,0x2938(r31) (GhidraScript)  
INFO  FindStoresAtDisplacement.java> 820ce0d0 820ce4ac stw r11,0x2938(r31) (GhidraScript)  
INFO  FindStoresAtDisplacement.java> 820ce6d0 820ce6d4 stw r12,-0x8(r1) (GhidraScript)  
INFO  FindStoresAtDisplacement.java> 820ce7d8 820ce7dc stw r12,-0x8(r1) (GhidraScript)  
INFO  FindStoresAtDisplacement.java> 820ceb00 820ceb04 stw r12,-0x8(r1) (GhidraScript)  
INFO  FindStoresAtDisplacement.java> 820ceb00 820ceb24 stw r11,0x2938(r3) (GhidraScript)  
INFO  FindStoresAtDisplacement.java> 820ceb50 820ceb54 stw r12,-0x8(r1) (GhidraScript)  
INFO  FindStoresAtDisplacement.java> 820cebb0 820cebb4 stw r12,-0x8(r1) (GhidraScript)  
INFO  FindStoresAtDisplacement.java> 820cec28 820cec2c stw r12,-0x8(r1) (GhidraScript)  
INFO  FindStoresAtDisplacement.java> 820ced20 820ced24 stw r12,-0x8(r1) (GhidraScript)  
INFO  FindStoresAtDisplacement.java> 820ced20 820ced44 stw r11,0x2948(r3) (GhidraScript)  
INFO  FindStoresAtDisplacement.java> 820cf010 820cf014 stw r12,-0x8(r1) (GhidraScript)  
INFO  FindStoresAtDisplacement.java> 820cf010 820cf04c stw r11,0x2948(r3) (GhidraScript)  
INFO  FindStoresAtDisplacement.java> 820cf358 820cf35c stw r12,-0x8(r1) (GhidraScript)  
INFO  FindStoresAtDisplacement.java> 820cf358 820cf394 stw r11,0x2948(r3) (GhidraScript)  
INFO  FindStoresAtDisplacement.java> 820cf3d8 820cf3dc stw r12,-0x8(r1) (GhidraScript)  
INFO  FindStoresAtDisplacement.java> 820cf908 820cf90c stw r12,-0x8(r1) (GhidraScript)  
INFO  FindStoresAtDisplacement.java> 820d12d0 820d12d4 stw r12,-0x8(r1) (GhidraScript)  
INFO  FindStoresAtDisplacement.java> 820d12d0 820d1300 stb r11,0x58(r1) (GhidraScript)  
INFO  FindStoresAtDisplacement.java> 820d12d0 820d1344 sth r10,0x68(r1) (GhidraScript)  
INFO  FindStoresAtDisplacement.java> 820d12d0 820d1364 stb r31,-0x4808(r30) (GhidraScript)  
INFO  FindStoresAtDisplacement.java> 820d1388 820d138c stw r12,-0x8(r1) (GhidraScript)  
INFO  FindStoresAtDisplacement.java> 820d1620 820d1624 stw r12,-0x8(r1) (GhidraScript)  
INFO  FindStoresAtDisplacement.java> 820d1860 820d1864 stw r12,-0x8(r1) (GhidraScript)  
INFO  FindStoresAtDisplacement.java> 820d2018 820d201c stw r12,-0x8(r1) (GhidraScript)  
INFO  FindStoresAtDisplacement.java> 820d2018 820d204c stb r11,0x58(r1) (GhidraScript)  
INFO  FindStoresAtDisplacement.java> 820d2018 820d207c stw r10,0x78(r1) (GhidraScript)  
INFO  FindStoresAtDisplacement.java> 820d2018 820d2090 sth r8,0x68(r1) (GhidraScript)  
INFO  FindStoresAtDisplacement.java> 820d2018 820d20cc stb r11,0x88(r1) (GhidraScript)  
INFO  FindStoresAtDisplacement.java> 820d2018 820d20dc stw r3,-0x7c88(r31) (GhidraScript)  
INFO  FindStoresAtDisplacement.java> 820d2218 820d221c stw r12,-0x8(r1) (GhidraScript)  
INFO  FindStoresAtDisplacement.java> 820d2450 820d2454 stw r12,-0x8(r1) (GhidraScript)  
INFO  FindStoresAtDisplacement.java> 820d28e0 820d28e4 stw r12,-0x8(r1) (GhidraScript)  
INFO  FindStoresAtDisplacement.java> 820d3880 820d3884 stw r12,-0x8(r1) (GhidraScript)  
INFO  FindStoresAtDisplacement.java> 820d3c98 820d3c9c stw r12,-0x8(r1) (GhidraScript)  
INFO  FindStoresAtDisplacement.java> 820d3e90 820d3e94 stw r12,-0x8(r1) (GhidraScript)  
INFO  FindStoresAtDisplacement.java> 820d4370 820d4374 stw r12,-0x8(r1) (GhidraScript)  
INFO  FindStoresAtDisplacement.java> 820d4ee8 820d4eec stw r12,-0x8(r1) (GhidraScript)  
INFO  FindStoresAtDisplacement.java> 820d4ee8 820d5038 stw r11,0x2948(r31) (GhidraScript)  
INFO  FindStoresAtDisplacement.java> 820d4ee8 820d5070 stw r11,0x2948(r31) (GhidraScript)  
INFO  FindStoresAtDisplacement.java> 820d5290 820d5294 stw r12,-0x8(r1) (GhidraScript)  
INFO  FindStoresAtDisplacement.java> 820d5290 820d53f4 stw r11,0x2948(r31) (GhidraScript)  
INFO  FindStoresAtDisplacement.java> 820d5290 820d545c stw r11,0x2948(r31) (GhidraScript)  
INFO  FindStoresAtDisplacement.java> 820d58a0 820d58a4 stw r12,-0x8(r1) (GhidraScript)  
INFO  FindStoresAtDisplacement.java> 820d63c0 820d63c4 stw r12,-0x8(r1) (GhidraScript)  
INFO  FindStoresAtDisplacement.java> 820d6540 820d6544 stw r12,-0x8(r1) (GhidraScript)  
INFO  FindStoresAtDisplacement.java> 820d6720 820d6724 stw r12,-0x8(r1) (GhidraScript)  
INFO  FindStoresAtDisplacement.java> 820d68e0 820d68e4 stw r12,-0x8(r1) (GhidraScript)  
INFO  FindStoresAtDisplacement.java> 820d68e0 820d6918 stb r11,0x1958(r10) (GhidraScript)  
INFO  FindStoresAtDisplacement.java> 820d68e0 820d6944 stw r10,0x8(r11) (GhidraScript)  
INFO  FindStoresAtDisplacement.java> 820d6bc0 820d6bc4 stw r12,-0x8(r1) (GhidraScript)  
INFO  FindStoresAtDisplacement.java> 820d6bc0 820d6bec stb r11,0x58(r1) (GhidraScript)  
INFO  FindStoresAtDisplacement.java> 820d6bc0 820d6c44 sth r7,0x68(r1) (GhidraScript)  
INFO  FindStoresAtDisplacement.java> 820d6bc0 820d6c54 stw r10,0x78(r1) (GhidraScript)  
INFO  FindStoresAtDisplacement.java> 820d6c80 820d6c84 stw r12,-0x8(r1) (GhidraScript)  
INFO  FindStoresAtDisplacement.java> 820d6ee0 820d6ee4 stw r12,-0x8(r1) (GhidraScript)  
INFO  FindStoresAtDisplacement.java> 820d6fb8 820d6fbc stw r12,-0x8(r1) (GhidraScript)  
INFO  FindStoresAtDisplacement.java> 820d6fb8 820d6ffc stw r11,0xf8(r1) (GhidraScript)  
INFO  FindStoresAtDisplacement.java> 820d6fb8 820d7008 stw r11,0x288(r1) (GhidraScript)  
INFO  FindStoresAtDisplacement.java> 820d6fb8 820d7018 stw r11,0x58(r1) (GhidraScript)  
INFO  FindStoresAtDisplacement.java> 820d6fb8 820d7028 stw r11,0x68(r1) (GhidraScript)  
INFO  FindStoresAtDisplacement.java> 820d7738 820d773c stw r12,-0x8(r1) (GhidraScript)  
INFO  FindStoresAtDisplacement.java> 820d7738 820d77d8 stw r7,0x8(r10) (GhidraScript)  
INFO  FindStoresAtDisplacement.java> 820d7738 820d780c stb r3,0x18(r31) (GhidraScript)  
INFO  FindStoresAtDisplacement.java> 820d7738 820d7818 stb r11,0x18(r31) (GhidraScript)  
INFO  FindStoresAtDisplacement.java> 820d7b58 820d7b5c stw r12,-0x8(r1) (GhidraScript)  
INFO  FindStoresAtDisplacement.java> 820d7ba0 820d7ba4 stw r12,-0x8(r1) (GhidraScript)  
INFO  FindStoresAtDisplacement.java> 820d7c08 820d7c0c stw r12,-0x8(r1) (GhidraScript)  
INFO  FindStoresAtDisplacement.java> 820d81e0 820d81e4 stw r12,-0x8(r1) (GhidraScript)  
INFO  FindStoresAtDisplacement.java> 820d8228 820d822c stw r12,-0x8(r1) (GhidraScript)  
INFO  FindStoresAtDisplacement.java> 820d8270 820d8274 stw r12,-0x8(r1) (GhidraScript)  
INFO  FindStoresAtDisplacement.java> 820d82b8 820d82bc stw r12,-0x8(r1) (GhidraScript)  
INFO  FindStoresAtDisplacement.java> 820d8300 820d8304 stw r12,-0x8(r1) (GhidraScript)  
INFO  FindStoresAtDisplacement.java> 820d8378 820d837c stw r12,-0x8(r1) (GhidraScript)  
INFO  FindStoresAtDisplacement.java> 820d83c0 820d83c4 stw r12,-0x8(r1) (GhidraScript)  
INFO  FindStoresAtDisplacement.java> 820d8408 820d840c stw r12,-0x8(r1) (GhidraScript)  
INFO  FindStoresAtDisplacement.java> 820d8408 820d844c stw r8,0x18(r3) (GhidraScript)  
INFO  FindStoresAtDisplacement.java> 820d8470 820d8474 stw r12,-0x8(r1) (GhidraScript)  
INFO  FindStoresAtDisplacement.java> 820d8470 820d84c0 stw r9,0x18(r31) (GhidraScript)  
INFO  FindStoresAtDisplacement.java> 820d8508 820d850c stw r12,-0x8(r1) (GhidraScript)  
INFO  FindStoresAtDisplacement.java> 820d8558 820d855c stw r12,-0x8(r1) (GhidraScript)  
INFO  FindStoresAtDisplacement.java> 820d8558 820d859c stw r8,0x18(r3) (GhidraScript)  
INFO  FindStoresAtDisplacement.java> 820d85e8 820d85ec stw r12,-0x8(r1) (GhidraScript)  
INFO  FindStoresAtDisplacement.java> 820d86d0 820d86d4 stw r12,-0x8(r1) (GhidraScript)  
INFO  FindStoresAtDisplacement.java> 820d8730 820d8734 stw r12,-0x8(r1) (GhidraScript)  
INFO  FindStoresAtDisplacement.java> 820d8b40 820d8b44 stw r12,-0x8(r1) (GhidraScript)  
INFO  FindStoresAtDisplacement.java> 820d8f18 820d8f1c stw r12,-0x8(r1) (GhidraScript)  
INFO  FindStoresAtDisplacement.java> 820d8f18 820d8f5c stw r10,0x1028(r11) (GhidraScript)  
INFO  FindStoresAtDisplacement.java> 820d8f78 820d8f7c stw r12,-0x8(r1) (GhidraScript)  
INFO  FindStoresAtDisplacement.java> 820d9218 820d921c stw r12,-0x8(r1) (GhidraScript)  
INFO  FindStoresAtDisplacement.java> 820d9218 820d9280 stw r31,-0x3598(r11) (GhidraScript)  
INFO  FindStoresAtDisplacement.java> 820d9218 820d92ec stw r11,-0x3af8(r10) (GhidraScript)  
INFO  FindStoresAtDisplacement.java> 820d9358 820d935c stw r12,-0x8(r1) (GhidraScript)  
INFO  FindStoresAtDisplacement.java> 820d9358 820d937c stw r9,0x18(r31) (GhidraScript)  
INFO  FindStoresAtDisplacement.java> 820d93c8 820d93cc stw r12,-0x8(r1) (GhidraScript)  
INFO  FindStoresAtDisplacement.java> 820d93c8 820d93fc stw r10,0x18(r31) (GhidraScript)  
INFO  FindStoresAtDisplacement.java> 820d94b8 820d94bc stw r12,-0x8(r1) (GhidraScript)  
INFO  FindStoresAtDisplacement.java> 820d9940 820d9944 stw r12,-0x8(r1) (GhidraScript)  
INFO  FindStoresAtDisplacement.java> 820d99f8 820d99fc stw r12,-0x8(r1) (GhidraScript)  
INFO  FindStoresAtDisplacement.java> 820d9a30 820d9a34 stw r12,-0x8(r1) (GhidraScript)  
INFO  FindStoresAtDisplacement.java> 820da9a0 820da9a4 stw r12,-0x8(r1) (GhidraScript)  
INFO  FindStoresAtDisplacement.java> 820da9a0 820da9f0 stw r4,0x58(r1) (GhidraScript)  
INFO  FindStoresAtDisplacement.java> 820dae00 820dae04 stw r12,-0x8(r1) (GhidraScript)  
INFO  FindStoresAtDisplacement.java> 820dae58 820dae5c stw r12,-0x8(r1) (GhidraScript)  
INFO  FindStoresAtDisplacement.java> 820dae58 820dae98 stw r31,0x58(r1) (GhidraScript)  
INFO  FindStoresAtDisplacement.java> 820daf68 820daf6c stw r12,-0x8(r1) (GhidraScript)  
INFO  FindStoresAtDisplacement.java> 820daf68 820dafc0 stw r4,0x58(r1) (GhidraScript)  
INFO  FindStoresAtDisplacement.java> 820daf68 820db044 stw r3,0x58(r1) (GhidraScript)  
INFO  FindStoresAtDisplacement.java> 820db090 820db094 stw r12,-0x8(r1) (GhidraScript)  
INFO  FindStoresAtDisplacement.java> 820db118 820db11c stw r12,-0x8(r1) (GhidraScript)  
INFO  FindStoresAtDisplacement.java> 820db1f0 820db1f4 stw r12,-0x8(r1) (GhidraScript)  
INFO  FindStoresAtDisplacement.java> 820db1f0 820db248 stw r10,0x8(r11) (GhidraScript)  
INFO  FindStoresAtDisplacement.java> 820db1f0 820db258 stw r10,0x8(r9) (GhidraScript)  
INFO  FindStoresAtDisplacement.java> 820db1f0 820db260 stw r7,0x18(r8) (GhidraScript)  
INFO  FindStoresAtDisplacement.java> 820db1f0 820db298 stw r3,0x58(r1) (GhidraScript)  
INFO  FindStoresAtDisplacement.java> 820db2c8 820db2cc stw r12,-0x8(r1) (GhidraScript)  
INFO  FindStoresAtDisplacement.java> 820db2c8 820db308 stw r9,0x8(r11) (GhidraScript)  
INFO  FindStoresAtDisplacement.java> 820db2c8 820db33c stw r3,0x58(r1) (GhidraScript)  
INFO  FindStoresAtDisplacement.java> 820db368 820db36c stw r12,-0x8(r1) (GhidraScript)  
INFO  FindStoresAtDisplacement.java> 820db368 820db3a8 stw r9,0x8(r11) (GhidraScript)  
INFO  FindStoresAtDisplacement.java> 820db368 820db3dc stw r3,0x58(r1) (GhidraScript)  
INFO  FindStoresAtDisplacement.java> 820db408 820db40c stw r12,-0x8(r1) (GhidraScript)  
INFO  FindStoresAtDisplacement.java> 820db408 820db46c stw r11,0x58(r1) (GhidraScript)  
INFO  FindStoresAtDisplacement.java> 820db408 820db49c stw r3,0x58(r1) (GhidraScript)  
INFO  FindStoresAtDisplacement.java> 820db4c8 820db4cc stw r12,-0x8(r1) (GhidraScript)  
INFO  FindStoresAtDisplacement.java> 820db4c8 820db514 stw r9,0x8(r11) (GhidraScript)  
INFO  FindStoresAtDisplacement.java> 820db4c8 820db548 stw r3,0x58(r1) (GhidraScript)  
INFO  FindStoresAtDisplacement.java> 820db578 820db57c stw r12,-0x8(r1) (GhidraScript)  
INFO  FindStoresAtDisplacement.java> 820db578 820db5c4 stw r9,0x8(r11) (GhidraScript)  
INFO  FindStoresAtDisplacement.java> 820db578 820db5f8 stw r3,0x58(r1) (GhidraScript)  
INFO  FindStoresAtDisplacement.java> 820db628 820db62c stw r12,-0x8(r1) (GhidraScript)  
INFO  FindStoresAtDisplacement.java> 820db628 820db674 stw r9,0x8(r11) (GhidraScript)  
INFO  FindStoresAtDisplacement.java> 820db628 820db6a8 stw r3,0x58(r1) (GhidraScript)  
INFO  FindStoresAtDisplacement.java> 820db6d8 820db6dc stw r12,-0x8(r1) (GhidraScript)  
INFO  FindStoresAtDisplacement.java> 820db730 820db734 stw r12,-0x8(r1) (GhidraScript)  
INFO  FindStoresAtDisplacement.java> 820db730 820db768 stw r11,0x58(r1) (GhidraScript)  
INFO  FindStoresAtDisplacement.java> 820db870 820db874 stw r12,-0x8(r1) (GhidraScript)  
INFO  FindStoresAtDisplacement.java> 820dc6f8 820dc6fc stw r12,-0x8(r1) (GhidraScript)  
INFO  FindStoresAtDisplacement.java> 820dc6f8 820dc760 stw r31,0x58(r1) (GhidraScript)  
INFO  FindStoresAtDisplacement.java> 820dc7c8 820dc7cc stw r12,-0x8(r1) (GhidraScript)  
INFO  FindStoresAtDisplacement.java> 820dc7c8 820dc830 stw r31,0x58(r1) (GhidraScript)  
INFO  FindStoresAtDisplacement.java> 820dd030 820dd034 stw r12,-0x8(r1) (GhidraScript)  
INFO  FindStoresAtDisplacement.java> 820dd030 820dd080 stw r4,0x58(r1) (GhidraScript)  
INFO  FindStoresAtDisplacement.java> 820dd0e0 820dd0e4 stw r12,-0x8(r1) (GhidraScript)  
INFO  FindStoresAtDisplacement.java> 820dd0e0 820dd12c stw r4,0x58(r1) (GhidraScript)  
INFO  FindStoresAtDisplacement.java> 820df4f0 820df4f4 stw r12,-0x8(r1) (GhidraScript)  
INFO  FindStoresAtDisplacement.java> 820df4f0 820df548 stw r4,0x58(r1) (GhidraScript)  
INFO  FindStoresAtDisplacement.java> 820dfaf0 820dfaf4 stw r12,-0x8(r1) (GhidraScript)  
INFO  FindStoresAtDisplacement.java> 820dfaf0 820dfb74 stw r31,0x58(r1) (GhidraScript)  
INFO  FindStoresAtDisplacement.java> 820dfaf0 820dfbc4 stw r31,0x58(r1) (GhidraScript)  
INFO  FindStoresAtDisplacement.java> 820dfaf0 820dfbf4 stw r31,0x58(r1) (GhidraScript)  
INFO  FindStoresAtDisplacement.java> 820dfaf0 820dfc24 stw r31,0x58(r1) (GhidraScript)  
INFO  FindStoresAtDisplacement.java> 820dfaf0 820dfc54 stw r31,0x58(r1) (GhidraScript)  
INFO  FindStoresAtDisplacement.java> 820dfaf0 820dfc84 stw r31,0x58(r1) (GhidraScript)  
INFO  FindStoresAtDisplacement.java> 820e00d8 820e00dc stw r12,-0x8(r1) (GhidraScript)  
INFO  FindStoresAtDisplacement.java> 820e0298 820e029c stw r12,-0x8(r1) (GhidraScript)  
INFO  FindStoresAtDisplacement.java> 820e0510 820e0514 stw r12,-0x8(r1) (GhidraScript)  
INFO  FindStoresAtDisplacement.java> 820e0888 820e088c stw r12,-0x8(r1) (GhidraScript)  
INFO  FindStoresAtDisplacement.java> 820e0888 820e0910 stw r3,0x8(r31) (GhidraScript)  
INFO  FindStoresAtDisplacement.java> 820e0a80 820e0a84 stw r12,-0x8(r1) (GhidraScript)  
INFO  FindStoresAtDisplacement.java> 820e0a80 820e0b10 stw r3,0x8(r31) (GhidraScript)  
INFO  FindStoresAtDisplacement.java> 820e2ad0 820e2ad4 stw r12,-0x8(r1) (GhidraScript)  
INFO  FindStoresAtDisplacement.java> 820e2ad0 820e2af4 stw r4,0x58(r1) (GhidraScript)  
INFO  FindStoresAtDisplacement.java> 820e2d88 820e2d8c stw r12,-0x8(r1) (GhidraScript)  
INFO  FindStoresAtDisplacement.java> 820e2d88 820e2db8 stw r10,0x8(r31) (GhidraScript)  
INFO  FindStoresAtDisplacement.java> 820e2d88 820e2dc4 stw r11,0x8(r11) (GhidraScript)  
INFO  FindStoresAtDisplacement.java> 820e2de0 820e2de4 stw r12,-0x8(r1) (GhidraScript)  
INFO  FindStoresAtDisplacement.java> 820e2de0 820e2e0c stw r10,0x8(r31) (GhidraScript)  
INFO  FindStoresAtDisplacement.java> 820e2de0 820e2e5c stw r11,0x8(r31) (GhidraScript)  
INFO  FindStoresAtDisplacement.java> 820e2e90 820e2e94 stw r12,-0x8(r1) (GhidraScript)  
INFO  FindStoresAtDisplacement.java> 820e2e90 820e2ec8 stw r10,0x18(r31) (GhidraScript)  
INFO  FindStoresAtDisplacement.java> 820e2f70 820e2f74 stw r12,-0x8(r1) (GhidraScript)  
INFO  FindStoresAtDisplacement.java> 820e2fd0 820e2fd4 stw r12,-0x8(r1) (GhidraScript)  
INFO  FindStoresAtDisplacement.java> 820e2fd0 820e3068 stw r10,0x88(r1) (GhidraScript)  
INFO  FindStoresAtDisplacement.java> 820e2fd0 820e3070 stw r11,0x68(r1) (GhidraScript)  
INFO  FindStoresAtDisplacement.java> 820e3698 820e369c stw r12,-0x8(r1) (GhidraScript)  
INFO  FindStoresAtDisplacement.java> 820e4080 820e4084 stw r12,-0x8(r1) (GhidraScript)  
INFO  FindStoresAtDisplacement.java> 820e4080 820e40b0 stw r30,0x8(r31) (GhidraScript)  
INFO  FindStoresAtDisplacement.java> 820e4080 820e4120 stw r11,0x8(r11) (GhidraScript)  
INFO  FindStoresAtDisplacement.java> 820e4080 820e4134 stw r3,0x58(r1) (GhidraScript)  
INFO  FindStoresAtDisplacement.java> 820e4188 820e418c stw r12,-0x8(r1) (GhidraScript)  
INFO  FindStoresAtDisplacement.java> 820e44a0 820e44a4 stw r12,-0x8(r1) (GhidraScript)  
INFO  FindStoresAtDisplacement.java> 820e4668 820e46ac stw r29,0x8(r11) (GhidraScript)  
INFO  FindStoresAtDisplacement.java> 820e4668 820e46e4 stw r25,0x58(r1) (GhidraScript)  
INFO  FindStoresAtDisplacement.java> 820e4668 820e4714 stw r30,0x58(r1) (GhidraScript)  
INFO  FindStoresAtDisplacement.java> 820e4668 820e4790 stw r27,0x88(r1) (GhidraScript)  
INFO  FindStoresAtDisplacement.java> 820e4668 820e47cc stw r27,0x88(r1) (GhidraScript)  
INFO  FindStoresAtDisplacement.java> 820e4668 820e48ac stw r27,0x88(r1) (GhidraScript)  
INFO  FindStoresAtDisplacement.java> 820e4b58 820e4b5c stw r12,-0x8(r1) (GhidraScript)  
INFO  FindStoresAtDisplacement.java> 820e4c08 820e4c0c stw r12,-0x8(r1) (GhidraScript)  
INFO  FindStoresAtDisplacement.java> 820e4ce0 820e4ce4 stw r12,-0x8(r1) (GhidraScript)  
INFO  FindStoresAtDisplacement.java> 820e4ce0 820e4d20 stw r9,0x8(r11) (GhidraScript)  
INFO  FindStoresAtDisplacement.java> 820e4ce0 820e4d54 stw r31,0x58(r1) (GhidraScript)  
INFO  FindStoresAtDisplacement.java> 820e4d80 820e4d84 stw r12,-0x8(r1) (GhidraScript)  
INFO  FindStoresAtDisplacement.java> 820e4e08 820e4e0c stw r12,-0x8(r1) (GhidraScript)  
INFO  FindStoresAtDisplacement.java> 820e4e48 820e4e4c stw r12,-0x8(r1) (GhidraScript)  
INFO  FindStoresAtDisplacement.java> 820e4e48 820e4e6c stw r9,0x18(r31) (GhidraScript)  
INFO  FindStoresAtDisplacement.java> 820e52d0 820e52d4 stw r12,-0x8(r1) (GhidraScript)  
INFO  FindStoresAtDisplacement.java> 820e54e0 820e54e4 stw r12,-0x8(r1) (GhidraScript)  
INFO  FindStoresAtDisplacement.java> 820e5a58 820e5a5c stw r12,-0x8(r1) (GhidraScript)  
INFO  FindStoresAtDisplacement.java> 820e5ac8 820e5b34 stw r11,0x8(r3) (GhidraScript)  
INFO  FindStoresAtDisplacement.java> 820e5ac8 820e5b4c stw r4,-0x3a68(r30) (GhidraScript)  
INFO  FindStoresAtDisplacement.java> 820e5ac8 820e5b58 stw r11,0x18(r3) (GhidraScript)  
INFO  FindStoresAtDisplacement.java> 820e5ac8 820e5b74 stw r11,0x28(r3) (GhidraScript)  
INFO  FindStoresAtDisplacement.java> 820e5ac8 820e5b8c stw r11,0x38(r3) (GhidraScript)  
INFO  FindStoresAtDisplacement.java> 820e5ac8 820e5ba8 stw r11,0x48(r3) (GhidraScript)  
INFO  FindStoresAtDisplacement.java> 820e5ac8 820e5bc4 stw r11,0x58(r3) (GhidraScript)  
INFO  FindStoresAtDisplacement.java> 820e5ac8 820e5be0 stw r11,0x68(r3) (GhidraScript)  
INFO  FindStoresAtDisplacement.java> 820e5ac8 820e5c00 stw r11,0x78(r3) (GhidraScript)  
INFO  FindStoresAtDisplacement.java> 820e5c28 820e5c2c stw r12,-0x8(r1) (GhidraScript)  
INFO  FindStoresAtDisplacement.java> 820e6498 820e649c stw r12,-0x8(r1) (GhidraScript)  
INFO  FindStoresAtDisplacement.java> 820e6498 820e64d4 stw r11,0x8(r31) (GhidraScript)  
INFO  FindStoresAtDisplacement.java> 820e6498 820e64ec stw r11,0x8(r10) (GhidraScript)  
INFO  FindStoresAtDisplacement.java> 820e6498 820e64f4 stw r9,0x18(r3) (GhidraScript)  
INFO  FindStoresAtDisplacement.java> 820e6520 820e6524 stw r12,-0x8(r1) (GhidraScript)  
INFO  FindStoresAtDisplacement.java> 820e6520 820e6570 stw r9,0x18(r31) (GhidraScript)  
INFO  FindStoresAtDisplacement.java> 820e65a8 820e65ac stw r12,-0x8(r1) (GhidraScript)  
INFO  FindStoresAtDisplacement.java> 820e65a8 820e6608 stw r9,0x8(r31) (GhidraScript)  
INFO  FindStoresAtDisplacement.java> 820e65a8 820e662c stw r8,0x8(r10) (GhidraScript)  
INFO  FindStoresAtDisplacement.java> 820e65a8 820e6638 stw r7,0x18(r3) (GhidraScript)  
INFO  FindStoresAtDisplacement.java> 820e6670 820e6674 stw r12,-0x8(r1) (GhidraScript)  
INFO  FindStoresAtDisplacement.java> 820e6670 820e66d0 stw r10,0x8(r31) (GhidraScript)  
INFO  FindStoresAtDisplacement.java> 820e66f0 820e66f4 stw r12,-0x8(r1) (GhidraScript)  
INFO  FindStoresAtDisplacement.java> 820e66f0 820e6728 stw r10,0x18(r31) (GhidraScript)  
INFO  FindStoresAtDisplacement.java> 820e6758 820e675c stw r12,-0x8(r1) (GhidraScript)  
INFO  FindStoresAtDisplacement.java> 820e67d8 820e67dc stw r12,-0x8(r1) (GhidraScript)  
INFO  FindStoresAtDisplacement.java> 820e6860 820e6864 stw r12,-0x8(r1) (GhidraScript)  
INFO  FindStoresAtDisplacement.java> 820e69a8 820e69ac stw r12,-0x8(r1) (GhidraScript)  
INFO  FindStoresAtDisplacement.java> 820e69a8 820e6a4c stw r11,0x68(r1) (GhidraScript)  
INFO  FindStoresAtDisplacement.java> 820e6a90 820e6a94 stw r12,-0x8(r1) (GhidraScript)  
INFO  FindStoresAtDisplacement.java> 820e6a90 820e6b3c stw r11,0x68(r1) (GhidraScript)  
INFO  FindStoresAtDisplacement.java> 820e6b80 820e6b84 stw r12,-0x8(r1) (GhidraScript)  
INFO  FindStoresAtDisplacement.java> 820e6b80 820e6c2c stw r11,0x68(r1) (GhidraScript)  
INFO  FindStoresAtDisplacement.java> 820e6cd8 820e6cdc stw r12,-0x8(r1) (GhidraScript)  
INFO  FindStoresAtDisplacement.java> 820e6cd8 820e6d2c stw r11,0x8(r31) (GhidraScript)  
INFO  FindStoresAtDisplacement.java> 820e7428 820e742c stw r12,-0x8(r1) (GhidraScript)  
INFO  FindStoresAtDisplacement.java> 820e7428 820e74b8 stw r9,0x8(r11) (GhidraScript)  
INFO  FindStoresAtDisplacement.java> 820e7848 820e784c stw r12,-0x8(r1) (GhidraScript)  
INFO  FindStoresAtDisplacement.java> 820e7848 820e78c0 stw r11,0x8(r3) (GhidraScript)  
INFO  FindStoresAtDisplacement.java> 820e7920 820e7924 stw r12,-0x8(r1) (GhidraScript)  
INFO  FindStoresAtDisplacement.java> 820e7920 820e795c stw r9,0x8(r11) (GhidraScript)  
INFO  FindStoresAtDisplacement.java> 820e7988 820e798c stw r12,-0x8(r1) (GhidraScript)  
INFO  FindStoresAtDisplacement.java> 820e79c0 820e79c4 stw r12,-0x8(r1) (GhidraScript)  
INFO  FindStoresAtDisplacement.java> 820e7a38 820e7a3c stw r12,-0x8(r1) (GhidraScript)  
INFO  FindStoresAtDisplacement.java> 820e7a38 820e7a74 stw r9,0x8(r11) (GhidraScript)  
INFO  FindStoresAtDisplacement.java> 820e7ab8 820e7abc stw r12,-0x8(r1) (GhidraScript)  
INFO  FindStoresAtDisplacement.java> 820e7ab8 820e7b04 stw r8,0x8(r11) (GhidraScript)  
INFO  FindStoresAtDisplacement.java> 820e7b38 820e7b3c stw r12,-0x8(r1) (GhidraScript)  
INFO  FindStoresAtDisplacement.java> 820e7b98 820e7b9c stw r12,-0x8(r1) (GhidraScript)  
INFO  FindStoresAtDisplacement.java> 820e7be8 820e7bec stw r12,-0x8(r1) (GhidraScript)  
INFO  FindStoresAtDisplacement.java> 820e7c38 820e7c3c stw r12,-0x8(r1) (GhidraScript)  
INFO  FindStoresAtDisplacement.java> 820e7c88 820e7c8c stw r12,-0x8(r1) (GhidraScript)  
INFO  FindStoresAtDisplacement.java> 820e7cd8 820e7cdc stw r12,-0x8(r1) (GhidraScript)  
INFO  FindStoresAtDisplacement.java> 820e7d30 820e7d34 stw r12,-0x8(r1) (GhidraScript)  
INFO  FindStoresAtDisplacement.java> 820e7da0 820e7da4 stw r12,-0x8(r1) (GhidraScript)  
INFO  FindStoresAtDisplacement.java> 820e7da0 820e7dec stw r9,0x8(r11) (GhidraScript)  
INFO  FindStoresAtDisplacement.java> 820e7e20 820e7e24 stw r12,-0x8(r1) (GhidraScript)  
INFO  FindStoresAtDisplacement.java> 820e7ef0 820e7ef4 stw r12,-0x8(r1) (GhidraScript)  
INFO  FindStoresAtDisplacement.java> 820e7f38 820e7f3c stw r12,-0x8(r1) (GhidraScript)  
INFO  FindStoresAtDisplacement.java> 820e7f80 820e7f84 stw r12,-0x8(r1) (GhidraScript)  
INFO  FindStoresAtDisplacement.java> 820e7fc8 820e7fcc stw r12,-0x8(r1) (GhidraScript)  
INFO  FindStoresAtDisplacement.java> 820e8030 820e8034 stw r12,-0x8(r1) (GhidraScript)  
INFO  FindStoresAtDisplacement.java> 820e8088 820e808c stw r12,-0x8(r1) (GhidraScript)  
INFO  FindStoresAtDisplacement.java> 820e80e0 820e80e4 stw r12,-0x8(r1) (GhidraScript)  
INFO  FindStoresAtDisplacement.java> 820e8138 820e813c stw r12,-0x8(r1) (GhidraScript)  
INFO  FindStoresAtDisplacement.java> 820e8198 820e819c stw r12,-0x8(r1) (GhidraScript)  
INFO  FindStoresAtDisplacement.java> 820e8198 820e81e4 stw r8,0x8(r11) (GhidraScript)  
INFO  FindStoresAtDisplacement.java> 820e8218 820e821c stw r12,-0x8(r1) (GhidraScript)  
INFO  FindStoresAtDisplacement.java> 820e82a0 820e82a4 stw r12,-0x8(r1) (GhidraScript)  
INFO  FindStoresAtDisplacement.java> 820e82e8 820e82ec stw r12,-0x8(r1) (GhidraScript)  
INFO  FindStoresAtDisplacement.java> 820e8330 820e8334 stw r12,-0x8(r1) (GhidraScript)  
INFO  FindStoresAtDisplacement.java> 820e8378 820e837c stw r12,-0x8(r1) (GhidraScript)  
INFO  FindStoresAtDisplacement.java> 820e83d8 820e83dc stw r12,-0x8(r1) (GhidraScript)  
INFO  FindStoresAtDisplacement.java> 820e8428 820e842c stw r12,-0x8(r1) (GhidraScript)  
INFO  FindStoresAtDisplacement.java> 820e8470 820e8474 stw r12,-0x8(r1) (GhidraScript)  
INFO  FindStoresAtDisplacement.java> 820e84b8 820e84bc stw r12,-0x8(r1) (GhidraScript)  
INFO  FindStoresAtDisplacement.java> 820e8500 820e8504 stw r12,-0x8(r1) (GhidraScript)  
INFO  FindStoresAtDisplacement.java> 820e8548 820e854c stw r12,-0x8(r1) (GhidraScript)  
INFO  FindStoresAtDisplacement.java> 820e8590 820e8594 stw r12,-0x8(r1) (GhidraScript)  
INFO  FindStoresAtDisplacement.java> 820e8600 820e8604 stw r12,-0x8(r1) (GhidraScript)  
INFO  FindStoresAtDisplacement.java> 820e8650 820e8654 stw r12,-0x8(r1) (GhidraScript)  
INFO  FindStoresAtDisplacement.java> 820e86a8 820e86ac stw r12,-0x8(r1) (GhidraScript)  
INFO  FindStoresAtDisplacement.java> 820e8ae0 820e8ae4 stw r12,-0x8(r1) (GhidraScript)  
INFO  FindStoresAtDisplacement.java> 820e8ae0 820e8b2c stw r8,0x8(r11) (GhidraScript)  
INFO  FindStoresAtDisplacement.java> 820e8c00 820e8c04 stw r12,-0x8(r1) (GhidraScript)  
INFO  FindStoresAtDisplacement.java> 820e8c38 820e8c3c stw r12,-0x8(r1) (GhidraScript)  
INFO  FindStoresAtDisplacement.java> 820e8c88 820e8c8c stw r12,-0x8(r1) (GhidraScript)  
INFO  FindStoresAtDisplacement.java> 820e8d10 820e8d14 stw r12,-0x8(r1) (GhidraScript)  
INFO  FindStoresAtDisplacement.java> 820e8d60 820e8d64 stw r12,-0x8(r1) (GhidraScript)  
INFO  FindStoresAtDisplacement.java> 820e8dc8 820e8dcc stw r12,-0x8(r1) (GhidraScript)  
INFO  FindStoresAtDisplacement.java> 820e8e18 820e8e1c stw r12,-0x8(r1) (GhidraScript)  
INFO  FindStoresAtDisplacement.java> 820e8e68 820e8e6c stw r12,-0x8(r1) (GhidraScript)  
INFO  FindStoresAtDisplacement.java> 820e8eb8 820e8ebc stw r12,-0x8(r1) (GhidraScript)  
INFO  FindStoresAtDisplacement.java> 820e8f08 820e8f0c stw r12,-0x8(r1) (GhidraScript)  
INFO  FindStoresAtDisplacement.java> 820e94b0 820e94b4 stw r12,-0x8(r1) (GhidraScript)  
INFO  FindStoresAtDisplacement.java> 820e9510 820e9538 stw r10,-0x18(r11) (GhidraScript)  
INFO  FindStoresAtDisplacement.java> 820e9510 820e9548 stw r9,-0x18(r11) (GhidraScript)  
INFO  FindStoresAtDisplacement.java> 820e9510 820e955c stw r8,-0x8(r11) (GhidraScript)  
INFO  FindStoresAtDisplacement.java> 820e9510 820e957c stw r8,0x8(r11) (GhidraScript)  
INFO  FindStoresAtDisplacement.java> 820e97b8 820e97ec stw r10,-0x8(r11) (GhidraScript)  
INFO  FindStoresAtDisplacement.java> 820e97b8 820e980c stw r10,0x8(r11) (GhidraScript)  
INFO  FindStoresAtDisplacement.java> 820e97b8 820e982c stw r10,0x18(r11) (GhidraScript)  
INFO  FindStoresAtDisplacement.java> 820e9858 820e985c stw r12,-0x8(r1) (GhidraScript)  
INFO  FindStoresAtDisplacement.java> 820e9b98 820e9b9c stw r12,-0x8(r1) (GhidraScript)  
INFO  FindStoresAtDisplacement.java> 820e9b98 820e9bbc stw r11,0x8(r31) (GhidraScript)  
INFO  FindStoresAtDisplacement.java> 820e9b98 820e9c14 stw r10,0x8(r31) (GhidraScript)  
INFO  FindStoresAtDisplacement.java> 820e9c40 820e9c44 stw r12,-0x8(r1) (GhidraScript)  
INFO  FindStoresAtDisplacement.java> 820ea068 820ea204 stw r11,-0x3af8(r7) (GhidraScript)  
INFO  FindStoresAtDisplacement.java> 820ea068 820ea21c stw r9,0x8(r10) (GhidraScript)  
INFO  FindStoresAtDisplacement.java> 820ea068 820ea250 stw r3,0x8(r11) (GhidraScript)  
INFO  FindStoresAtDisplacement.java> 820ea068 820ea268 stw r6,0x8(r11) (GhidraScript)  
INFO  FindStoresAtDisplacement.java> 820ea280 820ea314 stw r11,-0x3af8(r9) (GhidraScript)  
INFO  FindStoresAtDisplacement.java> 820ea350 820ea354 stw r12,-0x8(r1) (GhidraScript)  
INFO  FindStoresAtDisplacement.java> 820ea350 820ea3e4 stw r11,0x8(r11) (GhidraScript)  
INFO  FindStoresAtDisplacement.java> 820ea350 820ea3e8 stw r10,0x8(r31) (GhidraScript)  
INFO  FindStoresAtDisplacement.java> 820ea500 820ea504 stw r12,-0x8(r1) (GhidraScript)  
INFO  FindStoresAtDisplacement.java> 820ea500 820ea520 stw r31,0x58(r1) (GhidraScript)  
INFO  FindStoresAtDisplacement.java> 820ea500 820ea550 stw r11,0x8(r31) (GhidraScript)  
INFO  FindStoresAtDisplacement.java> 820ea648 820ea64c stw r12,-0x8(r1) (GhidraScript)  
INFO  FindStoresAtDisplacement.java> 820ea648 820ea668 stw r31,0x58(r1) (GhidraScript)  
INFO  FindStoresAtDisplacement.java> 820ea648 820ea698 stw r11,0x8(r31) (GhidraScript)  
INFO  FindStoresAtDisplacement.java> 820ead38 820ead3c stw r12,-0x8(r1) (GhidraScript)  
INFO  FindStoresAtDisplacement.java> 820ead38 820ead84 stw r8,0x8(r11) (GhidraScript)  
INFO  FindStoresAtDisplacement.java> 820eafa8 820eafac stw r12,-0x8(r1) (GhidraScript)  
INFO  FindStoresAtDisplacement.java> 820eafa8 820eaff4 stw r8,0x8(r11) (GhidraScript)  
INFO  FindStoresAtDisplacement.java> 820eb038 820eb03c stw r12,-0x8(r1) (GhidraScript)  
INFO  FindStoresAtDisplacement.java> 820eb038 820eb084 stw r8,0x8(r11) (GhidraScript)  
INFO  FindStoresAtDisplacement.java> 820eb0c8 820eb0cc stw r12,-0x8(r1) (GhidraScript)  
INFO  FindStoresAtDisplacement.java> 820eb0c8 820eb114 stw r8,0x8(r11) (GhidraScript)  
INFO  FindStoresAtDisplacement.java> 820eb158 820eb15c stw r12,-0x8(r1) (GhidraScript)  
INFO  FindStoresAtDisplacement.java> 820eb158 820eb1a4 stw r8,0x8(r11) (GhidraScript)  
INFO  FindStoresAtDisplacement.java> 820eb1e8 820eb1ec stw r12,-0x8(r1) (GhidraScript)  
INFO  FindStoresAtDisplacement.java> 820eb270 820eb274 stw r12,-0x8(r1) (GhidraScript)  
INFO  FindStoresAtDisplacement.java> 820eb2f8 820eb2fc stw r12,-0x8(r1) (GhidraScript)  
INFO  FindStoresAtDisplacement.java> 820eb2f8 820eb344 stw r8,0x8(r11) (GhidraScript)  
INFO  FindStoresAtDisplacement.java> 820eb450 820eb454 stw r12,-0x8(r1) (GhidraScript)  
INFO  FindStoresAtDisplacement.java> 820eb450 820eb4ac stw r9,0x8(r31) (GhidraScript)  
INFO  FindStoresAtDisplacement.java> 820eb508 820eb50c stw r12,-0x8(r1) (GhidraScript)  
INFO  FindStoresAtDisplacement.java> 820eb508 820eb59c stw r10,0x8(r11) (GhidraScript)  
INFO  FindStoresAtDisplacement.java> 820eb508 820eb5d8 stw r10,0x8(r11) (GhidraScript)  
INFO  FindStoresAtDisplacement.java> 820eb758 820eb75c stw r12,-0x8(r1) (GhidraScript)  
INFO  FindStoresAtDisplacement.java> 820eb758 820eb7a4 stw r8,0x8(r11) (GhidraScript)  
INFO  FindStoresAtDisplacement.java> 820eb7e8 820eb7ec stw r12,-0x8(r1) (GhidraScript)  
INFO  FindStoresAtDisplacement.java> 820eb7e8 820eb834 stw r8,0x8(r11) (GhidraScript)  
INFO  FindStoresAtDisplacement.java> 820eb918 820eb91c stw r12,-0x8(r1) (GhidraScript)  
INFO  FindStoresAtDisplacement.java> 820eb918 820eb95c stw r9,0x8(r11) (GhidraScript)  
INFO  FindStoresAtDisplacement.java> 820eb9a0 820eb9a4 stw r12,-0x8(r1) (GhidraScript)  
INFO  FindStoresAtDisplacement.java> 820eb9a0 820eb9e4 stw r9,0x8(r11) (GhidraScript)  
INFO  FindStoresAtDisplacement.java> 820eba28 820eba2c stw r12,-0x8(r1) (GhidraScript)  
INFO  FindStoresAtDisplacement.java> 820eba28 820eba6c stw r9,0x8(r11) (GhidraScript)  
INFO  FindStoresAtDisplacement.java> 820ebab0 820ebab4 stw r12,-0x8(r1) (GhidraScript)  
INFO  FindStoresAtDisplacement.java> 820ebab0 820ebaf4 stw r9,0x8(r11) (GhidraScript)  
INFO  FindStoresAtDisplacement.java> 820ebb38 820ebb3c stw r12,-0x8(r1) (GhidraScript)  
INFO  FindStoresAtDisplacement.java> 820ebb38 820ebb7c stw r9,0x8(r11) (GhidraScript)  
INFO  FindStoresAtDisplacement.java> 820ebbc0 820ebbc4 stw r12,-0x8(r1) (GhidraScript)  
INFO  FindStoresAtDisplacement.java> 820ebbc0 820ebc04 stw r9,0x8(r11) (GhidraScript)  
INFO  FindStoresAtDisplacement.java> 820ebc48 820ebc4c stw r12,-0x8(r1) (GhidraScript)  
INFO  FindStoresAtDisplacement.java> 820ebc48 820ebca0 stw r8,0x8(r11) (GhidraScript)  
INFO  FindStoresAtDisplacement.java> 820ebd90 820ebd94 stw r12,-0x8(r1) (GhidraScript)  
INFO  FindStoresAtDisplacement.java> 820ec258 820ec25c stw r12,-0x8(r1) (GhidraScript)  
INFO  FindStoresAtDisplacement.java> 820ec258 820ec29c stw r10,0x8(r11) (GhidraScript)  
INFO  FindStoresAtDisplacement.java> 820ec5e8 820ec5ec stw r12,-0x8(r1) (GhidraScript)  
INFO  FindStoresAtDisplacement.java> 820ec690 820ec694 stw r12,-0x8(r1) (GhidraScript)  
INFO  FindStoresAtDisplacement.java> 820ecb00 820ecb04 stw r12,-0x8(r1) (GhidraScript)  
INFO  FindStoresAtDisplacement.java> 820ecb50 820ecb54 stw r12,-0x8(r1) (GhidraScript)  
INFO  FindStoresAtDisplacement.java> 820ecb88 820ecb8c stw r12,-0x8(r1) (GhidraScript)  
INFO  FindStoresAtDisplacement.java> 820ecbc0 820ecbc4 stw r12,-0x8(r1) (GhidraScript)  
INFO  FindStoresAtDisplacement.java> 820ecbf8 820ecbfc stw r12,-0x8(r1) (GhidraScript)  
INFO  FindStoresAtDisplacement.java> 820ecc30 820ecc34 stw r12,-0x8(r1) (GhidraScript)  
INFO  FindStoresAtDisplacement.java> 820ecc68 820ecc6c stw r12,-0x8(r1) (GhidraScript)  
INFO  FindStoresAtDisplacement.java> 820eccf8 820eccfc stw r12,-0x8(r1) (GhidraScript)  
INFO  FindStoresAtDisplacement.java> 820ecd48 820ecd4c stw r12,-0x8(r1) (GhidraScript)  
INFO  FindStoresAtDisplacement.java> 820ecd98 820ecd9c stw r12,-0x8(r1) (GhidraScript)  
INFO  FindStoresAtDisplacement.java> 820ecec0 820ecec4 stw r12,-0x8(r1) (GhidraScript)  
INFO  FindStoresAtDisplacement.java> 820ed470 820ed474 stw r12,-0x8(r1) (GhidraScript)  
INFO  FindStoresAtDisplacement.java> 820ed470 820ed4c0 stw r9,0x8(r11) (GhidraScript)  
INFO  FindStoresAtDisplacement.java> 820ed708 820ed70c stw r12,-0x8(r1) (GhidraScript)  
INFO  FindStoresAtDisplacement.java> 820ed708 820ed758 stw r9,0x8(r11) (GhidraScript)  
INFO  FindStoresAtDisplacement.java> 820ede80 820ede84 stw r12,-0x8(r1) (GhidraScript)  
INFO  FindStoresAtDisplacement.java> 820ede80 820edea0 stw r31,0x58(r1) (GhidraScript)  
INFO  FindStoresAtDisplacement.java> 820ede80 820eded0 stw r11,0x8(r31) (GhidraScript)  
INFO  FindStoresAtDisplacement.java> 820ee6d8 820ee6dc stw r12,-0x8(r1) (GhidraScript)  
INFO  FindStoresAtDisplacement.java> 820eea28 820eea2c stw r12,-0x8(r1) (GhidraScript)  
INFO  FindStoresAtDisplacement.java> 820f03e0 820f03e4 stw r12,-0x8(r1) (GhidraScript)  
INFO  FindStoresAtDisplacement.java> 820f07f8 820f07fc stw r12,-0x8(r1) (GhidraScript)  
INFO  FindStoresAtDisplacement.java> 820f0c80 820f0c84 stw r12,-0x8(r1) (GhidraScript)  
INFO  FindStoresAtDisplacement.java> 820f0c80 820f0da8 stw r30,0x8(r31) (GhidraScript)  
INFO  FindStoresAtDisplacement.java> 820f5260 820f5264 stw r12,-0x8(r1) (GhidraScript)  
INFO  FindStoresAtDisplacement.java> 820f5260 820f5288 stw r11,0x8(r31) (GhidraScript)  
INFO  FindStoresAtDisplacement.java> 820f5bd0 820f5bd4 stw r12,-0x8(r1) (GhidraScript)  
INFO  FindStoresAtDisplacement.java> 820f5bd0 820f5c58 stw r11,0x8(r31) (GhidraScript)  
INFO  FindStoresAtDisplacement.java> 820f5e18 820f5e54 stw r7,0x8(r5) (GhidraScript)  
INFO  FindStoresAtDisplacement.java> 820f5e18 820f5e94 stw r7,0x28(r5) (GhidraScript)  
INFO  FindStoresAtDisplacement.java> 820f5eb8 820f5ee4 stw r9,0x8(r5) (GhidraScript)  
INFO  FindStoresAtDisplacement.java> 820f5eb8 820f5f04 stw r9,0x18(r5) (GhidraScript)  
INFO  FindStoresAtDisplacement.java> 820f5eb8 820f5f24 stw r9,0x28(r5) (GhidraScript)  
INFO  FindStoresAtDisplacement.java> 820f6228 820f622c stw r12,-0x8(r1) (GhidraScript)  
INFO  FindStoresAtDisplacement.java> 820f7448 820f744c stw r12,-0x8(r1) (GhidraScript)  
INFO  FindStoresAtDisplacement.java> 820f74b8 820f74bc stw r12,-0x8(r1) (GhidraScript)  
INFO  FindStoresAtDisplacement.java> 820f7568 820f756c stw r12,-0x8(r1) (GhidraScript)  
INFO  FindStoresAtDisplacement.java> 820f76c0 820f76c4 stw r12,-0x8(r1) (GhidraScript)  
INFO  FindStoresAtDisplacement.java> 820f7728 820f772c stw r12,-0x8(r1) (GhidraScript)  
INFO  FindStoresAtDisplacement.java> 820f7758 820f775c stw r12,-0x8(r1) (GhidraScript)  
INFO  FindStoresAtDisplacement.java> 820f7790 820f7794 stw r12,-0x8(r1) (GhidraScript)  
INFO  FindStoresAtDisplacement.java> 820f7840 820f7844 stw r12,-0x8(r1) (GhidraScript)  
INFO  FindStoresAtDisplacement.java> 820f78f8 820f78fc stw r12,-0x8(r1) (GhidraScript)  
INFO  FindStoresAtDisplacement.java> 820f7db8 820f7dbc stw r12,-0x8(r1) (GhidraScript)  
INFO  FindStoresAtDisplacement.java> 820f7e50 820f7e54 stw r12,-0x8(r1) (GhidraScript)  
INFO  FindStoresAtDisplacement.java> 820f8028 820f802c stw r12,-0x8(r1) (GhidraScript)  
INFO  FindStoresAtDisplacement.java> 820f8078 820f807c stw r12,-0x8(r1) (GhidraScript)  
INFO  FindStoresAtDisplacement.java> 820f8168 820f816c stw r12,-0x8(r1) (GhidraScript)  
INFO  FindStoresAtDisplacement.java> 820f8168 820f81ec stw r11,0x28(r30) (GhidraScript)  
INFO  FindStoresAtDisplacement.java> 820f8168 820f8214 stw r11,0x28(r30) (GhidraScript)  
INFO  FindStoresAtDisplacement.java> 820f82e8 820f82ec stw r12,-0x8(r1) (GhidraScript)  
INFO  FindStoresAtDisplacement.java> 820f83d0 820f83d4 stw r12,-0x8(r1) (GhidraScript)  
INFO  FindStoresAtDisplacement.java> 820f83d0 820f84ac stw r11,0x78(r1) (GhidraScript)  
INFO  FindStoresAtDisplacement.java> 820f8d78 820f8d7c stw r12,-0x8(r1) (GhidraScript)  
INFO  FindStoresAtDisplacement.java> 820f8df0 820f8df4 stw r12,-0x8(r1) (GhidraScript)  
INFO  FindStoresAtDisplacement.java> 820f8fc0 820f8fc4 stw r12,-0x8(r1) (GhidraScript)  
INFO  FindStoresAtDisplacement.java> 820f9070 820f9074 stw r12,-0x8(r1) (GhidraScript)  
INFO  FindStoresAtDisplacement.java> 820f9120 820f9124 stw r12,-0x8(r1) (GhidraScript)  
INFO  FindStoresAtDisplacement.java> 820f9600 820f9604 stw r12,-0x8(r1) (GhidraScript)  
INFO  FindStoresAtDisplacement.java> 820f9650 820f9654 stw r12,-0x8(r1) (GhidraScript)  
INFO  FindStoresAtDisplacement.java> 820f9650 820f969c stw r11,0x9d8(r31) (GhidraScript)  
INFO  FindStoresAtDisplacement.java> 820f9650 820f96a4 stw r11,0x118(r31) (GhidraScript)  
INFO  FindStoresAtDisplacement.java> 820f9898 820f989c stw r12,-0x8(r1) (GhidraScript)  
INFO  FindStoresAtDisplacement.java> 820f98d8 820f98dc stw r12,-0x8(r1) (GhidraScript)  
INFO  FindStoresAtDisplacement.java> 820f98d8 820f990c stw r11,0x9d8(r31) (GhidraScript)  
INFO  FindStoresAtDisplacement.java> 820f98d8 820f9914 stw r11,0x118(r31) (GhidraScript)  
INFO  FindStoresAtDisplacement.java> 820f9b20 820f9b24 stw r12,-0x8(r1) (GhidraScript)  
INFO  FindStoresAtDisplacement.java> 820f9b20 820f9b74 stw r30,0x18(r4) (GhidraScript)  
INFO  FindStoresAtDisplacement.java> 820f9b20 820f9b88 stw r10,0x28(r4) (GhidraScript)  
INFO  FindStoresAtDisplacement.java> 820f9b20 820f9b94 stw r11,0x38(r4) (GhidraScript)  
INFO  FindStoresAtDisplacement.java> 820f9b20 820f9ba4 stw r10,0x8(r4) (GhidraScript)  
INFO  FindStoresAtDisplacement.java> 820f9be0 820f9be4 stw r12,-0x8(r1) (GhidraScript)  
INFO  FindStoresAtDisplacement.java> 820f9d80 820f9d84 stw r12,-0x8(r1) (GhidraScript)  
INFO  FindStoresAtDisplacement.java> 820f9e78 820f9ef8 stw r8,0x18(r3) (GhidraScript)  
INFO  FindStoresAtDisplacement.java> 820f9e78 820f9fa4 stw r10,0x48(r3) (GhidraScript)  
INFO  FindStoresAtDisplacement.java> 820f9fb0 820f9fb4 stw r12,-0x8(r1) (GhidraScript)  
INFO  FindStoresAtDisplacement.java> 820fa598 820fa59c stw r12,-0x8(r1) (GhidraScript)  
INFO  FindStoresAtDisplacement.java> 820fd1d0 820fd1d4 stw r12,-0x8(r1) (GhidraScript)  
INFO  FindStoresAtDisplacement.java> 820fd1d0 820fd228 stw r8,0x8(r4) (GhidraScript)  
INFO  FindStoresAtDisplacement.java> 820fd418 820fd41c stw r12,-0x8(r1) (GhidraScript)  
INFO  FindStoresAtDisplacement.java> 820ff518 820ff51c stw r12,-0x8(r1) (GhidraScript)  
INFO  FindStoresAtDisplacement.java> 820ff9a8 820ff9ac stw r12,-0x8(r1) (GhidraScript)  
INFO  FindStoresAtDisplacement.java> 821004e8 821004ec stw r12,-0x8(r1) (GhidraScript)  
INFO  FindStoresAtDisplacement.java> 821017f0 821017f4 stw r12,-0x8(r1) (GhidraScript)  
INFO  FindStoresAtDisplacement.java> 82101b28 82101b2c stw r12,-0x8(r1) (GhidraScript)  
INFO  FindStoresAtDisplacement.java> 82105478 8210547c stw r12,-0x8(r1) (GhidraScript)  
INFO  FindStoresAtDisplacement.java> 82105738 8210573c stw r12,-0x8(r1) (GhidraScript)  
INFO  FindStoresAtDisplacement.java> 82105aa8 82105aac stw r12,-0x8(r1) (GhidraScript)  
INFO  FindStoresAtDisplacement.java> 82105aa8 82105b54 stw r11,-0x7818(r31) (GhidraScript)  
INFO  FindStoresAtDisplacement.java> 82105aa8 82105b60 stw r11,-0x7818(r31) (GhidraScript)  
INFO  FindStoresAtDisplacement.java> 82106580 82106584 stw r12,-0x8(r1) (GhidraScript)  
INFO  FindStoresAtDisplacement.java> 821077b8 821077bc stw r12,-0x8(r1) (GhidraScript)  
INFO  FindStoresAtDisplacement.java> 82107808 8210780c stw r12,-0x8(r1) (GhidraScript)  
INFO  FindStoresAtDisplacement.java> 821091e8 821091ec stw r12,-0x8(r1) (GhidraScript)  
INFO  FindStoresAtDisplacement.java> 8210aa88 8210aa8c stw r12,-0x8(r1) (GhidraScript)  
INFO  FindStoresAtDisplacement.java> 8210ac88 8210ac8c stw r12,-0x8(r1) (GhidraScript)  
INFO  FindStoresAtDisplacement.java> 8210b588 8210b58c stw r12,-0x8(r1) (GhidraScript)  
INFO  FindStoresAtDisplacement.java> 8210bff8 8210bffc stw r12,-0x8(r1) (GhidraScript)  
INFO  FindStoresAtDisplacement.java> 8210bff8 8210d29c stw r11,0x128(r1) (GhidraScript)  
INFO  FindStoresAtDisplacement.java> 8210bff8 8210d2a8 stw r11,0x128(r1) (GhidraScript)  
INFO  FindStoresAtDisplacement.java> 8210bff8 8211014c stw r11,0x138(r1) (GhidraScript)  
INFO  FindStoresAtDisplacement.java> 8210bff8 82110158 stw r11,0x138(r1) (GhidraScript)  
INFO  FindStoresAtDisplacement.java> 8210bff8 821125ac stw r11,0x108(r1) (GhidraScript)  
INFO  FindStoresAtDisplacement.java> 8210bff8 821126bc stw r11,0x118(r1) (GhidraScript)  
INFO  FindStoresAtDisplacement.java> 8210bff8 82113410 stw r11,0x148(r1) (GhidraScript)  
INFO  FindStoresAtDisplacement.java> 8210bff8 8211341c stw r11,0x148(r1) (GhidraScript)  
INFO  FindStoresAtDisplacement.java> 8210bff8 8211630c stw r11,0x158(r1) (GhidraScript)  
INFO  FindStoresAtDisplacement.java> 8210bff8 82116318 stw r11,0x158(r1) (GhidraScript)  
INFO  FindStoresAtDisplacement.java> 82118600 82118604 stw r12,-0x8(r1) (GhidraScript)  
INFO  FindStoresAtDisplacement.java> 82118648 8211864c stw r12,-0x8(r1) (GhidraScript)  
INFO  FindStoresAtDisplacement.java> 82118648 82118700 stw r8,0x19c8(r10) (GhidraScript)  
INFO  FindStoresAtDisplacement.java> 82118a50 82118a54 stw r12,-0x8(r1) (GhidraScript)  
INFO  FindStoresAtDisplacement.java> 82118a50 82118b00 stw r11,0x18(r6) (GhidraScript)  
INFO  FindStoresAtDisplacement.java> 82119230 82119234 stw r12,-0x8(r1) (GhidraScript)  
INFO  FindStoresAtDisplacement.java> 82119340 82119344 stw r12,-0x8(r1) (GhidraScript)  
INFO  FindStoresAtDisplacement.java> 82119620 82119624 stw r12,-0x8(r1) (GhidraScript)  
INFO  FindStoresAtDisplacement.java> 82119740 82119744 stw r12,-0x8(r1) (GhidraScript)  
INFO  FindStoresAtDisplacement.java> 82119740 821197b0 stw r11,0x18(r3) (GhidraScript)  
INFO  FindStoresAtDisplacement.java> 82119a28 82119a2c stw r12,-0x8(r1) (GhidraScript)  
INFO  FindStoresAtDisplacement.java> 82119f68 82119fd8 sth r10,0x8(r3) (GhidraScript)  
INFO  FindStoresAtDisplacement.java> 82119f68 8211a004 sth r10,0x8(r3) (GhidraScript)  
INFO  FindStoresAtDisplacement.java> 82119f68 8211a078 sth r10,0x8(r3) (GhidraScript)  
INFO  FindStoresAtDisplacement.java> 82119f68 8211a0a4 sth r10,0x8(r3) (GhidraScript)  
INFO  FindStoresAtDisplacement.java> 82119f68 8211a104 sth r10,0x8(r3) (GhidraScript)  
INFO  FindStoresAtDisplacement.java> 82119f68 8211a130 sth r10,0x8(r3) (GhidraScript)  
INFO  FindStoresAtDisplacement.java> 8211a148 8211a14c stw r12,-0x8(r1) (GhidraScript)  
INFO  FindStoresAtDisplacement.java> 8211a2c8 8211a2cc stw r12,-0x8(r1) (GhidraScript)  
INFO  FindStoresAtDisplacement.java> 8211a4c0 8211a4c4 stw r12,-0x8(r1) (GhidraScript)  
INFO  FindStoresAtDisplacement.java> 8211a790 8211a794 stw r12,-0x8(r1) (GhidraScript)  
INFO  FindStoresAtDisplacement.java> 8211b228 8211b22c stw r12,-0x8(r1) (GhidraScript)  
INFO  FindStoresAtDisplacement.java> 8211b4c8 8211b4cc stw r12,-0x8(r1) (GhidraScript)  
INFO  FindStoresAtDisplacement.java> 8211b5f8 8211b5fc stw r12,-0x8(r1) (GhidraScript)  
INFO  FindStoresAtDisplacement.java> 8211b770 8211b774 stw r12,-0x8(r1) (GhidraScript)  
INFO  FindStoresAtDisplacement.java> 8211b848 8211b84c stw r12,-0x8(r1) (GhidraScript)  
INFO  FindStoresAtDisplacement.java> 8211b920 8211b924 stw r12,-0x8(r1) (GhidraScript)  
INFO  FindStoresAtDisplacement.java> 8211ba18 8211ba1c stw r12,-0x8(r1) (GhidraScript)  
INFO  FindStoresAtDisplacement.java> 8211bb80 8211bc0c stw r30,0x18(r10) (GhidraScript)  
INFO  FindStoresAtDisplacement.java> 8211bb80 8211bc70 stw r11,0x18(r3) (GhidraScript)  
INFO  FindStoresAtDisplacement.java> 8211bc88 8211bc8c stw r12,-0x8(r1) (GhidraScript)  
INFO  FindStoresAtDisplacement.java> 8211bdf0 8211bdf4 stw r12,-0x8(r1) (GhidraScript)  
INFO  FindStoresAtDisplacement.java> 8211be40 8211be44 stw r12,-0x8(r1) (GhidraScript)  
INFO  FindStoresAtDisplacement.java> 8211bec0 8211bec4 stw r12,-0x8(r1) (GhidraScript)  
INFO  FindStoresAtDisplacement.java> 8211c6b0 8211c6b4 stw r12,-0x8(r1) (GhidraScript)  
INFO  FindStoresAtDisplacement.java> 8211c6f8 8211c6fc stw r12,-0x8(r1) (GhidraScript)  
INFO  FindStoresAtDisplacement.java> 8211c6f8 8211c728 stw r11,0x60d8(r31) (GhidraScript)  
INFO  FindStoresAtDisplacement.java> 8211c818 8211c81c stw r12,-0x8(r1) (GhidraScript)  
INFO  FindStoresAtDisplacement.java> 8211cc90 8211cc94 stw r12,-0x8(r1) (GhidraScript)  
INFO  FindStoresAtDisplacement.java> 8211ccf0 8211ccf4 stw r12,-0x8(r1) (GhidraScript)  
INFO  FindStoresAtDisplacement.java> 8211ccf0 8211cd7c stw r11,0x60d8(r31) (GhidraScript)  
INFO  FindStoresAtDisplacement.java> 8211d0f0 8211d158 stw r3,0x8(r9) (GhidraScript)  
INFO  FindStoresAtDisplacement.java> 8211d0f0 8211d168 stw r9,0x28(r4) (GhidraScript)  
INFO  FindStoresAtDisplacement.java> 8211d0f0 8211d1b8 stw r11,0x48(r4) (GhidraScript)  
INFO  FindStoresAtDisplacement.java> 8211da28 8211da2c stw r12,-0x8(r1) (GhidraScript)  
INFO  FindStoresAtDisplacement.java> 8211da28 8211da90 stw r11,0x2938(r31) (GhidraScript)  
INFO  FindStoresAtDisplacement.java> 8211df68 8211df6c stw r12,-0x8(r1) (GhidraScript)  
INFO  FindStoresAtDisplacement.java> 8211dfd0 8211dfd4 stw r12,-0x8(r1) (GhidraScript)  
INFO  FindStoresAtDisplacement.java> 8211e038 8211e03c stw r12,-0x8(r1) (GhidraScript)  
INFO  FindStoresAtDisplacement.java> 8211e0a0 8211e0a4 stw r12,-0x8(r1) (GhidraScript)  
INFO  FindStoresAtDisplacement.java> 8211e100 8211e104 stw r12,-0x8(r1) (GhidraScript)  
INFO  FindStoresAtDisplacement.java> 8211e100 8211e12c stw r9,0x88(r1) (GhidraScript)  
INFO  FindStoresAtDisplacement.java> 8211e328 8211e32c stw r12,-0x8(r1) (GhidraScript)  
INFO  FindStoresAtDisplacement.java> 8211e328 8211e350 stw r9,0x88(r1) (GhidraScript)  
INFO  FindStoresAtDisplacement.java> 8211e7e8 8211e7ec stw r12,-0x8(r1) (GhidraScript)  
INFO  FindStoresAtDisplacement.java> 8211e858 8211e85c stw r12,-0x8(r1) (GhidraScript)  
INFO  FindStoresAtDisplacement.java> 8211e8a0 8211e8a4 stw r12,-0x8(r1) (GhidraScript)  
INFO  FindStoresAtDisplacement.java> 8211e8a0 8211e90c stw r8,0xa8(r31) (GhidraScript)  
INFO  FindStoresAtDisplacement.java> 8211e8a0 8211e95c stw r11,0xb8(r31) (GhidraScript)  
INFO  FindStoresAtDisplacement.java> 8211e8a0 8211e970 stw r11,0x1148(r31) (GhidraScript)  
INFO  FindStoresAtDisplacement.java> 8211e8a0 8211e998 stb r11,0x1368(r31) (GhidraScript)  
INFO  FindStoresAtDisplacement.java> 8211e8a0 8211e99c stw r11,0x13a8(r31) (GhidraScript)  
INFO  FindStoresAtDisplacement.java> 8211e9c8 8211e9cc stw r12,-0x8(r1) (GhidraScript)  
INFO  FindStoresAtDisplacement.java> 8211ea18 8211ea1c stw r12,-0x8(r1) (GhidraScript)  
INFO  FindStoresAtDisplacement.java> 8211ea18 8211ea60 stw r30,0xa8(r31) (GhidraScript)  
INFO  FindStoresAtDisplacement.java> 8211f410 8211f414 stw r12,-0x8(r1) (GhidraScript)  
INFO  FindStoresAtDisplacement.java> 8211f728 8211f72c stw r12,-0x8(r1) (GhidraScript)  
INFO  FindStoresAtDisplacement.java> 8211f990 8211f994 stw r12,-0x8(r1) (GhidraScript)  
INFO  FindStoresAtDisplacement.java> 8211fa00 8211fa60 stw r11,-0x1f88(r30) (GhidraScript)  
INFO  FindStoresAtDisplacement.java> 8211fa00 8211fa88 stw r11,-0x1f88(r30) (GhidraScript)  
INFO  FindStoresAtDisplacement.java> 8211fa00 8211fad4 stw r9,0x1a48(r25) (GhidraScript)  
INFO  FindStoresAtDisplacement.java> 8211fa00 82120048 stw r11,0x1a48(r25) (GhidraScript)  
INFO  FindStoresAtDisplacement.java> 82120060 82120064 stw r12,-0x8(r1) (GhidraScript)  
INFO  FindStoresAtDisplacement.java> 82120060 821200cc stw r10,0x2948(r31) (GhidraScript)  
INFO  FindStoresAtDisplacement.java> 82120150 82120154 stw r12,-0x8(r1) (GhidraScript)  
INFO  FindStoresAtDisplacement.java> 821202a8 821202ac stw r12,-0x8(r1) (GhidraScript)  
INFO  FindStoresAtDisplacement.java> 821207c0 821207c4 stw r12,-0x8(r1) (GhidraScript)  
INFO  FindStoresAtDisplacement.java> 82120a50 82120a54 stw r12,-0x8(r1) (GhidraScript)  
INFO  FindStoresAtDisplacement.java> 82120ab8 82120abc stw r12,-0x8(r1) (GhidraScript)  
INFO  FindStoresAtDisplacement.java> 82120b20 82120b24 stw r12,-0x8(r1) (GhidraScript)  
INFO  FindStoresAtDisplacement.java> 82120b20 82120b68 stw r11,0x2948(r31) (GhidraScript)  
INFO  FindStoresAtDisplacement.java> 82120b20 82120bac stw r11,0x2948(r31) (GhidraScript)  
INFO  FindStoresAtDisplacement.java> 82120d00 82120d04 stw r12,-0x8(r1) (GhidraScript)  
INFO  FindStoresAtDisplacement.java> 82120e50 82120e54 stw r12,-0x8(r1) (GhidraScript)  
INFO  FindStoresAtDisplacement.java> 82121038 8212103c stw r12,-0x8(r1) (GhidraScript)  
INFO  FindStoresAtDisplacement.java> 82121038 821210bc stw r11,0x68(r31) (GhidraScript)  
INFO  FindStoresAtDisplacement.java> 82121038 82121248 stw r8,0x8(r11) (GhidraScript)  
INFO  FindStoresAtDisplacement.java> 82121038 82121254 stb r30,0x18(r11) (GhidraScript)  
INFO  FindStoresAtDisplacement.java> 82121038 8212125c stw r30,0x28(r11) (GhidraScript)  
INFO  FindStoresAtDisplacement.java> 82121320 82121324 stw r12,-0x8(r1) (GhidraScript)  
INFO  FindStoresAtDisplacement.java> 821221e8 821221ec stw r12,-0x8(r1) (GhidraScript)  
INFO  FindStoresAtDisplacement.java> 82122738 8212273c stw r12,-0x8(r1) (GhidraScript)  
INFO  FindStoresAtDisplacement.java> 82122788 8212278c stw r12,-0x8(r1) (GhidraScript)  
INFO  FindStoresAtDisplacement.java> 82122978 8212297c stw r12,-0x8(r1) (GhidraScript)  
INFO  FindStoresAtDisplacement.java> 82122a98 82122a9c stw r12,-0x8(r1) (GhidraScript)  
INFO  FindStoresAtDisplacement.java> 82122ff8 82122ffc stw r12,-0x8(r1) (GhidraScript)  
INFO  FindStoresAtDisplacement.java> 82123030 82123034 stw r12,-0x8(r1) (GhidraScript)  
INFO  FindStoresAtDisplacement.java> 82123560 82123564 stw r12,-0x8(r1) (GhidraScript)  
INFO  FindStoresAtDisplacement.java> 82123628 8212362c stw r12,-0x8(r1) (GhidraScript)  
INFO  FindStoresAtDisplacement.java> 82123ac8 82123b6c stw r9,0x38(r4) (GhidraScript)  
INFO  FindStoresAtDisplacement.java> 82123c48 82123c4c stw r12,-0x8(r1) (GhidraScript)  
INFO  FindStoresAtDisplacement.java> 82123da0 82123da4 stw r12,-0x8(r1) (GhidraScript)  
INFO  FindStoresAtDisplacement.java> 82123f30 82123f34 stw r12,-0x8(r1) (GhidraScript)  
INFO  FindStoresAtDisplacement.java> 82123f80 82123f84 stw r12,-0x8(r1) (GhidraScript)  
INFO  FindStoresAtDisplacement.java> 82123ff8 82123ffc stw r12,-0x8(r1) (GhidraScript)  
INFO  FindStoresAtDisplacement.java> 82124230 82124234 stw r12,-0x8(r1) (GhidraScript)  
INFO  FindStoresAtDisplacement.java> 821246a0 821246a4 stw r12,-0x8(r1) (GhidraScript)  
INFO  FindStoresAtDisplacement.java> 821247c0 821247c4 stw r12,-0x8(r1) (GhidraScript)  
INFO  FindStoresAtDisplacement.java> 821249c8 82124a24 stb r31,0x328(r30) (GhidraScript)  
INFO  FindStoresAtDisplacement.java> 821249c8 82124a44 stb r31,0x328(r29) (GhidraScript)  
INFO  FindStoresAtDisplacement.java> 821249c8 82124a58 stb r31,0x328(r28) (GhidraScript)  
INFO  FindStoresAtDisplacement.java> 821249c8 82124a68 stb r31,0x328(r27) (GhidraScript)  
INFO  FindStoresAtDisplacement.java> 821249c8 82124a78 stb r31,0x328(r25) (GhidraScript)  
INFO  FindStoresAtDisplacement.java> 821249c8 82124ba8 stw r23,0x68(r24) (GhidraScript)  
INFO  FindStoresAtDisplacement.java> 82124d58 82124d5c stw r12,-0x8(r1) (GhidraScript)  
INFO  FindStoresAtDisplacement.java> 82124d58 82124dac stb r10,0x328(r11) (GhidraScript)  
INFO  FindStoresAtDisplacement.java> 82124e60 82124e64 stw r12,-0x8(r1) (GhidraScript)  
INFO  FindStoresAtDisplacement.java> 82125240 82125244 stw r12,-0x8(r1) (GhidraScript)  
INFO  FindStoresAtDisplacement.java> 821255f0 821255f4 stw r12,-0x8(r1) (GhidraScript)  
INFO  FindStoresAtDisplacement.java> 821255f0 82125630 stw r11,0x338(r31) (GhidraScript)  
INFO  FindStoresAtDisplacement.java> 821255f0 8212567c stw r11,0x338(r31) (GhidraScript)  
INFO  FindStoresAtDisplacement.java> 821255f0 82125690 stw r11,0x338(r31) (GhidraScript)  
INFO  FindStoresAtDisplacement.java> 821255f0 821256a8 stw r11,0x338(r31) (GhidraScript)  
INFO  FindStoresAtDisplacement.java> 821255f0 821256d4 stb r10,0x328(r31) (GhidraScript)  
INFO  FindStoresAtDisplacement.java> 821255f0 821256d8 stw r11,0x338(r31) (GhidraScript)  
INFO  FindStoresAtDisplacement.java> 821255f0 82125740 stw r10,0x338(r31) (GhidraScript)  
INFO  FindStoresAtDisplacement.java> 82125760 82125764 stw r12,-0x8(r1) (GhidraScript)  
INFO  FindStoresAtDisplacement.java> 821258c8 821258cc stw r12,-0x8(r1) (GhidraScript)  
INFO  FindStoresAtDisplacement.java> 821259a0 821259a4 stw r12,-0x8(r1) (GhidraScript)  
INFO  FindStoresAtDisplacement.java> 821259a0 821259f0 stb r11,0x8(r31) (GhidraScript)  
INFO  FindStoresAtDisplacement.java> 82125a10 82125a14 stw r12,-0x8(r1) (GhidraScript)  
INFO  FindStoresAtDisplacement.java> 82125a58 82125a5c stw r12,-0x8(r1) (GhidraScript)  
INFO  FindStoresAtDisplacement.java> 82125aa0 82125aa4 stw r12,-0x8(r1) (GhidraScript)  
INFO  FindStoresAtDisplacement.java> 82126208 8212620c stw r12,-0x8(r1) (GhidraScript)  
INFO  FindStoresAtDisplacement.java> 82126270 82126274 stw r12,-0x8(r1) (GhidraScript)  
INFO  FindStoresAtDisplacement.java> 82126300 82126304 stw r12,-0x8(r1) (GhidraScript)  
INFO  FindStoresAtDisplacement.java> 82126300 8212632c stw r9,0xb8(r31) (GhidraScript)  
INFO  FindStoresAtDisplacement.java> 82126550 82126554 stw r12,-0x8(r1) (GhidraScript)  
INFO  FindStoresAtDisplacement.java> 82126ce8 82126cec stw r12,-0x8(r1) (GhidraScript)  
INFO  FindStoresAtDisplacement.java> 82127038 8212703c stw r12,-0x8(r1) (GhidraScript)  
INFO  FindStoresAtDisplacement.java> 82127038 82127064 stw r11,0x68(r31) (GhidraScript)  
INFO  FindStoresAtDisplacement.java> 82127090 82127094 stw r12,-0x8(r1) (GhidraScript)  
INFO  FindStoresAtDisplacement.java> 82127090 821271b0 stb r11,0x58(r30) (GhidraScript)  
INFO  FindStoresAtDisplacement.java> 82127548 8212754c stw r12,-0x8(r1) (GhidraScript)  
INFO  FindStoresAtDisplacement.java> 821275c0 821275c4 stw r12,-0x8(r1) (GhidraScript)  
INFO  FindStoresAtDisplacement.java> 82127648 8212764c stw r12,-0x8(r1) (GhidraScript)  
INFO  FindStoresAtDisplacement.java> 821276d0 821276d4 stw r12,-0x8(r1) (GhidraScript)  
INFO  FindStoresAtDisplacement.java> 82127758 8212775c stw r12,-0x8(r1) (GhidraScript)  
INFO  FindStoresAtDisplacement.java> 8212c090 8212c094 stw r12,-0x8(r1) (GhidraScript)  
INFO  FindStoresAtDisplacement.java> 8212c360 8212c364 stw r12,-0x8(r1) (GhidraScript)  
INFO  FindStoresAtDisplacement.java> 8212c4d8 8212c4dc stw r12,-0x8(r1) (GhidraScript)  
INFO  FindStoresAtDisplacement.java> 8212c688 8212c68c stw r12,-0x8(r1) (GhidraScript)  
INFO  FindStoresAtDisplacement.java> 8212c688 8212c748 stw r11,0xd8(r31) (GhidraScript)  
INFO  FindStoresAtDisplacement.java> 8212c768 8212c76c stw r12,-0x8(r1) (GhidraScript)  
INFO  FindStoresAtDisplacement.java> 8212c7b0 8212c7b4 stw r12,-0x8(r1) (GhidraScript)  
INFO  FindStoresAtDisplacement.java> 8212c7f8 8212c80c stw r11,0x5018(r3) (GhidraScript)  
INFO  FindStoresAtDisplacement.java> 8212c7f8 8212c810 stw r11,0x4008(r3) (GhidraScript)  
INFO  FindStoresAtDisplacement.java> 8212c7f8 8212c86c stw r11,0x5168(r3) (GhidraScript)  
INFO  FindStoresAtDisplacement.java> 8212c970 8212c974 stw r12,-0x8(r1) (GhidraScript)  
INFO  FindStoresAtDisplacement.java> 8212d980 8212d984 stw r12,-0x8(r1) (GhidraScript)  
INFO  FindStoresAtDisplacement.java> 8212f558 8212f55c stw r12,-0x8(r1) (GhidraScript)  
INFO  FindStoresAtDisplacement.java> 8212f558 8212f58c sth r11,0x34f8(r31) (GhidraScript)  
INFO  FindStoresAtDisplacement.java> 8212fce0 8212fce4 stw r12,-0x8(r1) (GhidraScript)  
INFO  FindStoresAtDisplacement.java> 82130948 8213094c stw r12,-0x8(r1) (GhidraScript)  
INFO  FindStoresAtDisplacement.java> 82130948 82130994 stw r9,0x1388(r11) (GhidraScript)  
INFO  FindStoresAtDisplacement.java> 82130948 821309b0 stw r10,0x1378(r11) (GhidraScript)  
INFO  FindStoresAtDisplacement.java> 82130948 821309bc stw r10,0x1398(r11) (GhidraScript)  
INFO  FindStoresAtDisplacement.java> 821328d0 821328d4 stw r12,-0x8(r1) (GhidraScript)  
INFO  FindStoresAtDisplacement.java> 82132920 82132924 stw r12,-0x8(r1) (GhidraScript)  
INFO  FindStoresAtDisplacement.java> 82132d78 82132d7c stw r12,-0x8(r1) (GhidraScript)  
INFO  FindStoresAtDisplacement.java> 82133518 8213351c stw r12,-0x8(r1) (GhidraScript)  
INFO  FindStoresAtDisplacement.java> 82133d30 82133d80 stw r9,-0x8(r11) (GhidraScript)  
INFO  FindStoresAtDisplacement.java> 82136100 82136104 stw r12,-0x8(r1) (GhidraScript)  
INFO  FindStoresAtDisplacement.java> 82136168 82136284 stw r10,0x18(r11) (GhidraScript)  
INFO  FindStoresAtDisplacement.java> 82136168 82136510 stw r11,0xa8(r30) (GhidraScript)  
INFO  FindStoresAtDisplacement.java> 82136168 821365c4 stb r25,0x198(r30) (GhidraScript)  
INFO  FindStoresAtDisplacement.java> 821371d8 821371dc stw r12,-0x8(r1) (GhidraScript)  
INFO  FindStoresAtDisplacement.java> 82137568 8213756c stw r12,-0x8(r1) (GhidraScript)  
INFO  FindStoresAtDisplacement.java> 821375f0 821375f4 stw r12,-0x8(r1) (GhidraScript)  
INFO  FindStoresAtDisplacement.java> 82137958 8213795c stw r12,-0x8(r1) (GhidraScript)  
INFO  FindStoresAtDisplacement.java> 82137dd0 82137dd4 stw r12,-0x8(r1) (GhidraScript)  
INFO  FindStoresAtDisplacement.java> 82137dd0 82137e14 stb r11,0x58(r1) (GhidraScript)  
INFO  FindStoresAtDisplacement.java> 82137dd0 82137e44 sth r11,0x68(r1) (GhidraScript)  
INFO  FindStoresAtDisplacement.java> 82137dd0 82137e58 stw r10,0x78(r1) (GhidraScript)  
INFO  FindStoresAtDisplacement.java> 82137dd0 82137e6c stb r11,0x88(r1) (GhidraScript)  
INFO  FindStoresAtDisplacement.java> 82137dd0 82137e94 stw r3,-0x7728(r11) (GhidraScript)  
INFO  FindStoresAtDisplacement.java> 82137fe8 82137fec stw r12,-0x8(r1) (GhidraScript)  
INFO  FindStoresAtDisplacement.java> 82137fe8 82138028 stb r11,0x58(r1) (GhidraScript)  
INFO  FindStoresAtDisplacement.java> 82137fe8 82138080 sth r10,0x68(r1) (GhidraScript)  
INFO  FindStoresAtDisplacement.java> 821380a8 821380ac stw r12,-0x8(r1) (GhidraScript)  
INFO  FindStoresAtDisplacement.java> 821380a8 821381e4 stw r9,0x2948(r31) (GhidraScript)  
INFO  FindStoresAtDisplacement.java> 821380a8 8213827c stw r10,0x28d8(r31) (GhidraScript)  
INFO  FindStoresAtDisplacement.java> 821380a8 82138294 stw r11,0x29b8(r31) (GhidraScript)  
INFO  FindStoresAtDisplacement.java> 821382c0 821382c4 stw r12,-0x8(r1) (GhidraScript)  
INFO  FindStoresAtDisplacement.java> 821382c0 821382fc stw r11,0x2948(r31) (GhidraScript)  
INFO  FindStoresAtDisplacement.java> 821382c0 821383c4 stw r10,0x29b8(r31) (GhidraScript)  
INFO  FindStoresAtDisplacement.java> 821382c0 82138404 stw r11,0x58(r1) (GhidraScript)  
INFO  FindStoresAtDisplacement.java> 821387c0 821387c4 stw r12,-0x8(r1) (GhidraScript)  
INFO  FindStoresAtDisplacement.java> 82138b38 82138b3c stw r12,-0x8(r1) (GhidraScript)  
INFO  FindStoresAtDisplacement.java> 82139770 82139774 stw r12,-0x8(r1) (GhidraScript)  
INFO  FindStoresAtDisplacement.java> 8213a1e0 8213a1e4 stw r12,-0x8(r1) (GhidraScript)  
INFO  FindStoresAtDisplacement.java> 8213a248 8213a24c stw r12,-0x8(r1) (GhidraScript)  
INFO  FindStoresAtDisplacement.java> 8213a2d8 8213a2dc stw r12,-0x8(r1) (GhidraScript)  
INFO  FindStoresAtDisplacement.java> 8213a3f0 8213a3f4 stw r12,-0x8(r1) (GhidraScript)  
INFO  FindStoresAtDisplacement.java> 8213a860 8213a864 stw r12,-0x8(r1) (GhidraScript)  
INFO  FindStoresAtDisplacement.java> 8213ac80 8213ac84 stw r12,-0x8(r1) (GhidraScript)  
INFO  FindStoresAtDisplacement.java> 8213acd0 8213acd4 stw r12,-0x8(r1) (GhidraScript)  
INFO  FindStoresAtDisplacement.java> 8213d048 8213d04c stw r12,-0x8(r1) (GhidraScript)  
INFO  FindStoresAtDisplacement.java> 8213d388 8213d38c stw r12,-0x8(r1) (GhidraScript)  
INFO  FindStoresAtDisplacement.java> 8213d848 8213d8a8 stw r10,0x38(r11) (GhidraScript)  
INFO  FindStoresAtDisplacement.java> 8213d848 8213d8c4 stw r5,0x68(r11) (GhidraScript)  
INFO  FindStoresAtDisplacement.java> 8213d848 8213d918 stw r10,0x38(r4) (GhidraScript)  
INFO  FindStoresAtDisplacement.java> 8213d848 8213d930 stw r9,0x68(r4) (GhidraScript)  
INFO  FindStoresAtDisplacement.java> 8213d938 8213d93c stw r12,-0x8(r1) (GhidraScript)  
INFO  FindStoresAtDisplacement.java> 8213da10 8213da14 stw r12,-0x8(r1) (GhidraScript)  
INFO  FindStoresAtDisplacement.java> 8213dac8 8213dacc stw r12,-0x8(r1) (GhidraScript)  
INFO  FindStoresAtDisplacement.java> 8213dbc8 8213dbcc stw r12,-0x8(r1) (GhidraScript)  
INFO  FindStoresAtDisplacement.java> 8213e4e8 8213e4ec stw r12,-0x8(r1) (GhidraScript)  
INFO  FindStoresAtDisplacement.java> 8213e4e8 8213e5dc stw r30,0x2a8(r31) (GhidraScript)  
INFO  FindStoresAtDisplacement.java> 8213e4e8 8213e5ec stb r10,0x2b8(r31) (GhidraScript)  
INFO  FindStoresAtDisplacement.java> 8213e4e8 8213e5f4 stw r30,0x428(r31) (GhidraScript)  
INFO  FindStoresAtDisplacement.java> 8213e4e8 8213e604 stw r30,0x438(r31) (GhidraScript)  
INFO  FindStoresAtDisplacement.java> 8213e4e8 8213e618 stw r9,0x448(r31) (GhidraScript)  
INFO  FindStoresAtDisplacement.java> 8213e4e8 8213e624 stw r30,0x468(r31) (GhidraScript)  
INFO  FindStoresAtDisplacement.java> 8213e4e8 8213e634 stw r30,0x478(r31) (GhidraScript)  
INFO  FindStoresAtDisplacement.java> 8213e4e8 8213e644 stw r30,0x488(r31) (GhidraScript)  
INFO  FindStoresAtDisplacement.java> 8213e4e8 8213e680 stw r30,0xb48(r31) (GhidraScript)  
INFO  FindStoresAtDisplacement.java> 8213e6b0 8213e6b4 stw r12,-0x8(r1) (GhidraScript)  
INFO  FindStoresAtDisplacement.java> 8213e700 8213e704 stw r12,-0x8(r1) (GhidraScript)  
INFO  FindStoresAtDisplacement.java> 8213e700 8213e748 stw r9,0x448(r31) (GhidraScript)  
INFO  FindStoresAtDisplacement.java> 8213e790 8213e7b8 stw r26,0x468(r31) (GhidraScript)  
INFO  FindStoresAtDisplacement.java> 8213e790 8213e8f4 stw r11,0x468(r31) (GhidraScript)  
INFO  FindStoresAtDisplacement.java> 8213e790 8213e978 stw r11,0x468(r31) (GhidraScript)  
INFO  FindStoresAtDisplacement.java> 8213e790 8213eb0c stw r10,0x478(r31) (GhidraScript)  
INFO  FindStoresAtDisplacement.java> 8213e790 8213eb38 stw r10,-0x4678(r9) (GhidraScript)  
INFO  FindStoresAtDisplacement.java> 8213e790 8213ebfc stw r3,0x488(r31) (GhidraScript)  
INFO  FindStoresAtDisplacement.java> 8213e790 8213ec04 stw r11,0x8(r10) (GhidraScript)  
INFO  FindStoresAtDisplacement.java> 8213e790 8213ec30 stw r5,0x38(r11) (GhidraScript)  
INFO  FindStoresAtDisplacement.java> 8213e790 8213ec40 stw r26,0x48(r11) (GhidraScript)  
INFO  FindStoresAtDisplacement.java> 8213e790 8213ecf0 stw r11,-0x4668(r10) (GhidraScript)  
INFO  FindStoresAtDisplacement.java> 8213e790 8213ef1c stw r26,0x428(r31) (GhidraScript)  
INFO  FindStoresAtDisplacement.java> 8213e790 8213ef54 stw r8,0x2a8(r31) (GhidraScript)  
INFO  FindStoresAtDisplacement.java> 8213e790 8213ef64 stw r6,0x438(r31) (GhidraScript)  
INFO  FindStoresAtDisplacement.java> 8213e790 8213ef94 stw r11,0x618(r30) (GhidraScript)  
INFO  FindStoresAtDisplacement.java> 8213efa8 8213efac stw r12,-0x8(r1) (GhidraScript)  
INFO  FindStoresAtDisplacement.java> 8213fd98 8213fd9c stw r12,-0x8(r1) (GhidraScript)  
INFO  FindStoresAtDisplacement.java> 82140af0 82140af4 stw r12,-0x8(r1) (GhidraScript)  
INFO  FindStoresAtDisplacement.java> 82140db0 82140db4 stw r12,-0x8(r1) (GhidraScript)  
INFO  FindStoresAtDisplacement.java> 82141430 82141434 stw r12,-0x8(r1) (GhidraScript)  
INFO  FindStoresAtDisplacement.java> 82142620 82142624 stw r12,-0x8(r1) (GhidraScript)  
INFO  FindStoresAtDisplacement.java> 82142850 82142854 stw r12,-0x8(r1) (GhidraScript)  
INFO  FindStoresAtDisplacement.java> 821441a8 821441ac stw r12,-0x8(r1) (GhidraScript)  
INFO  FindStoresAtDisplacement.java> 821441a8 82144224 stw r11,0xa38(r31) (GhidraScript)  
INFO  FindStoresAtDisplacement.java> 821441a8 82144244 stw r30,0xa28(r31) (GhidraScript)  
INFO  FindStoresAtDisplacement.java> 82144270 82144274 stw r12,-0x8(r1) (GhidraScript)  
INFO  FindStoresAtDisplacement.java> 821449e0 821449e4 stw r12,-0x8(r1) (GhidraScript)  
INFO  FindStoresAtDisplacement.java> 821449e0 82144a20 stw r11,0x2938(r31) (GhidraScript)  
INFO  FindStoresAtDisplacement.java> 821449e0 82144a6c stw r11,0x2948(r31) (GhidraScript)  
INFO  FindStoresAtDisplacement.java> 82144f50 82144f54 stw r12,-0x8(r1) (GhidraScript)  
INFO  FindStoresAtDisplacement.java> 82145578 8214557c stw r12,-0x8(r1) (GhidraScript)  
INFO  FindStoresAtDisplacement.java> 82146c78 82146c7c stw r12,-0x8(r1) (GhidraScript)  
INFO  FindStoresAtDisplacement.java> 82146c78 82146cd4 stw r3,0x88(r31) (GhidraScript)  
INFO  FindStoresAtDisplacement.java> 8214ad70 8214ad74 stw r12,-0x8(r1) (GhidraScript)  
INFO  FindStoresAtDisplacement.java> 8214adc8 8214adcc stw r12,-0x8(r1) (GhidraScript)  
INFO  FindStoresAtDisplacement.java> 8214adc8 8214ae80 stw r11,0x2948(r31) (GhidraScript)  
INFO  FindStoresAtDisplacement.java> 8214c038 8214c03c stw r12,-0x8(r1) (GhidraScript)  
INFO  FindStoresAtDisplacement.java> 8214c038 8214c280 stw r9,0x8(r10) (GhidraScript)  
INFO  FindStoresAtDisplacement.java> 8214c360 8214c364 stw r12,-0x8(r1) (GhidraScript)  
INFO  FindStoresAtDisplacement.java> 8214c700 8214c764 stw r28,-0x8(r11) (GhidraScript)  
INFO  FindStoresAtDisplacement.java> 8214c700 8214c778 stw r28,0x8(r11) (GhidraScript)  
INFO  FindStoresAtDisplacement.java> 8214c700 8214c788 stw r28,0x18(r11) (GhidraScript)  
INFO  FindStoresAtDisplacement.java> 8214c700 8214c7a4 stw r9,0x28(r11) (GhidraScript)  
INFO  FindStoresAtDisplacement.java> 8214c700 8214c98c stw r9,0x8(r10) (GhidraScript)  
INFO  FindStoresAtDisplacement.java> 8214c700 8214c9f0 stw r9,0x8(r10) (GhidraScript)  
INFO  FindStoresAtDisplacement.java> 8214c700 8214ca50 stw r9,0x8(r10) (GhidraScript)  
INFO  FindStoresAtDisplacement.java> 8214c700 8214cab4 stw r9,0x8(r10) (GhidraScript)  
INFO  FindStoresAtDisplacement.java> 8214c700 8214cb18 stw r9,0x8(r10) (GhidraScript)  
INFO  FindStoresAtDisplacement.java> 8214c700 8214cb7c stw r9,0x8(r11) (GhidraScript)  
INFO  FindStoresAtDisplacement.java> 8214c700 8214cbe4 stw r9,0x8(r11) (GhidraScript)  
INFO  FindStoresAtDisplacement.java> 8214c700 8214cc4c stw r9,0x8(r11) (GhidraScript)  
INFO  FindStoresAtDisplacement.java> 8214c700 8214cd44 sth r8,0x28(r9) (GhidraScript)  
INFO  FindStoresAtDisplacement.java> 8214c700 8214cd48 stw r9,0x8(r10) (GhidraScript)  
INFO  FindStoresAtDisplacement.java> 8214c700 8214cd9c stw r11,0x18(r9) (GhidraScript)  
INFO  FindStoresAtDisplacement.java> 8214c700 8214cde0 stw r9,0x8(r10) (GhidraScript)  
INFO  FindStoresAtDisplacement.java> 8214d650 8214d654 stw r12,-0x8(r1) (GhidraScript)  
INFO  FindStoresAtDisplacement.java> 8214d7a8 8214d7ac stw r12,-0x8(r1) (GhidraScript)  
INFO  FindStoresAtDisplacement.java> 8214d870 8214d874 stw r12,-0x8(r1) (GhidraScript)  
INFO  FindStoresAtDisplacement.java> 8214ebc8 8214ebcc stw r12,-0x8(r1) (GhidraScript)  
INFO  FindStoresAtDisplacement.java> 8214f158 8214f15c stw r12,-0x8(r1) (GhidraScript)  
INFO  FindStoresAtDisplacement.java> 8214f158 8214f194 stw r30,0x68(r31) (GhidraScript)  
INFO  FindStoresAtDisplacement.java> 8214f1b8 8214f1bc stw r12,-0x8(r1) (GhidraScript)  
INFO  FindStoresAtDisplacement.java> 8214f1b8 8214f21c stw r3,0x68(r31) (GhidraScript)  
INFO  FindStoresAtDisplacement.java> 8214fc28 8214fc2c stw r12,-0x8(r1) (GhidraScript)  
INFO  FindStoresAtDisplacement.java> 821503f8 821503fc stw r12,-0x8(r1) (GhidraScript)  
INFO  FindStoresAtDisplacement.java> 82150740 82150744 stw r12,-0x8(r1) (GhidraScript)  
INFO  FindStoresAtDisplacement.java> 82150788 8215078c stw r12,-0x8(r1) (GhidraScript)  
INFO  FindStoresAtDisplacement.java> 82150d08 82150d0c stw r12,-0x8(r1) (GhidraScript)  
INFO  FindStoresAtDisplacement.java> 82150e58 82150e5c stw r12,-0x8(r1) (GhidraScript)  
INFO  FindStoresAtDisplacement.java> 82150ea0 82150ea4 stw r12,-0x8(r1) (GhidraScript)  
INFO  FindStoresAtDisplacement.java> 82150fe8 82150fec stw r12,-0x8(r1) (GhidraScript)  
INFO  FindStoresAtDisplacement.java> 821510a0 821510a4 stw r12,-0x8(r1) (GhidraScript)  
INFO  FindStoresAtDisplacement.java> 821510a0 82151230 stw r11,0x48(r4) (GhidraScript)  
INFO  FindStoresAtDisplacement.java> 821522a8 821522ac stw r12,-0x8(r1) (GhidraScript)  
INFO  FindStoresAtDisplacement.java> 821522a8 821522e4 stw r10,0x38(r31) (GhidraScript)  
INFO  FindStoresAtDisplacement.java> 82152330 82152334 stw r12,-0x8(r1) (GhidraScript)  
INFO  FindStoresAtDisplacement.java> 821524d8 821524dc stw r12,-0x8(r1) (GhidraScript)  
INFO  FindStoresAtDisplacement.java> 82152670 82152674 stw r12,-0x8(r1) (GhidraScript)  
INFO  FindStoresAtDisplacement.java> 82152670 82152a1c stw r5,0x4c78(r10) (GhidraScript)  
INFO  FindStoresAtDisplacement.java> 82152670 82152a78 stw r5,0x4c88(r11) (GhidraScript)  
INFO  FindStoresAtDisplacement.java> 82152670 82152ad8 stw r5,0x4ca8(r11) (GhidraScript)  
INFO  FindStoresAtDisplacement.java> 821537c0 821537c4 stw r12,-0x8(r1) (GhidraScript)  
INFO  FindStoresAtDisplacement.java> 82153a48 82153a74 stw r6,0x8(r11) (GhidraScript)  
INFO  FindStoresAtDisplacement.java> 82153d48 82153d4c stw r12,-0x8(r1) (GhidraScript)  
INFO  FindStoresAtDisplacement.java> 82153e18 82153e1c stw r12,-0x8(r1) (GhidraScript)  
INFO  FindStoresAtDisplacement.java> 82154588 8215458c stw r12,-0x8(r1) (GhidraScript)  
INFO  FindStoresAtDisplacement.java> 82156120 82156124 stw r12,-0x8(r1) (GhidraScript)  
INFO  FindStoresAtDisplacement.java> 82156120 82156164 stw r9,-0x4678(r10) (GhidraScript)  
INFO  FindStoresAtDisplacement.java> 82156120 82156188 stw r3,0x88(r31) (GhidraScript)  
INFO  FindStoresAtDisplacement.java> 82156120 82156198 stw r11,0x48(r3) (GhidraScript)  
INFO  FindStoresAtDisplacement.java> 82156120 8215619c stw r3,0x48(r3) (GhidraScript)  
INFO  FindStoresAtDisplacement.java> 82156120 821561b0 stw r10,0x48(r3) (GhidraScript)  
INFO  FindStoresAtDisplacement.java> 82156120 821561b4 stw r3,0x48(r11) (GhidraScript)  
INFO  FindStoresAtDisplacement.java> 82156120 82156270 stw r11,0x68(r31) (GhidraScript)  
INFO  FindStoresAtDisplacement.java> 82156578 82156588 stw r10,0x68(r11) (GhidraScript)  
INFO  FindStoresAtDisplacement.java> 82156578 821565fc stw r11,0xf8(r3) (GhidraScript)  
INFO  FindStoresAtDisplacement.java> 82156578 82156600 stb r9,0x78(r3) (GhidraScript)  
INFO  FindStoresAtDisplacement.java> 82156f50 82156f54 stw r12,-0x8(r1) (GhidraScript)  
INFO  FindStoresAtDisplacement.java> 82156f50 82157160 stw r7,0x8(r11) (GhidraScript)  
INFO  FindStoresAtDisplacement.java> 821577f0 821577f4 stw r12,-0x8(r1) (GhidraScript)  
INFO  FindStoresAtDisplacement.java> 82157c58 82157c5c stw r12,-0x8(r1) (GhidraScript)  
INFO  FindStoresAtDisplacement.java> 82158c80 82158c84 stw r12,-0x8(r1) (GhidraScript)  
INFO  FindStoresAtDisplacement.java> 82158ce8 82158cec stw r12,-0x8(r1) (GhidraScript)  
INFO  FindStoresAtDisplacement.java> 82159718 8215971c stw r12,-0x8(r1) (GhidraScript)  
INFO  FindStoresAtDisplacement.java> 821597b8 821597bc stw r12,-0x8(r1) (GhidraScript)  
INFO  FindStoresAtDisplacement.java> 82159830 82159834 stw r12,-0x8(r1) (GhidraScript)  
INFO  FindStoresAtDisplacement.java> 82159988 8215998c stw r12,-0x8(r1) (GhidraScript)  
INFO  FindStoresAtDisplacement.java> 821599e0 821599e4 stw r12,-0x8(r1) (GhidraScript)  
INFO  FindStoresAtDisplacement.java> 821599e0 82159a64 stw r11,0x8(r9) (GhidraScript)  
INFO  FindStoresAtDisplacement.java> 821599e0 82159a78 stw r11,0x28(r9) (GhidraScript)  
INFO  FindStoresAtDisplacement.java> 821599e0 82159a8c stw r5,0x38(r9) (GhidraScript)  
INFO  FindStoresAtDisplacement.java> 821599e0 82159ab0 stw r11,0x8(r10) (GhidraScript)  
INFO  FindStoresAtDisplacement.java> 821599e0 82159ac4 stw r11,0x28(r10) (GhidraScript)  
INFO  FindStoresAtDisplacement.java> 821599e0 82159b00 stw r11,0x8(r9) (GhidraScript)  
INFO  FindStoresAtDisplacement.java> 821599e0 82159b14 stw r11,0x28(r9) (GhidraScript)  
INFO  FindStoresAtDisplacement.java> 821599e0 82159b28 stw r11,0xc8(r31) (GhidraScript)  
INFO  FindStoresAtDisplacement.java> 82159b58 82159b5c stw r12,-0x8(r1) (GhidraScript)  
INFO  FindStoresAtDisplacement.java> 82159e58 82159e5c stw r12,-0x8(r1) (GhidraScript)  
INFO  FindStoresAtDisplacement.java> 8215a470 8215a474 stw r12,-0x8(r1) (GhidraScript)  
INFO  FindStoresAtDisplacement.java> 8215a6c8 8215a6cc stw r12,-0x8(r1) (GhidraScript)  
INFO  FindStoresAtDisplacement.java> 8215a718 8215a71c stw r12,-0x8(r1) (GhidraScript)  
INFO  FindStoresAtDisplacement.java> 8215a760 8215a764 stw r12,-0x8(r1) (GhidraScript)  
INFO  FindStoresAtDisplacement.java> 8215b330 8215b334 stw r12,-0x8(r1) (GhidraScript)  
INFO  FindStoresAtDisplacement.java> 8215b330 8215b35c stw r11,0x9b8(r31) (GhidraScript)  
INFO  FindStoresAtDisplacement.java> 8215b330 8215b37c stw r11,0x9b8(r31) (GhidraScript)  
INFO  FindStoresAtDisplacement.java> 8215b330 8215b3b0 stw r11,0x9b8(r31) (GhidraScript)  
INFO  FindStoresAtDisplacement.java> 8215ca98 8215ca9c stw r12,-0x8(r1) (GhidraScript)  
INFO  FindStoresAtDisplacement.java> 8215cb20 8215cb24 stw r12,-0x8(r1) (GhidraScript)  
INFO  FindStoresAtDisplacement.java> 8215cbe8 8215cbec stw r12,-0x8(r1) (GhidraScript)  
INFO  FindStoresAtDisplacement.java> 8215cbe8 8215cc20 stw r11,0x5578(r31) (GhidraScript)  
INFO  FindStoresAtDisplacement.java> 8215cc68 8215cc6c stw r12,-0x8(r1) (GhidraScript)  
INFO  FindStoresAtDisplacement.java> 8215cd08 8215cd0c stw r12,-0x8(r1) (GhidraScript)  
INFO  FindStoresAtDisplacement.java> 8215ce40 8215ce44 stw r12,-0x8(r1) (GhidraScript)  
INFO  FindStoresAtDisplacement.java> 8215d098 8215d09c stw r12,-0x8(r1) (GhidraScript)  
INFO  FindStoresAtDisplacement.java> 8215d098 8215d120 stw r11,0x55f8(r30) (GhidraScript)  
INFO  FindStoresAtDisplacement.java> 8215d1c8 8215d240 stw r11,0x8(r5) (GhidraScript)  
INFO  FindStoresAtDisplacement.java> 8215d1c8 8215d2f4 stw r11,0x18(r5) (GhidraScript)  
INFO  FindStoresAtDisplacement.java> 8215e578 8215e57c stw r12,-0x8(r1) (GhidraScript)  
INFO  FindStoresAtDisplacement.java> 8215e8e0 8215e8e4 stw r12,-0x8(r1) (GhidraScript)  
INFO  FindStoresAtDisplacement.java> 8215e958 8215e95c stw r12,-0x8(r1) (GhidraScript)  
INFO  FindStoresAtDisplacement.java> 8215ea28 8215ea2c stw r12,-0x8(r1) (GhidraScript)  
INFO  FindStoresAtDisplacement.java> 8215eca8 8215ecac stw r12,-0x8(r1) (GhidraScript)  
INFO  FindStoresAtDisplacement.java> 8215eca8 8215ecd8 stw r11,0xd8(r31) (GhidraScript)  
INFO  FindStoresAtDisplacement.java> 8215fd10 8215fd14 stw r12,-0x8(r1) (GhidraScript)  
INFO  FindStoresAtDisplacement.java> 8215fd10 8215fdb0 stw r8,0xf8(r11) (GhidraScript)  
INFO  FindStoresAtDisplacement.java> 8215fd10 8215fde8 stw r8,0x2e8(r11) (GhidraScript)  
INFO  FindStoresAtDisplacement.java> 821606e0 821606e4 stw r12,-0x8(r1) (GhidraScript)  
INFO  FindStoresAtDisplacement.java> 821606e0 8216071c stw r11,0x9b8(r31) (GhidraScript)  
INFO  FindStoresAtDisplacement.java> 821606e0 82160724 stw r11,0xb8(r8) (GhidraScript)  
INFO  FindStoresAtDisplacement.java> 821607e8 821607ec stw r12,-0x8(r1) (GhidraScript)  
INFO  FindStoresAtDisplacement.java> 821607e8 82160838 stw r11,0x18(r7) (GhidraScript)  
INFO  FindStoresAtDisplacement.java> 82160c18 82160c1c stw r12,-0x8(r1) (GhidraScript)  
INFO  FindStoresAtDisplacement.java> 82160d78 82160d7c stw r12,-0x8(r1) (GhidraScript)  
INFO  FindStoresAtDisplacement.java> 82161128 8216112c stw r12,-0x8(r1) (GhidraScript)  
INFO  FindStoresAtDisplacement.java> 82161278 8216127c stw r12,-0x8(r1) (GhidraScript)  
INFO  FindStoresAtDisplacement.java> 82161278 821612a0 stw r11,0x88(r31) (GhidraScript)  
INFO  FindStoresAtDisplacement.java> 821613d0 82161778 stw r11,0x4a48(r26) (GhidraScript)  
INFO  FindStoresAtDisplacement.java> 82161a40 82161a44 stw r12,-0x8(r1) (GhidraScript)  
INFO  FindStoresAtDisplacement.java> 82161a40 82161b38 stw r11,0x9b8(r31) (GhidraScript)  
INFO  FindStoresAtDisplacement.java> 82161fc0 82161fc4 stw r12,-0x8(r1) (GhidraScript)  
INFO  FindStoresAtDisplacement.java> 82161fc0 82162094 stw r10,0x988(r31) (GhidraScript)  
INFO  FindStoresAtDisplacement.java> 82161fc0 821620a0 stw r10,0x988(r31) (GhidraScript)  
INFO  FindStoresAtDisplacement.java> 82161fc0 821620ac stw r10,0x988(r31) (GhidraScript)  
INFO  FindStoresAtDisplacement.java> 82161fc0 821620b8 stw r10,0x988(r31) (GhidraScript)  
INFO  FindStoresAtDisplacement.java> 82161fc0 821620d0 stw r10,0x988(r31) (GhidraScript)  
INFO  FindStoresAtDisplacement.java> 82161fc0 821620e0 stw r10,0x988(r31) (GhidraScript)  
INFO  FindStoresAtDisplacement.java> 82161fc0 821620ec stw r9,0x988(r31) (GhidraScript)  
INFO  FindStoresAtDisplacement.java> 821623b0 821623b4 stw r12,-0x8(r1) (GhidraScript)  
INFO  FindStoresAtDisplacement.java> 821624b8 821624c8 sth r10,0x5608(r3) (GhidraScript)  
INFO  FindStoresAtDisplacement.java> 821624b8 82162508 stw r9,0x8(r11) (GhidraScript)  
INFO  FindStoresAtDisplacement.java> 82162a98 82162a9c stw r12,-0x8(r1) (GhidraScript)  
INFO  FindStoresAtDisplacement.java> 82162b10 82162b14 stw r12,-0x8(r1) (GhidraScript)  
INFO  FindStoresAtDisplacement.java> 82163178 8216317c stw r12,-0x8(r1) (GhidraScript)  
INFO  FindStoresAtDisplacement.java> 82163178 821631a0 stw r11,0x58(r1) (GhidraScript)  
INFO  FindStoresAtDisplacement.java> 82163178 821631e4 stw r11,0x58(r1) (GhidraScript)  
INFO  FindStoresAtDisplacement.java> 82163178 8216320c stw r11,0x58(r1) (GhidraScript)  
INFO  FindStoresAtDisplacement.java> 82163178 82163234 stw r11,0x58(r1) (GhidraScript)  
INFO  FindStoresAtDisplacement.java> 82163178 8216325c stw r11,0x58(r1) (GhidraScript)  
INFO  FindStoresAtDisplacement.java> 82163178 82163288 stw r11,0x58(r1) (GhidraScript)  
INFO  FindStoresAtDisplacement.java> 82163178 821632a0 stw r10,0xc8(r11) (GhidraScript)  
INFO  FindStoresAtDisplacement.java> 821633f0 821633f4 stw r12,-0x8(r1) (GhidraScript)  
INFO  FindStoresAtDisplacement.java> 82163548 821635d8 stw r11,0x108(r3) (GhidraScript)  
INFO  FindStoresAtDisplacement.java> 82163548 8216360c stw r7,0x118(r11) (GhidraScript)  
INFO  FindStoresAtDisplacement.java> 82163548 82163668 stw r8,0x118(r11) (GhidraScript)  
INFO  FindStoresAtDisplacement.java> 82163680 82163684 stw r12,-0x8(r1) (GhidraScript)  
INFO  FindStoresAtDisplacement.java> 821638d0 821638d4 stw r12,-0x8(r1) (GhidraScript)  
INFO  FindStoresAtDisplacement.java> 821639e0 821639e4 stw r12,-0x8(r1) (GhidraScript)  
INFO  FindStoresAtDisplacement.java> 82164530 82164534 stw r12,-0x8(r1) (GhidraScript)  
INFO  FindStoresAtDisplacement.java> 82164b28 82164b2c stw r12,-0x8(r1) (GhidraScript)  
INFO  FindStoresAtDisplacement.java> 82164fb8 82164fbc stw r12,-0x8(r1) (GhidraScript)  
INFO  FindStoresAtDisplacement.java> 82165060 82165064 stw r12,-0x8(r1) (GhidraScript)  
INFO  FindStoresAtDisplacement.java> 82165708 8216570c stw r12,-0x8(r1) (GhidraScript)  
INFO  FindStoresAtDisplacement.java> 82165750 82165754 stw r12,-0x8(r1) (GhidraScript)  
INFO  FindStoresAtDisplacement.java> 82165cc0 82165cc4 stw r12,-0x8(r1) (GhidraScript)  
INFO  FindStoresAtDisplacement.java> 82165da8 82165dac stw r12,-0x8(r1) (GhidraScript)  
INFO  FindStoresAtDisplacement.java> 82165e80 82165e84 stw r12,-0x8(r1) (GhidraScript)  
INFO  FindStoresAtDisplacement.java> 82165f58 82165f5c stw r12,-0x8(r1) (GhidraScript)  
INFO  FindStoresAtDisplacement.java> 82165ff0 82165ff4 stw r12,-0x8(r1) (GhidraScript)  
INFO  FindStoresAtDisplacement.java> 82166138 8216613c stw r12,-0x8(r1) (GhidraScript)  
INFO  FindStoresAtDisplacement.java> 82166180 82166184 stw r12,-0x8(r1) (GhidraScript)  
INFO  FindStoresAtDisplacement.java> 821661d8 821661dc stw r12,-0x8(r1) (GhidraScript)  
INFO  FindStoresAtDisplacement.java> 821663c0 821663c4 stw r12,-0x8(r1) (GhidraScript)  
INFO  FindStoresAtDisplacement.java> 821665b0 821665b4 stw r12,-0x8(r1) (GhidraScript)  
INFO  FindStoresAtDisplacement.java> 821665b0 82166600 sth r30,0x8(r3) (GhidraScript)  
INFO  FindStoresAtDisplacement.java> 82166730 82166734 stw r12,-0x8(r1) (GhidraScript)  
INFO  FindStoresAtDisplacement.java> 82166778 82166798 stw r11,0x7d8(r4) (GhidraScript)  
INFO  FindStoresAtDisplacement.java> 82166808 8216680c stw r12,-0x8(r1) (GhidraScript)  
INFO  FindStoresAtDisplacement.java> 82166808 82166858 stw r11,0x7d8(r31) (GhidraScript)  
INFO  FindStoresAtDisplacement.java> 82166808 8216687c stw r10,0x7d8(r31) (GhidraScript)  
INFO  FindStoresAtDisplacement.java> 82166808 821668a0 stw r11,0x7d8(r31) (GhidraScript)  
INFO  FindStoresAtDisplacement.java> 82166808 821668c4 stw r10,0x7d8(r31) (GhidraScript)  
INFO  FindStoresAtDisplacement.java> 821668f8 821668fc stw r12,-0x8(r1) (GhidraScript)  
INFO  FindStoresAtDisplacement.java> 821668f8 82166948 stw r11,0x7d8(r31) (GhidraScript)  
INFO  FindStoresAtDisplacement.java> 821668f8 82166964 stw r11,0x68(r1) (GhidraScript)  
INFO  FindStoresAtDisplacement.java> 821668f8 8216696c stw r10,0x7d8(r31) (GhidraScript)  
INFO  FindStoresAtDisplacement.java> 821668f8 821669d0 stw r11,0x7d8(r31) (GhidraScript)  
INFO  FindStoresAtDisplacement.java> 821668f8 821669f4 stw r10,0x7d8(r31) (GhidraScript)  
INFO  FindStoresAtDisplacement.java> 821668f8 82166a18 stw r11,0x7d8(r31) (GhidraScript)  
INFO  FindStoresAtDisplacement.java> 821668f8 82166a3c stw r10,0x7d8(r31) (GhidraScript)  
INFO  FindStoresAtDisplacement.java> 821668f8 82166a9c stw r11,0x7d8(r31) (GhidraScript)  
INFO  FindStoresAtDisplacement.java> 821668f8 82166af4 stw r11,0x78(r1) (GhidraScript)  
INFO  FindStoresAtDisplacement.java> 821668f8 82166afc stw r10,0x7d8(r31) (GhidraScript)  
INFO  FindStoresAtDisplacement.java> 821668f8 82166b5c stw r11,0x7d8(r31) (GhidraScript)  
INFO  FindStoresAtDisplacement.java> 821668f8 82166bbc stw r10,0x7d8(r31) (GhidraScript)  
INFO  FindStoresAtDisplacement.java> 821668f8 82166c1c stw r11,0x7d8(r31) (GhidraScript)  
INFO  FindStoresAtDisplacement.java> 821668f8 82166c74 stw r11,0x88(r1) (GhidraScript)  
INFO  FindStoresAtDisplacement.java> 821668f8 82166c7c stw r10,0x7d8(r31) (GhidraScript)  
INFO  FindStoresAtDisplacement.java> 821668f8 82166cdc stw r11,0x7d8(r31) (GhidraScript)  
INFO  FindStoresAtDisplacement.java> 821668f8 82166d3c stw r10,0x7d8(r31) (GhidraScript)  
INFO  FindStoresAtDisplacement.java> 82166db0 82166db4 stw r12,-0x8(r1) (GhidraScript)  
INFO  FindStoresAtDisplacement.java> 82166db0 82166e00 stw r11,0x7d8(r31) (GhidraScript)  
INFO  FindStoresAtDisplacement.java> 82166db0 82166e24 stw r9,0x7d8(r31) (GhidraScript)  
INFO  FindStoresAtDisplacement.java> 82166db0 82166e48 stw r10,0x7d8(r31) (GhidraScript)  
INFO  FindStoresAtDisplacement.java> 82166db0 82166e6c stw r11,0x7d8(r31) (GhidraScript)  
INFO  FindStoresAtDisplacement.java> 82166db0 82166e90 stw r10,0x7d8(r31) (GhidraScript)  
INFO  FindStoresAtDisplacement.java> 82166db0 82166eb4 stw r11,0x7d8(r31) (GhidraScript)  
INFO  FindStoresAtDisplacement.java> 82166db0 82166ed8 stw r10,0x7d8(r31) (GhidraScript)  
INFO  FindStoresAtDisplacement.java> 82166db0 82166efc stw r11,0x7d8(r31) (GhidraScript)  
INFO  FindStoresAtDisplacement.java> 82166db0 82166f20 stw r10,0x7d8(r31) (GhidraScript)  
INFO  FindStoresAtDisplacement.java> 82166db0 82166f44 stw r11,0x7d8(r31) (GhidraScript)  
INFO  FindStoresAtDisplacement.java> 82166db0 82166f68 stw r10,0x7d8(r31) (GhidraScript)  
INFO  FindStoresAtDisplacement.java> 82166fa0 82166fa4 stw r12,-0x8(r1) (GhidraScript)  
INFO  FindStoresAtDisplacement.java> 82166fa0 82166ff0 stw r11,0x7d8(r31) (GhidraScript)  
INFO  FindStoresAtDisplacement.java> 82166fa0 82167014 stw r10,0x7d8(r31) (GhidraScript)  
INFO  FindStoresAtDisplacement.java> 82166fa0 82167060 stw r11,0x7d8(r31) (GhidraScript)  
INFO  FindStoresAtDisplacement.java> 82166fa0 82167084 stw r10,0x7d8(r31) (GhidraScript)  
INFO  FindStoresAtDisplacement.java> 82166fa0 821670c4 stw r10,0x78(r1) (GhidraScript)  
INFO  FindStoresAtDisplacement.java> 82166fa0 821670cc stw r11,0x7d8(r31) (GhidraScript)  
INFO  FindStoresAtDisplacement.java> 82166fa0 82167100 stw r7,0x78(r1) (GhidraScript)  
INFO  FindStoresAtDisplacement.java> 82166fa0 82167114 stw r10,0x7d8(r31) (GhidraScript)  
INFO  FindStoresAtDisplacement.java> 82166fa0 82167138 stw r11,0x7d8(r31) (GhidraScript)  
INFO  FindStoresAtDisplacement.java> 82166fa0 8216715c stw r10,0x7d8(r31) (GhidraScript)  
INFO  FindStoresAtDisplacement.java> 82166fa0 82167180 stw r11,0x7d8(r31) (GhidraScript)  
INFO  FindStoresAtDisplacement.java> 82166fa0 821671a4 stw r10,0x7d8(r31) (GhidraScript)  
INFO  FindStoresAtDisplacement.java> 82166fa0 821671c8 stw r11,0x7d8(r31) (GhidraScript)  
INFO  FindStoresAtDisplacement.java> 82166fa0 821671ec stw r9,0x7d8(r31) (GhidraScript)  
INFO  FindStoresAtDisplacement.java> 82166fa0 82167244 stw r9,0x88(r1) (GhidraScript)  
INFO  FindStoresAtDisplacement.java> 82166fa0 8216724c stw r10,0x7d8(r31) (GhidraScript)  
INFO  FindStoresAtDisplacement.java> 82166fa0 821672ac stw r11,0x7d8(r31) (GhidraScript)  
INFO  FindStoresAtDisplacement.java> 82166fa0 8216730c stw r10,0x7d8(r31) (GhidraScript)  
INFO  FindStoresAtDisplacement.java> 82166fa0 8216736c stw r11,0x7d8(r31) (GhidraScript)  
INFO  FindStoresAtDisplacement.java> 82166fa0 821673c4 stw r11,0x98(r1) (GhidraScript)  
INFO  FindStoresAtDisplacement.java> 82166fa0 821673cc stw r10,0x7d8(r31) (GhidraScript)  
INFO  FindStoresAtDisplacement.java> 82166fa0 8216742c stw r11,0x7d8(r31) (GhidraScript)  
INFO  FindStoresAtDisplacement.java> 82166fa0 8216748c stw r10,0x7d8(r31) (GhidraScript)  
INFO  FindStoresAtDisplacement.java> 82166fa0 821674ec stw r11,0x7d8(r31) (GhidraScript)  
INFO  FindStoresAtDisplacement.java> 82166fa0 82167544 stw r11,0xa8(r1) (GhidraScript)  
INFO  FindStoresAtDisplacement.java> 82166fa0 8216754c stw r10,0x7d8(r31) (GhidraScript)  
INFO  FindStoresAtDisplacement.java> 82166fa0 821675ac stw r11,0x7d8(r31) (GhidraScript)  
INFO  FindStoresAtDisplacement.java> 82166fa0 8216760c stw r10,0x7d8(r31) (GhidraScript)  
INFO  FindStoresAtDisplacement.java> 82166fa0 8216766c stw r11,0x7d8(r31) (GhidraScript)  
INFO  FindStoresAtDisplacement.java> 82166fa0 821676cc stw r10,0x7d8(r31) (GhidraScript)  
INFO  FindStoresAtDisplacement.java> 82166fa0 82167724 stw r10,0xb8(r1) (GhidraScript)  
INFO  FindStoresAtDisplacement.java> 82166fa0 8216772c stw r11,0x7d8(r31) (GhidraScript)  
INFO  FindStoresAtDisplacement.java> 82166fa0 8216778c stw r10,0x7d8(r31) (GhidraScript)  
INFO  FindStoresAtDisplacement.java> 82167800 82167804 stw r12,-0x8(r1) (GhidraScript)  
INFO  FindStoresAtDisplacement.java> 82167800 82167850 stw r11,0x7d8(r31) (GhidraScript)  
INFO  FindStoresAtDisplacement.java> 82167800 82167874 stw r9,0x7d8(r31) (GhidraScript)  
INFO  FindStoresAtDisplacement.java> 82167800 82167898 stw r10,0x7d8(r31) (GhidraScript)  
INFO  FindStoresAtDisplacement.java> 82167800 821678bc stw r11,0x7d8(r31) (GhidraScript)  
INFO  FindStoresAtDisplacement.java> 82167800 821678e0 stw r10,0x7d8(r31) (GhidraScript)  
INFO  FindStoresAtDisplacement.java> 82167800 8216792c stw r11,0x7d8(r31) (GhidraScript)  
INFO  FindStoresAtDisplacement.java> 82167800 82167950 stw r9,0x7d8(r31) (GhidraScript)  
INFO  FindStoresAtDisplacement.java> 82167800 82167974 stw r10,0x7d8(r31) (GhidraScript)  
INFO  FindStoresAtDisplacement.java> 82167800 82167990 stw r10,0x78(r1) (GhidraScript)  
INFO  FindStoresAtDisplacement.java> 82167800 82167998 stw r11,0x7d8(r31) (GhidraScript)  
INFO  FindStoresAtDisplacement.java> 82167800 821679cc stw r7,0x78(r1) (GhidraScript)  
INFO  FindStoresAtDisplacement.java> 82167800 821679e0 stw r10,0x7d8(r31) (GhidraScript)  
INFO  FindStoresAtDisplacement.java> 82167a38 82167a3c stw r12,-0x8(r1) (GhidraScript)  
INFO  FindStoresAtDisplacement.java> 82167a38 82167a88 stw r11,0x7d8(r31) (GhidraScript)  
INFO  FindStoresAtDisplacement.java> 82167a38 82167aac stw r10,0x7d8(r31) (GhidraScript)  
INFO  FindStoresAtDisplacement.java> 82167a38 82167af8 stw r11,0x7d8(r31) (GhidraScript)  
INFO  FindStoresAtDisplacement.java> 82167a38 82167b1c stw r9,0x7d8(r31) (GhidraScript)  
INFO  FindStoresAtDisplacement.java> 82167a38 82167b40 stw r10,0x7d8(r31) (GhidraScript)  
INFO  FindStoresAtDisplacement.java> 82167a38 82167b64 stw r11,0x7d8(r31) (GhidraScript)  
INFO  FindStoresAtDisplacement.java> 82167a38 82167b88 stw r10,0x7d8(r31) (GhidraScript)  
INFO  FindStoresAtDisplacement.java> 82167a38 82167bc8 stw r10,0x78(r1) (GhidraScript)  
INFO  FindStoresAtDisplacement.java> 82167a38 82167bd0 stw r11,0x7d8(r31) (GhidraScript)  
INFO  FindStoresAtDisplacement.java> 82167a38 82167c30 stw r10,0x7d8(r31) (GhidraScript)  
INFO  FindStoresAtDisplacement.java> 82167a38 82167c90 stw r11,0x7d8(r31) (GhidraScript)  
INFO  FindStoresAtDisplacement.java> 82167a38 82167cb4 stw r10,0x7d8(r31) (GhidraScript)  
INFO  FindStoresAtDisplacement.java> 82167a38 82167cd8 stw r11,0x7d8(r31) (GhidraScript)  
INFO  FindStoresAtDisplacement.java> 82167a38 82167cfc stw r10,0x7d8(r31) (GhidraScript)  
INFO  FindStoresAtDisplacement.java> 82167a38 82167d3c stw r10,0x88(r1) (GhidraScript)  
INFO  FindStoresAtDisplacement.java> 82167a38 82167d44 stw r11,0x7d8(r31) (GhidraScript)  
INFO  FindStoresAtDisplacement.java> 82167a38 82167da4 stw r10,0x7d8(r31) (GhidraScript)  
INFO  FindStoresAtDisplacement.java> 82167a38 82167e04 stw r11,0x7d8(r31) (GhidraScript)  
INFO  FindStoresAtDisplacement.java> 82167a38 82167e64 stw r10,0x7d8(r31) (GhidraScript)  
INFO  FindStoresAtDisplacement.java> 821684d8 821684dc stw r12,-0x8(r1) (GhidraScript)  
INFO  FindStoresAtDisplacement.java> 821688e0 821688e4 stw r12,-0x8(r1) (GhidraScript)  
INFO  FindStoresAtDisplacement.java> 82168c50 82168c54 stw r12,-0x8(r1) (GhidraScript)  
INFO  FindStoresAtDisplacement.java> 82168c50 82168c88 stw r9,0x8(r11) (GhidraScript)  
INFO  FindStoresAtDisplacement.java> 82169a10 82169a14 stw r12,-0x8(r1) (GhidraScript)  
INFO  FindStoresAtDisplacement.java> 82169a98 82169a9c stw r12,-0x8(r1) (GhidraScript)  
INFO  FindStoresAtDisplacement.java> 82169b08 82169b0c stw r12,-0x8(r1) (GhidraScript)  
INFO  FindStoresAtDisplacement.java> 82169bf8 82169bfc stw r12,-0x8(r1) (GhidraScript)  
INFO  FindStoresAtDisplacement.java> 82169bf8 82169c34 sth r10,0x88(r1) (GhidraScript)  
INFO  FindStoresAtDisplacement.java> 8216a418 8216a41c stw r12,-0x8(r1) (GhidraScript)  
INFO  FindStoresAtDisplacement.java> 8216a418 8216a440 stw r11,0x7d8(r31) (GhidraScript)  
INFO  FindStoresAtDisplacement.java> 8216b978 8216b97c stw r12,-0x8(r1) (GhidraScript)  
INFO  FindStoresAtDisplacement.java> 8216bc28 8216bc2c stw r12,-0x8(r1) (GhidraScript)  
INFO  FindStoresAtDisplacement.java> 8216c020 8216c024 stw r12,-0x8(r1) (GhidraScript)  
INFO  FindStoresAtDisplacement.java> 8216c458 8216c45c stw r12,-0x8(r1) (GhidraScript)  
INFO  FindStoresAtDisplacement.java> 8216c598 8216c59c stw r12,-0x8(r1) (GhidraScript)  
INFO  FindStoresAtDisplacement.java> 8216c6f0 8216c6f4 stw r12,-0x8(r1) (GhidraScript)  
INFO  FindStoresAtDisplacement.java> 8216c740 8216c744 stw r12,-0x8(r1) (GhidraScript)  
INFO  FindStoresAtDisplacement.java> 8216c740 8216c79c stw r7,0x8(r10) (GhidraScript)  
INFO  FindStoresAtDisplacement.java> 8216c8c8 8216c8cc stw r12,-0x8(r1) (GhidraScript)  
INFO  FindStoresAtDisplacement.java> 8216cfd0 8216cfd4 stw r12,-0x8(r1) (GhidraScript)  
INFO  FindStoresAtDisplacement.java> 8216cfd0 8216d000 sth r4,0x8(r31) (GhidraScript)  
INFO  FindStoresAtDisplacement.java> 8216cfd0 8216d01c stb r30,0x38(r31) (GhidraScript)  
INFO  FindStoresAtDisplacement.java> 8216cfd0 8216d02c stw r30,0x58(r31) (GhidraScript)  
INFO  FindStoresAtDisplacement.java> 8216cfd0 8216d048 stw r30,0x18(r31) (GhidraScript)  
INFO  FindStoresAtDisplacement.java> 8216cfd0 8216d07c stw r30,0x8(r3) (GhidraScript)  
INFO  FindStoresAtDisplacement.java> 8216d0c8 8216d0cc stw r12,-0x8(r1) (GhidraScript)  
INFO  FindStoresAtDisplacement.java> 8216d350 8216d354 stw r12,-0x8(r1) (GhidraScript)  
INFO  FindStoresAtDisplacement.java> 8216d660 8216d664 stw r12,-0x8(r1) (GhidraScript)  
INFO  FindStoresAtDisplacement.java> 8216d700 8216d724 stw r8,0x8(r10) (GhidraScript)  
INFO  FindStoresAtDisplacement.java> 8216d740 8216d764 stw r8,0x8(r10) (GhidraScript)  
INFO  FindStoresAtDisplacement.java> 8216d8c8 8216d8cc stw r12,-0x8(r1) (GhidraScript)  
INFO  FindStoresAtDisplacement.java> 8216d938 8216d93c stw r12,-0x8(r1) (GhidraScript)  
INFO  FindStoresAtDisplacement.java> 8216e2d0 8216e2d4 stw r12,-0x8(r1) (GhidraScript)  
INFO  FindStoresAtDisplacement.java> 8216ec58 8216ec5c stw r12,-0x8(r1) (GhidraScript)  
INFO  FindStoresAtDisplacement.java> 8216ef00 8216ef04 stw r12,-0x8(r1) (GhidraScript)  
INFO  FindStoresAtDisplacement.java> 8216f048 8216f04c stw r12,-0x8(r1) (GhidraScript)  
INFO  FindStoresAtDisplacement.java> 8216f4d8 8216f4dc stw r12,-0x8(r1) (GhidraScript)  
INFO  FindStoresAtDisplacement.java> 8216f4d8 8216f50c stw r9,-0x4658(r11) (GhidraScript)  
INFO  FindStoresAtDisplacement.java> 8216f610 8216f614 stw r12,-0x8(r1) (GhidraScript)  
INFO  FindStoresAtDisplacement.java> 8216f610 8216f64c stw r11,0x7d8(r31) (GhidraScript)  
INFO  FindStoresAtDisplacement.java> 8216f610 8216f664 stb r8,0x7e8(r31) (GhidraScript)  
INFO  FindStoresAtDisplacement.java> 8216ff48 8216ff4c stw r12,-0x8(r1) (GhidraScript)  
INFO  FindStoresAtDisplacement.java> 82170068 8217006c stw r12,-0x8(r1) (GhidraScript)  
INFO  FindStoresAtDisplacement.java> 821700b0 821700b4 stw r12,-0x8(r1) (GhidraScript)  
INFO  FindStoresAtDisplacement.java> 821700b0 821700f4 stw r10,0x8(r3) (GhidraScript)  
INFO  FindStoresAtDisplacement.java> 82170128 8217012c stw r12,-0x8(r1) (GhidraScript)  
INFO  FindStoresAtDisplacement.java> 82170190 82170194 stw r12,-0x8(r1) (GhidraScript)  
INFO  FindStoresAtDisplacement.java> 82170400 82170404 stw r12,-0x8(r1) (GhidraScript)  
INFO  FindStoresAtDisplacement.java> 821705f0 821705f4 stw r12,-0x8(r1) (GhidraScript)  
INFO  FindStoresAtDisplacement.java> 821705f0 82170640 sth r30,0x8(r3) (GhidraScript)  
INFO  FindStoresAtDisplacement.java> 821705f0 821706b0 stw r3,0x8(r31) (GhidraScript)  
INFO  FindStoresAtDisplacement.java> 821706d0 821706d4 stw r12,-0x8(r1) (GhidraScript)  
INFO  FindStoresAtDisplacement.java> 82170b18 82170b1c stw r12,-0x8(r1) (GhidraScript)  
INFO  FindStoresAtDisplacement.java> 82170b60 82170b64 stw r12,-0x8(r1) (GhidraScript)  
INFO  FindStoresAtDisplacement.java> 82170b60 82170b8c stw r10,0xc8(r31) (GhidraScript)  
INFO  FindStoresAtDisplacement.java> 82170b60 82170bd8 stw r30,0x17a8(r31) (GhidraScript)  
INFO  FindStoresAtDisplacement.java> 82170b60 82170c10 stw r30,0x13a8(r31) (GhidraScript)  
INFO  FindStoresAtDisplacement.java> 82170c38 82170c3c stw r12,-0x8(r1) (GhidraScript)  
INFO  FindStoresAtDisplacement.java> 82170c38 82170d3c stw r10,0x38(r30) (GhidraScript)  
INFO  FindStoresAtDisplacement.java> 82170d58 82170d5c stw r12,-0x8(r1) (GhidraScript)  
INFO  FindStoresAtDisplacement.java> 82170d58 82170d94 stw r11,0x18(r7) (GhidraScript)  
INFO  FindStoresAtDisplacement.java> 82171050 82171054 stw r12,-0x8(r1) (GhidraScript)  
INFO  FindStoresAtDisplacement.java> 82171098 8217109c stw r12,-0x8(r1) (GhidraScript)  
INFO  FindStoresAtDisplacement.java> 82171098 821710d4 stw r30,0xd8(r3) (GhidraScript)  
INFO  FindStoresAtDisplacement.java> 82171308 8217130c stw r12,-0x8(r1) (GhidraScript)  
INFO  FindStoresAtDisplacement.java> 82171c70 82171c74 stw r12,-0x8(r1) (GhidraScript)  
INFO  FindStoresAtDisplacement.java> 82171cb8 82171cbc stw r12,-0x8(r1) (GhidraScript)  
INFO  FindStoresAtDisplacement.java> 82171ee8 82171eec stw r12,-0x8(r1) (GhidraScript)  
INFO  FindStoresAtDisplacement.java> 82172220 82172224 stw r12,-0x8(r1) (GhidraScript)  
INFO  FindStoresAtDisplacement.java> 82172320 82172324 stw r12,-0x8(r1) (GhidraScript)  
INFO  FindStoresAtDisplacement.java> 821723c0 821723c4 stw r12,-0x8(r1) (GhidraScript)  
INFO  FindStoresAtDisplacement.java> 82172458 8217245c stw r12,-0x8(r1) (GhidraScript)  
INFO  FindStoresAtDisplacement.java> 821724d8 821724dc stw r12,-0x8(r1) (GhidraScript)  
INFO  FindStoresAtDisplacement.java> 82172ae8 82172aec stw r12,-0x8(r1) (GhidraScript)  
INFO  FindStoresAtDisplacement.java> 82172ae8 82172b6c stw r10,0x5b8(r31) (GhidraScript)  
INFO  FindStoresAtDisplacement.java> 82172ae8 82172b84 stw r10,0x5b8(r31) (GhidraScript)  
INFO  FindStoresAtDisplacement.java> 821732c0 821732c4 stw r12,-0x8(r1) (GhidraScript)  
INFO  FindStoresAtDisplacement.java> 821734b0 821734b4 stw r12,-0x8(r1) (GhidraScript)  
INFO  FindStoresAtDisplacement.java> 821735c8 821735cc stw r12,-0x8(r1) (GhidraScript)  
INFO  FindStoresAtDisplacement.java> 821738d8 821738dc stw r12,-0x8(r1) (GhidraScript)  
INFO  FindStoresAtDisplacement.java> 82173a48 82173a4c stw r12,-0x8(r1) (GhidraScript)  
INFO  FindStoresAtDisplacement.java> 82173e20 82173e24 stw r12,-0x8(r1) (GhidraScript)  
INFO  FindStoresAtDisplacement.java> 82173f88 82173f8c stw r12,-0x8(r1) (GhidraScript)  
INFO  FindStoresAtDisplacement.java> 821740d8 821740dc stw r12,-0x8(r1) (GhidraScript)  
INFO  FindStoresAtDisplacement.java> 82174110 82174114 stw r12,-0x8(r1) (GhidraScript)  
INFO  FindStoresAtDisplacement.java> 821741e8 821741ec stw r12,-0x8(r1) (GhidraScript)  
INFO  FindStoresAtDisplacement.java> 821748f8 821748fc stw r12,-0x8(r1) (GhidraScript)  
INFO  FindStoresAtDisplacement.java> 82174ac0 82174ac4 stw r12,-0x8(r1) (GhidraScript)  
INFO  FindStoresAtDisplacement.java> 82174d68 82174d6c stw r12,-0x8(r1) (GhidraScript)  
INFO  FindStoresAtDisplacement.java> 82175308 8217530c stw r12,-0x8(r1) (GhidraScript)  
INFO  FindStoresAtDisplacement.java> 82175350 82175354 stw r12,-0x8(r1) (GhidraScript)  
INFO  FindStoresAtDisplacement.java> 82175350 821753d4 stw r9,0x2948(r3) (GhidraScript)  
INFO  FindStoresAtDisplacement.java> 82175568 8217556c stw r12,-0x8(r1) (GhidraScript)  
INFO  FindStoresAtDisplacement.java> 82175568 82175604 stw r10,0x2948(r3) (GhidraScript)  
INFO  FindStoresAtDisplacement.java> 82175680 82175684 stw r12,-0x8(r1) (GhidraScript)  
INFO  FindStoresAtDisplacement.java> 82175ef0 82175ef4 stw r12,-0x8(r1) (GhidraScript)  
INFO  FindStoresAtDisplacement.java> 82175f48 82175f4c stw r12,-0x8(r1) (GhidraScript)  
INFO  FindStoresAtDisplacement.java> 82175fc0 82175fc4 stw r12,-0x8(r1) (GhidraScript)  
INFO  FindStoresAtDisplacement.java> 82176038 8217603c stw r12,-0x8(r1) (GhidraScript)  
INFO  FindStoresAtDisplacement.java> 821760b0 821760b4 stw r12,-0x8(r1) (GhidraScript)  
INFO  FindStoresAtDisplacement.java> 82176128 8217612c stw r12,-0x8(r1) (GhidraScript)  
INFO  FindStoresAtDisplacement.java> 821761a0 821761a4 stw r12,-0x8(r1) (GhidraScript)  
INFO  FindStoresAtDisplacement.java> 82176218 8217621c stw r12,-0x8(r1) (GhidraScript)  
INFO  FindStoresAtDisplacement.java> 82176290 82176294 stw r12,-0x8(r1) (GhidraScript)  
INFO  FindStoresAtDisplacement.java> 82176308 8217630c stw r12,-0x8(r1) (GhidraScript)  
INFO  FindStoresAtDisplacement.java> 82176380 82176384 stw r12,-0x8(r1) (GhidraScript)  
INFO  FindStoresAtDisplacement.java> 821763f8 821763fc stw r12,-0x8(r1) (GhidraScript)  
INFO  FindStoresAtDisplacement.java> 82176470 82176474 stw r12,-0x8(r1) (GhidraScript)  
INFO  FindStoresAtDisplacement.java> 821764e8 821764ec stw r12,-0x8(r1) (GhidraScript)  
INFO  FindStoresAtDisplacement.java> 821778c8 821778cc stw r12,-0x8(r1) (GhidraScript)  
INFO  FindStoresAtDisplacement.java> 821778c8 82177b34 stw r11,0x98(r30) (GhidraScript)  
INFO  FindStoresAtDisplacement.java> 821778c8 82177c04 stw r11,0x88(r30) (GhidraScript)  
INFO  FindStoresAtDisplacement.java> 82178198 8217819c stw r12,-0x8(r1) (GhidraScript)  
INFO  FindStoresAtDisplacement.java> 82178198 82178268 stw r10,0x8(r30) (GhidraScript)  
INFO  FindStoresAtDisplacement.java> 821783c8 821783cc stw r12,-0x8(r1) (GhidraScript)  
INFO  FindStoresAtDisplacement.java> 821783c8 82178430 stw r10,0x8(r30) (GhidraScript)  
INFO  FindStoresAtDisplacement.java> 821783c8 821784bc stw r11,0x28(r30) (GhidraScript)  
INFO  FindStoresAtDisplacement.java> 82178558 8217855c stw r12,-0x8(r1) (GhidraScript)  
INFO  FindStoresAtDisplacement.java> 82178700 82178704 stw r12,-0x8(r1) (GhidraScript)  
INFO  FindStoresAtDisplacement.java> 82178700 82178804 stw r10,0x28(r30) (GhidraScript)  
INFO  FindStoresAtDisplacement.java> 82178700 821788d4 stw r10,0x8(r30) (GhidraScript)  
INFO  FindStoresAtDisplacement.java> 82178700 82178968 stw r11,0x18(r30) (GhidraScript)  
INFO  FindStoresAtDisplacement.java> 821789a0 821789a4 stw r12,-0x8(r1) (GhidraScript)  
INFO  FindStoresAtDisplacement.java> 821789a0 82178b40 stw r10,0x8(r30) (GhidraScript)  
INFO  FindStoresAtDisplacement.java> 821789a0 82178ce0 stw r10,0x578(r30) (GhidraScript)  
INFO  FindStoresAtDisplacement.java> 821789a0 82178de4 stw r10,0x368(r30) (GhidraScript)  
INFO  FindStoresAtDisplacement.java> 821789a0 8217909c stw r10,0x358(r30) (GhidraScript)  
INFO  FindStoresAtDisplacement.java> 821789a0 821791c4 stw r11,0x348(r30) (GhidraScript)  
INFO  FindStoresAtDisplacement.java> 821789a0 8217921c stw r10,0x548(r30) (GhidraScript)  
INFO  FindStoresAtDisplacement.java> 821789a0 821792ec stw r10,0x558(r30) (GhidraScript)  
INFO  FindStoresAtDisplacement.java> 821789a0 82179320 stw r10,0x568(r30) (GhidraScript)  
INFO  FindStoresAtDisplacement.java> 82179480 82179484 stw r12,-0x8(r1) (GhidraScript)  
INFO  FindStoresAtDisplacement.java> 82179480 821795c8 stw r11,0x28(r30) (GhidraScript)  
INFO  FindStoresAtDisplacement.java> 82179480 821796c0 stw r10,0x38(r30) (GhidraScript)  
INFO  FindStoresAtDisplacement.java> 82179480 8217975c stw r10,0x18(r30) (GhidraScript)  
INFO  FindStoresAtDisplacement.java> 82179480 821797fc stw r10,0xa8(r30) (GhidraScript)  
INFO  FindStoresAtDisplacement.java> 82179480 82179828 stw r9,0xd8(r30) (GhidraScript)  
INFO  FindStoresAtDisplacement.java> 82179928 8217992c stw r12,-0x8(r1) (GhidraScript)  
INFO  FindStoresAtDisplacement.java> 82179928 821799f8 stw r10,0x18(r30) (GhidraScript)  
INFO  FindStoresAtDisplacement.java> 82179928 82179a90 stw r10,0x28(r30) (GhidraScript)  
INFO  FindStoresAtDisplacement.java> 82179928 82179afc stw r10,0x8(r30) (GhidraScript)  
INFO  FindStoresAtDisplacement.java> 82179928 82179c68 stw r10,0x38(r30) (GhidraScript)  
INFO  FindStoresAtDisplacement.java> 82179cd0 82179cd4 stw r12,-0x8(r1) (GhidraScript)  
INFO  FindStoresAtDisplacement.java> 82179cd0 82179e70 stw r10,0x8(r30) (GhidraScript)  
INFO  FindStoresAtDisplacement.java> 82179cd0 82179ed8 stw r10,0x28(r30) (GhidraScript)  
INFO  FindStoresAtDisplacement.java> 82179f50 82179f54 stw r12,-0x8(r1) (GhidraScript)  
INFO  FindStoresAtDisplacement.java> 82179f50 8217a080 stw r11,0x8(r30) (GhidraScript)  
INFO  FindStoresAtDisplacement.java> 82179f50 8217a0f0 stw r10,0x28(r30) (GhidraScript)  
INFO  FindStoresAtDisplacement.java> 8217a2a0 8217a2a4 stw r12,-0x8(r1) (GhidraScript)  
INFO  FindStoresAtDisplacement.java> 8217a2a0 8217a370 stw r10,0x18(r30) (GhidraScript)  
INFO  FindStoresAtDisplacement.java> 8217a2a0 8217a3d0 stw r11,0x48(r30) (GhidraScript)  
INFO  FindStoresAtDisplacement.java> 8217a2a0 8217a4dc stw r10,0x8(r30) (GhidraScript)  
INFO  FindStoresAtDisplacement.java> 8217a610 8217a614 stw r12,-0x8(r1) (GhidraScript)  
INFO  FindStoresAtDisplacement.java> 8217a610 8217a6e0 stw r10,0x8(r30) (GhidraScript)  
INFO  FindStoresAtDisplacement.java> 8217a748 8217a74c stw r12,-0x8(r1) (GhidraScript)  
INFO  FindStoresAtDisplacement.java> 8217a748 8217a818 stw r10,0x8(r30) (GhidraScript)  
INFO  FindStoresAtDisplacement.java> 8217a880 8217a884 stw r12,-0x8(r1) (GhidraScript)  
INFO  FindStoresAtDisplacement.java> 8217aab0 8217aab4 stw r12,-0x8(r1) (GhidraScript)  
INFO  FindStoresAtDisplacement.java> 8217aab0 8217ac84 stw r10,0xf8(r30) (GhidraScript)  
INFO  FindStoresAtDisplacement.java> 8217ad58 8217ad5c stw r12,-0x8(r1) (GhidraScript)  
INFO  FindStoresAtDisplacement.java> 8217ad58 8217ae28 stw r10,0x8(r30) (GhidraScript)  
INFO  FindStoresAtDisplacement.java> 8217ad58 8217ae90 stw r10,0x28(r30) (GhidraScript)  
INFO  FindStoresAtDisplacement.java> 8217b058 8217b05c stw r12,-0x8(r1) (GhidraScript)  
INFO  FindStoresAtDisplacement.java> 8217b058 8217b128 stw r10,0x18(r30) (GhidraScript)  
INFO  FindStoresAtDisplacement.java> 8217b250 8217b254 stw r12,-0x8(r1) (GhidraScript)  
INFO  FindStoresAtDisplacement.java> 8217b250 8217b2b8 stw r10,0x8(r30) (GhidraScript)  
INFO  FindStoresAtDisplacement.java> 8217b250 8217b3f0 stw r10,0x18(r30) (GhidraScript)  
INFO  FindStoresAtDisplacement.java> 8217b508 8217b50c stw r12,-0x8(r1) (GhidraScript)  
INFO  FindStoresAtDisplacement.java> 8217b508 8217b5d8 stw r10,0x8(r30) (GhidraScript)  
INFO  FindStoresAtDisplacement.java> 8217b508 8217b6a8 stw r10,0x18(r30) (GhidraScript)  
INFO  FindStoresAtDisplacement.java> 8217b7a8 8217b7ac stw r12,-0x8(r1) (GhidraScript)  
INFO  FindStoresAtDisplacement.java> 8217b9c0 8217b9c4 stw r12,-0x8(r1) (GhidraScript)  
INFO  FindStoresAtDisplacement.java> 8217b9c0 8217ba28 stw r10,0x8(r30) (GhidraScript)  
INFO  FindStoresAtDisplacement.java> 8217b9c0 8217bb28 stw r10,0x18(r30) (GhidraScript)  
INFO  FindStoresAtDisplacement.java> 8217b9c0 8217bbc8 stw r10,0x28(r30) (GhidraScript)  
INFO  FindStoresAtDisplacement.java> 8217bc10 8217bc14 stw r12,-0x8(r1) (GhidraScript)  
INFO  FindStoresAtDisplacement.java> 8217bc10 8217c0bc stw r10,0x118(r30) (GhidraScript)  
INFO  FindStoresAtDisplacement.java> 8217c1d0 8217c1d4 stw r12,-0x8(r1) (GhidraScript)  
INFO  FindStoresAtDisplacement.java> 8217c1d0 8217c67c stw r10,0x118(r30) (GhidraScript)  
INFO  FindStoresAtDisplacement.java> 8217c790 8217c794 stw r12,-0x8(r1) (GhidraScript)  
INFO  FindStoresAtDisplacement.java> 8217c790 8217c7f8 stw r10,0x8(r30) (GhidraScript)  
INFO  FindStoresAtDisplacement.java> 8217c9a8 8217c9ac stw r12,-0x8(r1) (GhidraScript)  
INFO  FindStoresAtDisplacement.java> 8217c9a8 8217ca04 stw r11,0x328(r30) (GhidraScript)  
INFO  FindStoresAtDisplacement.java> 8217cb00 8217cb04 stw r12,-0x8(r1) (GhidraScript)  
INFO  FindStoresAtDisplacement.java> 8217cb00 8217cb5c stw r11,0x328(r30) (GhidraScript)  
INFO  FindStoresAtDisplacement.java> 8217cc58 8217cc5c stw r12,-0x8(r1) (GhidraScript)  
INFO  FindStoresAtDisplacement.java> 8217cc58 8217cf30 stw r10,0x108(r30) (GhidraScript)  
INFO  FindStoresAtDisplacement.java> 8217cfc0 8217cfc4 stw r12,-0x8(r1) (GhidraScript)  
INFO  FindStoresAtDisplacement.java> 8217cfc0 8217d08c stw r9,0x338(r30) (GhidraScript)  
INFO  FindStoresAtDisplacement.java> 8217cfc0 8217d0e0 stw r8,0x348(r30) (GhidraScript)  
INFO  FindStoresAtDisplacement.java> 8217d6b0 8217d6e8 sth r9,-0x18(r1) (GhidraScript)  
INFO  FindStoresAtDisplacement.java> 8217d750 8217d754 stw r12,-0x8(r1) (GhidraScript)  
INFO  FindStoresAtDisplacement.java> 8217d750 8217d77c stw r9,0x58(r1) (GhidraScript)  
INFO  FindStoresAtDisplacement.java> 8217d750 8217d7a4 stw r11,0x58(r1) (GhidraScript)  
INFO  FindStoresAtDisplacement.java> 8217d750 8217d7d4 stw r11,0x58(r1) (GhidraScript)  
INFO  FindStoresAtDisplacement.java> 8217d750 8217d804 stw r11,0x58(r1) (GhidraScript)  
INFO  FindStoresAtDisplacement.java> 8217d750 8217d834 stw r11,0x58(r1) (GhidraScript)  
INFO  FindStoresAtDisplacement.java> 8217d750 8217d860 stw r11,0x58(r1) (GhidraScript)  
INFO  FindStoresAtDisplacement.java> 8217d750 8217d870 stw r11,0x58(r1) (GhidraScript)  
INFO  FindStoresAtDisplacement.java> 8217d750 8217d894 stw r11,0x58(r1) (GhidraScript)  
INFO  FindStoresAtDisplacement.java> 8217d750 8217d8c4 stw r11,0x58(r1) (GhidraScript)  
INFO  FindStoresAtDisplacement.java> 8217d750 8217d8ec stw r11,0x58(r1) (GhidraScript)  
INFO  FindStoresAtDisplacement.java> 8217d750 8217d8fc stw r11,0x58(r1) (GhidraScript)  
INFO  FindStoresAtDisplacement.java> 8217d750 8217d90c stw r11,0x58(r1) (GhidraScript)  
INFO  FindStoresAtDisplacement.java> 8217d750 8217d91c stw r11,0x58(r1) (GhidraScript)  
INFO  FindStoresAtDisplacement.java> 8217d750 8217d944 stw r11,0x88(r6) (GhidraScript)  
INFO  FindStoresAtDisplacement.java> 8217d750 8217d95c stw r11,0x58(r1) (GhidraScript)  
INFO  FindStoresAtDisplacement.java> 8217d750 8217d96c stw r11,0x58(r1) (GhidraScript)  
INFO  FindStoresAtDisplacement.java> 8217d750 8217d984 stw r11,0x58(r1) (GhidraScript)  
INFO  FindStoresAtDisplacement.java> 8217d750 8217d994 stw r11,0x58(r1) (GhidraScript)  
INFO  FindStoresAtDisplacement.java> 8217d750 8217d9ac stw r11,0x58(r1) (GhidraScript)  
INFO  FindStoresAtDisplacement.java> 8217d750 8217d9bc stw r11,0x58(r1) (GhidraScript)  
INFO  FindStoresAtDisplacement.java> 8217d750 8217d9d4 stw r11,0x58(r1) (GhidraScript)  
INFO  FindStoresAtDisplacement.java> 8217d750 8217d9e4 stw r11,0x58(r1) (GhidraScript)  
INFO  FindStoresAtDisplacement.java> 8217da00 8217da1c stw r9,-0x8(r1) (GhidraScript)  
INFO  FindStoresAtDisplacement.java> 8217da00 8217da44 stw r11,-0x8(r1) (GhidraScript)  
INFO  FindStoresAtDisplacement.java> 8217da00 8217da74 stw r11,-0x8(r1) (GhidraScript)  
INFO  FindStoresAtDisplacement.java> 8217da00 8217daa4 stw r11,-0x8(r1) (GhidraScript)  
INFO  FindStoresAtDisplacement.java> 8217da00 8217dacc stw r11,-0x8(r1) (GhidraScript)  
INFO  FindStoresAtDisplacement.java> 8217da00 8217dadc stw r11,0x48(r4) (GhidraScript)  
INFO  FindStoresAtDisplacement.java> 8217daf0 8217db1c sth r10,0x8(r11) (GhidraScript)  
INFO  FindStoresAtDisplacement.java> 8217daf0 8217dc8c sth r10,0x68(r11) (GhidraScript)  
INFO  FindStoresAtDisplacement.java> 8217dd38 8217dd3c stw r12,-0x8(r1) (GhidraScript)  
INFO  FindStoresAtDisplacement.java> 8217e378 8217e46c sth r10,0x38(r11) (GhidraScript)  
INFO  FindStoresAtDisplacement.java> 8217e4c8 8217e58c sth r10,0x28(r11) (GhidraScript)  
INFO  FindStoresAtDisplacement.java> 8217e6f8 8217e6fc stw r12,-0x8(r1) (GhidraScript)  
INFO  FindStoresAtDisplacement.java> 8217e838 8217e83c stw r12,-0x8(r1) (GhidraScript)  
INFO  FindStoresAtDisplacement.java> 8217e838 8217e8d0 sth r11,0x18(r31) (GhidraScript)  
INFO  FindStoresAtDisplacement.java> 8217eb98 8217ebe4 sth r10,0x8(r11) (GhidraScript)  
INFO  FindStoresAtDisplacement.java> 8217eb98 8217ec74 sth r10,0x38(r11) (GhidraScript)  
INFO  FindStoresAtDisplacement.java> 8217ecf0 8217eda4 sth r10,0x28(r11) (GhidraScript)  
INFO  FindStoresAtDisplacement.java> 8217f2c8 8217f34c sth r10,0x18(r11) (GhidraScript)  
INFO  FindStoresAtDisplacement.java> 8217f3f0 8217f3f4 stw r12,-0x8(r1) (GhidraScript)  
INFO  FindStoresAtDisplacement.java> 8217f3f0 8217f444 stw r11,0x28(r31) (GhidraScript)  
INFO  FindStoresAtDisplacement.java> 8217f4c8 8217f4cc stw r12,-0x8(r1) (GhidraScript)  
INFO  FindStoresAtDisplacement.java> 8217f4c8 8217f51c stw r11,0x28(r31) (GhidraScript)  
INFO  FindStoresAtDisplacement.java> 8217f5a0 8217f5a4 stw r12,-0x8(r1) (GhidraScript)  
INFO  FindStoresAtDisplacement.java> 8217f720 8217f72c stw r9,-0x8(r1) (GhidraScript)  
INFO  FindStoresAtDisplacement.java> 8217f720 8217f768 stw r10,-0x8(r1) (GhidraScript)  
INFO  FindStoresAtDisplacement.java> 8217f720 8217f798 stw r10,-0x8(r1) (GhidraScript)  
INFO  FindStoresAtDisplacement.java> 8217f720 8217f7c8 stw r10,-0x8(r1) (GhidraScript)  
INFO  FindStoresAtDisplacement.java> 8217f720 8217f7f8 stw r10,-0x8(r1) (GhidraScript)  
INFO  FindStoresAtDisplacement.java> 8217f720 8217f828 stw r10,-0x8(r1) (GhidraScript)  
INFO  FindStoresAtDisplacement.java> 8217f720 8217f854 stw r10,-0x8(r1) (GhidraScript)  
INFO  FindStoresAtDisplacement.java> 8217f720 8217f880 stw r10,-0x8(r1) (GhidraScript)  
INFO  FindStoresAtDisplacement.java> 8217f720 8217f890 stw r9,-0x8(r1) (GhidraScript)  
INFO  FindStoresAtDisplacement.java> 8217f720 8217f8b8 stw r10,-0x8(r1) (GhidraScript)  
INFO  FindStoresAtDisplacement.java> 8217f720 8217f8e8 stw r10,-0x8(r1) (GhidraScript)  
INFO  FindStoresAtDisplacement.java> 8217f720 8217f90c stw r10,-0x8(r1) (GhidraScript)  
INFO  FindStoresAtDisplacement.java> 8217f720 8217f91c stw r10,-0x8(r1) (GhidraScript)  
INFO  FindStoresAtDisplacement.java> 8217f720 8217f92c stw r10,-0x8(r1) (GhidraScript)  
INFO  FindStoresAtDisplacement.java> 8217f720 8217f93c stw r10,-0x8(r1) (GhidraScript)  
INFO  FindStoresAtDisplacement.java> 8217f720 8217f94c stw r10,-0x8(r1) (GhidraScript)  
INFO  FindStoresAtDisplacement.java> 8217f720 8217f9b4 stw r10,-0x8(r1) (GhidraScript)  
INFO  FindStoresAtDisplacement.java> 8217f720 8217f9c4 stw r10,-0x8(r1) (GhidraScript)  
INFO  FindStoresAtDisplacement.java> 8217f720 8217f9d4 stw r10,-0x8(r1) (GhidraScript)  
INFO  FindStoresAtDisplacement.java> 8217f720 8217f9e4 sth r10,0x8(r11) (GhidraScript)  
INFO  FindStoresAtDisplacement.java> 8217f720 8217f9ec stw r10,-0x8(r1) (GhidraScript)  
INFO  FindStoresAtDisplacement.java> 8217f720 8217f9fc stw r10,-0x8(r1) (GhidraScript)  
INFO  FindStoresAtDisplacement.java> 8217f720 8217fa14 stw r10,-0x8(r1) (GhidraScript)  
INFO  FindStoresAtDisplacement.java> 8217f720 8217fa24 stw r10,-0x8(r1) (GhidraScript)  
INFO  FindStoresAtDisplacement.java> 8217f720 8217fa34 stw r10,-0x8(r1) (GhidraScript)  
INFO  FindStoresAtDisplacement.java> 8217fa48 8217fa4c stw r12,-0x8(r1) (GhidraScript)  
INFO  FindStoresAtDisplacement.java> 8217fad8 8217fadc stw r12,-0x8(r1) (GhidraScript)  
INFO  FindStoresAtDisplacement.java> 8217fad8 8217fb34 stw r11,0xf8(r1) (GhidraScript)  
INFO  FindStoresAtDisplacement.java> 8217fad8 8217fb40 stw r11,0x288(r1) (GhidraScript)  
INFO  FindStoresAtDisplacement.java> 8217fad8 8217fb50 stw r11,0x58(r1) (GhidraScript)  
INFO  FindStoresAtDisplacement.java> 8217fad8 8217fb60 stw r11,0x68(r1) (GhidraScript)  
INFO  FindStoresAtDisplacement.java> 8217fbf0 8217fbf4 stw r12,-0x8(r1) (GhidraScript)  
INFO  FindStoresAtDisplacement.java> 8217fc80 8217fc84 stw r12,-0x8(r1) (GhidraScript)  
INFO  FindStoresAtDisplacement.java> 8217fc80 8217fcdc stw r11,0xf8(r1) (GhidraScript)  
INFO  FindStoresAtDisplacement.java> 8217fc80 8217fce8 stw r11,0x288(r1) (GhidraScript)  
INFO  FindStoresAtDisplacement.java> 8217fc80 8217fcf8 stw r11,0x58(r1) (GhidraScript)  
INFO  FindStoresAtDisplacement.java> 8217fc80 8217fd08 stw r11,0x68(r1) (GhidraScript)  
INFO  FindStoresAtDisplacement.java> 8217fd98 8217fd9c stw r12,-0x8(r1) (GhidraScript)  
INFO  FindStoresAtDisplacement.java> 8217fe00 8217fe04 stw r12,-0x8(r1) (GhidraScript)  
INFO  FindStoresAtDisplacement.java> 8217fe00 8217fe38 stw r11,0x8(r31) (GhidraScript)  
INFO  FindStoresAtDisplacement.java> 8217fe98 8217fe9c stw r12,-0x8(r1) (GhidraScript)  
INFO  FindStoresAtDisplacement.java> 8217fe98 8217feec stw r11,0xf8(r1) (GhidraScript)  
INFO  FindStoresAtDisplacement.java> 8217fe98 8217fef8 stw r11,0x288(r1) (GhidraScript)  
INFO  FindStoresAtDisplacement.java> 8217fe98 8217ff08 stw r11,0x58(r1) (GhidraScript)  
INFO  FindStoresAtDisplacement.java> 8217fe98 8217ff18 stw r11,0x68(r1) (GhidraScript)  
INFO  FindStoresAtDisplacement.java> 82180050 82180054 stw r12,-0x8(r1) (GhidraScript)  
INFO  FindStoresAtDisplacement.java> 821800b8 821800bc stw r12,-0x8(r1) (GhidraScript)  
INFO  FindStoresAtDisplacement.java> 821800b8 821801d4 sth r11,0x1fe8(r7) (GhidraScript)  
INFO  FindStoresAtDisplacement.java> 821800b8 82180204 stw r11,0x1ff8(r7) (GhidraScript)  
INFO  FindStoresAtDisplacement.java> 82180218 8218021c stw r12,-0x8(r1) (GhidraScript)  
INFO  FindStoresAtDisplacement.java> 82180218 8218026c stw r11,0x4d8(r1) (GhidraScript)  
INFO  FindStoresAtDisplacement.java> 82180218 82180278 stw r11,0x668(r1) (GhidraScript)  
INFO  FindStoresAtDisplacement.java> 82180218 82180288 stw r11,0x438(r1) (GhidraScript)  
INFO  FindStoresAtDisplacement.java> 82180218 82180298 stw r11,0x448(r1) (GhidraScript)  
INFO  FindStoresAtDisplacement.java> 82180218 821805b4 stw r3,0x3f8(r1) (GhidraScript)  
INFO  FindStoresAtDisplacement.java> 82180218 82180638 stw r11,0x418(r1) (GhidraScript)  
INFO  FindStoresAtDisplacement.java> 821806f0 821806f4 stw r12,-0x8(r1) (GhidraScript)  
INFO  FindStoresAtDisplacement.java> 82180758 8218075c stw r12,-0x8(r1) (GhidraScript)  
INFO  FindStoresAtDisplacement.java> 82180848 8218084c stw r12,-0x8(r1) (GhidraScript)  
INFO  FindStoresAtDisplacement.java> 82180848 821808a0 stw r11,0x178(r1) (GhidraScript)  
INFO  FindStoresAtDisplacement.java> 82180848 821808ac stw r11,0x308(r1) (GhidraScript)  
INFO  FindStoresAtDisplacement.java> 82180848 821808bc stw r11,0xd8(r1) (GhidraScript)  
INFO  FindStoresAtDisplacement.java> 82180848 821808cc stw r11,0xe8(r1) (GhidraScript)  
INFO  FindStoresAtDisplacement.java> 82180b28 82180b2c stw r12,-0x8(r1) (GhidraScript)  
INFO  FindStoresAtDisplacement.java> 82180b90 82180b94 stw r12,-0x8(r1) (GhidraScript)  
INFO  FindStoresAtDisplacement.java> 82180c80 82180c84 stw r12,-0x8(r1) (GhidraScript)  
INFO  FindStoresAtDisplacement.java> 82180c80 82180cd8 stw r11,0x178(r1) (GhidraScript)  
INFO  FindStoresAtDisplacement.java> 82180c80 82180ce4 stw r11,0x308(r1) (GhidraScript)  
INFO  FindStoresAtDisplacement.java> 82180c80 82180cf4 stw r11,0xd8(r1) (GhidraScript)  
INFO  FindStoresAtDisplacement.java> 82180c80 82180d04 stw r11,0xe8(r1) (GhidraScript)  
INFO  FindStoresAtDisplacement.java> 82180f60 82180f64 stw r12,-0x8(r1) (GhidraScript)  
INFO  FindStoresAtDisplacement.java> 82180fc8 82180fcc stw r12,-0x8(r1) (GhidraScript)  
INFO  FindStoresAtDisplacement.java> 82180fc8 821810e4 sth r11,0x1fe8(r7) (GhidraScript)  
INFO  FindStoresAtDisplacement.java> 82180fc8 82181114 stw r11,0x1ff8(r7) (GhidraScript)  
INFO  FindStoresAtDisplacement.java> 82181128 8218112c stw r12,-0x8(r1) (GhidraScript)  
INFO  FindStoresAtDisplacement.java> 82181128 8218117c stw r11,0x4d8(r1) (GhidraScript)  
INFO  FindStoresAtDisplacement.java> 82181128 82181188 stw r11,0x668(r1) (GhidraScript)  
INFO  FindStoresAtDisplacement.java> 82181128 82181198 stw r11,0x438(r1) (GhidraScript)  
INFO  FindStoresAtDisplacement.java> 82181128 821811a8 stw r11,0x448(r1) (GhidraScript)  
INFO  FindStoresAtDisplacement.java> 82181128 821814c4 stw r3,0x3f8(r1) (GhidraScript)  
INFO  FindStoresAtDisplacement.java> 82181128 82181548 stw r11,0x418(r1) (GhidraScript)  
INFO  FindStoresAtDisplacement.java> 82181600 82181604 stw r12,-0x8(r1) (GhidraScript)  
INFO  FindStoresAtDisplacement.java> 82181668 8218166c stw r12,-0x8(r1) (GhidraScript)  
INFO  FindStoresAtDisplacement.java> 82181758 8218175c stw r12,-0x8(r1) (GhidraScript)  
INFO  FindStoresAtDisplacement.java> 82181758 821817b0 stw r11,0x178(r1) (GhidraScript)  
INFO  FindStoresAtDisplacement.java> 82181758 821817bc stw r11,0x308(r1) (GhidraScript)  
INFO  FindStoresAtDisplacement.java> 82181758 821817cc stw r11,0xd8(r1) (GhidraScript)  
INFO  FindStoresAtDisplacement.java> 82181758 821817dc stw r11,0xe8(r1) (GhidraScript)  
INFO  FindStoresAtDisplacement.java> 82181a38 82181a3c stw r12,-0x8(r1) (GhidraScript)  
INFO  FindStoresAtDisplacement.java> 82181aa0 82181aa4 stw r12,-0x8(r1) (GhidraScript)  
INFO  FindStoresAtDisplacement.java> 82181b90 82181b94 stw r12,-0x8(r1) (GhidraScript)  
INFO  FindStoresAtDisplacement.java> 82181b90 82181be8 stw r11,0x178(r1) (GhidraScript)  
INFO  FindStoresAtDisplacement.java> 82181b90 82181bf4 stw r11,0x308(r1) (GhidraScript)  
INFO  FindStoresAtDisplacement.java> 82181b90 82181c04 stw r11,0xd8(r1) (GhidraScript)  
INFO  FindStoresAtDisplacement.java> 82181b90 82181c14 stw r11,0xe8(r1) (GhidraScript)  
INFO  FindStoresAtDisplacement.java> 82181e70 82181e74 stw r12,-0x8(r1) (GhidraScript)  
INFO  FindStoresAtDisplacement.java> 82181ed8 82181edc stw r12,-0x8(r1) (GhidraScript)  
INFO  FindStoresAtDisplacement.java> 82181ed8 821820b0 sth r8,0x28(r11) (GhidraScript)  
INFO  FindStoresAtDisplacement.java> 82181ed8 821821d4 stw r7,0x58(r1) (GhidraScript)  
INFO  FindStoresAtDisplacement.java> 82181ed8 821821fc stw r9,0x58(r1) (GhidraScript)  
INFO  FindStoresAtDisplacement.java> 82181ed8 8218220c stw r9,0x58(r1) (GhidraScript)  
INFO  FindStoresAtDisplacement.java> 82181ed8 82182224 stw r9,0x58(r1) (GhidraScript)  
INFO  FindStoresAtDisplacement.java> 82181ed8 82182234 stw r9,0x58(r1) (GhidraScript)  
INFO  FindStoresAtDisplacement.java> 82181ed8 82182254 stw r8,0x58(r1) (GhidraScript)  
INFO  FindStoresAtDisplacement.java> 82181ed8 82182264 stw r10,0x58(r1) (GhidraScript)  
INFO  FindStoresAtDisplacement.java> 82181ed8 82182274 stw r11,0x58(r1) (GhidraScript)  
INFO  FindStoresAtDisplacement.java> 82181ed8 8218228c stw r10,0x58(r1) (GhidraScript)  
INFO  FindStoresAtDisplacement.java> 82181ed8 8218229c stw r10,0x58(r1) (GhidraScript)  
INFO  FindStoresAtDisplacement.java> 82181ed8 821822ac stw r10,0x58(r1) (GhidraScript)  
INFO  FindStoresAtDisplacement.java> 82181ed8 821822bc stw r10,0x58(r1) (GhidraScript)  
INFO  FindStoresAtDisplacement.java> 82181ed8 821822cc stw r10,0x58(r1) (GhidraScript)  
INFO  FindStoresAtDisplacement.java> 82181ed8 821822dc stw r10,0x58(r1) (GhidraScript)  
INFO  FindStoresAtDisplacement.java> 82181ed8 821822ec stw r10,0x58(r1) (GhidraScript)  
INFO  FindStoresAtDisplacement.java> 82181ed8 82182304 stw r10,0x58(r1) (GhidraScript)  
INFO  FindStoresAtDisplacement.java> 82181ed8 82182314 stw r10,0x58(r1) (GhidraScript)  
INFO  FindStoresAtDisplacement.java> 82181ed8 82182324 sth r10,0x28(r11) (GhidraScript)  
INFO  FindStoresAtDisplacement.java> 82181ed8 8218232c stw r10,0x58(r1) (GhidraScript)  
INFO  FindStoresAtDisplacement.java> 82181ed8 8218233c stw r10,0x58(r1) (GhidraScript)  
INFO  FindStoresAtDisplacement.java> 82182370 82182374 stw r12,-0x8(r1) (GhidraScript)  
INFO  FindStoresAtDisplacement.java> 82182370 821823c8 stw r11,0xf8(r1) (GhidraScript)  
INFO  FindStoresAtDisplacement.java> 82182370 821823d4 stw r11,0x288(r1) (GhidraScript)  
INFO  FindStoresAtDisplacement.java> 82182370 821823e4 stw r11,0x58(r1) (GhidraScript)  
INFO  FindStoresAtDisplacement.java> 82182370 821823f4 stw r11,0x68(r1) (GhidraScript)  
INFO  FindStoresAtDisplacement.java> 821824a0 821824a4 stw r12,-0x8(r1) (GhidraScript)  
INFO  FindStoresAtDisplacement.java> 82182500 82182504 stw r12,-0x8(r1) (GhidraScript)  
INFO  FindStoresAtDisplacement.java> 82182500 8218255c stw r11,0x148(r1) (GhidraScript)  
INFO  FindStoresAtDisplacement.java> 82182500 82182568 stw r11,0x2d8(r1) (GhidraScript)  
INFO  FindStoresAtDisplacement.java> 82182500 82182578 stw r11,0xa8(r1) (GhidraScript)  
INFO  FindStoresAtDisplacement.java> 82182500 82182588 stw r11,0xb8(r1) (GhidraScript)  
INFO  FindStoresAtDisplacement.java> 821825f0 821825f4 stw r12,-0x8(r1) (GhidraScript)  
INFO  FindStoresAtDisplacement.java> 82182668 8218266c stw r12,-0x8(r1) (GhidraScript)  
INFO  FindStoresAtDisplacement.java> 82182668 82182868 sth r10,0x18(r11) (GhidraScript)  
INFO  FindStoresAtDisplacement.java> 82182950 82182954 stw r12,-0x8(r1) (GhidraScript)  
INFO  FindStoresAtDisplacement.java> 82182950 821829a4 stw r11,0xf8(r1) (GhidraScript)  
INFO  FindStoresAtDisplacement.java> 82182950 821829b0 stw r11,0x288(r1) (GhidraScript)  
INFO  FindStoresAtDisplacement.java> 82182950 821829c0 stw r11,0x58(r1) (GhidraScript)  
INFO  FindStoresAtDisplacement.java> 82182950 821829d0 stw r11,0x68(r1) (GhidraScript)  
INFO  FindStoresAtDisplacement.java> 82182ab8 82182abc stw r12,-0x8(r1) (GhidraScript)  
INFO  FindStoresAtDisplacement.java> 82182b38 82182b3c stw r12,-0x8(r1) (GhidraScript)  
INFO  FindStoresAtDisplacement.java> 82182d50 82182d54 stw r12,-0x8(r1) (GhidraScript)  
INFO  FindStoresAtDisplacement.java> 82182d50 82182da8 stw r11,0xf8(r1) (GhidraScript)  
INFO  FindStoresAtDisplacement.java> 82182d50 82182db4 stw r11,0x288(r1) (GhidraScript)  
INFO  FindStoresAtDisplacement.java> 82182d50 82182dc4 stw r11,0x58(r1) (GhidraScript)  
INFO  FindStoresAtDisplacement.java> 82182d50 82182dd4 stw r11,0x68(r1) (GhidraScript)  
INFO  FindStoresAtDisplacement.java> 82183258 8218325c stw r12,-0x8(r1) (GhidraScript)  
INFO  FindStoresAtDisplacement.java> 82183258 821832a0 stw r10,0x1378(r11) (GhidraScript)  
INFO  FindStoresAtDisplacement.java> 82183300 82183304 stw r12,-0x8(r1) (GhidraScript)  
INFO  FindStoresAtDisplacement.java> 82183348 8218334c stw r12,-0x8(r1) (GhidraScript)  
INFO  FindStoresAtDisplacement.java> 82183390 82183394 stw r12,-0x8(r1) (GhidraScript)  
INFO  FindStoresAtDisplacement.java> 821833d8 821833dc stw r12,-0x8(r1) (GhidraScript)  
INFO  FindStoresAtDisplacement.java> 82183578 8218357c stw r12,-0x8(r1) (GhidraScript)  
INFO  FindStoresAtDisplacement.java> 821835d8 821835dc stw r12,-0x8(r1) (GhidraScript)  
INFO  FindStoresAtDisplacement.java> 821835d8 82183634 stw r8,0x188(r11) (GhidraScript)  
INFO  FindStoresAtDisplacement.java> 82183738 8218373c stw r12,-0x8(r1) (GhidraScript)  
INFO  FindStoresAtDisplacement.java> 82183788 8218378c stw r12,-0x8(r1) (GhidraScript)  
INFO  FindStoresAtDisplacement.java> 82183918 8218391c stw r12,-0x8(r1) (GhidraScript)  
INFO  FindStoresAtDisplacement.java> 82183960 82183964 stw r12,-0x8(r1) (GhidraScript)  
INFO  FindStoresAtDisplacement.java> 82183960 82183a1c stw r9,0x1838(r31) (GhidraScript)  
INFO  FindStoresAtDisplacement.java> 82183a90 82183a94 stw r12,-0x8(r1) (GhidraScript)  
INFO  FindStoresAtDisplacement.java> 82183a90 82183ae4 stw r11,0x1898(r31) (GhidraScript)  
INFO  FindStoresAtDisplacement.java> 82183a90 82183aec stw r11,0x1838(r31) (GhidraScript)  
INFO  FindStoresAtDisplacement.java> 82183b30 82183b34 stw r12,-0x8(r1) (GhidraScript)  
INFO  FindStoresAtDisplacement.java> 82183b80 82183b84 stw r12,-0x8(r1) (GhidraScript)  
INFO  FindStoresAtDisplacement.java> 82183b80 82183c04 stw r11,0x18(r31) (GhidraScript)  
INFO  FindStoresAtDisplacement.java> 82183b80 82183c10 stw r8,0x8(r31) (GhidraScript)  
INFO  FindStoresAtDisplacement.java> 82183c30 82183c34 stw r12,-0x8(r1) (GhidraScript)  
INFO  FindStoresAtDisplacement.java> 82183c80 82183c84 stw r12,-0x8(r1) (GhidraScript)  
INFO  FindStoresAtDisplacement.java> 82183c80 82183cc4 stw r10,0x8(r31) (GhidraScript)  
INFO  FindStoresAtDisplacement.java> 82183c80 82183cd4 stw r7,0x18(r31) (GhidraScript)  
INFO  FindStoresAtDisplacement.java> 82183c80 82183d44 stw r11,-0x7758(r9) (GhidraScript)  
INFO  FindStoresAtDisplacement.java> 82183d88 82183d8c stw r12,-0x8(r1) (GhidraScript)  
INFO  FindStoresAtDisplacement.java> 82183dd0 82183dd4 stw r12,-0x8(r1) (GhidraScript)  
INFO  FindStoresAtDisplacement.java> 82184500 82184504 stw r12,-0x8(r1) (GhidraScript)  
INFO  FindStoresAtDisplacement.java> 821852d8 821852dc stw r12,-0x8(r1) (GhidraScript)  
INFO  FindStoresAtDisplacement.java> 82185328 8218532c stw r12,-0x8(r1) (GhidraScript)  
INFO  FindStoresAtDisplacement.java> 82185328 821853ac stw r11,0x18(r31) (GhidraScript)  
INFO  FindStoresAtDisplacement.java> 82185328 821853b8 stw r8,0x8(r31) (GhidraScript)  
INFO  FindStoresAtDisplacement.java> 821853d8 821853dc stw r12,-0x8(r1) (GhidraScript)  
INFO  FindStoresAtDisplacement.java> 82185548 8218554c stw r12,-0x8(r1) (GhidraScript)  
INFO  FindStoresAtDisplacement.java> 82185548 821855c4 stb r11,0x8(r31) (GhidraScript)  
INFO  FindStoresAtDisplacement.java> 821857a0 821857a4 stw r12,-0x8(r1) (GhidraScript)  
INFO  FindStoresAtDisplacement.java> 821862c8 821862cc stw r12,-0x8(r1) (GhidraScript)  
INFO  FindStoresAtDisplacement.java> 82186550 82186554 stw r12,-0x8(r1) (GhidraScript)  
INFO  FindStoresAtDisplacement.java> 82186a68 82186a6c stw r12,-0x8(r1) (GhidraScript)  
INFO  FindStoresAtDisplacement.java> 82186b00 82186b04 stw r12,-0x8(r1) (GhidraScript)  
INFO  FindStoresAtDisplacement.java> 82186b48 82186b4c stw r12,-0x8(r1) (GhidraScript)  
INFO  FindStoresAtDisplacement.java> 82186c70 82186c74 stw r12,-0x8(r1) (GhidraScript)  
INFO  FindStoresAtDisplacement.java> 82186e38 82186e3c stw r12,-0x8(r1) (GhidraScript)  
INFO  FindStoresAtDisplacement.java> 82186e38 82186e7c stw r11,0xf8(r1) (GhidraScript)  
INFO  FindStoresAtDisplacement.java> 82186e38 82186e88 stw r11,0x288(r1) (GhidraScript)  
INFO  FindStoresAtDisplacement.java> 82186e38 82186e98 stw r11,0x58(r1) (GhidraScript)  
INFO  FindStoresAtDisplacement.java> 82186e38 82186ea8 stw r11,0x68(r1) (GhidraScript)  
INFO  FindStoresAtDisplacement.java> 82186f00 82186f04 stw r12,-0x8(r1) (GhidraScript)  
INFO  FindStoresAtDisplacement.java> 821875e0 821875e4 stw r12,-0x8(r1) (GhidraScript)  
INFO  FindStoresAtDisplacement.java> 82187bf0 82187bf4 stw r12,-0x8(r1) (GhidraScript)  
INFO  FindStoresAtDisplacement.java> 82188210 82188214 stw r12,-0x8(r1) (GhidraScript)  
INFO  FindStoresAtDisplacement.java> 82188988 8218898c stw r12,-0x8(r1) (GhidraScript)  
INFO  FindStoresAtDisplacement.java> 8218a590 8218a594 stw r12,-0x8(r1) (GhidraScript)  
INFO  FindStoresAtDisplacement.java> 8218a690 8218a6b4 stb r9,0x68(r3) (GhidraScript)  
INFO  FindStoresAtDisplacement.java> 8218a7f0 8218a870 stw r8,0x58(r3) (GhidraScript)  
INFO  FindStoresAtDisplacement.java> 8218a978 8218a97c stw r12,-0x8(r1) (GhidraScript)  
INFO  FindStoresAtDisplacement.java> 8218aa08 8218aa0c stw r12,-0x8(r1) (GhidraScript)  
INFO  FindStoresAtDisplacement.java> 8218aa08 8218aa60 stw r30,0x298(r31) (GhidraScript)  
INFO  FindStoresAtDisplacement.java> 8218aa08 8218aaac stw r30,0x28(r11) (GhidraScript)  
INFO  FindStoresAtDisplacement.java> 8218aaf8 8218aafc stw r12,-0x8(r1) (GhidraScript)  
INFO  FindStoresAtDisplacement.java> 8218aca0 8218aca4 stw r12,-0x8(r1) (GhidraScript)  
INFO  FindStoresAtDisplacement.java> 8218bc08 8218bc0c stw r12,-0x8(r1) (GhidraScript)  
INFO  FindStoresAtDisplacement.java> 8218bda8 8218bdac stw r12,-0x8(r1) (GhidraScript)  
INFO  FindStoresAtDisplacement.java> 8218bda8 8218bde4 stw r11,0x268(r31) (GhidraScript)  
INFO  FindStoresAtDisplacement.java> 8218bda8 8218bdec stw r10,0x268(r31) (GhidraScript)  
INFO  FindStoresAtDisplacement.java> 8218be20 8218be24 stw r12,-0x8(r1) (GhidraScript)  
INFO  FindStoresAtDisplacement.java> 8218be70 8218be74 stw r12,-0x8(r1) (GhidraScript)  
INFO  FindStoresAtDisplacement.java> 8218be70 8218bea4 stw r11,0x268(r31) (GhidraScript)  
INFO  FindStoresAtDisplacement.java> 8218be70 8218beac stw r9,0x268(r31) (GhidraScript)  
INFO  FindStoresAtDisplacement.java> 8218be70 8218bef0 stw r10,0x18(r11) (GhidraScript)  
INFO  FindStoresAtDisplacement.java> 8218be70 8218bf04 stw r10,0x28(r11) (GhidraScript)  
INFO  FindStoresAtDisplacement.java> 8218cca8 8218ccac stw r12,-0x8(r1) (GhidraScript)  
INFO  FindStoresAtDisplacement.java> 8218cd80 8218cd84 stw r12,-0x8(r1) (GhidraScript)  
INFO  FindStoresAtDisplacement.java> 8218cd80 8218cdc4 stw r11,0x4e58(r10) (GhidraScript)  
INFO  FindStoresAtDisplacement.java> 8218cef0 8218cef4 stw r12,-0x8(r1) (GhidraScript)  
INFO  FindStoresAtDisplacement.java> 8218cef0 8218cf10 stw r9,0x48(r11) (GhidraScript)  
INFO  FindStoresAtDisplacement.java> 8218d060 8218d064 stw r12,-0x8(r1) (GhidraScript)  
INFO  FindStoresAtDisplacement.java> 8218d060 8218d09c stw r11,0x4e58(r10) (GhidraScript)  
INFO  FindStoresAtDisplacement.java> 8218d0f0 8218d0f4 stw r12,-0x8(r1) (GhidraScript)  
INFO  FindStoresAtDisplacement.java> 8218d138 8218d13c stw r12,-0x8(r1) (GhidraScript)  
INFO  FindStoresAtDisplacement.java> 8218d138 8218d184 stb r30,0x8(r31) (GhidraScript)  
INFO  FindStoresAtDisplacement.java> 8218d138 8218d19c stw r30,0x18(r31) (GhidraScript)  
INFO  FindStoresAtDisplacement.java> 8218d138 8218d1bc stw r30,0x38(r31) (GhidraScript)  
INFO  FindStoresAtDisplacement.java> 8218d138 8218d1cc stw r10,0x48(r31) (GhidraScript)  
INFO  FindStoresAtDisplacement.java> 8218d218 8218d21c stw r12,-0x8(r1) (GhidraScript)  
INFO  FindStoresAtDisplacement.java> 8218d598 8218d59c stw r12,-0x8(r1) (GhidraScript)  
INFO  FindStoresAtDisplacement.java> 8218d598 8218d5b4 stw r11,0x48(r31) (GhidraScript)  
INFO  FindStoresAtDisplacement.java> 8218d598 8218d5fc stw r11,0x48(r31) (GhidraScript)  
INFO  FindStoresAtDisplacement.java> 8218d628 8218d62c stw r12,-0x8(r1) (GhidraScript)  
INFO  FindStoresAtDisplacement.java> 8218d628 8218d658 stw r10,0x268(r31) (GhidraScript)  
INFO  FindStoresAtDisplacement.java> 8218d690 8218d694 stw r12,-0x8(r1) (GhidraScript)  
INFO  FindStoresAtDisplacement.java> 8218d690 8218d728 stw r10,0x48(r31) (GhidraScript)  
INFO  FindStoresAtDisplacement.java> 8218f2f8 8218f2fc stw r12,-0x8(r1) (GhidraScript)  
INFO  FindStoresAtDisplacement.java> 8218f2f8 8218f32c stw r11,0x268(r31) (GhidraScript)  
INFO  FindStoresAtDisplacement.java> 8218f2f8 8218f334 stw r9,0x268(r31) (GhidraScript)  
INFO  FindStoresAtDisplacement.java> 8218f7f8 8218f7fc stw r12,-0x8(r1) (GhidraScript)  
INFO  FindStoresAtDisplacement.java> 8218f898 8218f89c stw r12,-0x8(r1) (GhidraScript)  
INFO  FindStoresAtDisplacement.java> 8218f998 8218f99c stw r12,-0x8(r1) (GhidraScript)  
INFO  FindStoresAtDisplacement.java> 8218f998 8218f9b8 stw r9,0x48(r11) (GhidraScript)  
INFO  FindStoresAtDisplacement.java> 8218f9e8 8218f9ec stw r12,-0x8(r1) (GhidraScript)  
INFO  FindStoresAtDisplacement.java> 8218f9e8 8218fa08 stw r11,0x48(r30) (GhidraScript)  
INFO  FindStoresAtDisplacement.java> 8218f9e8 8218fa74 stw r11,0x48(r30) (GhidraScript)  
INFO  FindStoresAtDisplacement.java> 8218fb68 8218fb6c stw r12,-0x8(r1) (GhidraScript)  
INFO  FindStoresAtDisplacement.java> 8218fb68 8218fb9c stw r9,0x268(r31) (GhidraScript)  
INFO  FindStoresAtDisplacement.java> 8218fb68 8218fbc8 stw r7,0x268(r31) (GhidraScript)  
INFO  FindStoresAtDisplacement.java> 8218fb68 8218fbf0 stw r10,0x8(r11) (GhidraScript)  
INFO  FindStoresAtDisplacement.java> 8218fb68 8218fc00 stw r10,0x28(r11) (GhidraScript)  
INFO  FindStoresAtDisplacement.java> 8218fc38 8218fc3c stw r12,-0x8(r1) (GhidraScript)  
INFO  FindStoresAtDisplacement.java> 8218fc88 8218fc8c stw r12,-0x8(r1) (GhidraScript)  
INFO  FindStoresAtDisplacement.java> 8218fc88 8218fccc stw r10,0x268(r31) (GhidraScript)  
INFO  FindStoresAtDisplacement.java> 8218fd08 8218fd0c stw r12,-0x8(r1) (GhidraScript)  
INFO  FindStoresAtDisplacement.java> 8218fd08 8218fd60 stw r10,0x48(r31) (GhidraScript)  
INFO  FindStoresAtDisplacement.java> 82190038 8219003c stw r12,-0x8(r1) (GhidraScript)  
INFO  FindStoresAtDisplacement.java> 821900d0 821900d4 stw r12,-0x8(r1) (GhidraScript)  
INFO  FindStoresAtDisplacement.java> 821903a0 821903a4 stw r12,-0x8(r1) (GhidraScript)  
INFO  FindStoresAtDisplacement.java> 82190498 8219049c stw r12,-0x8(r1) (GhidraScript)  
INFO  FindStoresAtDisplacement.java> 82190498 821904c8 stw r10,0x268(r31) (GhidraScript)  
INFO  FindStoresAtDisplacement.java> 82190738 8219073c stw r12,-0x8(r1) (GhidraScript)  
INFO  FindStoresAtDisplacement.java> 82190738 82190774 stw r11,0xd8(r31) (GhidraScript)  
INFO  FindStoresAtDisplacement.java> 821912b8 821912bc stw r12,-0x8(r1) (GhidraScript)  
INFO  FindStoresAtDisplacement.java> 82191338 8219133c stw r12,-0x8(r1) (GhidraScript)  
INFO  FindStoresAtDisplacement.java> 821913b8 821913bc stw r12,-0x8(r1) (GhidraScript)  
INFO  FindStoresAtDisplacement.java> 821913b8 821913ec stw r11,0x268(r31) (GhidraScript)  
INFO  FindStoresAtDisplacement.java> 821913b8 821913f4 stw r9,0x268(r31) (GhidraScript)  
INFO  FindStoresAtDisplacement.java> 82191438 8219143c stw r12,-0x8(r1) (GhidraScript)  
INFO  FindStoresAtDisplacement.java> 82191438 821914d0 stw r10,0x48(r31) (GhidraScript)  
INFO  FindStoresAtDisplacement.java> 821916c8 821916cc stw r12,-0x8(r1) (GhidraScript)  
INFO  FindStoresAtDisplacement.java> 82191750 82191754 stw r12,-0x8(r1) (GhidraScript)  
INFO  FindStoresAtDisplacement.java> 82192058 8219205c stw r12,-0x8(r1) (GhidraScript)  
INFO  FindStoresAtDisplacement.java> 82192058 8219209c stw r9,0x268(r31) (GhidraScript)  
INFO  FindStoresAtDisplacement.java> 821923e8 821923ec stw r12,-0x8(r1) (GhidraScript)  
INFO  FindStoresAtDisplacement.java> 821923e8 82192410 stw r10,0x55c8(r30) (GhidraScript)  
INFO  FindStoresAtDisplacement.java> 821923e8 82192450 stw r8,0x188(r11) (GhidraScript)  
INFO  FindStoresAtDisplacement.java> 821925d0 821925d4 stw r12,-0x8(r1) (GhidraScript)  
INFO  FindStoresAtDisplacement.java> 821925d0 821926dc stw r11,0x2a8(r31) (GhidraScript)  
INFO  FindStoresAtDisplacement.java> 821925d0 82192718 stw r11,0x2a8(r31) (GhidraScript)  
INFO  FindStoresAtDisplacement.java> 821937d8 821937dc stw r12,-0x8(r1) (GhidraScript)  
INFO  FindStoresAtDisplacement.java> 821937d8 8219380c stw r11,0x268(r31) (GhidraScript)  
INFO  FindStoresAtDisplacement.java> 821937d8 82193814 stw r9,0x268(r31) (GhidraScript)  
INFO  FindStoresAtDisplacement.java> 821937d8 82193830 stb r11,0xe58(r31) (GhidraScript)  
INFO  FindStoresAtDisplacement.java> 82193a58 82193a5c stw r12,-0x8(r1) (GhidraScript)  
INFO  FindStoresAtDisplacement.java> 82194338 8219433c stw r12,-0x8(r1) (GhidraScript)  
INFO  FindStoresAtDisplacement.java> 821943f8 821943fc stw r12,-0x8(r1) (GhidraScript)  
INFO  FindStoresAtDisplacement.java> 821943f8 82194424 stw r9,0x48(r11) (GhidraScript)  
INFO  FindStoresAtDisplacement.java> 82194610 82194614 stw r12,-0x8(r1) (GhidraScript)  
INFO  FindStoresAtDisplacement.java> 82194708 8219470c stw r12,-0x8(r1) (GhidraScript)  
INFO  FindStoresAtDisplacement.java> 821947e8 821947ec stw r12,-0x8(r1) (GhidraScript)  
INFO  FindStoresAtDisplacement.java> 821947e8 8219481c stw r10,0x268(r31) (GhidraScript)  
INFO  FindStoresAtDisplacement.java> 821947e8 82194830 stw r8,0x268(r31) (GhidraScript)  
INFO  FindStoresAtDisplacement.java> 82194858 8219485c stw r12,-0x8(r1) (GhidraScript)  
INFO  FindStoresAtDisplacement.java> 82194858 82194888 stw r10,0x268(r31) (GhidraScript)  
INFO  FindStoresAtDisplacement.java> 821948c0 821948c4 stw r12,-0x8(r1) (GhidraScript)  
INFO  FindStoresAtDisplacement.java> 82194920 82194924 stw r12,-0x8(r1) (GhidraScript)  
INFO  FindStoresAtDisplacement.java> 82195778 8219577c stw r12,-0x8(r1) (GhidraScript)  
INFO  FindStoresAtDisplacement.java> 82195b38 82195b3c stw r12,-0x8(r1) (GhidraScript)  
INFO  FindStoresAtDisplacement.java> 82195c68 82195c6c stw r12,-0x8(r1) (GhidraScript)  
INFO  FindStoresAtDisplacement.java> 82195cc8 82195ccc stw r12,-0x8(r1) (GhidraScript)  
INFO  FindStoresAtDisplacement.java> 82195d98 82195d9c stw r12,-0x8(r1) (GhidraScript)  
INFO  FindStoresAtDisplacement.java> 82195de8 82195dec stw r12,-0x8(r1) (GhidraScript)  
INFO  FindStoresAtDisplacement.java> 82195e38 82195e3c stw r12,-0x8(r1) (GhidraScript)  
INFO  FindStoresAtDisplacement.java> 82195ef8 82195efc stw r12,-0x8(r1) (GhidraScript)  
INFO  FindStoresAtDisplacement.java> 82195ef8 82195f2c stw r9,0x268(r31) (GhidraScript)  
INFO  FindStoresAtDisplacement.java> 82195ef8 82195f58 stw r7,0x268(r31) (GhidraScript)  
INFO  FindStoresAtDisplacement.java> 82195ef8 82195f80 stw r10,0x8(r11) (GhidraScript)  
INFO  FindStoresAtDisplacement.java> 82195ef8 82195f90 stw r10,0x28(r11) (GhidraScript)  
INFO  FindStoresAtDisplacement.java> 82196050 82196054 stw r12,-0x8(r1) (GhidraScript)  
INFO  FindStoresAtDisplacement.java> 82196050 82196090 stw r10,0x48(r31) (GhidraScript)  
INFO  FindStoresAtDisplacement.java> 82196300 82196304 stw r12,-0x8(r1) (GhidraScript)  
INFO  FindStoresAtDisplacement.java> 82196430 82196434 stw r12,-0x8(r1) (GhidraScript)  
INFO  FindStoresAtDisplacement.java> 82196430 82196498 stw r11,0x8(r3) (GhidraScript)  
INFO  FindStoresAtDisplacement.java> 82196508 82196548 stw r4,0x18(r3) (GhidraScript)  
INFO  FindStoresAtDisplacement.java> 82196598 8219659c stw r12,-0x8(r1) (GhidraScript)  
INFO  FindStoresAtDisplacement.java> 82196598 821965cc stw r11,0x268(r31) (GhidraScript)  
INFO  FindStoresAtDisplacement.java> 82196598 821965d4 stw r9,0x268(r31) (GhidraScript)  
INFO  FindStoresAtDisplacement.java> 821966f0 821966f4 stw r12,-0x8(r1) (GhidraScript)  
INFO  FindStoresAtDisplacement.java> 821966f0 82196728 stw r11,0x48(r30) (GhidraScript)  
INFO  FindStoresAtDisplacement.java> 821966f0 82196744 stw r10,0x18(r11) (GhidraScript)  
INFO  FindStoresAtDisplacement.java> 82196d20 82196d24 stw r12,-0x8(r1) (GhidraScript)  
INFO  FindStoresAtDisplacement.java> 82196d20 82196da8 stw r10,0x78(r11) (GhidraScript)  
INFO  FindStoresAtDisplacement.java> 82196df0 82196df4 stw r12,-0x8(r1) (GhidraScript)  
INFO  FindStoresAtDisplacement.java> 82196df0 82196e24 stw r11,0x268(r31) (GhidraScript)  
INFO  FindStoresAtDisplacement.java> 82196df0 82196e2c stw r9,0x268(r31) (GhidraScript)  
INFO  FindStoresAtDisplacement.java> 82196e48 82196e4c stw r12,-0x8(r1) (GhidraScript)  
INFO  FindStoresAtDisplacement.java> 82196e48 82196ee0 stw r10,0x48(r31) (GhidraScript)  
INFO  FindStoresAtDisplacement.java> 82197080 82197084 stw r12,-0x8(r1) (GhidraScript)  
INFO  FindStoresAtDisplacement.java> 82197080 821970b4 stw r11,0x268(r31) (GhidraScript)  
INFO  FindStoresAtDisplacement.java> 82197080 821970bc stw r9,0x268(r31) (GhidraScript)  
INFO  FindStoresAtDisplacement.java> 821970d8 821970dc stw r12,-0x8(r1) (GhidraScript)  
INFO  FindStoresAtDisplacement.java> 821970d8 82197170 stw r10,0x48(r31) (GhidraScript)  
INFO  FindStoresAtDisplacement.java> 82197ab0 82197ab4 stw r12,-0x8(r1) (GhidraScript)  
INFO  FindStoresAtDisplacement.java> 82197b00 82197b04 stw r12,-0x8(r1) (GhidraScript)  
INFO  FindStoresAtDisplacement.java> 82197b00 82197b34 stw r11,0x268(r31) (GhidraScript)  
INFO  FindStoresAtDisplacement.java> 82197b00 82197b3c stw r9,0x268(r31) (GhidraScript)  
INFO  FindStoresAtDisplacement.java> 82197b58 82197b5c stw r12,-0x8(r1) (GhidraScript)  
INFO  FindStoresAtDisplacement.java> 82197b58 82197bf0 stw r10,0x48(r31) (GhidraScript)  
INFO  FindStoresAtDisplacement.java> 82197c08 82197c0c stw r12,-0x8(r1) (GhidraScript)  
INFO  FindStoresAtDisplacement.java> 82197c08 82197c3c stw r11,0x48(r31) (GhidraScript)  
INFO  FindStoresAtDisplacement.java> 82197c08 82197ce0 stw r10,0x18(r11) (GhidraScript)  
INFO  FindStoresAtDisplacement.java> 82197f18 82197f1c stw r12,-0x8(r1) (GhidraScript)  
INFO  FindStoresAtDisplacement.java> 82197f18 82197f4c stw r11,0x268(r31) (GhidraScript)  
INFO  FindStoresAtDisplacement.java> 82197f18 82197f54 stw r9,0x268(r31) (GhidraScript)  
INFO  FindStoresAtDisplacement.java> 82197fa0 82197fa4 stw r12,-0x8(r1) (GhidraScript)  
INFO  FindStoresAtDisplacement.java> 82197fa0 82198038 stw r10,0x48(r31) (GhidraScript)  
INFO  FindStoresAtDisplacement.java> 82198050 82198054 stw r12,-0x8(r1) (GhidraScript)  
INFO  FindStoresAtDisplacement.java> 82198050 82198084 stw r11,0x48(r31) (GhidraScript)  
INFO  FindStoresAtDisplacement.java> 82198050 821980a0 stw r10,0x18(r11) (GhidraScript)  
INFO  FindStoresAtDisplacement.java> 821981b8 821981bc stw r12,-0x8(r1) (GhidraScript)  
INFO  FindStoresAtDisplacement.java> 82198700 82198704 stw r12,-0x8(r1) (GhidraScript)  
INFO  FindStoresAtDisplacement.java> 821987c0 821987c4 stw r12,-0x8(r1) (GhidraScript)  
INFO  FindStoresAtDisplacement.java> 821987c0 821987f8 stw r9,0x268(r31) (GhidraScript)  
INFO  FindStoresAtDisplacement.java> 821987c0 82198820 stw r7,0x268(r31) (GhidraScript)  
INFO  FindStoresAtDisplacement.java> 821987c0 8219884c stw r10,0x8(r11) (GhidraScript)  
INFO  FindStoresAtDisplacement.java> 821987c0 8219885c stw r10,0x28(r11) (GhidraScript)  
INFO  FindStoresAtDisplacement.java> 821987c0 82198880 stw r7,0x2b8(r31) (GhidraScript)  
INFO  FindStoresAtDisplacement.java> 82198898 8219889c stw r12,-0x8(r1) (GhidraScript)  
INFO  FindStoresAtDisplacement.java> 82198898 821988dc stw r10,0x268(r31) (GhidraScript)  
INFO  FindStoresAtDisplacement.java> 82198930 82198934 stw r12,-0x8(r1) (GhidraScript)  
INFO  FindStoresAtDisplacement.java> 82198930 821989c0 stw r10,0x48(r31) (GhidraScript)  
INFO  FindStoresAtDisplacement.java> 82198c60 82198c64 stw r12,-0x8(r1) (GhidraScript)  
INFO  FindStoresAtDisplacement.java> 82198d08 82198d0c stw r12,-0x8(r1) (GhidraScript)  
INFO  FindStoresAtDisplacement.java> 82198f38 82198f3c stw r12,-0x8(r1) (GhidraScript)  
INFO  FindStoresAtDisplacement.java> 82198f38 82198f70 stw r11,0x268(r31) (GhidraScript)  
INFO  FindStoresAtDisplacement.java> 82198f38 82198f78 stw r9,0x268(r31) (GhidraScript)  
INFO  FindStoresAtDisplacement.java> 82198f98 82198f9c stw r12,-0x8(r1) (GhidraScript)  
INFO  FindStoresAtDisplacement.java> 82198f98 82199018 stw r10,0x48(r31) (GhidraScript)  
INFO  FindStoresAtDisplacement.java> 821990f0 821990f4 stw r12,-0x8(r1) (GhidraScript)  
INFO  FindStoresAtDisplacement.java> 82199168 8219916c stw r12,-0x8(r1) (GhidraScript)  
INFO  FindStoresAtDisplacement.java> 82199168 821991a0 stw r11,0x268(r31) (GhidraScript)  
INFO  FindStoresAtDisplacement.java> 82199168 821991a8 stw r9,0x268(r31) (GhidraScript)  
INFO  FindStoresAtDisplacement.java> 821991c8 821991cc stw r12,-0x8(r1) (GhidraScript)  
INFO  FindStoresAtDisplacement.java> 821991c8 82199248 stw r10,0x48(r31) (GhidraScript)  
INFO  FindStoresAtDisplacement.java> 821996d8 821996dc stw r12,-0x8(r1) (GhidraScript)  
INFO  FindStoresAtDisplacement.java> 82199720 82199724 stw r12,-0x8(r1) (GhidraScript)  
INFO  FindStoresAtDisplacement.java> 821999b0 821999b4 stw r12,-0x8(r1) (GhidraScript)  
INFO  FindStoresAtDisplacement.java> 821999b0 821999e4 stw r9,0x58(r1) (GhidraScript)  
INFO  FindStoresAtDisplacement.java> 821999b0 82199a04 stw r7,0x8(r10) (GhidraScript)  
INFO  FindStoresAtDisplacement.java> 82199a20 82199a24 stw r12,-0x8(r1) (GhidraScript)  
INFO  FindStoresAtDisplacement.java> 82199a70 82199a74 stw r12,-0x8(r1) (GhidraScript)  
INFO  FindStoresAtDisplacement.java> 82199b78 82199b7c stw r12,-0x8(r1) (GhidraScript)  
INFO  FindStoresAtDisplacement.java> 82199bd8 82199bdc stw r12,-0x8(r1) (GhidraScript)  
INFO  FindStoresAtDisplacement.java> 82199bd8 82199c14 stw r30,0x58(r1) (GhidraScript)  
INFO  FindStoresAtDisplacement.java> 82199bd8 82199c3c stw r30,0x288(r31) (GhidraScript)  
INFO  FindStoresAtDisplacement.java> 82199bd8 82199c50 stw r10,0x268(r31) (GhidraScript)  
INFO  FindStoresAtDisplacement.java> 82199bd8 82199c6c stw r9,0x78(r11) (GhidraScript)  
INFO  FindStoresAtDisplacement.java> 82199c90 82199c94 stw r12,-0x8(r1) (GhidraScript)  
INFO  FindStoresAtDisplacement.java> 82199c90 82199ccc stw r11,0x268(r31) (GhidraScript)  
INFO  FindStoresAtDisplacement.java> 82199c90 82199cd4 stw r10,0x268(r31) (GhidraScript)  
INFO  FindStoresAtDisplacement.java> 82199d08 82199d0c stw r12,-0x8(r1) (GhidraScript)  
INFO  FindStoresAtDisplacement.java> 82199d08 82199d2c stw r11,0x58(r1) (GhidraScript)  
INFO  FindStoresAtDisplacement.java> 82199da0 82199da4 stw r12,-0x8(r1) (GhidraScript)  
INFO  FindStoresAtDisplacement.java> 82199ed8 82199edc stw r12,-0x8(r1) (GhidraScript)  
INFO  FindStoresAtDisplacement.java> 8219a378 8219a37c stw r12,-0x8(r1) (GhidraScript)  
INFO  FindStoresAtDisplacement.java> 8219a378 8219a404 stw r30,0x18(r11) (GhidraScript)  
INFO  FindStoresAtDisplacement.java> 8219a378 8219a45c stw r30,0x18(r11) (GhidraScript)  
INFO  FindStoresAtDisplacement.java> 8219a378 8219a4b4 stw r30,0x18(r11) (GhidraScript)  
INFO  FindStoresAtDisplacement.java> 8219a378 8219a568 stw r11,0x58(r1) (GhidraScript)  
INFO  FindStoresAtDisplacement.java> 8219a678 8219a67c stw r12,-0x8(r1) (GhidraScript)  
INFO  FindStoresAtDisplacement.java> 8219a718 8219a71c stw r12,-0x8(r1) (GhidraScript)  
INFO  FindStoresAtDisplacement.java> 8219a718 8219a748 stw r3,0x8(r31) (GhidraScript)  
INFO  FindStoresAtDisplacement.java> 8219a7b8 8219a7bc stw r12,-0x8(r1) (GhidraScript)  
INFO  FindStoresAtDisplacement.java> 8219a7b8 8219a7e8 stw r3,0x8(r31) (GhidraScript)  
INFO  FindStoresAtDisplacement.java> 8219a848 8219a84c stw r12,-0x8(r1) (GhidraScript)  
INFO  FindStoresAtDisplacement.java> 8219a848 8219a878 stw r3,0x8(r31) (GhidraScript)  
INFO  FindStoresAtDisplacement.java> 8219a908 8219a90c stw r12,-0x8(r1) (GhidraScript)  
INFO  FindStoresAtDisplacement.java> 8219a908 8219a938 stw r3,0x8(r31) (GhidraScript)  
INFO  FindStoresAtDisplacement.java> 8219a908 8219aa50 stw r11,0x28(r31) (GhidraScript)  
INFO  FindStoresAtDisplacement.java> 8219a908 8219aa58 stw r10,0x28(r31) (GhidraScript)  
INFO  FindStoresAtDisplacement.java> 8219a908 8219aa74 stw r10,0x28(r31) (GhidraScript)  
INFO  FindStoresAtDisplacement.java> 8219a908 8219aa84 stw r11,0x28(r31) (GhidraScript)  
INFO  FindStoresAtDisplacement.java> 8219a908 8219aa90 stw r11,0x28(r31) (GhidraScript)  
INFO  FindStoresAtDisplacement.java> 8219a908 8219aabc stw r11,0x28(r31) (GhidraScript)  
INFO  FindStoresAtDisplacement.java> 8219aae8 8219aaec stw r12,-0x8(r1) (GhidraScript)  
INFO  FindStoresAtDisplacement.java> 8219aae8 8219ab14 stw r10,0x8(r3) (GhidraScript)  
INFO  FindStoresAtDisplacement.java> 8219ab58 8219ab5c stw r12,-0x8(r1) (GhidraScript)  
INFO  FindStoresAtDisplacement.java> 8219ab58 8219abb0 stw r10,0x8(r31) (GhidraScript)  
INFO  FindStoresAtDisplacement.java> 8219abf8 8219abfc stw r12,-0x8(r1) (GhidraScript)  
INFO  FindStoresAtDisplacement.java> 8219ac40 8219ac44 stw r12,-0x8(r1) (GhidraScript)  
INFO  FindStoresAtDisplacement.java> 8219ac88 8219ac8c stw r12,-0x8(r1) (GhidraScript)  
INFO  FindStoresAtDisplacement.java> 8219ac88 8219acc4 stw r6,0x8(r10) (GhidraScript)  
INFO  FindStoresAtDisplacement.java> 8219bd90 8219bd94 stw r12,-0x8(r1) (GhidraScript)  
INFO  FindStoresAtDisplacement.java> 821a37a8 821a37ac stw r12,-0x8(r1) (GhidraScript)  
INFO  FindStoresAtDisplacement.java> 821a43b0 821a43b4 stw r12,-0x8(r1) (GhidraScript)  
INFO  FindStoresAtDisplacement.java> 821a43b0 821a446c stw r10,0x1aa8(r7) (GhidraScript)  
INFO  FindStoresAtDisplacement.java> 821a4ae0 821a4ae4 stw r12,-0x8(r1) (GhidraScript)  
INFO  FindStoresAtDisplacement.java> 821a4ae0 821a4b14 stw r9,0x268(r31) (GhidraScript)  
INFO  FindStoresAtDisplacement.java> 821a4ae0 821a4b40 stw r7,0x268(r31) (GhidraScript)  
INFO  FindStoresAtDisplacement.java> 821a4ae0 821a4b68 stw r10,0x8(r11) (GhidraScript)  
INFO  FindStoresAtDisplacement.java> 821a4ae0 821a4b78 stw r10,0x28(r11) (GhidraScript)  
INFO  FindStoresAtDisplacement.java> 821a4bb0 821a4bb4 stw r12,-0x8(r1) (GhidraScript)  
INFO  FindStoresAtDisplacement.java> 821a4bb0 821a4bf4 stw r10,0x268(r31) (GhidraScript)  
INFO  FindStoresAtDisplacement.java> 821a4c30 821a4c34 stw r12,-0x8(r1) (GhidraScript)  
INFO  FindStoresAtDisplacement.java> 821a4c30 821a4cc4 stw r10,0x48(r31) (GhidraScript)  
INFO  FindStoresAtDisplacement.java> 821a4c30 821a4cd4 stw r11,0x2b8(r31) (GhidraScript)  
INFO  FindStoresAtDisplacement.java> 821a4fd8 821a4fdc stw r12,-0x8(r1) (GhidraScript)  
INFO  FindStoresAtDisplacement.java> 821a5268 821a526c stw r12,-0x8(r1) (GhidraScript)  
INFO  FindStoresAtDisplacement.java> 821a5360 821a5364 stw r12,-0x8(r1) (GhidraScript)  
INFO  FindStoresAtDisplacement.java> 821a53b8 821a53bc stw r12,-0x8(r1) (GhidraScript)  
INFO  FindStoresAtDisplacement.java> 821a53b8 821a53f0 stw r10,0x268(r31) (GhidraScript)  
INFO  FindStoresAtDisplacement.java> 821a53b8 821a53f8 stw r9,0x78(r11) (GhidraScript)  
INFO  FindStoresAtDisplacement.java> 821a5468 821a546c stw r12,-0x8(r1) (GhidraScript)  
INFO  FindStoresAtDisplacement.java> 821a5468 821a54a0 stw r10,0x268(r31) (GhidraScript)  
INFO  FindStoresAtDisplacement.java> 821a5468 821a54a8 stw r9,0x78(r11) (GhidraScript)  
INFO  FindStoresAtDisplacement.java> 821a5598 821a559c stw r12,-0x8(r1) (GhidraScript)  
INFO  FindStoresAtDisplacement.java> 821a5598 821a55d0 stw r10,0x268(r31) (GhidraScript)  
INFO  FindStoresAtDisplacement.java> 821a5598 821a55d8 stw r9,0x78(r11) (GhidraScript)  
INFO  FindStoresAtDisplacement.java> 821a56e8 821a56ec stw r12,-0x8(r1) (GhidraScript)  
INFO  FindStoresAtDisplacement.java> 821a56e8 821a571c stw r11,0x268(r31) (GhidraScript)  
INFO  FindStoresAtDisplacement.java> 821a56e8 821a5724 stw r9,0x268(r31) (GhidraScript)  
INFO  FindStoresAtDisplacement.java> 821a5750 821a5754 stw r12,-0x8(r1) (GhidraScript)  
INFO  FindStoresAtDisplacement.java> 821a5750 821a5780 stw r10,0x268(r31) (GhidraScript)  
INFO  FindStoresAtDisplacement.java> 821a57b0 821a57b4 stw r12,-0x8(r1) (GhidraScript)  
INFO  FindStoresAtDisplacement.java> 821a57b0 821a5874 stw r10,0x48(r31) (GhidraScript)  
INFO  FindStoresAtDisplacement.java> 821a5bd0 821a5bd4 stw r12,-0x8(r1) (GhidraScript)  
INFO  FindStoresAtDisplacement.java> 821a5c80 821a5c84 stw r12,-0x8(r1) (GhidraScript)  
INFO  FindStoresAtDisplacement.java> 821a5de0 821a5de4 stw r12,-0x8(r1) (GhidraScript)  
INFO  FindStoresAtDisplacement.java> 821a5de0 821a5e2c stw r11,0x48(r31) (GhidraScript)  
INFO  FindStoresAtDisplacement.java> 821a5e88 821a5e8c stw r12,-0x8(r1) (GhidraScript)  
INFO  FindStoresAtDisplacement.java> 821a5e88 821a5ea4 stw r11,0x4e58(r10) (GhidraScript)  
INFO  FindStoresAtDisplacement.java> 821a5ef8 821a5efc stw r12,-0x8(r1) (GhidraScript)  
INFO  FindStoresAtDisplacement.java> 821a5ef8 821a5f2c stw r9,0x268(r31) (GhidraScript)  
INFO  FindStoresAtDisplacement.java> 821a5ef8 821a5f58 stw r7,0x268(r31) (GhidraScript)  
INFO  FindStoresAtDisplacement.java> 821a5ef8 821a5f80 stw r10,0x8(r11) (GhidraScript)  
INFO  FindStoresAtDisplacement.java> 821a5ef8 821a5f90 stw r10,0x28(r11) (GhidraScript)  
INFO  FindStoresAtDisplacement.java> 821a5fc8 821a5fcc stw r12,-0x8(r1) (GhidraScript)  
INFO  FindStoresAtDisplacement.java> 821a5fc8 821a600c stw r10,0x268(r31) (GhidraScript)  
INFO  FindStoresAtDisplacement.java> 821a6048 821a604c stw r12,-0x8(r1) (GhidraScript)  
INFO  FindStoresAtDisplacement.java> 821a6048 821a60e4 stw r10,0x48(r31) (GhidraScript)  
INFO  FindStoresAtDisplacement.java> 821a6348 821a634c stw r12,-0x8(r1) (GhidraScript)  
INFO  FindStoresAtDisplacement.java> 821a6408 821a640c stw r12,-0x8(r1) (GhidraScript)  
INFO  FindStoresAtDisplacement.java> 821a65a8 821a65ac stw r12,-0x8(r1) (GhidraScript)  
INFO  FindStoresAtDisplacement.java> 821a6678 821a667c stw r12,-0x8(r1) (GhidraScript)  
INFO  FindStoresAtDisplacement.java> 821a6678 821a66bc stw r9,0x268(r31) (GhidraScript)  
INFO  FindStoresAtDisplacement.java> 821a7260 821a7264 stw r12,-0x8(r1) (GhidraScript)  
INFO  FindStoresAtDisplacement.java> 821a7260 821a7298 stw r11,0x268(r31) (GhidraScript)  
INFO  FindStoresAtDisplacement.java> 821a7260 821a72a0 stw r9,0x268(r31) (GhidraScript)  
INFO  FindStoresAtDisplacement.java> 821a7260 821a72a4 stw r8,0x288(r31) (GhidraScript)  
INFO  FindStoresAtDisplacement.java> 821a7968 821a796c stw r12,-0x8(r1) (GhidraScript)  
INFO  FindStoresAtDisplacement.java> 821a8c00 821a8c04 stw r12,-0x8(r1) (GhidraScript)  
INFO  FindStoresAtDisplacement.java> 821a8c00 821a8c6c stw r11,0x8(r31) (GhidraScript)  
INFO  FindStoresAtDisplacement.java> 821a8c88 821a8c8c stw r12,-0x8(r1) (GhidraScript)  
INFO  FindStoresAtDisplacement.java> 821a8c88 821a8cb8 stw r10,0x268(r31) (GhidraScript)  
INFO  FindStoresAtDisplacement.java> 821a8e28 821a8e2c stw r12,-0x8(r1) (GhidraScript)  
INFO  FindStoresAtDisplacement.java> 821a8eb0 821a8eb4 stw r12,-0x8(r1) (GhidraScript)  
INFO  FindStoresAtDisplacement.java> 821a91d8 821a91dc stw r12,-0x8(r1) (GhidraScript)  
INFO  FindStoresAtDisplacement.java> 821a9250 821a9254 stw r12,-0x8(r1) (GhidraScript)  
INFO  FindStoresAtDisplacement.java> 821a9360 821a9364 stw r12,-0x8(r1) (GhidraScript)  
INFO  FindStoresAtDisplacement.java> 821a9360 821a9390 stw r11,0x5578(r31) (GhidraScript)  
INFO  FindStoresAtDisplacement.java> 821a93e0 821a93e4 stw r12,-0x8(r1) (GhidraScript)  
INFO  FindStoresAtDisplacement.java> 821a94f8 821a94fc stw r12,-0x8(r1) (GhidraScript)  
INFO  FindStoresAtDisplacement.java> 821a95c8 821a95cc stw r12,-0x8(r1) (GhidraScript)  
INFO  FindStoresAtDisplacement.java> 821a9638 821a963c stw r12,-0x8(r1) (GhidraScript)  
INFO  FindStoresAtDisplacement.java> 821a9b70 821a9b74 stw r12,-0x8(r1) (GhidraScript)  
INFO  FindStoresAtDisplacement.java> 821aa048 821aa04c stw r12,-0x8(r1) (GhidraScript)  
INFO  FindStoresAtDisplacement.java> 821aa2e0 821aa2e4 stw r12,-0x8(r1) (GhidraScript)  
INFO  FindStoresAtDisplacement.java> 821aa520 821aa524 stw r12,-0x8(r1) (GhidraScript)  
INFO  FindStoresAtDisplacement.java> 821aa6d0 821aa6d4 stw r12,-0x8(r1) (GhidraScript)  
INFO  FindStoresAtDisplacement.java> 821aa6d0 821aa730 stw r11,0x8(r31) (GhidraScript)  
INFO  FindStoresAtDisplacement.java> 821aa750 821aa754 stw r12,-0x8(r1) (GhidraScript)  
INFO  FindStoresAtDisplacement.java> 821aa7d0 821aa7d4 stw r12,-0x8(r1) (GhidraScript)  
INFO  FindStoresAtDisplacement.java> 821aa7d0 821aa808 stw r11,0x268(r31) (GhidraScript)  
INFO  FindStoresAtDisplacement.java> 821aa7d0 821aa81c stw r8,0x268(r31) (GhidraScript)  
INFO  FindStoresAtDisplacement.java> 821aa7d0 821aa820 stw r10,0x288(r31) (GhidraScript)  
INFO  FindStoresAtDisplacement.java> 821aa7d0 821aa828 stw r7,0x78(r9) (GhidraScript)  
INFO  FindStoresAtDisplacement.java> 821aa7d0 821aa830 stb r10,0x98(r9) (GhidraScript)  
INFO  FindStoresAtDisplacement.java> 821aa890 821aa894 stw r12,-0x8(r1) (GhidraScript)  
INFO  FindStoresAtDisplacement.java> 821aa890 821aa8c8 stw r11,0x268(r31) (GhidraScript)  
INFO  FindStoresAtDisplacement.java> 821aa890 821aa8e0 stw r8,0x268(r31) (GhidraScript)  
INFO  FindStoresAtDisplacement.java> 821aa890 821aa8e4 stw r10,0x288(r31) (GhidraScript)  
INFO  FindStoresAtDisplacement.java> 821aa890 821aa8ec stw r7,0x78(r9) (GhidraScript)  
INFO  FindStoresAtDisplacement.java> 821aa890 821aa8f4 stb r10,0x98(r9) (GhidraScript)  
INFO  FindStoresAtDisplacement.java> 821aa958 821aa95c stw r12,-0x8(r1) (GhidraScript)  
INFO  FindStoresAtDisplacement.java> 821aa958 821aa98c stw r10,0x48(r31) (GhidraScript)  
INFO  FindStoresAtDisplacement.java> 821ac2a0 821ac2a4 stw r12,-0x8(r1) (GhidraScript)  
INFO  FindStoresAtDisplacement.java> 821ac2a0 821ac2dc stw r11,0x268(r31) (GhidraScript)  
INFO  FindStoresAtDisplacement.java> 821ac2a0 821ac2f0 stw r8,0x268(r31) (GhidraScript)  
INFO  FindStoresAtDisplacement.java> 821ac2a0 821ac2f8 stw r7,0x288(r31) (GhidraScript)  
INFO  FindStoresAtDisplacement.java> 821ac2a0 821ac300 stw r6,0x78(r9) (GhidraScript)  
INFO  FindStoresAtDisplacement.java> 821ac2a0 821ac308 stb r7,0x98(r9) (GhidraScript)  
INFO  FindStoresAtDisplacement.java> 821ac368 821ac36c stw r12,-0x8(r1) (GhidraScript)  
INFO  FindStoresAtDisplacement.java> 821ac368 821ac3a8 stw r11,0x278(r31) (GhidraScript)  
INFO  FindStoresAtDisplacement.java> 821ac368 821ac3d0 stw r10,0x55f8(r11) (GhidraScript)  
INFO  FindStoresAtDisplacement.java> 821ac368 821ac3f4 stw r11,0xc8(r9) (GhidraScript)  
INFO  FindStoresAtDisplacement.java> 821ac368 821ac43c stw r7,0x8(r30) (GhidraScript)  
INFO  FindStoresAtDisplacement.java> 821ac368 821ac468 stw r11,0x8(r30) (GhidraScript)  
INFO  FindStoresAtDisplacement.java> 821ad5e0 821ad5e4 stw r12,-0x8(r1) (GhidraScript)  
INFO  FindStoresAtDisplacement.java> 821ada40 821ada80 stw r11,0xd8(r3) (GhidraScript)  
INFO  FindStoresAtDisplacement.java> 821ada40 821ada9c stw r11,0xf8(r3) (GhidraScript)  
INFO  FindStoresAtDisplacement.java> 821ada40 821adac8 stw r11,0x128(r3) (GhidraScript)  
INFO  FindStoresAtDisplacement.java> 821ada40 821adae0 stw r11,0x138(r3) (GhidraScript)  
INFO  FindStoresAtDisplacement.java> 821ada40 821adaec stw r11,0x148(r3) (GhidraScript)  
INFO  FindStoresAtDisplacement.java> 821ada40 821adafc stw r11,0x158(r3) (GhidraScript)  
INFO  FindStoresAtDisplacement.java> 821ada40 821adb0c stw r11,0x168(r3) (GhidraScript)  
INFO  FindStoresAtDisplacement.java> 821ada40 821adb1c stw r11,0x178(r3) (GhidraScript)  
INFO  FindStoresAtDisplacement.java> 821ada40 821adb2c stw r11,0x188(r3) (GhidraScript)  
INFO  FindStoresAtDisplacement.java> 821adb38 821adb3c stw r12,-0x8(r1) (GhidraScript)  
INFO  FindStoresAtDisplacement.java> 821adbd0 821adbd4 stw r12,-0x8(r1) (GhidraScript)  
INFO  FindStoresAtDisplacement.java> 821adbd0 821adbf4 stw r11,0x8(r3) (GhidraScript)  
INFO  FindStoresAtDisplacement.java> 821adc30 821adc34 stw r12,-0x8(r1) (GhidraScript)  
INFO  FindStoresAtDisplacement.java> 821adc30 821adc68 stw r11,0x268(r31) (GhidraScript)  
INFO  FindStoresAtDisplacement.java> 821adc30 821adc70 stw r9,0x268(r31) (GhidraScript)  
INFO  FindStoresAtDisplacement.java> 821ade00 821ade04 stw r12,-0x8(r1) (GhidraScript)  
INFO  FindStoresAtDisplacement.java> 821ade00 821ade38 stw r11,0x48(r31) (GhidraScript)  
INFO  FindStoresAtDisplacement.java> 821ade00 821ade54 stw r10,0x18(r11) (GhidraScript)  
INFO  FindStoresAtDisplacement.java> 821adfb0 821adfb4 stw r12,-0x8(r1) (GhidraScript)  
INFO  FindStoresAtDisplacement.java> 821ae048 821ae04c stw r12,-0x8(r1) (GhidraScript)  
INFO  FindStoresAtDisplacement.java> 821ae140 821ae144 stw r12,-0x8(r1) (GhidraScript)  
INFO  FindStoresAtDisplacement.java> 821ae140 821ae170 stw r10,0x78(r11) (GhidraScript)  
INFO  FindStoresAtDisplacement.java> 821ae140 821ae1c0 stw r11,0x8(r3) (GhidraScript)  
INFO  FindStoresAtDisplacement.java> 821ae370 821ae374 stw r12,-0x8(r1) (GhidraScript)  
INFO  FindStoresAtDisplacement.java> 821ae370 821ae714 stw r3,0x8(r7) (GhidraScript)  
INFO  FindStoresAtDisplacement.java> 821ae370 821ae720 stw r11,0x8(r7) (GhidraScript)  
INFO  FindStoresAtDisplacement.java> 821ae748 821ae74c stw r12,-0x8(r1) (GhidraScript)  
INFO  FindStoresAtDisplacement.java> 821ae778 821ae77c stw r12,-0x8(r1) (GhidraScript)  
INFO  FindStoresAtDisplacement.java> 821aeb70 821aeb74 stw r12,-0x8(r1) (GhidraScript)  
INFO  FindStoresAtDisplacement.java> 821aeb70 821aeba4 stw r11,0x268(r31) (GhidraScript)  
INFO  FindStoresAtDisplacement.java> 821aeb70 821aebac stw r9,0x268(r31) (GhidraScript)  
INFO  FindStoresAtDisplacement.java> 821aeb70 821aebe4 stb r11,0x5a68(r31) (GhidraScript)  
INFO  FindStoresAtDisplacement.java> 821aec78 821aec7c stw r12,-0x8(r1) (GhidraScript)  
INFO  FindStoresAtDisplacement.java> 821aec78 821aed0c stw r10,0x48(r31) (GhidraScript)  
INFO  FindStoresAtDisplacement.java> 821aeff0 821aeff4 stw r12,-0x8(r1) (GhidraScript)  
INFO  FindStoresAtDisplacement.java> 821aeff0 821af058 stw r9,0x78(r1) (GhidraScript)  
INFO  FindStoresAtDisplacement.java> 821af2e0 821af2e4 stw r12,-0x8(r1) (GhidraScript)  
INFO  FindStoresAtDisplacement.java> 821af2e0 821af2fc stw r11,0x48(r31) (GhidraScript)  
INFO  FindStoresAtDisplacement.java> 821af2e0 821af370 stw r11,0x48(r31) (GhidraScript)  
INFO  FindStoresAtDisplacement.java> 821af5a0 821af5a4 stw r12,-0x8(r1) (GhidraScript)  
INFO  FindStoresAtDisplacement.java> 821afb98 821afb9c stw r12,-0x8(r1) (GhidraScript)  
INFO  FindStoresAtDisplacement.java> 821afb98 821afbcc stw r11,0x268(r31) (GhidraScript)  
INFO  FindStoresAtDisplacement.java> 821afb98 821afbd4 stw r9,0x268(r31) (GhidraScript)  
INFO  FindStoresAtDisplacement.java> 821afbf0 821afbf4 stw r12,-0x8(r1) (GhidraScript)  
INFO  FindStoresAtDisplacement.java> 821afbf0 821afc84 stw r10,0x48(r31) (GhidraScript)  
INFO  FindStoresAtDisplacement.java> 821afca0 821afca4 stw r12,-0x8(r1) (GhidraScript)  
INFO  FindStoresAtDisplacement.java> 821afca0 821afcd8 stw r11,0x48(r30) (GhidraScript)  
INFO  FindStoresAtDisplacement.java> 821afca0 821afcf4 stw r10,0x18(r11) (GhidraScript)  
INFO  FindStoresAtDisplacement.java> 821afe38 821afe3c stw r12,-0x8(r1) (GhidraScript)  
INFO  FindStoresAtDisplacement.java> 821afe38 821afe94 stb r10,0x28(r11) (GhidraScript)  
INFO  FindStoresAtDisplacement.java> 821afe38 821aff14 stb r10,0x28(r11) (GhidraScript)  
INFO  FindStoresAtDisplacement.java> 821b0048 821b004c stw r12,-0x8(r1) (GhidraScript)  
INFO  FindStoresAtDisplacement.java> 821b0048 821b007c stw r11,0x268(r31) (GhidraScript)  
INFO  FindStoresAtDisplacement.java> 821b0048 821b0084 stw r9,0x268(r31) (GhidraScript)  
INFO  FindStoresAtDisplacement.java> 821b00a0 821b00a4 stw r12,-0x8(r1) (GhidraScript)  
INFO  FindStoresAtDisplacement.java> 821b01e8 821b01ec stw r12,-0x8(r1) (GhidraScript)  
INFO  FindStoresAtDisplacement.java> 821b01e8 821b021c stw r11,0x48(r31) (GhidraScript)  
INFO  FindStoresAtDisplacement.java> 821b01e8 821b0238 stw r10,0x18(r11) (GhidraScript)  
INFO  FindStoresAtDisplacement.java> 821b03c8 821b03cc stw r12,-0x8(r1) (GhidraScript)  
INFO  FindStoresAtDisplacement.java> 821b03c8 821b03fc stw r11,0x268(r31) (GhidraScript)  
INFO  FindStoresAtDisplacement.java> 821b03c8 821b0404 stw r9,0x268(r31) (GhidraScript)  
INFO  FindStoresAtDisplacement.java> 821b0420 821b0424 stw r12,-0x8(r1) (GhidraScript)  
INFO  FindStoresAtDisplacement.java> 821b0420 821b04b8 stw r10,0x48(r31) (GhidraScript)  
INFO  FindStoresAtDisplacement.java> 821b04d0 821b04d4 stw r12,-0x8(r1) (GhidraScript)  
INFO  FindStoresAtDisplacement.java> 821b04d0 821b0504 stw r11,0x48(r31) (GhidraScript)  
INFO  FindStoresAtDisplacement.java> 821b04d0 821b0520 stw r10,0x18(r11) (GhidraScript)  
INFO  FindStoresAtDisplacement.java> 821b0630 821b0634 stw r12,-0x8(r1) (GhidraScript)  
INFO  FindStoresAtDisplacement.java> 821b0630 821b0704 stw r31,0x18(r3) (GhidraScript)  
INFO  FindStoresAtDisplacement.java> 821b0630 821b077c stw r31,0x28(r3) (GhidraScript)  
INFO  FindStoresAtDisplacement.java> 821b0630 821b087c stw r31,0x4c88(r11) (GhidraScript)  
INFO  FindStoresAtDisplacement.java> 821b0630 821b0920 stw r31,0x4c98(r11) (GhidraScript)  
INFO  FindStoresAtDisplacement.java> 821b0630 821b09b4 stw r31,0x4ca8(r11) (GhidraScript)  
INFO  FindStoresAtDisplacement.java> 821b0630 821b0a20 stw r31,0x4cb8(r11) (GhidraScript)  
INFO  FindStoresAtDisplacement.java> 821b0ac8 821b0acc stw r12,-0x8(r1) (GhidraScript)  
INFO  FindStoresAtDisplacement.java> 821b0f68 821b0f6c stw r12,-0x8(r1) (GhidraScript)  
INFO  FindStoresAtDisplacement.java> 821b0f68 821b0fac stw r9,0x268(r31) (GhidraScript)  
INFO  FindStoresAtDisplacement.java> 821b1a88 821b1a8c stw r12,-0x8(r1) (GhidraScript)  
INFO  FindStoresAtDisplacement.java> 821b1a88 821b1aec stw r11,0x8(r31) (GhidraScript)  
INFO  FindStoresAtDisplacement.java> 821b1b08 821b1b0c stw r12,-0x8(r1) (GhidraScript)  
INFO  FindStoresAtDisplacement.java> 821b1b08 821b1b64 stw r11,0x8(r31) (GhidraScript)  
INFO  FindStoresAtDisplacement.java> 821b1b80 821b1b84 stw r12,-0x8(r1) (GhidraScript)  
INFO  FindStoresAtDisplacement.java> 821b1b80 821b1be8 stw r10,0x8(r5) (GhidraScript)  
INFO  FindStoresAtDisplacement.java> 821b1c00 821b1c04 stw r12,-0x8(r1) (GhidraScript)  
INFO  FindStoresAtDisplacement.java> 821b1c00 821b1c34 stw r11,0x268(r31) (GhidraScript)  
INFO  FindStoresAtDisplacement.java> 821b1c00 821b1c3c stw r9,0x268(r31) (GhidraScript)  
INFO  FindStoresAtDisplacement.java> 821b1c00 821b1c64 stw r9,0x8(r11) (GhidraScript)  
INFO  FindStoresAtDisplacement.java> 821b1d68 821b1d6c stw r12,-0x8(r1) (GhidraScript)  
INFO  FindStoresAtDisplacement.java> 821b1d68 821b1de8 stw r30,0x8(r11) (GhidraScript)  
INFO  FindStoresAtDisplacement.java> 821b20d8 821b20dc stw r12,-0x8(r1) (GhidraScript)  
INFO  FindStoresAtDisplacement.java> 821b20d8 821b211c stw r11,0xd8(r31) (GhidraScript)  
INFO  FindStoresAtDisplacement.java> 821b2228 821b22d8 stw r10,0x17b8(r11) (GhidraScript)  
INFO  FindStoresAtDisplacement.java> 821b32c8 821b32cc stw r12,-0x8(r1) (GhidraScript)  
INFO  FindStoresAtDisplacement.java> 821b3398 821b339c stw r12,-0x8(r1) (GhidraScript)  
INFO  FindStoresAtDisplacement.java> 821b3398 821b33dc stw r10,0x8(r30) (GhidraScript)  
INFO  FindStoresAtDisplacement.java> 821b34b0 821b34b4 stw r12,-0x8(r1) (GhidraScript)  
INFO  FindStoresAtDisplacement.java> 821b3870 821b3874 stw r12,-0x8(r1) (GhidraScript)  
INFO  FindStoresAtDisplacement.java> 821b3ba0 821b3ba4 stw r12,-0x8(r1) (GhidraScript)  
INFO  FindStoresAtDisplacement.java> 821b3c88 821b3c8c stw r12,-0x8(r1) (GhidraScript)  
INFO  FindStoresAtDisplacement.java> 821b3e00 821b3e04 stw r12,-0x8(r1) (GhidraScript)  
INFO  FindStoresAtDisplacement.java> 821b3e00 821b3e38 stw r11,0x268(r31) (GhidraScript)  
INFO  FindStoresAtDisplacement.java> 821b3e00 821b3e44 stw r9,0x268(r31) (GhidraScript)  
INFO  FindStoresAtDisplacement.java> 821b3e00 821b3e48 stw r8,0x288(r31) (GhidraScript)  
INFO  FindStoresAtDisplacement.java> 821b3e68 821b3e6c stw r12,-0x8(r1) (GhidraScript)  
INFO  FindStoresAtDisplacement.java> 821b3e68 821b3e98 stw r10,0x268(r31) (GhidraScript)  
INFO  FindStoresAtDisplacement.java> 821b3ed0 821b3ed4 stw r12,-0x8(r1) (GhidraScript)  
INFO  FindStoresAtDisplacement.java> 821b3ed0 821b3f08 stw r10,0x18(r11) (GhidraScript)  
INFO  FindStoresAtDisplacement.java> 821b3ed0 821b3f3c stw r10,0x78(r11) (GhidraScript)  
INFO  FindStoresAtDisplacement.java> 821b3f68 821b3f6c stw r12,-0x8(r1) (GhidraScript)  
INFO  FindStoresAtDisplacement.java> 821b42f8 821b42fc stw r12,-0x8(r1) (GhidraScript)  
INFO  FindStoresAtDisplacement.java> 821b4348 821b434c stw r12,-0x8(r1) (GhidraScript)  
INFO  FindStoresAtDisplacement.java> 821b4348 821b438c stw r8,0xd8(r11) (GhidraScript)  
INFO  FindStoresAtDisplacement.java> 821b4348 821b43b4 stw r11,0x8(r31) (GhidraScript)  
INFO  FindStoresAtDisplacement.java> 821b4348 821b43b8 stw r10,0x55c8(r31) (GhidraScript)  
INFO  FindStoresAtDisplacement.java> 821b43f0 821b43f4 stw r12,-0x8(r1) (GhidraScript)  
INFO  FindStoresAtDisplacement.java> 821b44a8 821b44ac stw r12,-0x8(r1) (GhidraScript)  
INFO  FindStoresAtDisplacement.java> 821b4a88 821b4a8c stw r12,-0x8(r1) (GhidraScript)  
INFO  FindStoresAtDisplacement.java> 821b4bd0 821b4bd4 stw r12,-0x8(r1) (GhidraScript)  
INFO  FindStoresAtDisplacement.java> 821b4bd0 821b4c00 stw r11,0x9b8(r31) (GhidraScript)  
INFO  FindStoresAtDisplacement.java> 821b4bd0 821b4c20 stw r11,0x9b8(r31) (GhidraScript)  
INFO  FindStoresAtDisplacement.java> 821b5330 821b5334 stw r12,-0x8(r1) (GhidraScript)  
INFO  FindStoresAtDisplacement.java> 821b5330 821b5368 stw r11,0x268(r31) (GhidraScript)  
INFO  FindStoresAtDisplacement.java> 821b5330 821b5378 stw r9,0x268(r31) (GhidraScript)  
INFO  FindStoresAtDisplacement.java> 821b5398 821b539c stw r12,-0x8(r1) (GhidraScript)  
INFO  FindStoresAtDisplacement.java> 821b5398 821b54a0 stw r9,0x48(r31) (GhidraScript)  
INFO  FindStoresAtDisplacement.java> 821b54e0 821b54e4 stw r12,-0x8(r1) (GhidraScript)  
INFO  FindStoresAtDisplacement.java> 821b54e0 821b5518 stw r11,0x268(r31) (GhidraScript)  
INFO  FindStoresAtDisplacement.java> 821b54e0 821b5524 stw r9,0x268(r31) (GhidraScript)  
INFO  FindStoresAtDisplacement.java> 821b5540 821b5544 stw r12,-0x8(r1) (GhidraScript)  
INFO  FindStoresAtDisplacement.java> 821b5540 821b5660 stw r11,0x8(r3) (GhidraScript)  
INFO  FindStoresAtDisplacement.java> 821b5690 821b5694 stw r12,-0x8(r1) (GhidraScript)  
INFO  FindStoresAtDisplacement.java> 821b5690 821b56c4 stw r11,0x48(r31) (GhidraScript)  
INFO  FindStoresAtDisplacement.java> 821b5690 821b56e0 stw r10,0x18(r11) (GhidraScript)  
INFO  FindStoresAtDisplacement.java> 821b5808 821b580c stw r12,-0x8(r1) (GhidraScript)  
INFO  FindStoresAtDisplacement.java> 821b5808 821b588c stw r10,0xc8(r9) (GhidraScript)  
INFO  FindStoresAtDisplacement.java> 821b5808 821b58b0 stw r11,0x8(r3) (GhidraScript)  
INFO  FindStoresAtDisplacement.java> 821b58f0 821b58f4 stw r12,-0x8(r1) (GhidraScript)  
INFO  FindStoresAtDisplacement.java> 821b58f0 821b5924 stw r11,0x268(r31) (GhidraScript)  
INFO  FindStoresAtDisplacement.java> 821b58f0 821b593c stw r9,0x268(r31) (GhidraScript)  
INFO  FindStoresAtDisplacement.java> 821b5960 821b5964 stw r12,-0x8(r1) (GhidraScript)  
INFO  FindStoresAtDisplacement.java> 821b59c0 821b59c4 stw r12,-0x8(r1) (GhidraScript)  
INFO  FindStoresAtDisplacement.java> 821b59c0 821b5a30 stw r10,0x48(r31) (GhidraScript)  
INFO  FindStoresAtDisplacement.java> 821b5a48 821b5a4c stw r12,-0x8(r1) (GhidraScript)  
INFO  FindStoresAtDisplacement.java> 821b5a48 821b5a7c stw r11,0x48(r31) (GhidraScript)  
INFO  FindStoresAtDisplacement.java> 821b5a48 821b5ac4 stw r10,0x18(r11) (GhidraScript)  
INFO  FindStoresAtDisplacement.java> 821b5c00 821b5c04 stw r12,-0x8(r1) (GhidraScript)  
INFO  FindStoresAtDisplacement.java> 821b5cf0 821b5cf4 stw r12,-0x8(r1) (GhidraScript)  
INFO  FindStoresAtDisplacement.java> 821b5d40 821b5d44 stw r12,-0x8(r1) (GhidraScript)  
INFO  FindStoresAtDisplacement.java> 821b5de0 821b5de4 stw r12,-0x8(r1) (GhidraScript)  
INFO  FindStoresAtDisplacement.java> 821b5de0 821b5e18 stw r11,0x268(r31) (GhidraScript)  
INFO  FindStoresAtDisplacement.java> 821b5de0 821b5e20 stw r9,0x268(r31) (GhidraScript)  
INFO  FindStoresAtDisplacement.java> 821b5e58 821b5e5c stw r12,-0x8(r1) (GhidraScript)  
INFO  FindStoresAtDisplacement.java> 821b5f80 821b5f84 stw r12,-0x8(r1) (GhidraScript)  
INFO  FindStoresAtDisplacement.java> 821b5f80 821b5fb8 stw r11,0x48(r31) (GhidraScript)  
INFO  FindStoresAtDisplacement.java> 821b5f80 821b5fd4 stw r10,0x18(r11) (GhidraScript)  
INFO  FindStoresAtDisplacement.java> 821b6258 821b625c stw r12,-0x8(r1) (GhidraScript)  
INFO  FindStoresAtDisplacement.java> 821b6490 821b6494 stw r12,-0x8(r1) (GhidraScript)  
INFO  FindStoresAtDisplacement.java> 821b6490 821b64c0 stw r10,0x268(r31) (GhidraScript)  
INFO  FindStoresAtDisplacement.java> 821b6668 821b666c stw r12,-0x8(r1) (GhidraScript)  
INFO  FindStoresAtDisplacement.java> 821b6668 821b669c stw r11,0x48(r31) (GhidraScript)  
INFO  FindStoresAtDisplacement.java> 821b6668 821b66b8 stw r10,0x18(r11) (GhidraScript)  
INFO  FindStoresAtDisplacement.java> 821b6df0 821b6df4 stw r12,-0x8(r1) (GhidraScript)  
INFO  FindStoresAtDisplacement.java> 821b6e58 821b6e5c stw r12,-0x8(r1) (GhidraScript)  
INFO  FindStoresAtDisplacement.java> 821b7180 821b7184 stw r12,-0x8(r1) (GhidraScript)  
INFO  FindStoresAtDisplacement.java> 821b7208 821b720c stw r12,-0x8(r1) (GhidraScript)  
INFO  FindStoresAtDisplacement.java> 821b78e8 821b78ec stw r12,-0x8(r1) (GhidraScript)  
INFO  FindStoresAtDisplacement.java> 821b8430 821b8434 stw r12,-0x8(r1) (GhidraScript)  
INFO  FindStoresAtDisplacement.java> 821b8620 821b8624 stw r12,-0x8(r1) (GhidraScript)  
INFO  FindStoresAtDisplacement.java> 821b8620 821b8658 stw r11,0x268(r31) (GhidraScript)  
INFO  FindStoresAtDisplacement.java> 821b8620 821b8668 stw r9,0x268(r31) (GhidraScript)  
INFO  FindStoresAtDisplacement.java> 821b8680 821b8684 stw r12,-0x8(r1) (GhidraScript)  
INFO  FindStoresAtDisplacement.java> 821b8680 821b86b8 stw r11,0x268(r31) (GhidraScript)  
INFO  FindStoresAtDisplacement.java> 821b8680 821b86c8 stw r9,0x268(r31) (GhidraScript)  
INFO  FindStoresAtDisplacement.java> 821b86e0 821b86e4 stw r12,-0x8(r1) (GhidraScript)  
INFO  FindStoresAtDisplacement.java> 821b86e0 821b8718 stw r11,0x268(r31) (GhidraScript)  
INFO  FindStoresAtDisplacement.java> 821b86e0 821b8724 stw r9,0x268(r31) (GhidraScript)  
INFO  FindStoresAtDisplacement.java> 821b8748 821b874c stw r12,-0x8(r1) (GhidraScript)  
INFO  FindStoresAtDisplacement.java> 821b8748 821b8778 stw r10,0x268(r31) (GhidraScript)  
INFO  FindStoresAtDisplacement.java> 821b8790 821b8794 stw r12,-0x8(r1) (GhidraScript)  
INFO  FindStoresAtDisplacement.java> 821b8790 821b87c0 stw r10,0x268(r31) (GhidraScript)  
INFO  FindStoresAtDisplacement.java> 821b87d8 821b87dc stw r12,-0x8(r1) (GhidraScript)  
INFO  FindStoresAtDisplacement.java> 821b87d8 821b8808 stw r10,0x268(r31) (GhidraScript)  
INFO  FindStoresAtDisplacement.java> 821b8820 821b8824 stw r12,-0x8(r1) (GhidraScript)  
INFO  FindStoresAtDisplacement.java> 821b8820 821b8850 stw r10,0x268(r31) (GhidraScript)  
INFO  FindStoresAtDisplacement.java> 821b8868 821b886c stw r12,-0x8(r1) (GhidraScript)  
INFO  FindStoresAtDisplacement.java> 821b8868 821b8898 stw r10,0x268(r31) (GhidraScript)  
INFO  FindStoresAtDisplacement.java> 821b88b0 821b88b4 stw r12,-0x8(r1) (GhidraScript)  
INFO  FindStoresAtDisplacement.java> 821b88b0 821b88e0 stw r10,0x268(r31) (GhidraScript)  
INFO  FindStoresAtDisplacement.java> 821b88f8 821b88fc stw r12,-0x8(r1) (GhidraScript)  
INFO  FindStoresAtDisplacement.java> 821b88f8 821b892c stw r10,0x268(r31) (GhidraScript)  
INFO  FindStoresAtDisplacement.java> 821b8948 821b894c stw r12,-0x8(r1) (GhidraScript)  
INFO  FindStoresAtDisplacement.java> 821b8948 821b8978 stw r10,0x268(r31) (GhidraScript)  
INFO  FindStoresAtDisplacement.java> 821b8990 821b8994 stw r12,-0x8(r1) (GhidraScript)  
INFO  FindStoresAtDisplacement.java> 821b8990 821b89cc stw r10,0x268(r31) (GhidraScript)  
INFO  FindStoresAtDisplacement.java> 821b8990 821b89d0 stb r9,0x278(r31) (GhidraScript)  
INFO  FindStoresAtDisplacement.java> 821b89f0 821b89f4 stw r12,-0x8(r1) (GhidraScript)  
INFO  FindStoresAtDisplacement.java> 821b89f0 821b8a24 stw r10,0x268(r31) (GhidraScript)  
INFO  FindStoresAtDisplacement.java> 821b89f0 821b8a54 stb r10,0x278(r31) (GhidraScript)  
INFO  FindStoresAtDisplacement.java> 821b89f0 821b8a88 stb r11,0x278(r31) (GhidraScript)  
INFO  FindStoresAtDisplacement.java> 821b8ab0 821b8ab4 stw r12,-0x8(r1) (GhidraScript)  
INFO  FindStoresAtDisplacement.java> 821b8ab0 821b8aec stw r10,0x268(r31) (GhidraScript)  
INFO  FindStoresAtDisplacement.java> 821b8ab0 821b8af4 stb r8,0x278(r31) (GhidraScript)  
INFO  FindStoresAtDisplacement.java> 821b8b10 821b8b14 stw r12,-0x8(r1) (GhidraScript)  
INFO  FindStoresAtDisplacement.java> 821b8b10 821b8b40 stw r9,0x268(r31) (GhidraScript)  
INFO  FindStoresAtDisplacement.java> 821b8b10 821b8b6c stb r10,0x278(r31) (GhidraScript)  
INFO  FindStoresAtDisplacement.java> 821b8b88 821b8b8c stw r12,-0x8(r1) (GhidraScript)  
INFO  FindStoresAtDisplacement.java> 821b8b88 821b8bb8 stw r9,0x268(r31) (GhidraScript)  
INFO  FindStoresAtDisplacement.java> 821b8b88 821b8be4 stb r10,0x278(r31) (GhidraScript)  
INFO  FindStoresAtDisplacement.java> 821b8c00 821b8c04 stw r12,-0x8(r1) (GhidraScript)  
INFO  FindStoresAtDisplacement.java> 821b8c00 821b8c30 stw r10,0x268(r31) (GhidraScript)  
INFO  FindStoresAtDisplacement.java> 821b8c48 821b8c4c stw r12,-0x8(r1) (GhidraScript)  
INFO  FindStoresAtDisplacement.java> 821b8c48 821b8c7c stw r11,0x268(r31) (GhidraScript)  
INFO  FindStoresAtDisplacement.java> 821b8c48 821b8c84 stw r9,0x268(r31) (GhidraScript)  
INFO  FindStoresAtDisplacement.java> 821b8ca0 821b8ca4 stw r12,-0x8(r1) (GhidraScript)  
INFO  FindStoresAtDisplacement.java> 821b8ca0 821b8cd4 stw r11,0x268(r31) (GhidraScript)  
INFO  FindStoresAtDisplacement.java> 821b8ca0 821b8cdc stw r9,0x268(r31) (GhidraScript)  
INFO  FindStoresAtDisplacement.java> 821b8cf8 821b8cfc stw r12,-0x8(r1) (GhidraScript)  
INFO  FindStoresAtDisplacement.java> 821b8cf8 821b8d2c stw r11,0x268(r31) (GhidraScript)  
INFO  FindStoresAtDisplacement.java> 821b8cf8 821b8d34 stw r9,0x268(r31) (GhidraScript)  
INFO  FindStoresAtDisplacement.java> 821b8d50 821b8d54 stw r12,-0x8(r1) (GhidraScript)  
INFO  FindStoresAtDisplacement.java> 821b8d50 821b8d84 stw r11,0x268(r31) (GhidraScript)  
INFO  FindStoresAtDisplacement.java> 821b8d50 821b8d8c stw r9,0x268(r31) (GhidraScript)  
INFO  FindStoresAtDisplacement.java> 821b8da8 821b8dac stw r12,-0x8(r1) (GhidraScript)  
INFO  FindStoresAtDisplacement.java> 821b8da8 821b8ddc stw r10,0x268(r31) (GhidraScript)  
INFO  FindStoresAtDisplacement.java> 821b8da8 821b8de0 stw r9,0x2b8(r31) (GhidraScript)  
INFO  FindStoresAtDisplacement.java> 821b8df8 821b8dfc stw r12,-0x8(r1) (GhidraScript)  
INFO  FindStoresAtDisplacement.java> 821b8df8 821b8e30 stw r11,0x268(r31) (GhidraScript)  
INFO  FindStoresAtDisplacement.java> 821b8df8 821b8e38 stw r9,0x268(r31) (GhidraScript)  
INFO  FindStoresAtDisplacement.java> 821b8e58 821b8e5c stw r12,-0x8(r1) (GhidraScript)  
INFO  FindStoresAtDisplacement.java> 821b8e58 821b8e90 stw r11,0x268(r31) (GhidraScript)  
INFO  FindStoresAtDisplacement.java> 821b8e58 821b8e98 stw r9,0x268(r31) (GhidraScript)  
INFO  FindStoresAtDisplacement.java> 821b8eb8 821b8ebc stw r12,-0x8(r1) (GhidraScript)  
INFO  FindStoresAtDisplacement.java> 821b8eb8 821b8ee8 stw r10,0x268(r31) (GhidraScript)  
INFO  FindStoresAtDisplacement.java> 821b8f00 821b8f04 stw r12,-0x8(r1) (GhidraScript)  
INFO  FindStoresAtDisplacement.java> 821b8f00 821b8f3c stw r10,0x268(r31) (GhidraScript)  
INFO  FindStoresAtDisplacement.java> 821b8f00 821b8f50 stw r7,0x78(r11) (GhidraScript)  
INFO  FindStoresAtDisplacement.java> 821b8f00 821b8f58 stw r8,0x268(r31) (GhidraScript)  
INFO  FindStoresAtDisplacement.java> 821b8f70 821b8f74 stw r12,-0x8(r1) (GhidraScript)  
INFO  FindStoresAtDisplacement.java> 821b8f70 821b8fac stw r10,0x268(r31) (GhidraScript)  
INFO  FindStoresAtDisplacement.java> 821b8f70 821b8fc0 stw r7,0x78(r11) (GhidraScript)  
INFO  FindStoresAtDisplacement.java> 821b8f70 821b8fc8 stw r8,0x268(r31) (GhidraScript)  
INFO  FindStoresAtDisplacement.java> 821b8fe0 821b8fe4 stw r12,-0x8(r1) (GhidraScript)  
INFO  FindStoresAtDisplacement.java> 821b8fe0 821b901c stw r10,0x268(r31) (GhidraScript)  
INFO  FindStoresAtDisplacement.java> 821b8fe0 821b9030 stw r7,0x78(r11) (GhidraScript)  
INFO  FindStoresAtDisplacement.java> 821b8fe0 821b9038 stw r8,0x268(r31) (GhidraScript)  
INFO  FindStoresAtDisplacement.java> 821b9050 821b9054 stw r12,-0x8(r1) (GhidraScript)  
INFO  FindStoresAtDisplacement.java> 821b9050 821b9088 stw r11,0x268(r31) (GhidraScript)  
INFO  FindStoresAtDisplacement.java> 821b9050 821b9090 stw r9,0x268(r31) (GhidraScript)  
INFO  FindStoresAtDisplacement.java> 821b9050 821b9094 stw r8,0x288(r31) (GhidraScript)  
INFO  FindStoresAtDisplacement.java> 821b90b0 821b90b4 stw r12,-0x8(r1) (GhidraScript)  
INFO  FindStoresAtDisplacement.java> 821b90b0 821b90e8 stw r11,0x268(r31) (GhidraScript)  
INFO  FindStoresAtDisplacement.java> 821b90b0 821b90f0 stw r9,0x268(r31) (GhidraScript)  
INFO  FindStoresAtDisplacement.java> 821b90b0 821b90f4 stw r8,0x288(r31) (GhidraScript)  
INFO  FindStoresAtDisplacement.java> 821b9110 821b9114 stw r12,-0x8(r1) (GhidraScript)  
INFO  FindStoresAtDisplacement.java> 821b9110 821b9148 stw r11,0x268(r31) (GhidraScript)  
INFO  FindStoresAtDisplacement.java> 821b9110 821b9150 stw r9,0x268(r31) (GhidraScript)  
INFO  FindStoresAtDisplacement.java> 821b9110 821b9154 stw r8,0x288(r31) (GhidraScript)  
INFO  FindStoresAtDisplacement.java> 821b9170 821b9174 stw r12,-0x8(r1) (GhidraScript)  
INFO  FindStoresAtDisplacement.java> 821b9170 821b91a8 stw r11,0x268(r31) (GhidraScript)  
INFO  FindStoresAtDisplacement.java> 821b9170 821b91b0 stw r9,0x268(r31) (GhidraScript)  
INFO  FindStoresAtDisplacement.java> 821b9170 821b91b4 stw r8,0x288(r31) (GhidraScript)  
INFO  FindStoresAtDisplacement.java> 821b91d0 821b91d4 stw r12,-0x8(r1) (GhidraScript)  
INFO  FindStoresAtDisplacement.java> 821b91d0 821b9208 stw r11,0x268(r31) (GhidraScript)  
INFO  FindStoresAtDisplacement.java> 821b91d0 821b9210 stw r9,0x268(r31) (GhidraScript)  
INFO  FindStoresAtDisplacement.java> 821b91d0 821b9214 stw r8,0x288(r31) (GhidraScript)  
INFO  FindStoresAtDisplacement.java> 821b9230 821b9234 stw r12,-0x8(r1) (GhidraScript)  
INFO  FindStoresAtDisplacement.java> 821b9230 821b9268 stw r11,0x268(r31) (GhidraScript)  
INFO  FindStoresAtDisplacement.java> 821b9230 821b9270 stw r9,0x268(r31) (GhidraScript)  
INFO  FindStoresAtDisplacement.java> 821b9230 821b9274 stw r8,0x288(r31) (GhidraScript)  
INFO  FindStoresAtDisplacement.java> 821b9290 821b9294 stw r12,-0x8(r1) (GhidraScript)  
INFO  FindStoresAtDisplacement.java> 821b9290 821b92c4 stw r11,0x268(r31) (GhidraScript)  
INFO  FindStoresAtDisplacement.java> 821b9290 821b92cc stw r9,0x268(r31) (GhidraScript)  
INFO  FindStoresAtDisplacement.java> 821b92e8 821b92ec stw r12,-0x8(r1) (GhidraScript)  
INFO  FindStoresAtDisplacement.java> 821b92e8 821b9320 stw r11,0x268(r31) (GhidraScript)  
INFO  FindStoresAtDisplacement.java> 821b92e8 821b9328 stw r9,0x268(r31) (GhidraScript)  
INFO  FindStoresAtDisplacement.java> 821b9348 821b934c stw r12,-0x8(r1) (GhidraScript)  
INFO  FindStoresAtDisplacement.java> 821b9348 821b9380 stw r11,0x268(r31) (GhidraScript)  
INFO  FindStoresAtDisplacement.java> 821b9348 821b9388 stw r9,0x268(r31) (GhidraScript)  
INFO  FindStoresAtDisplacement.java> 821b93a8 821b93ac stw r12,-0x8(r1) (GhidraScript)  
INFO  FindStoresAtDisplacement.java> 821b93a8 821b93e0 stw r11,0x268(r31) (GhidraScript)  
INFO  FindStoresAtDisplacement.java> 821b93a8 821b93e8 stw r9,0x268(r31) (GhidraScript)  
INFO  FindStoresAtDisplacement.java> 821ba588 821ba648 stw r28,0x8(r31) (GhidraScript)  
INFO  FindStoresAtDisplacement.java> 821ba588 821ba6e0 stw r23,0x18(r31) (GhidraScript)  
INFO  FindStoresAtDisplacement.java> 821ba588 821ba738 stb r28,0x28(r31) (GhidraScript)  
INFO  FindStoresAtDisplacement.java> 821ba588 821ba89c stw r10,0x78(r11) (GhidraScript)  
INFO  FindStoresAtDisplacement.java> 821ba588 821ba8a0 stb r28,0x38(r31) (GhidraScript)  
INFO  FindStoresAtDisplacement.java> 821ba588 821ba980 stw r3,0x8(r31) (GhidraScript)  
INFO  FindStoresAtDisplacement.java> 821bab70 821bab74 stw r12,-0x8(r1) (GhidraScript)  
INFO  FindStoresAtDisplacement.java> 821bb5c8 821bb5cc stw r12,-0x8(r1) (GhidraScript)  
INFO  FindStoresAtDisplacement.java> 821bb618 821bb61c stw r12,-0x8(r1) (GhidraScript)  
INFO  FindStoresAtDisplacement.java> 821bb668 821bb66c stw r12,-0x8(r1) (GhidraScript)  
INFO  FindStoresAtDisplacement.java> 821bb6b8 821bb6bc stw r12,-0x8(r1) (GhidraScript)  
INFO  FindStoresAtDisplacement.java> 821bb708 821bb70c stw r12,-0x8(r1) (GhidraScript)  
INFO  FindStoresAtDisplacement.java> 821bb758 821bb75c stw r12,-0x8(r1) (GhidraScript)  
INFO  FindStoresAtDisplacement.java> 821bb7a8 821bb7ac stw r12,-0x8(r1) (GhidraScript)  
INFO  FindStoresAtDisplacement.java> 821bb7f8 821bb7fc stw r12,-0x8(r1) (GhidraScript)  
INFO  FindStoresAtDisplacement.java> 821bb848 821bb84c stw r12,-0x8(r1) (GhidraScript)  
INFO  FindStoresAtDisplacement.java> 821bb898 821bb89c stw r12,-0x8(r1) (GhidraScript)  
INFO  FindStoresAtDisplacement.java> 821bb8e8 821bb8ec stw r12,-0x8(r1) (GhidraScript)  
INFO  FindStoresAtDisplacement.java> 821bb938 821bb93c stw r12,-0x8(r1) (GhidraScript)  
INFO  FindStoresAtDisplacement.java> 821bb988 821bb98c stw r12,-0x8(r1) (GhidraScript)  
INFO  FindStoresAtDisplacement.java> 821bb9d8 821bb9dc stw r12,-0x8(r1) (GhidraScript)  
INFO  FindStoresAtDisplacement.java> 821bba28 821bba2c stw r12,-0x8(r1) (GhidraScript)  
INFO  FindStoresAtDisplacement.java> 821bba78 821bba7c stw r12,-0x8(r1) (GhidraScript)  
INFO  FindStoresAtDisplacement.java> 821bbac8 821bbacc stw r12,-0x8(r1) (GhidraScript)  
INFO  FindStoresAtDisplacement.java> 821bbb18 821bbb1c stw r12,-0x8(r1) (GhidraScript)  
INFO  FindStoresAtDisplacement.java> 821bbb68 821bbb6c stw r12,-0x8(r1) (GhidraScript)  
INFO  FindStoresAtDisplacement.java> 821bbbb8 821bbbbc stw r12,-0x8(r1) (GhidraScript)  
INFO  FindStoresAtDisplacement.java> 821bbc10 821bbc14 stw r12,-0x8(r1) (GhidraScript)  
INFO  FindStoresAtDisplacement.java> 821bbc68 821bbc6c stw r12,-0x8(r1) (GhidraScript)  
INFO  FindStoresAtDisplacement.java> 821bbcb8 821bbcbc stw r12,-0x8(r1) (GhidraScript)  
INFO  FindStoresAtDisplacement.java> 821bbd08 821bbd0c stw r12,-0x8(r1) (GhidraScript)  
INFO  FindStoresAtDisplacement.java> 821bbd60 821bbd64 stw r12,-0x8(r1) (GhidraScript)  
INFO  FindStoresAtDisplacement.java> 821bbdb8 821bbdbc stw r12,-0x8(r1) (GhidraScript)  
INFO  FindStoresAtDisplacement.java> 821bbe08 821bbe0c stw r12,-0x8(r1) (GhidraScript)  
INFO  FindStoresAtDisplacement.java> 821bbe58 821bbe5c stw r12,-0x8(r1) (GhidraScript)  
INFO  FindStoresAtDisplacement.java> 821bbea8 821bbeac stw r12,-0x8(r1) (GhidraScript)  
INFO  FindStoresAtDisplacement.java> 821bbef8 821bbefc stw r12,-0x8(r1) (GhidraScript)  
INFO  FindStoresAtDisplacement.java> 821bbf48 821bbf4c stw r12,-0x8(r1) (GhidraScript)  
INFO  FindStoresAtDisplacement.java> 821bbf98 821bbf9c stw r12,-0x8(r1) (GhidraScript)  
INFO  FindStoresAtDisplacement.java> 821bbfe8 821bbfec stw r12,-0x8(r1) (GhidraScript)  
INFO  FindStoresAtDisplacement.java> 821bc038 821bc03c stw r12,-0x8(r1) (GhidraScript)  
INFO  FindStoresAtDisplacement.java> 821bc088 821bc08c stw r12,-0x8(r1) (GhidraScript)  
INFO  FindStoresAtDisplacement.java> 821bc0d8 821bc0dc stw r12,-0x8(r1) (GhidraScript)  
INFO  FindStoresAtDisplacement.java> 821bc128 821bc12c stw r12,-0x8(r1) (GhidraScript)  
INFO  FindStoresAtDisplacement.java> 821bc178 821bc17c stw r12,-0x8(r1) (GhidraScript)  
INFO  FindStoresAtDisplacement.java> 821bc1c8 821bc1cc stw r12,-0x8(r1) (GhidraScript)  
INFO  FindStoresAtDisplacement.java> 821bc218 821bc21c stw r12,-0x8(r1) (GhidraScript)  
INFO  FindStoresAtDisplacement.java> 821bc268 821bc26c stw r12,-0x8(r1) (GhidraScript)  
INFO  FindStoresAtDisplacement.java> 821bc2b8 821bc2bc stw r12,-0x8(r1) (GhidraScript)  
INFO  FindStoresAtDisplacement.java> 821bc308 821bc30c stw r12,-0x8(r1) (GhidraScript)  
INFO  FindStoresAtDisplacement.java> 821bc358 821bc35c stw r12,-0x8(r1) (GhidraScript)  
INFO  FindStoresAtDisplacement.java> 821bc3a8 821bc3ac stw r12,-0x8(r1) (GhidraScript)  
INFO  FindStoresAtDisplacement.java> 821bc3f8 821bc3fc stw r12,-0x8(r1) (GhidraScript)  
INFO  FindStoresAtDisplacement.java> 821bc448 821bc44c stw r12,-0x8(r1) (GhidraScript)  
INFO  FindStoresAtDisplacement.java> 821bc498 821bc49c stw r12,-0x8(r1) (GhidraScript)  
INFO  FindStoresAtDisplacement.java> 821bc4e8 821bc4ec stw r12,-0x8(r1) (GhidraScript)  
INFO  FindStoresAtDisplacement.java> 821bc538 821bc53c stw r12,-0x8(r1) (GhidraScript)  
INFO  FindStoresAtDisplacement.java> 821bc588 821bc58c stw r12,-0x8(r1) (GhidraScript)  
INFO  FindStoresAtDisplacement.java> 821bc5d8 821bc5dc stw r12,-0x8(r1) (GhidraScript)  
INFO  FindStoresAtDisplacement.java> 821bc628 821bc62c stw r12,-0x8(r1) (GhidraScript)  
INFO  FindStoresAtDisplacement.java> 821bc678 821bc67c stw r12,-0x8(r1) (GhidraScript)  
INFO  FindStoresAtDisplacement.java> 821bc6c8 821bc6cc stw r12,-0x8(r1) (GhidraScript)  
INFO  FindStoresAtDisplacement.java> 821bc718 821bc71c stw r12,-0x8(r1) (GhidraScript)  
INFO  FindStoresAtDisplacement.java> 821bc768 821bc76c stw r12,-0x8(r1) (GhidraScript)  
INFO  FindStoresAtDisplacement.java> 821bc7b8 821bc7bc stw r12,-0x8(r1) (GhidraScript)  
INFO  FindStoresAtDisplacement.java> 821bc808 821bc80c stw r12,-0x8(r1) (GhidraScript)  
INFO  FindStoresAtDisplacement.java> 821bc858 821bc85c stw r12,-0x8(r1) (GhidraScript)  
INFO  FindStoresAtDisplacement.java> 821bc8a8 821bc8ac stw r12,-0x8(r1) (GhidraScript)  
INFO  FindStoresAtDisplacement.java> 821bc8f8 821bc8fc stw r12,-0x8(r1) (GhidraScript)  
INFO  FindStoresAtDisplacement.java> 821bc948 821bc94c stw r12,-0x8(r1) (GhidraScript)  
INFO  FindStoresAtDisplacement.java> 821bc998 821bc99c stw r12,-0x8(r1) (GhidraScript)  
INFO  FindStoresAtDisplacement.java> 821bc9e8 821bc9ec stw r12,-0x8(r1) (GhidraScript)  
INFO  FindStoresAtDisplacement.java> 821bca38 821bca3c stw r12,-0x8(r1) (GhidraScript)  
INFO  FindStoresAtDisplacement.java> 821bca88 821bca8c stw r12,-0x8(r1) (GhidraScript)  
INFO  FindStoresAtDisplacement.java> 821bcad8 821bcadc stw r12,-0x8(r1) (GhidraScript)  
INFO  FindStoresAtDisplacement.java> 821bcb28 821bcb2c stw r12,-0x8(r1) (GhidraScript)  
INFO  FindStoresAtDisplacement.java> 821bcb78 821bcb7c stw r12,-0x8(r1) (GhidraScript)  
INFO  FindStoresAtDisplacement.java> 821bcbc8 821bcbcc stw r12,-0x8(r1) (GhidraScript)  
INFO  FindStoresAtDisplacement.java> 821bcc18 821bcc1c stw r12,-0x8(r1) (GhidraScript)  
INFO  FindStoresAtDisplacement.java> 821bcc68 821bcc6c stw r12,-0x8(r1) (GhidraScript)  
INFO  FindStoresAtDisplacement.java> 821bccb8 821bccbc stw r12,-0x8(r1) (GhidraScript)  
INFO  FindStoresAtDisplacement.java> 821bcd08 821bcd0c stw r12,-0x8(r1) (GhidraScript)  
INFO  FindStoresAtDisplacement.java> 821bcd58 821bcd5c stw r12,-0x8(r1) (GhidraScript)  
INFO  FindStoresAtDisplacement.java> 821bf958 821bf95c stw r12,-0x8(r1) (GhidraScript)  
INFO  FindStoresAtDisplacement.java> 821bfea8 821bfeac stw r12,-0x8(r1) (GhidraScript)  
INFO  FindStoresAtDisplacement.java> 821bffa0 821bffb4 stw r10,-0x58(r1) (GhidraScript)  
INFO  FindStoresAtDisplacement.java> 821bffa0 821bffe4 stw r11,-0x38(r1) (GhidraScript)  
INFO  FindStoresAtDisplacement.java> 821bffa0 821bffec stw r10,-0x48(r1) (GhidraScript)  
INFO  FindStoresAtDisplacement.java> 821bffa0 821c0010 stw r10,-0x28(r1) (GhidraScript)  
INFO  FindStoresAtDisplacement.java> 821bffa0 821c0018 stw r10,-0x18(r1) (GhidraScript)  
INFO  FindStoresAtDisplacement.java> 821c1340 821c1344 stw r12,-0x8(r1) (GhidraScript)  
INFO  FindStoresAtDisplacement.java> 821c1340 821c1378 stw r3,0x8(r31) (GhidraScript)  
INFO  FindStoresAtDisplacement.java> 821c1390 821c1394 stw r12,-0x8(r1) (GhidraScript)  
INFO  FindStoresAtDisplacement.java> 821c1b20 821c1b24 stw r12,-0x8(r1) (GhidraScript)  
INFO  FindStoresAtDisplacement.java> 821c1fa8 821c1fac stw r12,-0x8(r1) (GhidraScript)  
INFO  FindStoresAtDisplacement.java> 821c1fa8 821c2070 stw r11,0x2948(r3) (GhidraScript)  
INFO  FindStoresAtDisplacement.java> 821c1fa8 821c2094 stw r11,0x528(r3) (GhidraScript)  
INFO  FindStoresAtDisplacement.java> 821c1fa8 821c20ac stw r11,0x528(r3) (GhidraScript)  
INFO  FindStoresAtDisplacement.java> 821c25b0 821c25b4 stw r12,-0x8(r1) (GhidraScript)  
INFO  FindStoresAtDisplacement.java> 821c2608 821c260c stw r12,-0x8(r1) (GhidraScript)  
INFO  FindStoresAtDisplacement.java> 821c2660 821c2664 stw r12,-0x8(r1) (GhidraScript)  
INFO  FindStoresAtDisplacement.java> 821c2688 821c268c stw r12,-0x8(r1) (GhidraScript)  
INFO  FindStoresAtDisplacement.java> 821c26d0 821c26d4 stw r12,-0x8(r1) (GhidraScript)  
INFO  FindStoresAtDisplacement.java> 821c2720 821c2724 stw r12,-0x8(r1) (GhidraScript)  
INFO  FindStoresAtDisplacement.java> 821c2780 821c2784 stw r12,-0x8(r1) (GhidraScript)  
INFO  FindStoresAtDisplacement.java> 821c2818 821c281c stw r12,-0x8(r1) (GhidraScript)  
INFO  FindStoresAtDisplacement.java> 821c2870 821c2874 stw r12,-0x8(r1) (GhidraScript)  
INFO  FindStoresAtDisplacement.java> 821c2870 821c28b4 stw r9,0x8(r31) (GhidraScript)  
INFO  FindStoresAtDisplacement.java> 821c2910 821c2914 stw r12,-0x8(r1) (GhidraScript)  
INFO  FindStoresAtDisplacement.java> 821c29c0 821c29c4 stw r12,-0x8(r1) (GhidraScript)  
INFO  FindStoresAtDisplacement.java> 821c29c0 821c29f8 stw r11,0x18(r31) (GhidraScript)  
INFO  FindStoresAtDisplacement.java> 821c29c0 821c2a10 stw r9,0x8(r31) (GhidraScript)  
INFO  FindStoresAtDisplacement.java> 821c2a38 821c2a3c stw r12,-0x8(r1) (GhidraScript)  
INFO  FindStoresAtDisplacement.java> 821c2fb8 821c2fbc stw r12,-0x8(r1) (GhidraScript)  
INFO  FindStoresAtDisplacement.java> 821c30f8 821c30fc stw r12,-0x8(r1) (GhidraScript)  
INFO  FindStoresAtDisplacement.java> 821c3140 821c3144 stw r12,-0x8(r1) (GhidraScript)  
INFO  FindStoresAtDisplacement.java> 821c3140 821c3168 stw r11,0x1938(r31) (GhidraScript)  
INFO  FindStoresAtDisplacement.java> 821c3190 821c31c8 stw r10,0x1938(r11) (GhidraScript)  
INFO  FindStoresAtDisplacement.java> 821c3280 821c3284 stw r12,-0x8(r1) (GhidraScript)  
INFO  FindStoresAtDisplacement.java> 821c32d0 821c32d4 stw r12,-0x8(r1) (GhidraScript)  
INFO  FindStoresAtDisplacement.java> 821c32d0 821c3314 stw r6,0x8(r10) (GhidraScript)  
INFO  FindStoresAtDisplacement.java> 821c3690 821c3694 stw r12,-0x8(r1) (GhidraScript)  
INFO  FindStoresAtDisplacement.java> 821c36f0 821c36f4 stw r12,-0x8(r1) (GhidraScript)  
INFO  FindStoresAtDisplacement.java> 821c36f0 821c3724 stw r30,0x18(r31) (GhidraScript)  
INFO  FindStoresAtDisplacement.java> 821c36f0 821c3734 stw r30,0x28(r31) (GhidraScript)  
INFO  FindStoresAtDisplacement.java> 821c36f0 821c3744 stw r30,0x38(r31) (GhidraScript)  
INFO  FindStoresAtDisplacement.java> 821c36f0 821c3754 stw r30,0x48(r31) (GhidraScript)  
INFO  FindStoresAtDisplacement.java> 821c36f0 821c376c stw r30,0x188(r31) (GhidraScript)  
INFO  FindStoresAtDisplacement.java> 821ca420 821ca424 stw r12,-0x8(r1) (GhidraScript)  
INFO  FindStoresAtDisplacement.java> 821ca480 821ca484 stw r12,-0x8(r1) (GhidraScript)  
INFO  FindStoresAtDisplacement.java> 821ca4c8 821ca4cc stw r12,-0x8(r1) (GhidraScript)  
INFO  FindStoresAtDisplacement.java> 821ca6c8 821ca6cc stw r12,-0x8(r1) (GhidraScript)  
INFO  FindStoresAtDisplacement.java> 821ca828 821ca82c stw r12,-0x8(r1) (GhidraScript)  
INFO  FindStoresAtDisplacement.java> 821ca888 821ca88c stw r12,-0x8(r1) (GhidraScript)  
INFO  FindStoresAtDisplacement.java> 821ca888 821ca8b8 stw r11,0x8(r31) (GhidraScript)  
INFO  FindStoresAtDisplacement.java> 821cbae8 821cbaec stw r12,-0x8(r1) (GhidraScript)  
INFO  FindStoresAtDisplacement.java> 821cbb58 821cbb5c stw r12,-0x8(r1) (GhidraScript)  
INFO  FindStoresAtDisplacement.java> 821cbf40 821cbf44 stw r12,-0x8(r1) (GhidraScript)  
INFO  FindStoresAtDisplacement.java> 821cbf40 821cbfac stw r9,0x158(r31) (GhidraScript)  
INFO  FindStoresAtDisplacement.java> 821cc338 821cc33c stw r12,-0x8(r1) (GhidraScript)  
INFO  FindStoresAtDisplacement.java> 821cc3c8 821cc3cc stw r12,-0x8(r1) (GhidraScript)  
INFO  FindStoresAtDisplacement.java> 821cc3c8 821cc444 stb r30,0x138(r31) (GhidraScript)  
INFO  FindStoresAtDisplacement.java> 821cc3c8 821cc45c stw r30,0x148(r31) (GhidraScript)  
INFO  FindStoresAtDisplacement.java> 821cc3c8 821cc46c stw r30,0x5948(r31) (GhidraScript)  
INFO  FindStoresAtDisplacement.java> 821cc3c8 821cc488 stw r30,0x5968(r31) (GhidraScript)  
INFO  FindStoresAtDisplacement.java> 821cc3c8 821cc49c stw r30,0x5b78(r31) (GhidraScript)  
INFO  FindStoresAtDisplacement.java> 821cd048 821cd04c stw r12,-0x8(r1) (GhidraScript)  
INFO  FindStoresAtDisplacement.java> 821ce030 821ce034 stw r12,-0x8(r1) (GhidraScript)  
INFO  FindStoresAtDisplacement.java> 821ce030 821ce060 stw r10,0x1b8(r31) (GhidraScript)  
INFO  FindStoresAtDisplacement.java> 821ce4e8 821ce4ec stw r12,-0x8(r1) (GhidraScript)  
INFO  FindStoresAtDisplacement.java> 821ce4e8 821ce5c0 stb r11,0x148(r31) (GhidraScript)  
INFO  FindStoresAtDisplacement.java> 821ce4e8 821ce66c stw r11,0x78(r31) (GhidraScript)  
INFO  FindStoresAtDisplacement.java> 821ce8a8 821ce8ac stw r12,-0x8(r1) (GhidraScript)  
INFO  FindStoresAtDisplacement.java> 821ce8a8 821ce8e0 stw r30,0x58(r31) (GhidraScript)  
INFO  FindStoresAtDisplacement.java> 821cf9e8 821cf9ec stw r12,-0x8(r1) (GhidraScript)  
INFO  FindStoresAtDisplacement.java> 821cf9e8 821cfa48 stw r30,0x128(r31) (GhidraScript)  
INFO  FindStoresAtDisplacement.java> 821cf9e8 821cfb04 stw r11,0x128(r31) (GhidraScript)  
INFO  FindStoresAtDisplacement.java> 821cfbd0 821cfbd4 stw r12,-0x8(r1) (GhidraScript)  
INFO  FindStoresAtDisplacement.java> 821cfc38 821cfc3c stw r12,-0x8(r1) (GhidraScript)  
INFO  FindStoresAtDisplacement.java> 821cfca8 821cfcac stw r12,-0x8(r1) (GhidraScript)  
INFO  FindStoresAtDisplacement.java> 821cfd18 821cfd1c stw r12,-0x8(r1) (GhidraScript)  
INFO  FindStoresAtDisplacement.java> 821cfda0 821cfda4 stw r12,-0x8(r1) (GhidraScript)  
INFO  FindStoresAtDisplacement.java> 821cfe18 821cfe1c stw r12,-0x8(r1) (GhidraScript)  
INFO  FindStoresAtDisplacement.java> 821cfe90 821cfe94 stw r12,-0x8(r1) (GhidraScript)  
INFO  FindStoresAtDisplacement.java> 821cfed8 821cff20 stw r11,0x8(r10) (GhidraScript)  
INFO  FindStoresAtDisplacement.java> 821cfed8 821cff54 stw r11,0x8(r10) (GhidraScript)  
INFO  FindStoresAtDisplacement.java> 821cfed8 821cffb0 stw r10,0x1608(r3) (GhidraScript)  
INFO  FindStoresAtDisplacement.java> 821d0668 821d066c stw r12,-0x8(r1) (GhidraScript)  
INFO  FindStoresAtDisplacement.java> 821d0c10 821d0c14 stw r12,-0x8(r1) (GhidraScript)  
INFO  FindStoresAtDisplacement.java> 821d0cf8 821d0cfc stw r12,-0x8(r1) (GhidraScript)  
INFO  FindStoresAtDisplacement.java> 821d0ea8 821d0eac stw r12,-0x8(r1) (GhidraScript)  
INFO  FindStoresAtDisplacement.java> 821d0fd0 821d0fd4 stw r12,-0x8(r1) (GhidraScript)  
INFO  FindStoresAtDisplacement.java> 821d1018 821d101c stw r12,-0x8(r1) (GhidraScript)  
INFO  FindStoresAtDisplacement.java> 821d1018 821d1030 stw r4,0x18(r31) (GhidraScript)  
INFO  FindStoresAtDisplacement.java> 821d1060 821d1064 stw r12,-0x8(r1) (GhidraScript)  
INFO  FindStoresAtDisplacement.java> 821d10e0 821d10e4 stw r12,-0x8(r1) (GhidraScript)  
INFO  FindStoresAtDisplacement.java> 821d1620 821d1624 stw r12,-0x8(r1) (GhidraScript)  
INFO  FindStoresAtDisplacement.java> 821d1be8 821d1bec stw r12,-0x8(r1) (GhidraScript)  
INFO  FindStoresAtDisplacement.java> 821d1c68 821d1c6c stw r12,-0x8(r1) (GhidraScript)  
INFO  FindStoresAtDisplacement.java> 821d1cc8 821d1cf0 stw r11,0x8(r3) (GhidraScript)  
INFO  FindStoresAtDisplacement.java> 821d1cc8 821d1d08 stw r11,0x18(r3) (GhidraScript)  
INFO  FindStoresAtDisplacement.java> 821d1cc8 821d1d18 stw r11,0x28(r3) (GhidraScript)  
INFO  FindStoresAtDisplacement.java> 821d1cc8 821d1d54 stw r11,-0x8(r9) (GhidraScript)  
INFO  FindStoresAtDisplacement.java> 821d1cc8 821d1da0 stw r4,-0x45b8(r11) (GhidraScript)  
INFO  FindStoresAtDisplacement.java> 821d1cc8 821d1db4 stw r30,0x8(r3) (GhidraScript)  
INFO  FindStoresAtDisplacement.java> 821d20d0 821d20d4 stw r12,-0x8(r1) (GhidraScript)  
INFO  FindStoresAtDisplacement.java> 821d21d8 821d21dc stw r12,-0x8(r1) (GhidraScript)  
INFO  FindStoresAtDisplacement.java> 821d21d8 821d221c stw r31,0x18(r3) (GhidraScript)  
INFO  FindStoresAtDisplacement.java> 821d27f0 821d27f4 stw r12,-0x8(r1) (GhidraScript)  
INFO  FindStoresAtDisplacement.java> 821d2d10 821d2d14 stw r12,-0x8(r1) (GhidraScript)  
INFO  FindStoresAtDisplacement.java> 821d2fc0 821d2fc4 stw r12,-0x8(r1) (GhidraScript)  
INFO  FindStoresAtDisplacement.java> 821d3278 821d327c stw r12,-0x8(r1) (GhidraScript)  
INFO  FindStoresAtDisplacement.java> 821d3330 821d3334 stw r12,-0x8(r1) (GhidraScript)  
INFO  FindStoresAtDisplacement.java> 821d33f0 821d33f4 stw r12,-0x8(r1) (GhidraScript)  
INFO  FindStoresAtDisplacement.java> 821d34a8 821d34ac stw r12,-0x8(r1) (GhidraScript)  
INFO  FindStoresAtDisplacement.java> 821d3560 821d3564 stw r12,-0x8(r1) (GhidraScript)  
INFO  FindStoresAtDisplacement.java> 821d3618 821d361c stw r12,-0x8(r1) (GhidraScript)  
INFO  FindStoresAtDisplacement.java> 821d36d0 821d36d4 stw r12,-0x8(r1) (GhidraScript)  
INFO  FindStoresAtDisplacement.java> 821d3868 821d386c stw r12,-0x8(r1) (GhidraScript)  
INFO  FindStoresAtDisplacement.java> 821d38e0 821d38e4 stw r12,-0x8(r1) (GhidraScript)  
INFO  FindStoresAtDisplacement.java> 821d3940 821d3944 stw r12,-0x8(r1) (GhidraScript)  
INFO  FindStoresAtDisplacement.java> 821d3940 821d3990 stw r30,0x8(r31) (GhidraScript)  
INFO  FindStoresAtDisplacement.java> 821d3ad8 821d3adc stw r12,-0x8(r1) (GhidraScript)  
INFO  FindStoresAtDisplacement.java> 821d3ad8 821d3b04 stw r11,0x61a8(r31) (GhidraScript)  
INFO  FindStoresAtDisplacement.java> 821d3b30 821d3b34 stw r12,-0x8(r1) (GhidraScript)  
INFO  FindStoresAtDisplacement.java> 821d3c68 821d3c6c stw r12,-0x8(r1) (GhidraScript)  
INFO  FindStoresAtDisplacement.java> 821d3d00 821d3d04 stw r12,-0x8(r1) (GhidraScript)  
INFO  FindStoresAtDisplacement.java> 821d3dc0 821d3dc4 stw r12,-0x8(r1) (GhidraScript)  
INFO  FindStoresAtDisplacement.java> 821d3e50 821d3e54 stw r12,-0x8(r1) (GhidraScript)  
INFO  FindStoresAtDisplacement.java> 821d3ec0 821d3ec4 stw r12,-0x8(r1) (GhidraScript)  
INFO  FindStoresAtDisplacement.java> 821d3f68 821d3f6c stw r12,-0x8(r1) (GhidraScript)  
INFO  FindStoresAtDisplacement.java> 821d4028 821d402c stw r12,-0x8(r1) (GhidraScript)  
INFO  FindStoresAtDisplacement.java> 821d48e0 821d48e4 stw r12,-0x8(r1) (GhidraScript)  
INFO  FindStoresAtDisplacement.java> 821d49d8 821d49dc stw r12,-0x8(r1) (GhidraScript)  
INFO  FindStoresAtDisplacement.java> 821d5080 821d5084 stw r12,-0x8(r1) (GhidraScript)  
INFO  FindStoresAtDisplacement.java> 821d5498 821d549c stw r12,-0x8(r1) (GhidraScript)  
INFO  FindStoresAtDisplacement.java> 821d7518 821d751c stw r12,-0x8(r1) (GhidraScript)  
INFO  FindStoresAtDisplacement.java> 821d76b8 821d76bc stw r12,-0x8(r1) (GhidraScript)  
INFO  FindStoresAtDisplacement.java> 821d7778 821d777c stw r12,-0x8(r1) (GhidraScript)  
INFO  FindStoresAtDisplacement.java> 821d7778 821d77d4 stw r8,0x8(r11) (GhidraScript)  
INFO  FindStoresAtDisplacement.java> 821d7778 821d7814 stw r11,0x8(r31) (GhidraScript)  
INFO  FindStoresAtDisplacement.java> 821d7848 821d784c stw r12,-0x8(r1) (GhidraScript)  
INFO  FindStoresAtDisplacement.java> 821d7a90 821d7a94 stw r12,-0x8(r1) (GhidraScript)  
INFO  FindStoresAtDisplacement.java> 821d7a90 821d7b50 stw r10,0x48(r11) (GhidraScript)  
INFO  FindStoresAtDisplacement.java> 821d7a90 821d7b60 stw r10,0x98(r11) (GhidraScript)  
INFO  FindStoresAtDisplacement.java> 821d7c80 821d7c84 stw r12,-0x8(r1) (GhidraScript)  
INFO  FindStoresAtDisplacement.java> 821d7c80 821d7d34 stw r11,0x8(r31) (GhidraScript)  
INFO  FindStoresAtDisplacement.java> 821d7e90 821d7e94 stw r12,-0x8(r1) (GhidraScript)  
INFO  FindStoresAtDisplacement.java> 821d7ed8 821d7edc stw r12,-0x8(r1) (GhidraScript)  
INFO  FindStoresAtDisplacement.java> 821d8290 821d8294 stw r12,-0x8(r1) (GhidraScript)  
INFO  FindStoresAtDisplacement.java> 821d83e0 821d83e4 stw r12,-0x8(r1) (GhidraScript)  
INFO  FindStoresAtDisplacement.java> 821d8450 821d8454 stw r12,-0x8(r1) (GhidraScript)  
INFO  FindStoresAtDisplacement.java> 821d8450 821d848c stw r11,0x8(r31) (GhidraScript)  
INFO  FindStoresAtDisplacement.java> 821d8598 821d859c stw r12,-0x8(r1) (GhidraScript)  
INFO  FindStoresAtDisplacement.java> 821d86e8 821d86ec stw r12,-0x8(r1) (GhidraScript)  
INFO  FindStoresAtDisplacement.java> 821d8880 821d8884 stw r12,-0x8(r1) (GhidraScript)  
INFO  FindStoresAtDisplacement.java> 821d8880 821d8918 stw r9,-0x8(r10) (GhidraScript)  
INFO  FindStoresAtDisplacement.java> 821d8880 821d8920 stw r7,0x68(r1) (GhidraScript)  
INFO  FindStoresAtDisplacement.java> 821d8880 821d8988 stw r11,0x58(r1) (GhidraScript)  
INFO  FindStoresAtDisplacement.java> 821d8880 821d89a8 stw r11,0x58(r1) (GhidraScript)  
INFO  FindStoresAtDisplacement.java> 821d8880 821d89c8 stw r11,0x58(r1) (GhidraScript)  
INFO  FindStoresAtDisplacement.java> 821d8880 821d89e8 stw r11,0x58(r1) (GhidraScript)  
INFO  FindStoresAtDisplacement.java> 821d8880 821d8a08 stw r11,0x58(r1) (GhidraScript)  
INFO  FindStoresAtDisplacement.java> 821d8880 821d8a28 stw r11,0x58(r1) (GhidraScript)  
INFO  FindStoresAtDisplacement.java> 821d8b40 821d8ba4 stw r22,-0x8(r31) (GhidraScript)  
INFO  FindStoresAtDisplacement.java> 821d8b40 821d8bb8 stw r27,0x8(r31) (GhidraScript)  
INFO  FindStoresAtDisplacement.java> 821d8b40 821d8c14 stw r29,0x28(r31) (GhidraScript)  
INFO  FindStoresAtDisplacement.java> 821d8b40 821d8c84 stw r11,0x18(r31) (GhidraScript)  
INFO  FindStoresAtDisplacement.java> 821d8e00 821d8e04 stw r12,-0x8(r1) (GhidraScript)  
INFO  FindStoresAtDisplacement.java> 821d8e00 821d8e3c stb r11,0x68(r1) (GhidraScript)  
INFO  FindStoresAtDisplacement.java> 821d8e00 821d8e60 sth r10,0x78(r1) (GhidraScript)  
INFO  FindStoresAtDisplacement.java> 821d9700 821d9704 stw r12,-0x8(r1) (GhidraScript)  
INFO  FindStoresAtDisplacement.java> 821d9c50 821d9c54 stw r12,-0x8(r1) (GhidraScript)  
INFO  FindStoresAtDisplacement.java> 821d9fb8 821d9fbc stw r12,-0x8(r1) (GhidraScript)  
INFO  FindStoresAtDisplacement.java> 821da498 821da49c stw r12,-0x8(r1) (GhidraScript)  
INFO  FindStoresAtDisplacement.java> 821da5c0 821da648 stw r9,0x8(r11) (GhidraScript)  
INFO  FindStoresAtDisplacement.java> 821da938 821da93c stw r12,-0x8(r1) (GhidraScript)  
INFO  FindStoresAtDisplacement.java> 821daba0 821daba8 stw r4,0x2948(r3) (GhidraScript)  
INFO  FindStoresAtDisplacement.java> 821dabd0 821dabd8 stw r11,0x2948(r3) (GhidraScript)  
INFO  FindStoresAtDisplacement.java> 821dac38 821dac80 stw r11,0x2938(r3) (GhidraScript)  
INFO  FindStoresAtDisplacement.java> 821dac38 821dac84 stw r11,0x2958(r3) (GhidraScript)  
INFO  FindStoresAtDisplacement.java> 821dacc8 821dad0c stw r11,0x2938(r3) (GhidraScript)  
INFO  FindStoresAtDisplacement.java> 821dacc8 821dad10 stw r11,0x2958(r3) (GhidraScript)  
INFO  FindStoresAtDisplacement.java> 821dad58 821dad9c stw r11,0x2938(r3) (GhidraScript)  
INFO  FindStoresAtDisplacement.java> 821dad58 821dada0 stw r11,0x2958(r3) (GhidraScript)  
INFO  FindStoresAtDisplacement.java> 821dade8 821dae2c stw r11,0x2938(r3) (GhidraScript)  
INFO  FindStoresAtDisplacement.java> 821dade8 821dae30 stw r11,0x2958(r3) (GhidraScript)  
INFO  FindStoresAtDisplacement.java> 821dae78 821dae9c stw r11,0x2938(r3) (GhidraScript)  
INFO  FindStoresAtDisplacement.java> 821dae78 821daea0 stw r11,0x2958(r3) (GhidraScript)  
INFO  FindStoresAtDisplacement.java> 821daee8 821daf0c stw r11,0x2938(r3) (GhidraScript)  
INFO  FindStoresAtDisplacement.java> 821daee8 821daf10 stw r11,0x2958(r3) (GhidraScript)  
INFO  FindStoresAtDisplacement.java> 821daf58 821daf7c stw r11,0x2938(r3) (GhidraScript)  
INFO  FindStoresAtDisplacement.java> 821daf58 821daf80 stw r11,0x2958(r3) (GhidraScript)  
INFO  FindStoresAtDisplacement.java> 821dafc8 821db014 stw r11,0x2938(r3) (GhidraScript)  
INFO  FindStoresAtDisplacement.java> 821dafc8 821db018 stw r11,0x2958(r3) (GhidraScript)  
INFO  FindStoresAtDisplacement.java> 821db218 821db228 stw r11,0x29b8(r3) (GhidraScript)  
INFO  FindStoresAtDisplacement.java> 821db2c0 821db2d8 stw r11,0x5708(r3) (GhidraScript)  
INFO  FindStoresAtDisplacement.java> 821db6c0 821db6c8 stw r11,0x2e48(r3) (GhidraScript)  
INFO  FindStoresAtDisplacement.java> 821db6d8 821db724 stw r11,0x2948(r3) (GhidraScript)  
INFO  FindStoresAtDisplacement.java> 821db6d8 821db74c stw r11,0x2948(r3) (GhidraScript)  
INFO  FindStoresAtDisplacement.java> 821db7a0 821db7e4 stw r11,0x2948(r3) (GhidraScript)  
INFO  FindStoresAtDisplacement.java> 821db7a0 821db808 stw r11,0x2948(r3) (GhidraScript)  
INFO  FindStoresAtDisplacement.java> 821db848 821db850 stw r11,0x2948(r3) (GhidraScript)  
INFO  FindStoresAtDisplacement.java> 821db958 821db95c stw r4,0x2e58(r3) (GhidraScript)  
INFO  FindStoresAtDisplacement.java> 821dba60 821dba90 sth r11,0x2968(r3) (GhidraScript)  
INFO  FindStoresAtDisplacement.java> 821dbf18 821dbf1c stw r4,0x2ef8(r3) (GhidraScript)  
INFO  FindStoresAtDisplacement.java> 821dc198 821dc1a8 stw r4,0x2978(r3) (GhidraScript)  
INFO  FindStoresAtDisplacement.java> 821dc208 821dc210 stw r11,0x2948(r3) (GhidraScript)  
INFO  FindStoresAtDisplacement.java> 821dc238 821dc23c stw r4,0x28d8(r3) (GhidraScript)  
INFO  FindStoresAtDisplacement.java> 821dcee8 821dceec stw r12,-0x8(r1) (GhidraScript)  
INFO  FindStoresAtDisplacement.java> 821dcee8 821dcf5c stw r31,0x3188(r3) (GhidraScript)  
INFO  FindStoresAtDisplacement.java> 821dcee8 821dcfc8 stw r10,0x28c8(r3) (GhidraScript)  
INFO  FindStoresAtDisplacement.java> 821dcfe8 821dcfec stw r12,-0x8(r1) (GhidraScript)  
INFO  FindStoresAtDisplacement.java> 821dd588 821dd58c stw r12,-0x8(r1) (GhidraScript)  
INFO  FindStoresAtDisplacement.java> 821dd588 821dd5cc stw r11,0x2888(r31) (GhidraScript)  
INFO  FindStoresAtDisplacement.java> 821dd860 821dd864 stw r12,-0x8(r1) (GhidraScript)  
INFO  FindStoresAtDisplacement.java> 821ddd30 821ddd34 stw r12,-0x8(r1) (GhidraScript)  
INFO  FindStoresAtDisplacement.java> 821ddd30 821ddda0 stw r7,0x35c8(r30) (GhidraScript)  
INFO  FindStoresAtDisplacement.java> 821de898 821de89c stw r12,-0x8(r1) (GhidraScript)  
INFO  FindStoresAtDisplacement.java> 821e0280 821e0284 stw r12,-0x8(r1) (GhidraScript)  
INFO  FindStoresAtDisplacement.java> 821e0280 821e0350 stw r11,0x8(r31) (GhidraScript)  
INFO  FindStoresAtDisplacement.java> 821e0280 821e035c stw r10,0x18(r31) (GhidraScript)  
INFO  FindStoresAtDisplacement.java> 821e0ff0 821e0ff4 stw r12,-0x8(r1) (GhidraScript)  
INFO  FindStoresAtDisplacement.java> 821e0ff0 821e1030 stw r11,0x8(r31) (GhidraScript)  
INFO  FindStoresAtDisplacement.java> 821e0ff0 821e104c stw r11,0x18(r31) (GhidraScript)  
INFO  FindStoresAtDisplacement.java> 821e2400 821e2404 stw r12,-0x8(r1) (GhidraScript)  
INFO  FindStoresAtDisplacement.java> 821e2400 821e244c stw r9,0x58(r1) (GhidraScript)  
INFO  FindStoresAtDisplacement.java> 821e2400 821e24fc stw r11,0x58(r1) (GhidraScript)  
INFO  FindStoresAtDisplacement.java> 821e3e58 821e3e5c stw r12,-0x8(r1) (GhidraScript)  
INFO  FindStoresAtDisplacement.java> 821e3e58 821e3f20 stw r6,0x18(r7) (GhidraScript)  
INFO  FindStoresAtDisplacement.java> 821e3f80 821e3f84 stw r12,-0x8(r1) (GhidraScript)  
INFO  FindStoresAtDisplacement.java> 821e3ff8 821e3ffc stw r12,-0x8(r1) (GhidraScript)  
INFO  FindStoresAtDisplacement.java> 821e41d0 821e41d4 stw r12,-0x8(r1) (GhidraScript)  
INFO  FindStoresAtDisplacement.java> 821e42e0 821e42e4 stw r12,-0x8(r1) (GhidraScript)  
INFO  FindStoresAtDisplacement.java> 821e4480 821e4484 stw r12,-0x8(r1) (GhidraScript)  
INFO  FindStoresAtDisplacement.java> 821e4480 821e45b0 stw r9,0x2ab8(r31) (GhidraScript)  
INFO  FindStoresAtDisplacement.java> 821e4ff8 821e4ffc stw r12,-0x8(r1) (GhidraScript)  
INFO  FindStoresAtDisplacement.java> 821e4ff8 821e50ec stw r3,0x8(r31) (GhidraScript)  
INFO  FindStoresAtDisplacement.java> 821e6068 821e606c stw r12,-0x8(r1) (GhidraScript)  
INFO  FindStoresAtDisplacement.java> 821e6468 821e646c stw r12,-0x8(r1) (GhidraScript)  
INFO  FindStoresAtDisplacement.java> 821e64e0 821e64e4 stw r12,-0x8(r1) (GhidraScript)  
INFO  FindStoresAtDisplacement.java> 821e69c8 821e69cc stw r12,-0x8(r1) (GhidraScript)  
INFO  FindStoresAtDisplacement.java> 821e6ca8 821e6cac stw r12,-0x8(r1) (GhidraScript)  
INFO  FindStoresAtDisplacement.java> 821e6d00 821e6d04 stw r12,-0x8(r1) (GhidraScript)  
INFO  FindStoresAtDisplacement.java> 821e6d00 821e6d28 stw r3,0x2a88(r31) (GhidraScript)  
INFO  FindStoresAtDisplacement.java> 821e6d40 821e6d48 stw r11,0x2a88(r3) (GhidraScript)  
INFO  FindStoresAtDisplacement.java> 821e6d50 821e6d54 stw r12,-0x8(r1) (GhidraScript)  
INFO  FindStoresAtDisplacement.java> 821e6ee0 821e6ee4 stw r12,-0x8(r1) (GhidraScript)  
INFO  FindStoresAtDisplacement.java> 821e8c70 821e8c74 stw r12,-0x8(r1) (GhidraScript)  
INFO  FindStoresAtDisplacement.java> 821e8ca8 821e8cac stw r12,-0x8(r1) (GhidraScript)  
INFO  FindStoresAtDisplacement.java> 821e8d00 821e8d04 stw r12,-0x8(r1) (GhidraScript)  
INFO  FindStoresAtDisplacement.java> 821e9038 821e903c stw r12,-0x8(r1) (GhidraScript)  
INFO  FindStoresAtDisplacement.java> 821e9038 821e9114 stw r30,0x268(r31) (GhidraScript)  
INFO  FindStoresAtDisplacement.java> 821ea6d8 821eabd4 stw r9,0x8(r29) (GhidraScript)  
INFO  FindStoresAtDisplacement.java> 821ea6d8 821eac98 stw r9,0x8(r30) (GhidraScript)  
INFO  FindStoresAtDisplacement.java> 821ea6d8 821eace0 stw r9,0x2898(r31) (GhidraScript)  
INFO  FindStoresAtDisplacement.java> 821ea6d8 821ead94 stw r22,0x2898(r31) (GhidraScript)  
INFO  FindStoresAtDisplacement.java> 821ea6d8 821eaf58 stw r22,0x168(r30) (GhidraScript)  
INFO  FindStoresAtDisplacement.java> 821ea6d8 821eafdc stw r11,0x248(r30) (GhidraScript)  
INFO  FindStoresAtDisplacement.java> 821eafe8 821eafec stw r12,-0x8(r1) (GhidraScript)  
INFO  FindStoresAtDisplacement.java> 821eb0d0 821eb0d4 stw r12,-0x8(r1) (GhidraScript)  
INFO  FindStoresAtDisplacement.java> 821eb0d0 821eb178 stw r11,0x34c8(r31) (GhidraScript)  
INFO  FindStoresAtDisplacement.java> 821eb260 821eb264 stw r12,-0x8(r1) (GhidraScript)  
INFO  FindStoresAtDisplacement.java> 821eb338 821eb33c stw r12,-0x8(r1) (GhidraScript)  
INFO  FindStoresAtDisplacement.java> 821eb6a0 821eb6a4 stw r12,-0x8(r1) (GhidraScript)  
INFO  FindStoresAtDisplacement.java> 821eb738 821eb73c stw r12,-0x8(r1) (GhidraScript)  
INFO  FindStoresAtDisplacement.java> 821eb878 821eb87c stw r12,-0x8(r1) (GhidraScript)  
INFO  FindStoresAtDisplacement.java> 821ebb00 821ebb04 stw r12,-0x8(r1) (GhidraScript)  
INFO  FindStoresAtDisplacement.java> 821ecba8 821ecbac stw r12,-0x8(r1) (GhidraScript)  
INFO  FindStoresAtDisplacement.java> 821ecba8 821ecbec stw r6,0x8(r11) (GhidraScript)  
INFO  FindStoresAtDisplacement.java> 821ecba8 821ecc10 stw r11,0x58(r1) (GhidraScript)  
INFO  FindStoresAtDisplacement.java> 821eee90 821eee94 stw r12,-0x8(r1) (GhidraScript)  
INFO  FindStoresAtDisplacement.java> 821eee90 821eeee4 stw r11,0x38(r31) (GhidraScript)  
INFO  FindStoresAtDisplacement.java> 821ef418 821ef41c stw r12,-0x8(r1) (GhidraScript)  
INFO  FindStoresAtDisplacement.java> 821effe0 821effe4 stw r12,-0x8(r1) (GhidraScript)  
INFO  FindStoresAtDisplacement.java> 821f1140 821f1144 stw r12,-0x8(r1) (GhidraScript)  
INFO  FindStoresAtDisplacement.java> 821f2068 821f206c stw r12,-0x8(r1) (GhidraScript)  
INFO  FindStoresAtDisplacement.java> 821f2208 821f220c stw r12,-0x8(r1) (GhidraScript)  
INFO  FindStoresAtDisplacement.java> 821f35e8 821f35ec stw r12,-0x8(r1) (GhidraScript)  
INFO  FindStoresAtDisplacement.java> 821f3d60 821f3d64 stw r12,-0x8(r1) (GhidraScript)  
INFO  FindStoresAtDisplacement.java> 821f3de0 821f3de4 stw r12,-0x8(r1) (GhidraScript)  
INFO  FindStoresAtDisplacement.java> 821f3e60 821f3e64 stw r12,-0x8(r1) (GhidraScript)  
INFO  FindStoresAtDisplacement.java> 821f3ed8 821f3ee4 stw r10,-0x1198(r11) (GhidraScript)  
INFO  FindStoresAtDisplacement.java> 821f3ef0 821f3ef4 stw r12,-0x8(r1) (GhidraScript)  
INFO  FindStoresAtDisplacement.java> 821f3fa8 821f3fac stw r12,-0x8(r1) (GhidraScript)  
INFO  FindStoresAtDisplacement.java> 821f4038 821f403c stw r12,-0x8(r1) (GhidraScript)  
INFO  FindStoresAtDisplacement.java> 821f40f0 821f40f4 stw r12,-0x8(r1) (GhidraScript)  
INFO  FindStoresAtDisplacement.java> 821f4130 821f4134 stw r12,-0x8(r1) (GhidraScript)  
INFO  FindStoresAtDisplacement.java> 821f41d0 821f41d4 stw r12,-0x8(r1) (GhidraScript)  
INFO  FindStoresAtDisplacement.java> 821f4208 821f420c stw r12,-0x8(r1) (GhidraScript)  
INFO  FindStoresAtDisplacement.java> 821f4288 821f428c stw r12,-0x8(r1) (GhidraScript)  
INFO  FindStoresAtDisplacement.java> 821f4328 821f432c stw r12,-0x8(r1) (GhidraScript)  
INFO  FindStoresAtDisplacement.java> 821f4328 821f4368 stw r8,0x68(r1) (GhidraScript)  
INFO  FindStoresAtDisplacement.java> 821f45d8 821f45dc stw r12,-0x8(r1) (GhidraScript)  
INFO  FindStoresAtDisplacement.java> 821f4660 821f4664 stw r12,-0x8(r1) (GhidraScript)  
INFO  FindStoresAtDisplacement.java> 821f4768 821f476c stw r12,-0x8(r1) (GhidraScript)  
INFO  FindStoresAtDisplacement.java> 821f4798 821f479c stw r12,-0x8(r1) (GhidraScript)  
INFO  FindStoresAtDisplacement.java> 821f47e0 821f47e4 stw r12,-0x8(r1) (GhidraScript)  
INFO  FindStoresAtDisplacement.java> 821f47e0 821f4838 stw r9,0x8(r31) (GhidraScript)  
INFO  FindStoresAtDisplacement.java> 821f47e0 821f4840 stw r10,0x18(r31) (GhidraScript)  
INFO  FindStoresAtDisplacement.java> 821f4878 821f487c stw r12,-0x8(r1) (GhidraScript)  
INFO  FindStoresAtDisplacement.java> 821f4a78 821f4a7c stw r12,-0x8(r1) (GhidraScript)  
INFO  FindStoresAtDisplacement.java> 821f4fb8 821f4fbc stw r12,-0x8(r1) (GhidraScript)  
INFO  FindStoresAtDisplacement.java> 821f5068 821f506c stw r12,-0x8(r1) (GhidraScript)  
INFO  FindStoresAtDisplacement.java> 821f50b8 821f50bc stw r12,-0x8(r1) (GhidraScript)  
INFO  FindStoresAtDisplacement.java> 821f5150 821f5154 stw r12,-0x8(r1) (GhidraScript)  
INFO  FindStoresAtDisplacement.java> 821f5198 821f519c stw r12,-0x8(r1) (GhidraScript)  
INFO  FindStoresAtDisplacement.java> 821f5198 821f51d4 stw r11,0x58(r1) (GhidraScript)  
INFO  FindStoresAtDisplacement.java> 821f5228 821f522c stw r12,-0x8(r1) (GhidraScript)  
INFO  FindStoresAtDisplacement.java> 821f53f0 821f53f4 stw r12,-0x8(r1) (GhidraScript)  
INFO  FindStoresAtDisplacement.java> 821f5488 821f548c stw r12,-0x8(r1) (GhidraScript)  
INFO  FindStoresAtDisplacement.java> 821f55f0 821f55f4 stw r12,-0x8(r1) (GhidraScript)  
INFO  FindStoresAtDisplacement.java> 821f5660 821f5664 stw r12,-0x8(r1) (GhidraScript)  
INFO  FindStoresAtDisplacement.java> 821f5660 821f5690 stw r11,0x68(r1) (GhidraScript)  
INFO  FindStoresAtDisplacement.java> 821f5758 821f575c stw r12,-0x8(r1) (GhidraScript)  
INFO  FindStoresAtDisplacement.java> 821f57f0 821f57f4 stw r12,-0x8(r1) (GhidraScript)  
INFO  FindStoresAtDisplacement.java> 821f5950 821f5954 stw r12,-0x8(r1) (GhidraScript)  
INFO  FindStoresAtDisplacement.java> 821f5ca8 821f5cac stw r12,-0x8(r1) (GhidraScript)  
INFO  FindStoresAtDisplacement.java> 821f5ca8 821f5da8 stw r11,0x68(r1) (GhidraScript)  
INFO  FindStoresAtDisplacement.java> 821f5ca8 821f5dc8 stw r11,0x78(r1) (GhidraScript)  
INFO  FindStoresAtDisplacement.java> 821f5ca8 821f5de8 stw r11,0x98(r1) (GhidraScript)  
INFO  FindStoresAtDisplacement.java> 821f5ca8 821f5e08 stw r11,0xa8(r1) (GhidraScript)  
INFO  FindStoresAtDisplacement.java> 821f6050 821f6054 stw r12,-0x8(r1) (GhidraScript)  
INFO  FindStoresAtDisplacement.java> 821f7358 821f735c stw r12,-0x8(r1) (GhidraScript)  
INFO  FindStoresAtDisplacement.java> 821f73b8 821f73bc stw r12,-0x8(r1) (GhidraScript)  
INFO  FindStoresAtDisplacement.java> 821f73b8 821f73fc stw r10,0x68(r1) (GhidraScript)  
INFO  FindStoresAtDisplacement.java> 821f7458 821f745c stw r12,-0x8(r1) (GhidraScript)  
INFO  FindStoresAtDisplacement.java> 821f7578 821f757c stw r12,-0x8(r1) (GhidraScript)  
INFO  FindStoresAtDisplacement.java> 821f75d0 821f75d4 stw r12,-0x8(r1) (GhidraScript)  
INFO  FindStoresAtDisplacement.java> 821f75d0 821f760c stw r10,0x8(r31) (GhidraScript)  
INFO  FindStoresAtDisplacement.java> 821f7628 821f762c stw r12,-0x8(r1) (GhidraScript)  
INFO  FindStoresAtDisplacement.java> 821f77c8 821f77cc stw r12,-0x8(r1) (GhidraScript)  
INFO  FindStoresAtDisplacement.java> 821f7818 821f781c stw r12,-0x8(r1) (GhidraScript)  
INFO  FindStoresAtDisplacement.java> 821f7880 821f7884 stw r12,-0x8(r1) (GhidraScript)  
INFO  FindStoresAtDisplacement.java> 821f7900 821f7904 stw r12,-0x8(r1) (GhidraScript)  
INFO  FindStoresAtDisplacement.java> 821f79d8 821f79dc stw r12,-0x8(r1) (GhidraScript)  
INFO  FindStoresAtDisplacement.java> 821f7a48 821f7a4c stw r12,-0x8(r1) (GhidraScript)  
INFO  FindStoresAtDisplacement.java> 821f7a90 821f7a94 stw r12,-0x8(r1) (GhidraScript)  
INFO  FindStoresAtDisplacement.java> 821f7ae8 821f7aec stw r12,-0x8(r1) (GhidraScript)  
INFO  FindStoresAtDisplacement.java> 821f7bc8 821f7bcc stw r12,-0x8(r1) (GhidraScript)  
INFO  FindStoresAtDisplacement.java> 821f7d10 821f7d14 stw r12,-0x8(r1) (GhidraScript)  
INFO  FindStoresAtDisplacement.java> 821f7de8 821f7dec stw r12,-0x8(r1) (GhidraScript)  
INFO  FindStoresAtDisplacement.java> 821f7e40 821f7e44 stw r12,-0x8(r1) (GhidraScript)  
INFO  FindStoresAtDisplacement.java> 821f7e40 821f7ea0 stw r30,0xa8(r31) (GhidraScript)  
INFO  FindStoresAtDisplacement.java> 821f8024 821f8028 stw r12,-0x8(r1) (GhidraScript)  
INFO  FindStoresAtDisplacement.java> 821f8048 821f804c stw r12,-0x8(r1) (GhidraScript)  
INFO  FindStoresAtDisplacement.java> 821f8048 821f80e0 stw r10,0x8(r11) (GhidraScript)  
INFO  FindStoresAtDisplacement.java> 821f8048 821f810c stw r11,0x58(r1) (GhidraScript)  
INFO  FindStoresAtDisplacement.java> 821f8048 821f8188 stw r11,0x48(r10) (GhidraScript)  
INFO  FindStoresAtDisplacement.java> 821f8048 821f81a0 stw r11,0x8(r10) (GhidraScript)  
INFO  FindStoresAtDisplacement.java> 821f9068 821f906c stw r12,-0x8(r1) (GhidraScript)  
INFO  FindStoresAtDisplacement.java> 821f9820 821f9924 stw r11,0x88(r31) (GhidraScript)  
INFO  FindStoresAtDisplacement.java> 821f9820 821f998c stw r11,0x98(r31) (GhidraScript)  
INFO  FindStoresAtDisplacement.java> 821f9820 821f9c80 stw r10,0x18(r11) (GhidraScript)  
INFO  FindStoresAtDisplacement.java> 821f9820 821f9d2c sth r22,0x38(r11) (GhidraScript)  
INFO  FindStoresAtDisplacement.java> 821f9820 821f9d54 stw r11,0x28(r10) (GhidraScript)  
INFO  FindStoresAtDisplacement.java> 821fb1bc 821fb1cc stw r12,-0x18(r1) (GhidraScript)  
INFO  FindStoresAtDisplacement.java> 821fb1dc 821fb1ec stw r12,-0x18(r1) (GhidraScript)  
INFO  FindStoresAtDisplacement.java> 821fb6f0 821fb6f4 stw r12,-0x8(r1) (GhidraScript)  
INFO  FindStoresAtDisplacement.java> 821fb6f0 821fb734 sth r10,0x68(r1) (GhidraScript)  
INFO  FindStoresAtDisplacement.java> 821fb790 821fb794 stw r12,-0x8(r1) (GhidraScript)  
INFO  FindStoresAtDisplacement.java> 821fb790 821fb7f8 sth r7,0x8(r31) (GhidraScript)  
INFO  FindStoresAtDisplacement.java> 821fbba0 821fbba4 stw r12,-0x8(r1) (GhidraScript)  
INFO  FindStoresAtDisplacement.java> 821fbea0 821fbea4 stw r12,-0x8(r1) (GhidraScript)  
INFO  FindStoresAtDisplacement.java> 821fbf30 821fbf34 stw r12,-0x8(r1) (GhidraScript)  
INFO  FindStoresAtDisplacement.java> 821fc008 821fc00c stw r12,-0x8(r1) (GhidraScript)  
INFO  FindStoresAtDisplacement.java> 821fc070 821fc074 stw r12,-0x8(r1) (GhidraScript)  
INFO  FindStoresAtDisplacement.java> 821fc070 821fc0c8 stw r10,0x18(r31) (GhidraScript)  
INFO  FindStoresAtDisplacement.java> 821fc070 821fc128 stw r11,0x18(r31) (GhidraScript)  
INFO  FindStoresAtDisplacement.java> 821fc398 821fc39c stw r12,-0x8(r1) (GhidraScript)  
INFO  FindStoresAtDisplacement.java> 821fcca0 821fcca4 stw r12,-0x8(r1) (GhidraScript)  
INFO  FindStoresAtDisplacement.java> 821fd100 821fd104 stw r12,-0x8(r1) (GhidraScript)  
INFO  FindStoresAtDisplacement.java> 821fd198 821fd19c stw r12,-0x8(r1) (GhidraScript)  
INFO  FindStoresAtDisplacement.java> 821fd6d8 821fd6dc stw r12,-0x8(r1) (GhidraScript)  
INFO  FindStoresAtDisplacement.java> 821fdb98 821fdb9c stw r12,-0x8(r1) (GhidraScript)  
INFO  FindStoresAtDisplacement.java> 821fe238 821fe23c stw r12,-0x8(r1) (GhidraScript)  
INFO  FindStoresAtDisplacement.java> 821fe418 821fe41c stw r12,-0x8(r1) (GhidraScript)  
INFO  FindStoresAtDisplacement.java> 821fe4a0 821fe4a4 stw r12,-0x8(r1) (GhidraScript)  
INFO  FindStoresAtDisplacement.java> 821fe860 821fe864 stw r12,-0x8(r1) (GhidraScript)  
INFO  FindStoresAtDisplacement.java> 821ff428 821ff42c stw r12,-0x8(r1) (GhidraScript)  
INFO  FindStoresAtDisplacement.java> 821ff458 821ff464 stw r6,0x8(r3) (GhidraScript)  
INFO  FindStoresAtDisplacement.java> 821ff4f0 821ff4f4 stw r12,-0x8(r1) (GhidraScript)  
INFO  FindStoresAtDisplacement.java> 821ff888 821ff88c stw r12,-0x8(r1) (GhidraScript)  
INFO  FindStoresAtDisplacement.java> 821ff8b8 821ff8bc stw r12,-0x8(r1) (GhidraScript)  
INFO  FindStoresAtDisplacement.java> 821ffcd8 821ffcdc stw r12,-0x8(r1) (GhidraScript)  
INFO  FindStoresAtDisplacement.java> 821ffd18 821ffd1c stw r12,-0x8(r1) (GhidraScript)  
INFO  FindStoresAtDisplacement.java> 821ffd18 821ffdac stw r11,0x8(r31) (GhidraScript)  
INFO  FindStoresAtDisplacement.java> 821ffdd8 821ffddc stw r12,-0x8(r1) (GhidraScript)  
INFO  FindStoresAtDisplacement.java> 821ffe68 821ffe6c stw r12,-0x8(r1) (GhidraScript)  
INFO  FindStoresAtDisplacement.java> 821fff40 821fff44 stw r12,-0x8(r1) (GhidraScript)  
INFO  FindStoresAtDisplacement.java> 821fff8c 821fff94 stw r12,-0x8(r1) (GhidraScript)  
INFO  FindStoresAtDisplacement.java> 82200004 8220000c stw r12,-0x8(r1) (GhidraScript)  
INFO  FindStoresAtDisplacement.java> 82200030 82200034 stw r12,-0x8(r1) (GhidraScript)  
INFO  FindStoresAtDisplacement.java> 82200078 8220007c stw r12,-0x8(r1) (GhidraScript)  
INFO  FindStoresAtDisplacement.java> 822000c4 822000cc stw r12,-0x8(r1) (GhidraScript)  
INFO  FindStoresAtDisplacement.java> 822000f0 822000f4 stw r12,-0x8(r1) (GhidraScript)  
INFO  FindStoresAtDisplacement.java> 822005e0 822005e4 stw r12,-0x8(r1) (GhidraScript)  
INFO  FindStoresAtDisplacement.java> 82200b00 82200b04 stw r12,-0x8(r1) (GhidraScript)  
INFO  FindStoresAtDisplacement.java> 822010a8 822010ac stw r12,-0x8(r1) (GhidraScript)  
INFO  FindStoresAtDisplacement.java> 82201490 82201494 stw r12,-0x8(r1) (GhidraScript)  
INFO  FindStoresAtDisplacement.java> 822015b8 822015d8 stw r9,0x18(r11) (GhidraScript)  
INFO  FindStoresAtDisplacement.java> 822015e0 822015f8 stw r9,0x18(r11) (GhidraScript)  
INFO  FindStoresAtDisplacement.java> 82201608 8220160c stw r12,-0x8(r1) (GhidraScript)  
INFO  FindStoresAtDisplacement.java> 822016b0 822016b4 stw r12,-0x8(r1) (GhidraScript)  
INFO  FindStoresAtDisplacement.java> 822016e0 822016e4 stw r12,-0x8(r1) (GhidraScript)  
INFO  FindStoresAtDisplacement.java> 82201710 82201714 stw r12,-0x8(r1) (GhidraScript)  
INFO  FindStoresAtDisplacement.java> 82201738 8220173c stw r12,-0x8(r1) (GhidraScript)  
INFO  FindStoresAtDisplacement.java> 82201770 82201774 stw r12,-0x8(r1) (GhidraScript)  
INFO  FindStoresAtDisplacement.java> 822017d8 822017dc stw r12,-0x8(r1) (GhidraScript)  
INFO  FindStoresAtDisplacement.java> 822017d8 8220183c sth r8,0x28(r31) (GhidraScript)  
INFO  FindStoresAtDisplacement.java> 82201a58 82201a5c stw r12,-0x8(r1) (GhidraScript)  
INFO  FindStoresAtDisplacement.java> 82201a58 82201ab4 sth r9,0x28(r31) (GhidraScript)  
INFO  FindStoresAtDisplacement.java> 82202320 82202324 stw r12,-0x8(r1) (GhidraScript)  
INFO  FindStoresAtDisplacement.java> 82202558 8220255c stw r12,-0x8(r1) (GhidraScript)  
INFO  FindStoresAtDisplacement.java> 822025b0 822025b4 stw r12,-0x8(r1) (GhidraScript)  
INFO  FindStoresAtDisplacement.java> 82202bc0 82202bc4 stw r12,-0x8(r1) (GhidraScript)  
INFO  FindStoresAtDisplacement.java> 82203080 822030a4 stw r11,0x48(r3) (GhidraScript)  
INFO  FindStoresAtDisplacement.java> 82203080 822030b8 stw r11,0x138(r3) (GhidraScript)  
INFO  FindStoresAtDisplacement.java> 822039e0 822039e4 stw r12,-0x8(r1) (GhidraScript)  
INFO  FindStoresAtDisplacement.java> 822039e0 82203a64 stw r11,0x8(r31) (GhidraScript)  
INFO  FindStoresAtDisplacement.java> 82203ab0 82203ab4 stw r12,-0x8(r1) (GhidraScript)  
INFO  FindStoresAtDisplacement.java> 822044c8 822044cc stw r12,-0x8(r1) (GhidraScript)  
INFO  FindStoresAtDisplacement.java> 82204bc8 82204bcc stw r12,-0x8(r1) (GhidraScript)  
INFO  FindStoresAtDisplacement.java> 822060d0 822060d4 stw r12,-0x8(r1) (GhidraScript)  
INFO  FindStoresAtDisplacement.java> 822060d0 822061ac stw r7,0x8(r11) (GhidraScript)  
INFO  FindStoresAtDisplacement.java> 82206218 8220621c stw r12,-0x8(r1) (GhidraScript)  
INFO  FindStoresAtDisplacement.java> 822064f8 822064fc stw r12,-0x8(r1) (GhidraScript)  
INFO  FindStoresAtDisplacement.java> 82206668 8220666c stw r3,-0x46d8(r11) (GhidraScript)  
INFO  FindStoresAtDisplacement.java> 82207ec8 82207ecc stw r12,-0x8(r1) (GhidraScript)  
INFO  FindStoresAtDisplacement.java> 82209008 82209f74 sth r11,0x28(r6) (GhidraScript)  
INFO  FindStoresAtDisplacement.java> 8220b6f0 8220b6f4 stw r12,-0x8(r1) (GhidraScript)  
INFO  FindStoresAtDisplacement.java> 8220bad8 8220badc stw r12,-0x8(r1) (GhidraScript)  
INFO  FindStoresAtDisplacement.java> 8220bbd0 8220bbd4 stw r12,-0x8(r1) (GhidraScript)  
INFO  FindStoresAtDisplacement.java> 8220bbd0 8220bc10 stw r11,0x8(r31) (GhidraScript)  
INFO  FindStoresAtDisplacement.java> 8220bea0 8220bea4 stw r12,-0x8(r1) (GhidraScript)  
INFO  FindStoresAtDisplacement.java> 8220c3e0 8220c3e4 stw r12,-0x8(r1) (GhidraScript)  
INFO  FindStoresAtDisplacement.java> 8220c4c8 8220c4cc stw r12,-0x8(r1) (GhidraScript)  
INFO  FindStoresAtDisplacement.java> 8220e028 8220e02c stw r12,-0x8(r1) (GhidraScript)  
INFO  FindStoresAtDisplacement.java> 8220e320 8220e394 stw r6,-0x68(r1) (GhidraScript)  
INFO  FindStoresAtDisplacement.java> 82210188 8221018c stw r12,-0x8(r1) (GhidraScript)  
INFO  FindStoresAtDisplacement.java> 822102d0 822103d4 sth r11,0x8(r4) (GhidraScript)  
INFO  FindStoresAtDisplacement.java> 822103e8 8221042c sth r11,0x8(r3) (GhidraScript)  
INFO  FindStoresAtDisplacement.java> 822103e8 82210438 sth r11,0x8(r3) (GhidraScript)  
INFO  FindStoresAtDisplacement.java> 82210dd8 82210ddc stw r12,-0x8(r1) (GhidraScript)  
INFO  FindStoresAtDisplacement.java> 82210dd8 82210e0c stw r9,0x58(r1) (GhidraScript)  
INFO  FindStoresAtDisplacement.java> 82210e50 82210e54 stw r12,-0x8(r1) (GhidraScript)  
INFO  FindStoresAtDisplacement.java> 82211228 8221122c stw r12,-0x8(r1) (GhidraScript)  
INFO  FindStoresAtDisplacement.java> 82211538 8221153c stw r12,-0x8(r1) (GhidraScript)  
INFO  FindStoresAtDisplacement.java> 82211828 8221182c stw r12,-0x8(r1) (GhidraScript)  
INFO  FindStoresAtDisplacement.java> 82211f30 82211f34 stw r12,-0x8(r1) (GhidraScript)  
INFO  FindStoresAtDisplacement.java> 82211fb8 82211fbc stw r12,-0x8(r1) (GhidraScript)  
INFO  FindStoresAtDisplacement.java> 82212038 8221203c stw r12,-0x8(r1) (GhidraScript)  
INFO  FindStoresAtDisplacement.java> 82212080 82212084 stw r12,-0x8(r1) (GhidraScript)  
INFO  FindStoresAtDisplacement.java> 82212110 82212114 stw r12,-0x8(r1) (GhidraScript)  
INFO  FindStoresAtDisplacement.java> 82212150 82212154 stw r12,-0x8(r1) (GhidraScript)  
INFO  FindStoresAtDisplacement.java> 822121a0 822121a4 stw r12,-0x8(r1) (GhidraScript)  
INFO  FindStoresAtDisplacement.java> 822121e0 822121e4 stw r12,-0x8(r1) (GhidraScript)  
INFO  FindStoresAtDisplacement.java> 82212228 8221222c stw r12,-0x8(r1) (GhidraScript)  
INFO  FindStoresAtDisplacement.java> 82212228 8221227c stw r8,0x68(r31) (GhidraScript)  
INFO  FindStoresAtDisplacement.java> 82212228 82212280 stw r7,0x38(r31) (GhidraScript)  
INFO  FindStoresAtDisplacement.java> 82212638 8221263c stw r12,-0x8(r1) (GhidraScript)  
INFO  FindStoresAtDisplacement.java> 82212688 8221268c stw r12,-0x8(r1) (GhidraScript)  
INFO  FindStoresAtDisplacement.java> 82212868 8221286c stw r12,-0x8(r1) (GhidraScript)  
INFO  FindStoresAtDisplacement.java> 82212868 822128cc stw r9,0x198(r11) (GhidraScript)  
INFO  FindStoresAtDisplacement.java> 822128f0 822128f4 stw r12,-0x8(r1) (GhidraScript)  
INFO  FindStoresAtDisplacement.java> 82212940 82212944 stw r12,-0x8(r1) (GhidraScript)  
INFO  FindStoresAtDisplacement.java> 822129a0 822129a4 stw r12,-0x8(r1) (GhidraScript)  
INFO  FindStoresAtDisplacement.java> 82212a00 82212a04 stw r12,-0x8(r1) (GhidraScript)  
INFO  FindStoresAtDisplacement.java> 82212a80 82212a84 stw r12,-0x8(r1) (GhidraScript)  
INFO  FindStoresAtDisplacement.java> 82212a80 82212b28 stb r9,0x28(r31) (GhidraScript)  
INFO  FindStoresAtDisplacement.java> 822135d0 822135d4 stw r12,-0x8(r1) (GhidraScript)  
INFO  FindStoresAtDisplacement.java> 82213620 82213624 stw r12,-0x8(r1) (GhidraScript)  
INFO  FindStoresAtDisplacement.java> 82213690 82213694 stw r12,-0x8(r1) (GhidraScript)  
INFO  FindStoresAtDisplacement.java> 82213b78 82213b7c stw r12,-0x8(r1) (GhidraScript)  
INFO  FindStoresAtDisplacement.java> 82213bc0 82213bc4 stw r12,-0x8(r1) (GhidraScript)  
INFO  FindStoresAtDisplacement.java> 82214058 822140a8 stw r6,0x18(r10) (GhidraScript)  
INFO  FindStoresAtDisplacement.java> 82214058 822140bc stw r9,0x8(r10) (GhidraScript)  
INFO  FindStoresAtDisplacement.java> 822143c0 822143c4 stw r12,-0x8(r1) (GhidraScript)  
INFO  FindStoresAtDisplacement.java> 822144d0 822144d4 stw r12,-0x8(r1) (GhidraScript)  
INFO  FindStoresAtDisplacement.java> 822144d0 82214514 stw r8,0xb8(r31) (GhidraScript)  
INFO  FindStoresAtDisplacement.java> 82214568 8221458c stw r9,0x18(r3) (GhidraScript)  
INFO  FindStoresAtDisplacement.java> 82214628 82214654 stw r8,0x28(r3) (GhidraScript)  
INFO  FindStoresAtDisplacement.java> 82214750 8221477c stw r7,0x8(r9) (GhidraScript)  
INFO  FindStoresAtDisplacement.java> 82214750 82214794 stw r9,0x1008(r3) (GhidraScript)  
INFO  FindStoresAtDisplacement.java> 82214750 822147a4 stw r8,0x2018(r3) (GhidraScript)  
INFO  FindStoresAtDisplacement.java> 82214c60 82214c64 stw r12,-0x8(r1) (GhidraScript)  
INFO  FindStoresAtDisplacement.java> 822151d0 822151d4 stw r12,-0x8(r1) (GhidraScript)  
INFO  FindStoresAtDisplacement.java> 82215218 8221521c stw r12,-0x8(r1) (GhidraScript)  
INFO  FindStoresAtDisplacement.java> 82215218 82215274 stw r11,0x168(r31) (GhidraScript)  
INFO  FindStoresAtDisplacement.java> 822152c0 822152c4 stw r12,-0x8(r1) (GhidraScript)  
INFO  FindStoresAtDisplacement.java> 82215320 82215324 stw r12,-0x8(r1) (GhidraScript)  
INFO  FindStoresAtDisplacement.java> 822153b8 822153bc stw r12,-0x8(r1) (GhidraScript)  
INFO  FindStoresAtDisplacement.java> 822155d0 822155d4 stw r12,-0x8(r1) (GhidraScript)  
INFO  FindStoresAtDisplacement.java> 82215718 8221571c stw r12,-0x8(r1) (GhidraScript)  
INFO  FindStoresAtDisplacement.java> 82215ba8 82215bac stw r12,-0x8(r1) (GhidraScript)  
INFO  FindStoresAtDisplacement.java> 82215be8 82215bec stw r12,-0x8(r1) (GhidraScript)  
INFO  FindStoresAtDisplacement.java> 82215c80 82215c84 stw r12,-0x8(r1) (GhidraScript)  
INFO  FindStoresAtDisplacement.java> 82215cf8 82215cfc stw r12,-0x8(r1) (GhidraScript)  
INFO  FindStoresAtDisplacement.java> 82215db0 82215db4 stw r12,-0x8(r1) (GhidraScript)  
INFO  FindStoresAtDisplacement.java> 82215e38 82215e3c stw r12,-0x8(r1) (GhidraScript)  
INFO  FindStoresAtDisplacement.java> 82215ef0 82215ef4 stw r12,-0x8(r1) (GhidraScript)  
INFO  FindStoresAtDisplacement.java> 82215f70 82215f74 stw r12,-0x8(r1) (GhidraScript)  
INFO  FindStoresAtDisplacement.java> 82215fe8 82215fec stw r12,-0x8(r1) (GhidraScript)  
INFO  FindStoresAtDisplacement.java> 822160a0 822160a4 stw r12,-0x8(r1) (GhidraScript)  
INFO  FindStoresAtDisplacement.java> 822161f0 822161f4 stw r12,-0x8(r1) (GhidraScript)  
INFO  FindStoresAtDisplacement.java> 82216280 82216284 stw r12,-0x8(r1) (GhidraScript)  
INFO  FindStoresAtDisplacement.java> 822162f0 822162f4 stw r12,-0x8(r1) (GhidraScript)  
INFO  FindStoresAtDisplacement.java> 82216330 82216334 stw r12,-0x8(r1) (GhidraScript)  
INFO  FindStoresAtDisplacement.java> 822163e8 822163ec stw r12,-0x8(r1) (GhidraScript)  
INFO  FindStoresAtDisplacement.java> 82216438 8221643c stw r12,-0x8(r1) (GhidraScript)  
INFO  FindStoresAtDisplacement.java> 822164a8 822164ac stw r12,-0x8(r1) (GhidraScript)  
INFO  FindStoresAtDisplacement.java> 82216560 82216564 stw r12,-0x8(r1) (GhidraScript)  
INFO  FindStoresAtDisplacement.java> 822165e0 822165e4 stw r12,-0x8(r1) (GhidraScript)  
INFO  FindStoresAtDisplacement.java> 82216640 82216644 stw r12,-0x8(r1) (GhidraScript)  
INFO  FindStoresAtDisplacement.java> 82216680 82216684 stw r12,-0x8(r1) (GhidraScript)  
INFO  FindStoresAtDisplacement.java> 82216768 8221676c stw r12,-0x8(r1) (GhidraScript)  
INFO  FindStoresAtDisplacement.java> 822167e8 822167ec stw r12,-0x8(r1) (GhidraScript)  
INFO  FindStoresAtDisplacement.java> 82216868 8221686c stw r12,-0x8(r1) (GhidraScript)  
INFO  FindStoresAtDisplacement.java> 82216908 8221690c stw r12,-0x8(r1) (GhidraScript)  
INFO  FindStoresAtDisplacement.java> 822169a8 822169ac stw r12,-0x8(r1) (GhidraScript)  
INFO  FindStoresAtDisplacement.java> 82216c60 82216c64 stw r12,-0x8(r1) (GhidraScript)  
INFO  FindStoresAtDisplacement.java> 82216d00 82216d04 stw r12,-0x8(r1) (GhidraScript)  
INFO  FindStoresAtDisplacement.java> 82216da0 82216da4 stw r12,-0x8(r1) (GhidraScript)  
INFO  FindStoresAtDisplacement.java> 82216e40 82216e44 stw r12,-0x8(r1) (GhidraScript)  
INFO  FindStoresAtDisplacement.java> 82216f10 82216f14 stw r12,-0x8(r1) (GhidraScript)  
INFO  FindStoresAtDisplacement.java> 82216fe0 82216fe4 stw r12,-0x8(r1) (GhidraScript)  
INFO  FindStoresAtDisplacement.java> 822170b0 822170b4 stw r12,-0x8(r1) (GhidraScript)  
INFO  FindStoresAtDisplacement.java> 82217180 82217184 stw r12,-0x8(r1) (GhidraScript)  
INFO  FindStoresAtDisplacement.java> 82217250 82217254 stw r12,-0x8(r1) (GhidraScript)  
INFO  FindStoresAtDisplacement.java> 82217320 82217324 stw r12,-0x8(r1) (GhidraScript)  
INFO  FindStoresAtDisplacement.java> 82217320 822173a0 stw r8,0x1a8(r31) (GhidraScript)  
INFO  FindStoresAtDisplacement.java> 82217320 822173cc stw r10,0x28(r11) (GhidraScript)  
INFO  FindStoresAtDisplacement.java> 822173f0 822173f4 stw r12,-0x8(r1) (GhidraScript)  
INFO  FindStoresAtDisplacement.java> 822173f0 8221746c stw r30,0x28(r11) (GhidraScript)  
INFO  FindStoresAtDisplacement.java> 822174c0 822174c4 stw r12,-0x8(r1) (GhidraScript)  
INFO  FindStoresAtDisplacement.java> 82217528 8221752c stw r12,-0x8(r1) (GhidraScript)  
INFO  FindStoresAtDisplacement.java> 822175d0 822175d4 stw r12,-0x8(r1) (GhidraScript)  
INFO  FindStoresAtDisplacement.java> 82217638 8221763c stw r12,-0x8(r1) (GhidraScript)  
INFO  FindStoresAtDisplacement.java> 82217698 8221769c stw r12,-0x8(r1) (GhidraScript)  
INFO  FindStoresAtDisplacement.java> 822176e0 822176e4 stw r12,-0x8(r1) (GhidraScript)  
INFO  FindStoresAtDisplacement.java> 822176e0 82217754 stw r10,0x28(r11) (GhidraScript)  
INFO  FindStoresAtDisplacement.java> 822176e0 82217760 stw r10,0x5c8(r31) (GhidraScript)  
INFO  FindStoresAtDisplacement.java> 82217780 82217784 stw r12,-0x8(r1) (GhidraScript)  
INFO  FindStoresAtDisplacement.java> 822177e8 822177ec stw r12,-0x8(r1) (GhidraScript)  
INFO  FindStoresAtDisplacement.java> 82217870 82217874 stw r12,-0x8(r1) (GhidraScript)  
INFO  FindStoresAtDisplacement.java> 822178d0 822178d4 stw r12,-0x8(r1) (GhidraScript)  
INFO  FindStoresAtDisplacement.java> 82217980 82217984 stw r12,-0x8(r1) (GhidraScript)  
INFO  FindStoresAtDisplacement.java> 822179e8 822179ec stw r12,-0x8(r1) (GhidraScript)  
INFO  FindStoresAtDisplacement.java> 82217a60 82217a64 stw r12,-0x8(r1) (GhidraScript)  
INFO  FindStoresAtDisplacement.java> 82217b78 82217b7c stw r12,-0x8(r1) (GhidraScript)  
INFO  FindStoresAtDisplacement.java> 82217b78 82217bf8 stw r30,0x318(r31) (GhidraScript)  
INFO  FindStoresAtDisplacement.java> 82217b78 82217c40 stw r30,0x28(r11) (GhidraScript)  
INFO  FindStoresAtDisplacement.java> 822184a8 822184ac stw r12,-0x8(r1) (GhidraScript)  
INFO  FindStoresAtDisplacement.java> 8221b688 8221b68c stw r12,-0x8(r1) (GhidraScript)  
INFO  FindStoresAtDisplacement.java> 8221c340 8221c344 stw r12,-0x8(r1) (GhidraScript)  
INFO  FindStoresAtDisplacement.java> 8221d3e0 8221d3e4 stw r12,-0x8(r1) (GhidraScript)  
INFO  FindStoresAtDisplacement.java> 8221e338 8221e33c stw r12,-0x8(r1) (GhidraScript)  
INFO  FindStoresAtDisplacement.java> 8221e440 8221e444 stw r12,-0x8(r1) (GhidraScript)  
INFO  FindStoresAtDisplacement.java> 8221e4c0 8221e4c4 stw r12,-0x8(r1) (GhidraScript)  
INFO  FindStoresAtDisplacement.java> 8221e540 8221e544 stw r12,-0x8(r1) (GhidraScript)  
INFO  FindStoresAtDisplacement.java> 8221e5c0 8221e5c4 stw r12,-0x8(r1) (GhidraScript)  
INFO  FindStoresAtDisplacement.java> 8221e640 8221e644 stw r12,-0x8(r1) (GhidraScript)  
INFO  FindStoresAtDisplacement.java> 8221e6c0 8221e6c4 stw r12,-0x8(r1) (GhidraScript)  
INFO  FindStoresAtDisplacement.java> 8221e6c0 8221e6f4 stw r30,0x1008(r31) (GhidraScript)  
INFO  FindStoresAtDisplacement.java> 8221e6c0 8221e708 stw r30,0x2018(r31) (GhidraScript)  
INFO  FindStoresAtDisplacement.java> 8221e850 8221e854 stw r12,-0x8(r1) (GhidraScript)  
INFO  FindStoresAtDisplacement.java> 8221e8c8 8221e8cc stw r12,-0x8(r1) (GhidraScript)  
INFO  FindStoresAtDisplacement.java> 8221e948 8221e94c stw r12,-0x8(r1) (GhidraScript)  
INFO  FindStoresAtDisplacement.java> 8221e9c8 8221e9cc stw r12,-0x8(r1) (GhidraScript)  
INFO  FindStoresAtDisplacement.java> 8221ea48 8221ea4c stw r12,-0x8(r1) (GhidraScript)  
INFO  FindStoresAtDisplacement.java> 8221eac8 8221eacc stw r12,-0x8(r1) (GhidraScript)  
INFO  FindStoresAtDisplacement.java> 8221eb68 8221eb6c stw r12,-0x8(r1) (GhidraScript)  
INFO  FindStoresAtDisplacement.java> 8221ebe8 8221ebec stw r12,-0x8(r1) (GhidraScript)  
INFO  FindStoresAtDisplacement.java> 8221ec60 8221ec64 stw r12,-0x8(r1) (GhidraScript)  
INFO  FindStoresAtDisplacement.java> 8221ecd8 8221ecdc stw r12,-0x8(r1) (GhidraScript)  
INFO  FindStoresAtDisplacement.java> 8221ed58 8221ed5c stw r12,-0x8(r1) (GhidraScript)  
INFO  FindStoresAtDisplacement.java> 8221edd8 8221eddc stw r12,-0x8(r1) (GhidraScript)  
INFO  FindStoresAtDisplacement.java> 8221ef00 8221ef28 stw r11,0x8(r3) (GhidraScript)  
INFO  FindStoresAtDisplacement.java> 8221ef00 8221ef5c stw r11,0x8(r3) (GhidraScript)  
INFO  FindStoresAtDisplacement.java> 8221ef80 8221ef84 stw r12,-0x8(r1) (GhidraScript)  
INFO  FindStoresAtDisplacement.java> 8221f028 8221f02c stw r12,-0x8(r1) (GhidraScript)  
INFO  FindStoresAtDisplacement.java> 8221f0a0 8221f0a4 stw r12,-0x8(r1) (GhidraScript)  
INFO  FindStoresAtDisplacement.java> 8221f0e8 8221f0ec stw r12,-0x8(r1) (GhidraScript)  
INFO  FindStoresAtDisplacement.java> 8221f1a0 8221f1a4 stw r12,-0x8(r1) (GhidraScript)  
INFO  FindStoresAtDisplacement.java> 8221f220 8221f224 stw r12,-0x8(r1) (GhidraScript)  
INFO  FindStoresAtDisplacement.java> 8221f2c0 8221f2c4 stw r12,-0x8(r1) (GhidraScript)  
INFO  FindStoresAtDisplacement.java> 8221f4e0 8221f4e4 stw r12,-0x8(r1) (GhidraScript)  
INFO  FindStoresAtDisplacement.java> 82220438 82220458 stw r11,0x8(r3) (GhidraScript)  
INFO  FindStoresAtDisplacement.java> 82220438 822204a0 stw r11,0x8(r3) (GhidraScript)  
INFO  FindStoresAtDisplacement.java> 822204a8 822204d0 stw r11,0x8(r3) (GhidraScript)  
INFO  FindStoresAtDisplacement.java> 822204a8 82220504 stw r11,0x8(r3) (GhidraScript)  
INFO  FindStoresAtDisplacement.java> 82220510 82220530 stw r11,0x8(r3) (GhidraScript)  
INFO  FindStoresAtDisplacement.java> 82220510 82220578 stw r11,0x8(r3) (GhidraScript)  
INFO  FindStoresAtDisplacement.java> 82220580 822205a8 stw r11,0x8(r3) (GhidraScript)  
INFO  FindStoresAtDisplacement.java> 82220580 822205dc stw r11,0x8(r3) (GhidraScript)  
INFO  FindStoresAtDisplacement.java> 822209d8 822209dc stw r12,-0x8(r1) (GhidraScript)  
INFO  FindStoresAtDisplacement.java> 822209d8 82220a68 stw r9,0x118(r31) (GhidraScript)  
INFO  FindStoresAtDisplacement.java> 82220a98 82220a9c stw r12,-0x8(r1) (GhidraScript)  
INFO  FindStoresAtDisplacement.java> 82220af0 82220af4 stw r12,-0x8(r1) (GhidraScript)  
INFO  FindStoresAtDisplacement.java> 82220af0 82220b54 stw r30,0x198(r31) (GhidraScript)  
INFO  FindStoresAtDisplacement.java> 82220b90 82220b94 stw r12,-0x8(r1) (GhidraScript)  
INFO  FindStoresAtDisplacement.java> 82220b90 82220bc8 stw r10,0x378(r31) (GhidraScript)  
INFO  FindStoresAtDisplacement.java> 82220c08 82220c0c stw r12,-0x8(r1) (GhidraScript)  
INFO  FindStoresAtDisplacement.java> 82220c08 82220c64 stw r11,0x198(r31) (GhidraScript)  
INFO  FindStoresAtDisplacement.java> 82220c08 82220c70 stw r11,0x1a8(r31) (GhidraScript)  
INFO  FindStoresAtDisplacement.java> 82220ca8 82220cac stw r12,-0x8(r1) (GhidraScript)  
INFO  FindStoresAtDisplacement.java> 82220ca8 82220ce0 stw r10,0x318(r31) (GhidraScript)  
INFO  FindStoresAtDisplacement.java> 82221178 8222117c stw r12,-0x8(r1) (GhidraScript)  
INFO  FindStoresAtDisplacement.java> 82221328 8222132c stw r12,-0x8(r1) (GhidraScript)  
INFO  FindStoresAtDisplacement.java> 822213a8 822213ac stw r12,-0x8(r1) (GhidraScript)  
INFO  FindStoresAtDisplacement.java> 82221428 8222142c stw r12,-0x8(r1) (GhidraScript)  
INFO  FindStoresAtDisplacement.java> 822214a8 822214ac stw r12,-0x8(r1) (GhidraScript)  
INFO  FindStoresAtDisplacement.java> 82221528 8222152c stw r12,-0x8(r1) (GhidraScript)  
INFO  FindStoresAtDisplacement.java> 822215a8 822215ac stw r12,-0x8(r1) (GhidraScript)  
INFO  FindStoresAtDisplacement.java> 82221628 8222162c stw r12,-0x8(r1) (GhidraScript)  
INFO  FindStoresAtDisplacement.java> 822216b0 822216b4 stw r12,-0x8(r1) (GhidraScript)  
INFO  FindStoresAtDisplacement.java> 82221730 82221734 stw r12,-0x8(r1) (GhidraScript)  
INFO  FindStoresAtDisplacement.java> 822217b0 822217b4 stw r12,-0x8(r1) (GhidraScript)  
INFO  FindStoresAtDisplacement.java> 82221830 82221834 stw r12,-0x8(r1) (GhidraScript)  
INFO  FindStoresAtDisplacement.java> 822218b0 822218b4 stw r12,-0x8(r1) (GhidraScript)  
INFO  FindStoresAtDisplacement.java> 82221930 82221934 stw r12,-0x8(r1) (GhidraScript)  
INFO  FindStoresAtDisplacement.java> 822219a8 822219ac stw r12,-0x8(r1) (GhidraScript)  
INFO  FindStoresAtDisplacement.java> 82221a28 82221a2c stw r12,-0x8(r1) (GhidraScript)  
INFO  FindStoresAtDisplacement.java> 82221aa8 82221aac stw r12,-0x8(r1) (GhidraScript)  
INFO  FindStoresAtDisplacement.java> 82221aa8 82221b00 stw r30,0x538(r31) (GhidraScript)  
INFO  FindStoresAtDisplacement.java> 82221aa8 82221b4c stw r30,0x28(r11) (GhidraScript)  
INFO  FindStoresAtDisplacement.java> 82221b80 82221b84 stw r12,-0x8(r1) (GhidraScript)  
INFO  FindStoresAtDisplacement.java> 82221c10 82221c14 stw r12,-0x8(r1) (GhidraScript)  
INFO  FindStoresAtDisplacement.java> 82221c88 82221c8c stw r12,-0x8(r1) (GhidraScript)  
INFO  FindStoresAtDisplacement.java> 82221d00 82221d04 stw r12,-0x8(r1) (GhidraScript)  
INFO  FindStoresAtDisplacement.java> 82221ee8 82221eec stw r12,-0x8(r1) (GhidraScript)  
INFO  FindStoresAtDisplacement.java> 82221ee8 82221f1c stw r11,0x8(r31) (GhidraScript)  
INFO  FindStoresAtDisplacement.java> 82221ee8 82221f2c stw r11,0x18(r31) (GhidraScript)  
INFO  FindStoresAtDisplacement.java> 82221ee8 82221f40 stw r11,0x28(r31) (GhidraScript)  
INFO  FindStoresAtDisplacement.java> 82221ee8 82221f54 stw r11,0x38(r31) (GhidraScript)  
INFO  FindStoresAtDisplacement.java> 82221ee8 82221f68 stw r11,0x48(r31) (GhidraScript)  
INFO  FindStoresAtDisplacement.java> 82221ee8 82221f7c stw r11,0x58(r31) (GhidraScript)  
INFO  FindStoresAtDisplacement.java> 82221ee8 82221f98 sth r11,0x8(r10) (GhidraScript)  
INFO  FindStoresAtDisplacement.java> 82221ee8 82221fc4 sth r11,0x8(r10) (GhidraScript)  
INFO  FindStoresAtDisplacement.java> 82221ee8 82221fe8 stb r11,0x1c8(r31) (GhidraScript)  
INFO  FindStoresAtDisplacement.java> 822222b8 822222bc stw r12,-0x8(r1) (GhidraScript)  
INFO  FindStoresAtDisplacement.java> 82222340 82222344 stw r12,-0x8(r1) (GhidraScript)  
INFO  FindStoresAtDisplacement.java> 82223090 82223094 stw r12,-0x8(r1) (GhidraScript)  
INFO  FindStoresAtDisplacement.java> 82223b68 82223b6c stw r12,-0x8(r1) (GhidraScript)  
INFO  FindStoresAtDisplacement.java> 82224090 82224094 stw r12,-0x8(r1) (GhidraScript)  
INFO  FindStoresAtDisplacement.java> 82224090 822241c0 stb r11,0x118(r31) (GhidraScript)  
INFO  FindStoresAtDisplacement.java> 822244b0 822244c8 stw r11,0x88(r3) (GhidraScript)  
INFO  FindStoresAtDisplacement.java> 822244b0 822244d0 stw r11,0xb8(r3) (GhidraScript)  
INFO  FindStoresAtDisplacement.java> 822245e8 822245ec stw r12,-0x8(r1) (GhidraScript)  
INFO  FindStoresAtDisplacement.java> 82224d50 82224d54 stw r12,-0x8(r1) (GhidraScript)  
INFO  FindStoresAtDisplacement.java> 822257f8 822257fc stw r12,-0x8(r1) (GhidraScript)  
INFO  FindStoresAtDisplacement.java> 82226578 8222657c stw r12,-0x8(r1) (GhidraScript)  
INFO  FindStoresAtDisplacement.java> 82226758 8222675c stw r12,-0x8(r1) (GhidraScript)  
INFO  FindStoresAtDisplacement.java> 82226848 8222684c stw r12,-0x8(r1) (GhidraScript)  
INFO  FindStoresAtDisplacement.java> 822268f0 822268f4 stw r12,-0x8(r1) (GhidraScript)  
INFO  FindStoresAtDisplacement.java> 822269a8 822269ac stw r12,-0x8(r1) (GhidraScript)  
INFO  FindStoresAtDisplacement.java> 822269a8 822269d0 stw r3,0x27b8(r30) (GhidraScript)  
INFO  FindStoresAtDisplacement.java> 82226b10 82226b14 stw r12,-0x8(r1) (GhidraScript)  
INFO  FindStoresAtDisplacement.java> 82226b80 82226b84 stw r12,-0x8(r1) (GhidraScript)  
INFO  FindStoresAtDisplacement.java> 82226c20 82226c24 stw r12,-0x8(r1) (GhidraScript)  
INFO  FindStoresAtDisplacement.java> 822270a0 822270a4 stw r12,-0x8(r1) (GhidraScript)  
INFO  FindStoresAtDisplacement.java> 822270a0 822270e0 sth r9,0x218(r31) (GhidraScript)  
INFO  FindStoresAtDisplacement.java> 82227458 8222745c stw r12,-0x8(r1) (GhidraScript)  
INFO  FindStoresAtDisplacement.java> 82227458 822274b4 stw r11,0x548(r31) (GhidraScript)  
INFO  FindStoresAtDisplacement.java> 82227558 8222755c stw r12,-0x8(r1) (GhidraScript)  
INFO  FindStoresAtDisplacement.java> 82227558 82227630 stw r11,0x2788(r30) (GhidraScript)  
INFO  FindStoresAtDisplacement.java> 82227840 82227844 stw r12,-0x8(r1) (GhidraScript)  
INFO  FindStoresAtDisplacement.java> 82227a20 82227a24 stw r12,-0x8(r1) (GhidraScript)  
INFO  FindStoresAtDisplacement.java> 82227a80 82227a84 stw r12,-0x8(r1) (GhidraScript)  
INFO  FindStoresAtDisplacement.java> 82227c60 82227c64 stw r12,-0x8(r1) (GhidraScript)  
INFO  FindStoresAtDisplacement.java> 82227d90 82227d94 stw r12,-0x8(r1) (GhidraScript)  
INFO  FindStoresAtDisplacement.java> 82228480 82228484 stw r12,-0x8(r1) (GhidraScript)  
INFO  FindStoresAtDisplacement.java> 82228510 82228558 stw r11,0x28(r3) (GhidraScript)  
INFO  FindStoresAtDisplacement.java> 82228510 82228584 stw r11,0x28(r10) (GhidraScript)  
INFO  FindStoresAtDisplacement.java> 82228510 822285b4 stw r11,0x28(r9) (GhidraScript)  
INFO  FindStoresAtDisplacement.java> 82228510 822285e4 stw r11,0x28(r8) (GhidraScript)  
INFO  FindStoresAtDisplacement.java> 82228510 82228610 stw r11,0x28(r10) (GhidraScript)  
INFO  FindStoresAtDisplacement.java> 82228510 82228640 stw r11,0x28(r9) (GhidraScript)  
INFO  FindStoresAtDisplacement.java> 82228510 8222866c stw r11,0x28(r7) (GhidraScript)  
INFO  FindStoresAtDisplacement.java> 82228510 82228698 stw r11,0x28(r10) (GhidraScript)  
INFO  FindStoresAtDisplacement.java> 822286a8 822286ac stw r12,-0x8(r1) (GhidraScript)  
INFO  FindStoresAtDisplacement.java> 82228788 8222878c stw r12,-0x8(r1) (GhidraScript)  
INFO  FindStoresAtDisplacement.java> 82228820 82228824 stw r12,-0x8(r1) (GhidraScript)  
INFO  FindStoresAtDisplacement.java> 822290f0 822290f4 stw r12,-0x8(r1) (GhidraScript)  
INFO  FindStoresAtDisplacement.java> 82229200 82229204 stw r12,-0x8(r1) (GhidraScript)  
INFO  FindStoresAtDisplacement.java> 8222a218 8222a21c stw r12,-0x8(r1) (GhidraScript)  
INFO  FindStoresAtDisplacement.java> 8222a218 8222a274 stw r10,0x78(r1) (GhidraScript)  
INFO  FindStoresAtDisplacement.java> 8222b630 8222b634 stw r12,-0x8(r1) (GhidraScript)  
INFO  FindStoresAtDisplacement.java> 8222cfc8 8222cfcc stw r12,-0x8(r1) (GhidraScript)  
INFO  FindStoresAtDisplacement.java> 8222cfc8 8222cff0 stw r5,0x1778(r31) (GhidraScript)  
INFO  FindStoresAtDisplacement.java> 8222cfc8 8222d008 stw r10,0x1398(r31) (GhidraScript)  
INFO  FindStoresAtDisplacement.java> 8222cfc8 8222d020 stw r10,0x1788(r31) (GhidraScript)  
INFO  FindStoresAtDisplacement.java> 8222cfc8 8222d04c stw r8,0x18(r11) (GhidraScript)  
INFO  FindStoresAtDisplacement.java> 82234c18 82234c38 sth r11,0x8(r3) (GhidraScript)  
INFO  FindStoresAtDisplacement.java> 82234c18 82234c58 sth r11,0x8(r3) (GhidraScript)  
INFO  FindStoresAtDisplacement.java> 82234c18 82234c94 stw r9,0x18(r3) (GhidraScript)  
INFO  FindStoresAtDisplacement.java> 82234e50 82234e80 stw r10,0x18(r3) (GhidraScript)  
INFO  FindStoresAtDisplacement.java> 82235358 8223535c stw r12,-0x8(r1) (GhidraScript)  
INFO  FindStoresAtDisplacement.java> 822353b8 822353bc stw r12,-0x8(r1) (GhidraScript)  
INFO  FindStoresAtDisplacement.java> 82235408 8223540c stw r12,-0x8(r1) (GhidraScript)  
INFO  FindStoresAtDisplacement.java> 822357b0 822357b4 stw r12,-0x8(r1) (GhidraScript)  
INFO  FindStoresAtDisplacement.java> 82235818 8223581c stw r12,-0x8(r1) (GhidraScript)  
INFO  FindStoresAtDisplacement.java> 822359a8 822359ac stw r12,-0x8(r1) (GhidraScript)  
INFO  FindStoresAtDisplacement.java> 82235c60 82235c64 stw r12,-0x8(r1) (GhidraScript)  
INFO  FindStoresAtDisplacement.java> 82235cd8 82235cdc stw r12,-0x8(r1) (GhidraScript)  
INFO  FindStoresAtDisplacement.java> 82236910 82236914 stw r12,-0x8(r1) (GhidraScript)  
INFO  FindStoresAtDisplacement.java> 82237068 8223706c stw r12,-0x8(r1) (GhidraScript)  
INFO  FindStoresAtDisplacement.java> 822373f0 822373f4 stw r12,-0x8(r1) (GhidraScript)  
INFO  FindStoresAtDisplacement.java> 8223c260 8223c264 stw r12,-0x8(r1) (GhidraScript)  
INFO  FindStoresAtDisplacement.java> 8223c260 8223c2d0 stw r11,0x128(r1) (GhidraScript)  
INFO  FindStoresAtDisplacement.java> 8223c260 8223c2e8 stw r11,0x138(r1) (GhidraScript)  
INFO  FindStoresAtDisplacement.java> 8223c260 8223c2f0 stw r9,0xb8(r1) (GhidraScript)  
INFO  FindStoresAtDisplacement.java> 8223c260 8223c300 stw r11,0x148(r1) (GhidraScript)  
INFO  FindStoresAtDisplacement.java> 8223c260 8223c318 stw r7,0x108(r1) (GhidraScript)  
INFO  FindStoresAtDisplacement.java> 8223c260 8223c33c stw r9,0xc8(r1) (GhidraScript)  
INFO  FindStoresAtDisplacement.java> 8223c260 8223c348 stw r11,0xe8(r1) (GhidraScript)  
INFO  FindStoresAtDisplacement.java> 8223c260 8223c360 stw r11,0xf8(r1) (GhidraScript)  
INFO  FindStoresAtDisplacement.java> 8223c260 8223c36c stw r6,0x118(r1) (GhidraScript)  
INFO  FindStoresAtDisplacement.java> 8223c260 8223c384 stw r9,0xd8(r1) (GhidraScript)  
INFO  FindStoresAtDisplacement.java> 8223e7c8 8223e7e8 stw r5,0x8(r11) (GhidraScript)  
INFO  FindStoresAtDisplacement.java> 8223e7c8 8223e804 stw r10,0x198(r11) (GhidraScript)  
INFO  FindStoresAtDisplacement.java> 8223e7c8 8223e824 stw r4,0x1c8(r11) (GhidraScript)  
INFO  FindStoresAtDisplacement.java> 8223e7c8 8223e838 stw r10,0x1a8(r11) (GhidraScript)  
INFO  FindStoresAtDisplacement.java> 8223e7c8 8223e844 stw r8,0x1b8(r11) (GhidraScript)  
INFO  FindStoresAtDisplacement.java> 8223eaf8 8223eafc stw r12,-0x8(r1) (GhidraScript)  
INFO  FindStoresAtDisplacement.java> 82241360 82241364 stw r12,-0x8(r1) (GhidraScript)  
INFO  FindStoresAtDisplacement.java> 82241678 82241760 stw r11,0x38(r3) (GhidraScript)  
INFO  FindStoresAtDisplacement.java> 82241790 82241794 stw r12,-0x8(r1) (GhidraScript)  
INFO  FindStoresAtDisplacement.java> 822418a0 82241950 stw r11,0x3f8(r3) (GhidraScript)  
INFO  FindStoresAtDisplacement.java> 82241de0 82241de4 stw r12,-0x8(r1) (GhidraScript)  
INFO  FindStoresAtDisplacement.java> 82241e88 82241ee0 stw r23,0x78(r1) (GhidraScript)  
INFO  FindStoresAtDisplacement.java> 82249258 8224925c stw r12,-0x8(r1) (GhidraScript)  
INFO  FindStoresAtDisplacement.java> 8224a2b8 8224a2bc stw r12,-0x8(r1) (GhidraScript)  
INFO  FindStoresAtDisplacement.java> 8224a300 8224a304 stw r12,-0x8(r1) (GhidraScript)  
INFO  FindStoresAtDisplacement.java> 8224c480 8224c484 stw r12,-0x8(r1) (GhidraScript)  
INFO  FindStoresAtDisplacement.java> 8224c4d0 8224c4d4 stw r12,-0x8(r1) (GhidraScript)  
INFO  FindStoresAtDisplacement.java> 8224c568 8224c56c stw r12,-0x8(r1) (GhidraScript)  
INFO  FindStoresAtDisplacement.java> 8224c5a0 8224c61c stb r11,0x8(r3) (GhidraScript)  
INFO  FindStoresAtDisplacement.java> 8224c5a0 8224c630 stb r11,0x8(r3) (GhidraScript)  
INFO  FindStoresAtDisplacement.java> 8224c640 8224c644 stw r12,-0x8(r1) (GhidraScript)  
INFO  FindStoresAtDisplacement.java> 8224c640 8224c678 stw r5,0x58(r1) (GhidraScript)  
INFO  FindStoresAtDisplacement.java> 8224c800 8224c804 stw r12,-0x8(r1) (GhidraScript)  
INFO  FindStoresAtDisplacement.java> 8224c950 8224c954 stw r12,-0x8(r1) (GhidraScript)  
INFO  FindStoresAtDisplacement.java> 8224c9e0 8224ca10 stb r11,0x8(r3) (GhidraScript)  
INFO  FindStoresAtDisplacement.java> 8224c9e0 8224ca2c stb r11,0x8(r3) (GhidraScript)  
INFO  FindStoresAtDisplacement.java> 8224ca40 8224ca70 stb r11,0x8(r3) (GhidraScript)  
INFO  FindStoresAtDisplacement.java> 8224ca40 8224ca88 stb r11,0x8(r3) (GhidraScript)  
INFO  FindStoresAtDisplacement.java> 8224cab0 8224cad8 stb r11,0x8(r3) (GhidraScript)  
INFO  FindStoresAtDisplacement.java> 8224cba0 8224cbc8 stw r5,0x8(r3) (GhidraScript)  
INFO  FindStoresAtDisplacement.java> 8224cc10 8224cc44 stb r10,0x8(r11) (GhidraScript)  
INFO  FindStoresAtDisplacement.java> 8224cc10 8224cc5c stb r10,0x8(r11) (GhidraScript)  
INFO  FindStoresAtDisplacement.java> 8224cc90 8224ccc4 stb r10,0x8(r11) (GhidraScript)  
INFO  FindStoresAtDisplacement.java> 8224cc90 8224ccdc stb r10,0x8(r11) (GhidraScript)  
INFO  FindStoresAtDisplacement.java> 8224cd48 8224cd6c stb r4,0x8(r3) (GhidraScript)  
INFO  FindStoresAtDisplacement.java> 8224cd78 8224cda8 stb r11,0x8(r3) (GhidraScript)  
INFO  FindStoresAtDisplacement.java> 8224cd78 8224cdc4 stb r11,0x8(r3) (GhidraScript)  
INFO  FindStoresAtDisplacement.java> 8224ceb8 8224cee0 stw r8,0x8(r3) (GhidraScript)  
INFO  FindStoresAtDisplacement.java> 8224cf60 8224cf90 stw r4,0x8(r3) (GhidraScript)  
INFO  FindStoresAtDisplacement.java> 8224d590 8224d594 stw r12,-0x8(r1) (GhidraScript)  
INFO  FindStoresAtDisplacement.java> 8224d660 8224d664 stw r12,-0x8(r1) (GhidraScript)  
INFO  FindStoresAtDisplacement.java> 8224d660 8224d6a8 stw r11,0x38(r31) (GhidraScript)  
INFO  FindStoresAtDisplacement.java> 8224d660 8224d6c4 stw r11,0x38(r31) (GhidraScript)  
INFO  FindStoresAtDisplacement.java> 8224d660 8224d6e4 stw r11,0x38(r31) (GhidraScript)  
INFO  FindStoresAtDisplacement.java> 8224d660 8224d700 stw r11,0x38(r31) (GhidraScript)  
INFO  FindStoresAtDisplacement.java> 8224d660 8224d718 stw r11,0x38(r31) (GhidraScript)  
INFO  FindStoresAtDisplacement.java> 8224d660 8224d730 stw r11,0x38(r31) (GhidraScript)  
INFO  FindStoresAtDisplacement.java> 8224d660 8224d75c stw r8,0x38(r31) (GhidraScript)  
INFO  FindStoresAtDisplacement.java> 8224d660 8224d77c stw r8,0x38(r31) (GhidraScript)  
INFO  FindStoresAtDisplacement.java> 8224d660 8224d798 stw r8,0x38(r31) (GhidraScript)  
INFO  FindStoresAtDisplacement.java> 8224d660 8224d7b8 stw r8,0x38(r31) (GhidraScript)  
INFO  FindStoresAtDisplacement.java> 8224d660 8224d7d8 stw r8,0x38(r31) (GhidraScript)  
INFO  FindStoresAtDisplacement.java> 8224d660 8224d7f8 stw r8,0x38(r31) (GhidraScript)  
INFO  FindStoresAtDisplacement.java> 8224d828 8224d82c stw r12,-0x8(r1) (GhidraScript)  
INFO  FindStoresAtDisplacement.java> 8224d828 8224d864 stw r11,0x8(r30) (GhidraScript)  
INFO  FindStoresAtDisplacement.java> 8224d828 8224d880 stw r11,0x8(r30) (GhidraScript)  
INFO  FindStoresAtDisplacement.java> 8224d828 8224d8b4 stw r11,0x8(r30) (GhidraScript)  
INFO  FindStoresAtDisplacement.java> 8224d828 8224d8d4 stw r11,0x8(r30) (GhidraScript)  
INFO  FindStoresAtDisplacement.java> 8224d938 8224d93c stw r12,-0x8(r1) (GhidraScript)  
INFO  FindStoresAtDisplacement.java> 8224e240 8224e244 stw r12,-0x8(r1) (GhidraScript)  
INFO  FindStoresAtDisplacement.java> 8224e2e8 8224e2ec stw r12,-0x8(r1) (GhidraScript)  
INFO  FindStoresAtDisplacement.java> 8224ed18 8224ed1c stw r12,-0x8(r1) (GhidraScript)  
INFO  FindStoresAtDisplacement.java> 8224f2e0 8224f2e4 stw r12,-0x8(r1) (GhidraScript)  
INFO  FindStoresAtDisplacement.java> 8224f328 8224f32c stw r12,-0x8(r1) (GhidraScript)  
INFO  FindStoresAtDisplacement.java> 8224f3c0 8224f3c4 stw r12,-0x8(r1) (GhidraScript)  
INFO  FindStoresAtDisplacement.java> 8224f3c0 8224f3f0 stw r10,0x118(r31) (GhidraScript)  
INFO  FindStoresAtDisplacement.java> 8224f3c0 8224f43c stw r11,0x118(r31) (GhidraScript)  
INFO  FindStoresAtDisplacement.java> 8224f5d0 8224f5d4 stw r12,-0x8(r1) (GhidraScript)  
INFO  FindStoresAtDisplacement.java> 8224f7f0 8224f7f4 stw r12,-0x8(r1) (GhidraScript)  
INFO  FindStoresAtDisplacement.java> 8224f990 8224f994 stw r12,-0x8(r1) (GhidraScript)  
INFO  FindStoresAtDisplacement.java> 8224f990 8224fa08 stw r11,0x68(r30) (GhidraScript)  
INFO  FindStoresAtDisplacement.java> 8224fa28 8224fa2c stw r12,-0x8(r1) (GhidraScript)  
INFO  FindStoresAtDisplacement.java> 8224fb60 8224fb64 stw r12,-0x8(r1) (GhidraScript)  
INFO  FindStoresAtDisplacement.java> 8224fb60 8224fb8c stb r11,0x8(r31) (GhidraScript)  
INFO  FindStoresAtDisplacement.java> 8224fb60 8224fbb0 stb r11,0x8(r31) (GhidraScript)  
INFO  FindStoresAtDisplacement.java> 8224fb60 8224fbd0 stb r11,0x8(r31) (GhidraScript)  
INFO  FindStoresAtDisplacement.java> 8224fb60 8224fbf8 stb r11,0x8(r31) (GhidraScript)  
INFO  FindStoresAtDisplacement.java> 8224fb60 8224fbfc stw r9,0x18(r31) (GhidraScript)  
INFO  FindStoresAtDisplacement.java> 8224fb60 8224fc2c stb r11,0x8(r31) (GhidraScript)  
INFO  FindStoresAtDisplacement.java> 8224fb60 8224fc50 stb r11,0x8(r31) (GhidraScript)  
INFO  FindStoresAtDisplacement.java> 8224fb60 8224fc78 stb r11,0x8(r31) (GhidraScript)  
INFO  FindStoresAtDisplacement.java> 8224fb60 8224fcac stb r11,0x8(r31) (GhidraScript)  
INFO  FindStoresAtDisplacement.java> 8224fb60 8224fcd0 stb r11,0x8(r31) (GhidraScript)  
INFO  FindStoresAtDisplacement.java> 8224fb60 8224fcf4 stb r11,0x8(r31) (GhidraScript)  
INFO  FindStoresAtDisplacement.java> 8224fb60 8224fd00 stw r8,0x28(r31) (GhidraScript)  
INFO  FindStoresAtDisplacement.java> 8224fb60 8224fd18 stb r11,0x8(r31) (GhidraScript)  
INFO  FindStoresAtDisplacement.java> 8224fb60 8224fd40 stb r11,0x8(r31) (GhidraScript)  
INFO  FindStoresAtDisplacement.java> 8224fb60 8224fd48 stw r8,0x38(r31) (GhidraScript)  
INFO  FindStoresAtDisplacement.java> 8224fb60 8224fd7c stb r11,0x8(r31) (GhidraScript)  
INFO  FindStoresAtDisplacement.java> 8224fb60 8224fdb4 stb r11,0x8(r31) (GhidraScript)  
INFO  FindStoresAtDisplacement.java> 8224fb60 8224fde8 stb r11,0x8(r31) (GhidraScript)  
INFO  FindStoresAtDisplacement.java> 8224fb60 8224fe1c stb r11,0x8(r31) (GhidraScript)  
INFO  FindStoresAtDisplacement.java> 8224fb60 8224fe20 stw r10,0x48(r31) (GhidraScript)  
INFO  FindStoresAtDisplacement.java> 8224fb60 8224fe54 stb r11,0x8(r31) (GhidraScript)  
INFO  FindStoresAtDisplacement.java> 8224fb60 8224fe8c stb r11,0x8(r31) (GhidraScript)  
INFO  FindStoresAtDisplacement.java> 8224ff40 8224ff44 stw r12,-0x8(r1) (GhidraScript)  
INFO  FindStoresAtDisplacement.java> 82250008 8225006c stw r7,0x38(r3) (GhidraScript)  
INFO  FindStoresAtDisplacement.java> 82250080 82250084 stw r12,-0x8(r1) (GhidraScript)  
INFO  FindStoresAtDisplacement.java> 82250300 82250304 stw r12,-0x8(r1) (GhidraScript)  
INFO  FindStoresAtDisplacement.java> 82250528 8225052c stw r12,-0x8(r1) (GhidraScript)  
INFO  FindStoresAtDisplacement.java> 82250718 8225071c stw r12,-0x8(r1) (GhidraScript)  
INFO  FindStoresAtDisplacement.java> 82250910 82250914 stw r12,-0x8(r1) (GhidraScript)  
INFO  FindStoresAtDisplacement.java> 82250a68 82250a6c stw r12,-0x8(r1) (GhidraScript)  
INFO  FindStoresAtDisplacement.java> 82250a68 82250ac4 stw r10,0x8(r30) (GhidraScript)  
INFO  FindStoresAtDisplacement.java> 82250a68 82250ae8 stw r11,0x8(r30) (GhidraScript)  
INFO  FindStoresAtDisplacement.java> 82250a68 82250b30 stw r11,0x8(r30) (GhidraScript)  
INFO  FindStoresAtDisplacement.java> 82250a68 82250b6c stw r11,0x8(r30) (GhidraScript)  
INFO  FindStoresAtDisplacement.java> 82250a68 82250b78 stw r11,0x8(r30) (GhidraScript)  
INFO  FindStoresAtDisplacement.java> 82250e78 82250e7c stw r12,-0x8(r1) (GhidraScript)  
INFO  FindStoresAtDisplacement.java> 82250f48 82250f4c stw r12,-0x8(r1) (GhidraScript)  
INFO  FindStoresAtDisplacement.java> 82250f48 82250fd0 stw r10,0x28(r11) (GhidraScript)  
INFO  FindStoresAtDisplacement.java> 82250f48 82250fdc stw r9,0x8(r11) (GhidraScript)  
INFO  FindStoresAtDisplacement.java> 822515d0 822515d4 stw r12,-0x8(r1) (GhidraScript)  
INFO  FindStoresAtDisplacement.java> 822517b0 822517b4 stw r12,-0x8(r1) (GhidraScript)  
INFO  FindStoresAtDisplacement.java> 82251918 822519b8 stw r11,0x68(r31) (GhidraScript)  
INFO  FindStoresAtDisplacement.java> 82251918 82251d00 stw r11,0x68(r31) (GhidraScript)  
INFO  FindStoresAtDisplacement.java> 82251918 82251d7c stw r11,0x68(r31) (GhidraScript)  
INFO  FindStoresAtDisplacement.java> 82251918 82251d90 stw r11,0x68(r31) (GhidraScript)  
INFO  FindStoresAtDisplacement.java> 82252fa0 82252fa4 stw r12,-0x8(r1) (GhidraScript)  
INFO  FindStoresAtDisplacement.java> 82253018 8225301c stw r12,-0x8(r1) (GhidraScript)  
INFO  FindStoresAtDisplacement.java> 822530e0 822530e4 stw r12,-0x8(r1) (GhidraScript)  
INFO  FindStoresAtDisplacement.java> 82253488 8225348c stw r12,-0x8(r1) (GhidraScript)  
INFO  FindStoresAtDisplacement.java> 82253b10 82253cf0 stw r30,0x128(r29) (GhidraScript)  
INFO  FindStoresAtDisplacement.java> 82253b10 82253f14 stw r30,0x138(r29) (GhidraScript)  
INFO  FindStoresAtDisplacement.java> 82254430 82254434 stw r12,-0x8(r1) (GhidraScript)  
INFO  FindStoresAtDisplacement.java> 822546d0 822546d4 stw r12,-0x8(r1) (GhidraScript)  
INFO  FindStoresAtDisplacement.java> 82254758 8225475c stw r12,-0x8(r1) (GhidraScript)  
INFO  FindStoresAtDisplacement.java> 82254820 82254824 stw r12,-0x8(r1) (GhidraScript)  
INFO  FindStoresAtDisplacement.java> 82254888 8225488c stw r12,-0x8(r1) (GhidraScript)  
INFO  FindStoresAtDisplacement.java> 82254900 82254904 stw r12,-0x8(r1) (GhidraScript)  
INFO  FindStoresAtDisplacement.java> 82254968 8225496c stw r12,-0x8(r1) (GhidraScript)  
INFO  FindStoresAtDisplacement.java> 822549c0 822549c4 stw r12,-0x8(r1) (GhidraScript)  
INFO  FindStoresAtDisplacement.java> 82254bf0 82254bf4 stw r12,-0x8(r1) (GhidraScript)  
INFO  FindStoresAtDisplacement.java> 82256228 82256250 stw r10,0x98(r11) (GhidraScript)  
INFO  FindStoresAtDisplacement.java> 82256228 8225626c stw r10,0x138(r11) (GhidraScript)  
INFO  FindStoresAtDisplacement.java> 82256228 82256288 stw r10,0x1d8(r11) (GhidraScript)  
INFO  FindStoresAtDisplacement.java> 82256228 822562a4 stw r10,0x278(r11) (GhidraScript)  
INFO  FindStoresAtDisplacement.java> 82256d58 82256d5c stw r12,-0x8(r1) (GhidraScript)  
INFO  FindStoresAtDisplacement.java> 82256df8 82256dfc stw r12,-0x8(r1) (GhidraScript)  
INFO  FindStoresAtDisplacement.java> 82258168 8225816c stw r12,-0x8(r1) (GhidraScript)  
INFO  FindStoresAtDisplacement.java> 822581f8 822581fc stw r12,-0x8(r1) (GhidraScript)  
INFO  FindStoresAtDisplacement.java> 822582a8 822582ac stw r12,-0x8(r1) (GhidraScript)  
INFO  FindStoresAtDisplacement.java> 82258320 82258324 stw r12,-0x8(r1) (GhidraScript)  
INFO  FindStoresAtDisplacement.java> 82258aa8 82258aac stw r12,-0x8(r1) (GhidraScript)  
INFO  FindStoresAtDisplacement.java> 82258b58 82258b5c stw r12,-0x8(r1) (GhidraScript)  
INFO  FindStoresAtDisplacement.java> 82258bb0 82258bb4 stw r12,-0x8(r1) (GhidraScript)  
INFO  FindStoresAtDisplacement.java> 82258c80 82258c84 stw r12,-0x8(r1) (GhidraScript)  
INFO  FindStoresAtDisplacement.java> 82258c80 82258cd8 stw r10,0x8(r31) (GhidraScript)  
INFO  FindStoresAtDisplacement.java> 82258d20 82258d24 stw r12,-0x8(r1) (GhidraScript)  
INFO  FindStoresAtDisplacement.java> 82258d20 82258d60 stw r11,0x58(r1) (GhidraScript)  
INFO  FindStoresAtDisplacement.java> 82259670 82259674 stw r12,-0x8(r1) (GhidraScript)  
INFO  FindStoresAtDisplacement.java> 82259670 822596b0 stw r10,0x8(r31) (GhidraScript)  
INFO  FindStoresAtDisplacement.java> 82259820 82259824 stw r12,-0x8(r1) (GhidraScript)  
INFO  FindStoresAtDisplacement.java> 82259a10 82259a14 stw r12,-0x8(r1) (GhidraScript)  
INFO  FindStoresAtDisplacement.java> 82259a10 82259aa8 stw r11,0x58(r1) (GhidraScript)  
INFO  FindStoresAtDisplacement.java> 8225a4a8 8225a4ac stw r12,-0x8(r1) (GhidraScript)  
INFO  FindStoresAtDisplacement.java> 8225a4a8 8225a4fc stw r11,0x368(r3) (GhidraScript)  
INFO  FindStoresAtDisplacement.java> 8225a4a8 8225a51c stw r11,0x58(r1) (GhidraScript)  
INFO  FindStoresAtDisplacement.java> 8225a4a8 8225a570 stw r11,0x368(r3) (GhidraScript)  
INFO  FindStoresAtDisplacement.java> 8225a4a8 8225a590 stw r11,0x4d8(r3) (GhidraScript)  
INFO  FindStoresAtDisplacement.java> 8225a4a8 8225a5c8 stw r11,0x388(r3) (GhidraScript)  
INFO  FindStoresAtDisplacement.java> 8225a4a8 8225a5cc stw r11,0x398(r3) (GhidraScript)  
INFO  FindStoresAtDisplacement.java> 8225b048 8225b04c stw r12,-0x8(r1) (GhidraScript)  
INFO  FindStoresAtDisplacement.java> 8225b048 8225b070 stw r9,0x58(r1) (GhidraScript)  
INFO  FindStoresAtDisplacement.java> 8225b048 8225b08c stw r9,0x8(r11) (GhidraScript)  
INFO  FindStoresAtDisplacement.java> 8225b440 8225b444 stw r12,-0x8(r1) (GhidraScript)  
INFO  FindStoresAtDisplacement.java> 8225b440 8225b4c0 stw r7,0x8(r11) (GhidraScript)  
INFO  FindStoresAtDisplacement.java> 8225b440 8225b524 stw r7,0x8(r11) (GhidraScript)  
INFO  FindStoresAtDisplacement.java> 8225b440 8225b590 stw r11,0x58(r1) (GhidraScript)  
INFO  FindStoresAtDisplacement.java> 8225b5e0 8225b5e4 stw r12,-0x8(r1) (GhidraScript)  
INFO  FindStoresAtDisplacement.java> 8225b5e0 8225b69c stw r11,0x58(r1) (GhidraScript)  
INFO  FindStoresAtDisplacement.java> 8225b5e0 8225b6cc stw r11,0x58(r1) (GhidraScript)  
INFO  FindStoresAtDisplacement.java> 8225b5e0 8225b6f8 stw r11,0x388(r31) (GhidraScript)  
INFO  FindStoresAtDisplacement.java> 8225b5e0 8225b6fc stw r11,0x398(r31) (GhidraScript)  
INFO  FindStoresAtDisplacement.java> 8225c048 8225c04c stw r12,-0x8(r1) (GhidraScript)  
INFO  FindStoresAtDisplacement.java> 8225c0b8 8225c0bc stw r12,-0x8(r1) (GhidraScript)  
INFO  FindStoresAtDisplacement.java> 8225c118 8225c11c stw r12,-0x8(r1) (GhidraScript)  
INFO  FindStoresAtDisplacement.java> 8225c178 8225c17c stw r12,-0x8(r1) (GhidraScript)  
INFO  FindStoresAtDisplacement.java> 8225c680 8225c684 stw r12,-0x8(r1) (GhidraScript)  
INFO  FindStoresAtDisplacement.java> 8225c838 8225c83c stw r12,-0x8(r1) (GhidraScript)  
INFO  FindStoresAtDisplacement.java> 8225d0a8 8225d0ac stw r12,-0x8(r1) (GhidraScript)  
INFO  FindStoresAtDisplacement.java> 8225d390 8225d394 stw r12,-0x8(r1) (GhidraScript)  
INFO  FindStoresAtDisplacement.java> 8225d820 8225d824 stw r12,-0x8(r1) (GhidraScript)  
INFO  FindStoresAtDisplacement.java> 8225d9f0 8225d9f4 stw r12,-0x8(r1) (GhidraScript)  
INFO  FindStoresAtDisplacement.java> 82260e10 82260e14 stw r12,-0x8(r1) (GhidraScript)  
INFO  FindStoresAtDisplacement.java> 82260e10 82260e64 stw r4,0x8(r11) (GhidraScript)  
INFO  FindStoresAtDisplacement.java> 82263468 8226346c stw r12,-0x8(r1) (GhidraScript)  
INFO  FindStoresAtDisplacement.java> 82263900 82263904 stw r12,-0x8(r1) (GhidraScript)  
INFO  FindStoresAtDisplacement.java> 822639b0 822639b4 stw r12,-0x8(r1) (GhidraScript)  
INFO  FindStoresAtDisplacement.java> 82265b88 82265b8c stw r12,-0x8(r1) (GhidraScript)  
INFO  FindStoresAtDisplacement.java> 82265b88 82265bac stb r11,0x8(r31) (GhidraScript)  
INFO  FindStoresAtDisplacement.java> 82265c18 82265c1c stw r12,-0x8(r1) (GhidraScript)  
INFO  FindStoresAtDisplacement.java> 82265c18 82265c58 stb r30,0x8(r31) (GhidraScript)  
INFO  FindStoresAtDisplacement.java> 82265c18 82265c68 stb r30,0x8(r31) (GhidraScript)  
INFO  FindStoresAtDisplacement.java> 82265dd8 82265dec stw r11,0x28(r3) (GhidraScript)  
INFO  FindStoresAtDisplacement.java> 82265dd8 82265e34 stw r10,0x28(r3) (GhidraScript)  
INFO  FindStoresAtDisplacement.java> 82265dd8 82265e70 stw r4,0x8(r3) (GhidraScript)  
INFO  FindStoresAtDisplacement.java> 82265eb8 82265ebc stw r12,-0x8(r1) (GhidraScript)  
INFO  FindStoresAtDisplacement.java> 82266198 8226619c stw r12,-0x8(r1) (GhidraScript)  
INFO  FindStoresAtDisplacement.java> 82266198 82266250 stw r11,0x18(r8) (GhidraScript)  
INFO  FindStoresAtDisplacement.java> 82266198 82266274 stw r10,0x28(r8) (GhidraScript)  
INFO  FindStoresAtDisplacement.java> 82266198 82266278 stw r10,0x8(r8) (GhidraScript)  
INFO  FindStoresAtDisplacement.java> 82266328 82266344 stw r4,0x8(r3) (GhidraScript)  
INFO  FindStoresAtDisplacement.java> 822666a8 822666ac stw r12,-0x8(r1) (GhidraScript)  
INFO  FindStoresAtDisplacement.java> 82266850 82266854 stw r12,-0x8(r1) (GhidraScript)  
INFO  FindStoresAtDisplacement.java> 82266c48 82266c4c stw r12,-0x8(r1) (GhidraScript)  
INFO  FindStoresAtDisplacement.java> 82266cc0 82266cc4 stw r12,-0x8(r1) (GhidraScript)  
INFO  FindStoresAtDisplacement.java> 82266d28 82266d2c stw r12,-0x8(r1) (GhidraScript)  
INFO  FindStoresAtDisplacement.java> 82266dc0 82266dc4 stw r12,-0x8(r1) (GhidraScript)  
INFO  FindStoresAtDisplacement.java> 82266e00 82266e04 stw r12,-0x8(r1) (GhidraScript)  
INFO  FindStoresAtDisplacement.java> 82266e40 82266e44 stw r12,-0x8(r1) (GhidraScript)  
INFO  FindStoresAtDisplacement.java> 82266e80 82266e84 stw r12,-0x8(r1) (GhidraScript)  
INFO  FindStoresAtDisplacement.java> 82267370 82267374 stw r12,-0x8(r1) (GhidraScript)  
INFO  FindStoresAtDisplacement.java> 822675a8 822675ac stw r12,-0x8(r1) (GhidraScript)  
INFO  FindStoresAtDisplacement.java> 82267660 82267664 stw r12,-0x8(r1) (GhidraScript)  
INFO  FindStoresAtDisplacement.java> 82267798 8226779c stw r12,-0x8(r1) (GhidraScript)  
INFO  FindStoresAtDisplacement.java> 82267868 82267888 stw r8,0x8(r3) (GhidraScript)  
INFO  FindStoresAtDisplacement.java> 82267bf0 82267bf4 stw r12,-0x8(r1) (GhidraScript)  
INFO  FindStoresAtDisplacement.java> 82267c58 82267c5c stw r12,-0x8(r1) (GhidraScript)  
INFO  FindStoresAtDisplacement.java> 82267d38 82267d3c stw r12,-0x8(r1) (GhidraScript)  
INFO  FindStoresAtDisplacement.java> 82267dc0 82267dc4 stw r12,-0x8(r1) (GhidraScript)  
INFO  FindStoresAtDisplacement.java> 82267e28 82267e2c stw r12,-0x8(r1) (GhidraScript)  
INFO  FindStoresAtDisplacement.java> 82267f58 82267f5c stw r12,-0x8(r1) (GhidraScript)  
INFO  FindStoresAtDisplacement.java> 82267fc8 82267fcc stw r12,-0x8(r1) (GhidraScript)  
INFO  FindStoresAtDisplacement.java> 822680c8 822680cc stw r12,-0x8(r1) (GhidraScript)  
INFO  FindStoresAtDisplacement.java> 822685e0 822685e4 stw r12,-0x8(r1) (GhidraScript)  
INFO  FindStoresAtDisplacement.java> 822686e0 822686e4 stw r12,-0x8(r1) (GhidraScript)  
INFO  FindStoresAtDisplacement.java> 82268c10 82268c14 stw r12,-0x8(r1) (GhidraScript)  
INFO  FindStoresAtDisplacement.java> 82268c78 82268c7c stw r12,-0x8(r1) (GhidraScript)  
INFO  FindStoresAtDisplacement.java> 82269188 8226918c stw r12,-0x8(r1) (GhidraScript)  
INFO  FindStoresAtDisplacement.java> 82269188 82269284 stb r10,0x58(r1) (GhidraScript)  
INFO  FindStoresAtDisplacement.java> 822694a0 822694a4 stw r12,-0x8(r1) (GhidraScript)  
INFO  FindStoresAtDisplacement.java> 82269928 82269974 stw r10,0x28(r11) (GhidraScript)  
INFO  FindStoresAtDisplacement.java> 822699a0 822699a4 stw r12,-0x8(r1) (GhidraScript)  
INFO  FindStoresAtDisplacement.java> 82269a40 82269a44 stw r12,-0x8(r1) (GhidraScript)  
INFO  FindStoresAtDisplacement.java> 82269a40 82269a9c stw r7,0x158(r11) (GhidraScript)  
INFO  FindStoresAtDisplacement.java> 82269be0 82269be4 stw r12,-0x8(r1) (GhidraScript)  
INFO  FindStoresAtDisplacement.java> 82269be0 82269c14 stw r11,0x2c8(r30) (GhidraScript)  
INFO  FindStoresAtDisplacement.java> 8226a9d0 8226a9d4 stw r12,-0x8(r1) (GhidraScript)  
INFO  FindStoresAtDisplacement.java> 8226cf90 8226cf94 stw r12,-0x8(r1) (GhidraScript)  
INFO  FindStoresAtDisplacement.java> 8226ede8 8226edec stw r12,-0x8(r1) (GhidraScript)  
INFO  FindStoresAtDisplacement.java> 8226ef38 8226ef3c stw r12,-0x8(r1) (GhidraScript)  
INFO  FindStoresAtDisplacement.java> 8226f050 8226f054 stw r12,-0x8(r1) (GhidraScript)  
INFO  FindStoresAtDisplacement.java> 8226f050 8226f0a8 stw r30,0x1008(r31) (GhidraScript)  
INFO  FindStoresAtDisplacement.java> 8226f178 8226f17c stw r12,-0x8(r1) (GhidraScript)  
INFO  FindStoresAtDisplacement.java> 8226f600 8226f604 stw r12,-0x8(r1) (GhidraScript)  
INFO  FindStoresAtDisplacement.java> 822704e0 822704e4 stw r12,-0x8(r1) (GhidraScript)  
INFO  FindStoresAtDisplacement.java> 82270be0 82270be8 stw r11,0x28(r3) (GhidraScript)  
INFO  FindStoresAtDisplacement.java> 82270c20 82270c34 stw r11,0x28(r3) (GhidraScript)  
INFO  FindStoresAtDisplacement.java> 82270e90 82270e94 stw r12,-0x8(r1) (GhidraScript)  
INFO  FindStoresAtDisplacement.java> 82270f00 82270f04 stw r12,-0x8(r1) (GhidraScript)  
INFO  FindStoresAtDisplacement.java> 822711a0 822711a4 stw r12,-0x8(r1) (GhidraScript)  
INFO  FindStoresAtDisplacement.java> 822711f0 822711f4 stw r12,-0x8(r1) (GhidraScript)  
INFO  FindStoresAtDisplacement.java> 822712c8 822712cc stw r12,-0x8(r1) (GhidraScript)  
INFO  FindStoresAtDisplacement.java> 822717d8 822717dc stw r12,-0x8(r1) (GhidraScript)  
INFO  FindStoresAtDisplacement.java> 82271828 8227182c stw r12,-0x8(r1) (GhidraScript)  
INFO  FindStoresAtDisplacement.java> 82271878 8227187c stw r12,-0x8(r1) (GhidraScript)  
INFO  FindStoresAtDisplacement.java> 82271920 82271924 stw r12,-0x8(r1) (GhidraScript)  
INFO  FindStoresAtDisplacement.java> 82271990 82271994 stw r12,-0x8(r1) (GhidraScript)  
INFO  FindStoresAtDisplacement.java> 822719f0 822719f4 stw r12,-0x8(r1) (GhidraScript)  
INFO  FindStoresAtDisplacement.java> 82271a38 82271a3c stw r12,-0x8(r1) (GhidraScript)  
INFO  FindStoresAtDisplacement.java> 82271ae8 82271aec stw r12,-0x8(r1) (GhidraScript)  
INFO  FindStoresAtDisplacement.java> 82271cf0 82271cf4 stw r12,-0x8(r1) (GhidraScript)  
INFO  FindStoresAtDisplacement.java> 82271cf0 82271d54 stw r10,0x18(r31) (GhidraScript)  
INFO  FindStoresAtDisplacement.java> 82271de0 82271de4 stw r12,-0x8(r1) (GhidraScript)  
INFO  FindStoresAtDisplacement.java> 82271ec0 82271ec4 stw r12,-0x8(r1) (GhidraScript)  
INFO  FindStoresAtDisplacement.java> 82271f78 82271f7c stw r12,-0x8(r1) (GhidraScript)  
INFO  FindStoresAtDisplacement.java> 82272030 82272034 stw r12,-0x8(r1) (GhidraScript)  
INFO  FindStoresAtDisplacement.java> 82272a70 82272a74 stw r12,-0x8(r1) (GhidraScript)  
INFO  FindStoresAtDisplacement.java> 82272c58 82272c5c stw r12,-0x8(r1) (GhidraScript)  
INFO  FindStoresAtDisplacement.java> 82272c58 82272c90 stw r11,0xa8(r31) (GhidraScript)  
INFO  FindStoresAtDisplacement.java> 82272f90 82272f94 stw r12,-0x8(r1) (GhidraScript)  
INFO  FindStoresAtDisplacement.java> 822731e8 822731ec stw r12,-0x8(r1) (GhidraScript)  
INFO  FindStoresAtDisplacement.java> 82273320 82273324 stw r12,-0x8(r1) (GhidraScript)  
INFO  FindStoresAtDisplacement.java> 82273320 822733a4 stw r8,0x18(r11) (GhidraScript)  
INFO  FindStoresAtDisplacement.java> 82273320 8227341c stw r10,0xa8(r31) (GhidraScript)  
INFO  FindStoresAtDisplacement.java> 82273320 82273428 stw r8,0x98(r31) (GhidraScript)  
INFO  FindStoresAtDisplacement.java> 82273320 8227342c stw r7,0x8(r31) (GhidraScript)  
INFO  FindStoresAtDisplacement.java> 822735a0 822735a4 stw r12,-0x8(r1) (GhidraScript)  
INFO  FindStoresAtDisplacement.java> 822735a0 82273608 stw r3,0x8(r30) (GhidraScript)  
INFO  FindStoresAtDisplacement.java> 822740e0 822740e4 stw r12,-0x8(r1) (GhidraScript)  
INFO  FindStoresAtDisplacement.java> 82274198 8227419c stw r12,-0x8(r1) (GhidraScript)  
INFO  FindStoresAtDisplacement.java> 82274250 82274254 stw r12,-0x8(r1) (GhidraScript)  
INFO  FindStoresAtDisplacement.java> 822742b0 822742b4 stw r12,-0x8(r1) (GhidraScript)  
INFO  FindStoresAtDisplacement.java> 82274540 8227454c stb r4,0x8(r3) (GhidraScript)  
INFO  FindStoresAtDisplacement.java> 82274540 82274558 stb r11,0x8(r3) (GhidraScript)  
INFO  FindStoresAtDisplacement.java> 82274560 82274574 stb r11,0x8(r3) (GhidraScript)  
INFO  FindStoresAtDisplacement.java> 82274c90 82274ca8 stb r11,0x8(r3) (GhidraScript)  
INFO  FindStoresAtDisplacement.java> 82274cc0 82274cc4 stw r12,-0x8(r1) (GhidraScript)  
INFO  FindStoresAtDisplacement.java> 82275388 8227538c stw r12,-0x8(r1) (GhidraScript)  
INFO  FindStoresAtDisplacement.java> 822753d0 822753d4 stw r12,-0x8(r1) (GhidraScript)  
INFO  FindStoresAtDisplacement.java> 82275500 82275504 stw r12,-0x8(r1) (GhidraScript)  
INFO  FindStoresAtDisplacement.java> 82275640 82275644 stw r12,-0x8(r1) (GhidraScript)  
INFO  FindStoresAtDisplacement.java> 822757f8 822757fc stw r12,-0x8(r1) (GhidraScript)  
INFO  FindStoresAtDisplacement.java> 822757f8 82275818 stw r11,0x68(r1) (GhidraScript)  
INFO  FindStoresAtDisplacement.java> 822757f8 82275844 stw r10,0x68(r1) (GhidraScript)  
INFO  FindStoresAtDisplacement.java> 822759a0 822759a4 stw r12,-0x8(r1) (GhidraScript)  
INFO  FindStoresAtDisplacement.java> 822759a0 822759cc stw r8,0x58(r1) (GhidraScript)  
INFO  FindStoresAtDisplacement.java> 82275c18 82275c1c stw r12,-0x8(r1) (GhidraScript)  
INFO  FindStoresAtDisplacement.java> 822761c0 822761c4 stw r12,-0x8(r1) (GhidraScript)  
INFO  FindStoresAtDisplacement.java> 82276238 8227623c stw r12,-0x8(r1) (GhidraScript)  
INFO  FindStoresAtDisplacement.java> 82276328 8227632c stw r12,-0x8(r1) (GhidraScript)  
INFO  FindStoresAtDisplacement.java> 82276460 82276464 stw r12,-0x8(r1) (GhidraScript)  
INFO  FindStoresAtDisplacement.java> 82276610 82276614 stw r12,-0x8(r1) (GhidraScript)  
INFO  FindStoresAtDisplacement.java> 822767f0 822767f4 stw r12,-0x8(r1) (GhidraScript)  
INFO  FindStoresAtDisplacement.java> 822768c0 822768c4 stw r12,-0x8(r1) (GhidraScript)  
INFO  FindStoresAtDisplacement.java> 822768c0 822768f4 stw r8,0x58(r1) (GhidraScript)  
INFO  FindStoresAtDisplacement.java> 822769e8 822769ec stw r12,-0x8(r1) (GhidraScript)  
INFO  FindStoresAtDisplacement.java> 82276aa0 82276aa4 stw r12,-0x8(r1) (GhidraScript)  
INFO  FindStoresAtDisplacement.java> 82276b58 82276b5c stw r12,-0x8(r1) (GhidraScript)  
INFO  FindStoresAtDisplacement.java> 82276c18 82276c1c stw r12,-0x8(r1) (GhidraScript)  
INFO  FindStoresAtDisplacement.java> 82277398 8227739c stw r12,-0x8(r1) (GhidraScript)  
INFO  FindStoresAtDisplacement.java> 822778e8 822778ec stw r12,-0x8(r1) (GhidraScript)  
INFO  FindStoresAtDisplacement.java> 8227ca80 8227ca84 stw r12,-0x8(r1) (GhidraScript)  
INFO  FindStoresAtDisplacement.java> 8227f940 8227f944 stw r12,-0x8(r1) (GhidraScript)  
INFO  FindStoresAtDisplacement.java> 8227f9d8 8227f9dc stw r12,-0x8(r1) (GhidraScript)  
INFO  FindStoresAtDisplacement.java> 822800d8 822800dc stw r12,-0x8(r1) (GhidraScript)  
INFO  FindStoresAtDisplacement.java> 82280758 82280770 stw r11,0x8(r3) (GhidraScript)  
INFO  FindStoresAtDisplacement.java> 82280758 82280780 stw r11,0x18(r3) (GhidraScript)  
INFO  FindStoresAtDisplacement.java> 82280758 82280790 stw r11,0x28(r3) (GhidraScript)  
INFO  FindStoresAtDisplacement.java> 82280758 822807ac stw r11,0x48(r3) (GhidraScript)  
INFO  FindStoresAtDisplacement.java> 82280d08 82280d30 stw r11,0x8(r3) (GhidraScript)  
INFO  FindStoresAtDisplacement.java> 82280d08 82280d3c stw r11,0x18(r3) (GhidraScript)  
INFO  FindStoresAtDisplacement.java> 82280d08 82280d4c stw r11,0x28(r3) (GhidraScript)  
INFO  FindStoresAtDisplacement.java> 82280d08 82280d68 stw r11,0x48(r3) (GhidraScript)  
INFO  FindStoresAtDisplacement.java> 82280f18 82280f1c stw r12,-0x8(r1) (GhidraScript)  
INFO  FindStoresAtDisplacement.java> 822815b0 822815b4 stb r11,0x1a8(r3) (GhidraScript)  
INFO  FindStoresAtDisplacement.java> 82281888 8228188c stw r12,-0x8(r1) (GhidraScript)  
INFO  FindStoresAtDisplacement.java> 82282220 82282224 stw r12,-0x8(r1) (GhidraScript)  
INFO  FindStoresAtDisplacement.java> 822823a0 822823a4 stw r12,-0x8(r1) (GhidraScript)  
INFO  FindStoresAtDisplacement.java> 82282408 8228240c stw r12,-0x8(r1) (GhidraScript)  
INFO  FindStoresAtDisplacement.java> 82282c10 82282c14 stw r12,-0x8(r1) (GhidraScript)  
INFO  FindStoresAtDisplacement.java> 82282c50 82282c54 stw r12,-0x8(r1) (GhidraScript)  
INFO  FindStoresAtDisplacement.java> 82283090 82283094 stw r12,-0x8(r1) (GhidraScript)  
INFO  FindStoresAtDisplacement.java> 82283168 8228316c stw r12,-0x8(r1) (GhidraScript)  
INFO  FindStoresAtDisplacement.java> 82283768 8228376c stw r12,-0x8(r1) (GhidraScript)  
INFO  FindStoresAtDisplacement.java> 82283800 82283804 stw r12,-0x8(r1) (GhidraScript)  
INFO  FindStoresAtDisplacement.java> 82283898 8228389c stw r12,-0x8(r1) (GhidraScript)  
INFO  FindStoresAtDisplacement.java> 82283988 8228398c stw r12,-0x8(r1) (GhidraScript)  
INFO  FindStoresAtDisplacement.java> 822839f8 822839fc stw r12,-0x8(r1) (GhidraScript)  
INFO  FindStoresAtDisplacement.java> 82283b70 82283b98 stw r8,-0x8(r11) (GhidraScript)  
INFO  FindStoresAtDisplacement.java> 82283b70 82283bbc stw r10,0x8(r11) (GhidraScript)  
INFO  FindStoresAtDisplacement.java> 82283c28 82283c2c stw r12,-0x8(r1) (GhidraScript)  
INFO  FindStoresAtDisplacement.java> 82283cc8 82283ccc stw r12,-0x8(r1) (GhidraScript)  
INFO  FindStoresAtDisplacement.java> 82283d68 82283d6c stw r12,-0x8(r1) (GhidraScript)  
INFO  FindStoresAtDisplacement.java> 82283e40 82283e44 stw r12,-0x8(r1) (GhidraScript)  
INFO  FindStoresAtDisplacement.java> 82283f18 82283f1c stw r12,-0x8(r1) (GhidraScript)  
INFO  FindStoresAtDisplacement.java> 82283ff0 82283ff4 stw r12,-0x8(r1) (GhidraScript)  
INFO  FindStoresAtDisplacement.java> 822840c8 822840cc stw r12,-0x8(r1) (GhidraScript)  
INFO  FindStoresAtDisplacement.java> 822841a0 822841a4 stw r12,-0x8(r1) (GhidraScript)  
INFO  FindStoresAtDisplacement.java> 82284248 8228424c stw r12,-0x8(r1) (GhidraScript)  
INFO  FindStoresAtDisplacement.java> 822843b0 822843b4 stw r12,-0x8(r1) (GhidraScript)  
INFO  FindStoresAtDisplacement.java> 82284488 8228448c stw r12,-0x8(r1) (GhidraScript)  
INFO  FindStoresAtDisplacement.java> 822844b0 822844b4 stw r12,-0x8(r1) (GhidraScript)  
INFO  FindStoresAtDisplacement.java> 822844d8 822844dc stw r12,-0x8(r1) (GhidraScript)  
INFO  FindStoresAtDisplacement.java> 82284500 82284504 stw r12,-0x8(r1) (GhidraScript)  
INFO  FindStoresAtDisplacement.java> 82284678 8228467c stw r12,-0x8(r1) (GhidraScript)  
INFO  FindStoresAtDisplacement.java> 82284a70 82284a74 stw r12,-0x8(r1) (GhidraScript)  
INFO  FindStoresAtDisplacement.java> 82284d20 82284d24 stw r12,-0x8(r1) (GhidraScript)  
INFO  FindStoresAtDisplacement.java> 82285648 8228564c stw r12,-0x8(r1) (GhidraScript)  
INFO  FindStoresAtDisplacement.java> 822861d8 822861dc stw r12,-0x8(r1) (GhidraScript)  
INFO  FindStoresAtDisplacement.java> 82286b30 82286b34 stw r12,-0x8(r1) (GhidraScript)  
INFO  FindStoresAtDisplacement.java> 822876d0 82287bd0 stw r29,0xf8(r1) (GhidraScript)  
INFO  FindStoresAtDisplacement.java> 822876d0 82287bdc stw r29,0x288(r1) (GhidraScript)  
INFO  FindStoresAtDisplacement.java> 822876d0 82287bec stw r29,0x58(r1) (GhidraScript)  
INFO  FindStoresAtDisplacement.java> 822876d0 82287bfc stw r29,0x68(r1) (GhidraScript)  
INFO  FindStoresAtDisplacement.java> 82287d60 82287d64 stw r12,-0x8(r1) (GhidraScript)  
INFO  FindStoresAtDisplacement.java> 82287f60 82287f64 stw r12,-0x8(r1) (GhidraScript)  
INFO  FindStoresAtDisplacement.java> 82287f60 82287fd8 stw r11,0x8(r30) (GhidraScript)  
INFO  FindStoresAtDisplacement.java> 82288030 82288034 stw r12,-0x8(r1) (GhidraScript)  
INFO  FindStoresAtDisplacement.java> 82288128 8228812c stw r12,-0x8(r1) (GhidraScript)  
INFO  FindStoresAtDisplacement.java> 82288440 82288444 stw r12,-0x8(r1) (GhidraScript)  
INFO  FindStoresAtDisplacement.java> 82288508 8228850c stw r12,-0x8(r1) (GhidraScript)  
INFO  FindStoresAtDisplacement.java> 82288730 82288734 stw r12,-0x8(r1) (GhidraScript)  
INFO  FindStoresAtDisplacement.java> 82288730 822887a4 stb r11,0x58(r1) (GhidraScript)  
INFO  FindStoresAtDisplacement.java> 82288730 822887cc stb r8,0x58(r1) (GhidraScript)  
INFO  FindStoresAtDisplacement.java> 82288730 822887d4 stb r11,0x58(r1) (GhidraScript)  
INFO  FindStoresAtDisplacement.java> 82288730 82288800 stw r11,0x8(r31) (GhidraScript)  
INFO  FindStoresAtDisplacement.java> 82288990 82288994 stw r12,-0x8(r1) (GhidraScript)  
INFO  FindStoresAtDisplacement.java> 82288ec0 82288ec4 stw r12,-0x8(r1) (GhidraScript)  
INFO  FindStoresAtDisplacement.java> 82288f38 82288f3c stw r12,-0x8(r1) (GhidraScript)  
INFO  FindStoresAtDisplacement.java> 822898e8 82289918 stw r11,0x28(r3) (GhidraScript)  
INFO  FindStoresAtDisplacement.java> 822898e8 82289930 stw r11,0x8(r10) (GhidraScript)  
INFO  FindStoresAtDisplacement.java> 822898e8 82289950 stw r11,0x338(r3) (GhidraScript)  
INFO  FindStoresAtDisplacement.java> 822898e8 82289978 stw r11,0x348(r3) (GhidraScript)  
INFO  FindStoresAtDisplacement.java> 822898e8 82289980 stw r10,0x358(r3) (GhidraScript)  
INFO  FindStoresAtDisplacement.java> 822899a0 822899a4 stw r12,-0x8(r1) (GhidraScript)  
INFO  FindStoresAtDisplacement.java> 82289b18 82289b1c stw r12,-0x8(r1) (GhidraScript)  
INFO  FindStoresAtDisplacement.java> 8228b2f8 8228b2fc stw r12,-0x8(r1) (GhidraScript)  
INFO  FindStoresAtDisplacement.java> 8228b398 8228b39c stw r12,-0x8(r1) (GhidraScript)  
INFO  FindStoresAtDisplacement.java> 8228b420 8228b424 stw r12,-0x8(r1) (GhidraScript)  
INFO  FindStoresAtDisplacement.java> 8228b6f0 8228b6f4 stw r12,-0x8(r1) (GhidraScript)  
INFO  FindStoresAtDisplacement.java> 8228b840 8228b854 sth r9,0x18(r11) (GhidraScript)  
INFO  FindStoresAtDisplacement.java> 8228b9f0 8228ba00 stw r10,0x8(r11) (GhidraScript)  
INFO  FindStoresAtDisplacement.java> 8228bbe8 8228bbec stw r12,-0x8(r1) (GhidraScript)  
INFO  FindStoresAtDisplacement.java> 8228bc40 8228bc44 stw r12,-0x8(r1) (GhidraScript)  
INFO  FindStoresAtDisplacement.java> 8228bed0 8228bed4 stw r12,-0x8(r1) (GhidraScript)  
INFO  FindStoresAtDisplacement.java> 8228c1a0 8228c1a4 stw r12,-0x8(r1) (GhidraScript)  
INFO  FindStoresAtDisplacement.java> 8228c258 8228c25c stw r12,-0x8(r1) (GhidraScript)  
INFO  FindStoresAtDisplacement.java> 8228d790 8228d794 stw r12,-0x8(r1) (GhidraScript)  
INFO  FindStoresAtDisplacement.java> 8228d8c0 8228d8e0 stw r11,0x18(r3) (GhidraScript)  
INFO  FindStoresAtDisplacement.java> 8228dda0 8228dda4 stw r12,-0x8(r1) (GhidraScript)  
INFO  FindStoresAtDisplacement.java> 8228dda0 8228ddec stw r11,0x38(r31) (GhidraScript)  
INFO  FindStoresAtDisplacement.java> 8228de18 8228de1c stw r12,-0x8(r1) (GhidraScript)  
INFO  FindStoresAtDisplacement.java> 8228df48 8228df4c stw r12,-0x8(r1) (GhidraScript)  
INFO  FindStoresAtDisplacement.java> 8228df98 8228df9c stw r12,-0x8(r1) (GhidraScript)  
INFO  FindStoresAtDisplacement.java> 8228e008 8228e00c stw r12,-0x8(r1) (GhidraScript)  
INFO  FindStoresAtDisplacement.java> 8228e098 8228e09c stw r12,-0x8(r1) (GhidraScript)  
INFO  FindStoresAtDisplacement.java> 8228e0e8 8228e0ec stw r12,-0x8(r1) (GhidraScript)  
INFO  FindStoresAtDisplacement.java> 8228e158 8228e15c stw r12,-0x8(r1) (GhidraScript)  
INFO  FindStoresAtDisplacement.java> 8228e1e8 8228e1ec stw r12,-0x8(r1) (GhidraScript)  
INFO  FindStoresAtDisplacement.java> 8228e248 8228e24c stw r12,-0x8(r1) (GhidraScript)  
INFO  FindStoresAtDisplacement.java> 8228e248 8228e404 stw r10,0x78(r1) (GhidraScript)  
INFO  FindStoresAtDisplacement.java> 8228e248 8228e414 stw r11,0x98(r1) (GhidraScript)  
INFO  FindStoresAtDisplacement.java> 8228e248 8228e4bc stw r10,0x78(r1) (GhidraScript)  
INFO  FindStoresAtDisplacement.java> 8228e520 8228e524 stw r12,-0x8(r1) (GhidraScript)  
INFO  FindStoresAtDisplacement.java> 8228e520 8228e6bc stw r10,0x78(r1) (GhidraScript)  
INFO  FindStoresAtDisplacement.java> 8228e520 8228e6cc stw r11,0x98(r1) (GhidraScript)  
INFO  FindStoresAtDisplacement.java> 8228e520 8228e774 stw r10,0x78(r1) (GhidraScript)  
INFO  FindStoresAtDisplacement.java> 8228e7d8 8228e7dc stw r12,-0x8(r1) (GhidraScript)  
INFO  FindStoresAtDisplacement.java> 8228e7d8 8228e888 stw r11,0x78(r1) (GhidraScript)  
INFO  FindStoresAtDisplacement.java> 8228e7d8 8228e928 stw r10,0x78(r1) (GhidraScript)  
INFO  FindStoresAtDisplacement.java> 8228e988 8228e9a0 stw r11,0x8(r3) (GhidraScript)  
INFO  FindStoresAtDisplacement.java> 8228e9e8 8228e9ec stw r12,-0x8(r1) (GhidraScript)  
INFO  FindStoresAtDisplacement.java> 8228e9e8 8228ea78 stw r11,0x328(r30) (GhidraScript)  
INFO  FindStoresAtDisplacement.java> 8228e9e8 8228ea90 stw r11,0x2f8(r30) (GhidraScript)  
INFO  FindStoresAtDisplacement.java> 8228eb08 8228eb0c stw r12,-0x8(r1) (GhidraScript)  
INFO  FindStoresAtDisplacement.java> 8228eb08 8228eb60 stw r11,0x58(r1) (GhidraScript)  
INFO  FindStoresAtDisplacement.java> 8228ebd8 8228ebdc stw r12,-0x8(r1) (GhidraScript)  
INFO  FindStoresAtDisplacement.java> 8228ec68 8228ec6c stw r12,-0x8(r1) (GhidraScript)  
INFO  FindStoresAtDisplacement.java> 8228ee60 8228ee64 stw r12,-0x8(r1) (GhidraScript)  
INFO  FindStoresAtDisplacement.java> 8228ee60 8228eeb0 stb r10,0x68(r11) (GhidraScript)  
INFO  FindStoresAtDisplacement.java> 8228ee60 8228ef60 stw r11,0x2e8(r31) (GhidraScript)  
INFO  FindStoresAtDisplacement.java> 8228ef78 8228ef7c stw r12,-0x8(r1) (GhidraScript)  
INFO  FindStoresAtDisplacement.java> 8228ef78 8228efc8 stb r10,0x68(r11) (GhidraScript)  
INFO  FindStoresAtDisplacement.java> 8228ef78 8228f078 stw r11,0x2e8(r31) (GhidraScript)  
INFO  FindStoresAtDisplacement.java> 8228f090 8228f094 stw r12,-0x8(r1) (GhidraScript)  
INFO  FindStoresAtDisplacement.java> 8228f090 8228f0e0 stw r10,0x2f8(r31) (GhidraScript)  
INFO  FindStoresAtDisplacement.java> 8228f100 8228f148 stb r10,0x68(r11) (GhidraScript)  
INFO  FindStoresAtDisplacement.java> 8228f180 8228f184 stw r12,-0x8(r1) (GhidraScript)  
INFO  FindStoresAtDisplacement.java> 8228f180 8228f1d8 stw r10,0x2e8(r3) (GhidraScript)  
INFO  FindStoresAtDisplacement.java> 8228f1f0 8228f1f4 stw r12,-0x8(r1) (GhidraScript)  
INFO  FindStoresAtDisplacement.java> 8228f1f0 8228f270 stw r11,0x2e8(r31) (GhidraScript)  
INFO  FindStoresAtDisplacement.java> 8228f1f0 8228f2a4 stw r11,0x2e8(r31) (GhidraScript)  
INFO  FindStoresAtDisplacement.java> 8228f2e0 8228f2e4 stw r12,-0x8(r1) (GhidraScript)  
INFO  FindStoresAtDisplacement.java> 8228f2e0 8228f354 stw r11,0x2e8(r31) (GhidraScript)  
INFO  FindStoresAtDisplacement.java> 8228f2e0 8228f398 stw r11,0x2e8(r31) (GhidraScript)  
INFO  FindStoresAtDisplacement.java> 8228f3d0 8228f3d4 stw r12,-0x8(r1) (GhidraScript)  
INFO  FindStoresAtDisplacement.java> 8228f3d0 8228f3f8 stw r10,0x2e8(r3) (GhidraScript)  
INFO  FindStoresAtDisplacement.java> 8228f458 8228f45c stw r12,-0x8(r1) (GhidraScript)  
INFO  FindStoresAtDisplacement.java> 8228f458 8228f480 stw r10,0x2e8(r3) (GhidraScript)  
INFO  FindStoresAtDisplacement.java> 8228f4e0 8228f4e4 stw r12,-0x8(r1) (GhidraScript)  
INFO  FindStoresAtDisplacement.java> 8228f4e0 8228f508 stw r10,0x2e8(r3) (GhidraScript)  
INFO  FindStoresAtDisplacement.java> 8228f568 8228f56c stw r12,-0x8(r1) (GhidraScript)  
INFO  FindStoresAtDisplacement.java> 8228f568 8228f590 stw r10,0x2e8(r3) (GhidraScript)  
INFO  FindStoresAtDisplacement.java> 8228f5f0 8228f5f4 stw r12,-0x8(r1) (GhidraScript)  
INFO  FindStoresAtDisplacement.java> 8228f6b0 8228f6b4 stw r12,-0x8(r1) (GhidraScript)  
INFO  FindStoresAtDisplacement.java> 8228f6b0 8228f700 stw r11,0x328(r31) (GhidraScript)  
INFO  FindStoresAtDisplacement.java> 8228f6b0 8228f704 stw r9,0xb8(r31) (GhidraScript)  
INFO  FindStoresAtDisplacement.java> 8228f888 8228f88c stw r12,-0x8(r1) (GhidraScript)  
INFO  FindStoresAtDisplacement.java> 8228f888 8228f914 stw r11,0x2e8(r31) (GhidraScript)  
INFO  FindStoresAtDisplacement.java> 8228f888 8228f918 stw r11,0x2d8(r31) (GhidraScript)  
INFO  FindStoresAtDisplacement.java> 8228f888 8228f920 stw r11,0x2f8(r31) (GhidraScript)  
INFO  FindStoresAtDisplacement.java> 8228f888 8228f938 stw r11,0x308(r31) (GhidraScript)  
INFO  FindStoresAtDisplacement.java> 8228fbb0 8228fbb4 stw r12,-0x8(r1) (GhidraScript)  
INFO  FindStoresAtDisplacement.java> 8228fc80 8228fc84 stw r12,-0x8(r1) (GhidraScript)  
INFO  FindStoresAtDisplacement.java> 82290ba0 82290ba4 stw r12,-0x8(r1) (GhidraScript)  
INFO  FindStoresAtDisplacement.java> 82290ba0 82290c1c stw r11,0x2e8(r31) (GhidraScript)  
INFO  FindStoresAtDisplacement.java> 82293c28 82293c2c stw r12,-0x8(r1) (GhidraScript)  
INFO  FindStoresAtDisplacement.java> 82293c88 82293c8c stw r12,-0x8(r1) (GhidraScript)  
INFO  FindStoresAtDisplacement.java> 82293d08 82293d0c stw r12,-0x8(r1) (GhidraScript)  
INFO  FindStoresAtDisplacement.java> 82293da8 82293dac stw r12,-0x8(r1) (GhidraScript)  
INFO  FindStoresAtDisplacement.java> 82294190 82294194 stw r12,-0x8(r1) (GhidraScript)  
INFO  FindStoresAtDisplacement.java> 822946b8 822946bc stw r12,-0x8(r1) (GhidraScript)  
INFO  FindStoresAtDisplacement.java> 82295030 82295034 stw r12,-0x8(r1) (GhidraScript)  
INFO  FindStoresAtDisplacement.java> 82295030 8229505c stw r10,0x8(r3) (GhidraScript)  
INFO  FindStoresAtDisplacement.java> 822950a0 822950a4 stw r12,-0x8(r1) (GhidraScript)  
INFO  FindStoresAtDisplacement.java> 822950a0 822950f8 stw r10,0x8(r31) (GhidraScript)  
INFO  FindStoresAtDisplacement.java> 822951d0 822951d4 stw r12,-0x8(r1) (GhidraScript)  
INFO  FindStoresAtDisplacement.java> 822951d0 82295200 stw r10,0x108(r11) (GhidraScript)  
INFO  FindStoresAtDisplacement.java> 822951d0 82295224 stw r10,0x58(r1) (GhidraScript)  
INFO  FindStoresAtDisplacement.java> 822951d0 82295260 stw r9,0x108(r11) (GhidraScript)  
INFO  FindStoresAtDisplacement.java> 822955f0 822955f4 stw r12,-0x8(r1) (GhidraScript)  
INFO  FindStoresAtDisplacement.java> 822957e0 822957e4 stw r12,-0x8(r1) (GhidraScript)  
INFO  FindStoresAtDisplacement.java> 822957e0 82295820 stw r10,0x8(r31) (GhidraScript)  
INFO  FindStoresAtDisplacement.java> 82296520 82296524 stw r12,-0x8(r1) (GhidraScript)  
INFO  FindStoresAtDisplacement.java> 82296650 82296654 stw r12,-0x8(r1) (GhidraScript)  
INFO  FindStoresAtDisplacement.java> 822974c8 822974cc stw r12,-0x8(r1) (GhidraScript)  
INFO  FindStoresAtDisplacement.java> 822974c8 82297514 stw r11,0x58(r1) (GhidraScript)  
INFO  FindStoresAtDisplacement.java> 82297940 82297944 stw r12,-0x8(r1) (GhidraScript)  
INFO  FindStoresAtDisplacement.java> 82297940 82297a0c stw r30,0x58(r1) (GhidraScript)  
INFO  FindStoresAtDisplacement.java> 82297a40 82297a44 stw r12,-0x8(r1) (GhidraScript)  
INFO  FindStoresAtDisplacement.java> 82297a40 82297aec stw r30,0x58(r1) (GhidraScript)  
INFO  FindStoresAtDisplacement.java> 82297dd0 82297dd4 stw r12,-0x8(r1) (GhidraScript)  
INFO  FindStoresAtDisplacement.java> 82297dd0 82297e30 stw r11,0x58(r1) (GhidraScript)  
INFO  FindStoresAtDisplacement.java> 82297dd0 82297e58 stw r11,0x108(r31) (GhidraScript)  
INFO  FindStoresAtDisplacement.java> 822980c8 822980cc stw r12,-0x8(r1) (GhidraScript)  
INFO  FindStoresAtDisplacement.java> 822980c8 82298104 stw r9,0x118(r31) (GhidraScript)  
INFO  FindStoresAtDisplacement.java> 822980c8 82298120 stw r11,0x108(r31) (GhidraScript)  
INFO  FindStoresAtDisplacement.java> 822980c8 82298138 stw r11,0x58(r1) (GhidraScript)  
INFO  FindStoresAtDisplacement.java> 82298190 82298194 stw r12,-0x8(r1) (GhidraScript)  
INFO  FindStoresAtDisplacement.java> 82298190 8229827c stw r30,0x58(r1) (GhidraScript)  
INFO  FindStoresAtDisplacement.java> 82298668 8229866c stw r12,-0x8(r1) (GhidraScript)  
INFO  FindStoresAtDisplacement.java> 82298668 8229868c stw r11,0x58(r1) (GhidraScript)  
INFO  FindStoresAtDisplacement.java> 82298880 82298884 stw r12,-0x8(r1) (GhidraScript)  
INFO  FindStoresAtDisplacement.java> 82298950 82298954 stw r12,-0x8(r1) (GhidraScript)  
INFO  FindStoresAtDisplacement.java> 82298a78 82298a7c stw r12,-0x8(r1) (GhidraScript)  
INFO  FindStoresAtDisplacement.java> 82298b08 82298b14 stw r11,0x158(r3) (GhidraScript)  
INFO  FindStoresAtDisplacement.java> 82298e60 82298e84 stw r10,0x118(r3) (GhidraScript)  
INFO  FindStoresAtDisplacement.java> 822992f0 822992f4 stw r12,-0x8(r1) (GhidraScript)  
INFO  FindStoresAtDisplacement.java> 822993b0 822993b4 stw r12,-0x8(r1) (GhidraScript)  
INFO  FindStoresAtDisplacement.java> 82299538 82299540 stw r11,0x118(r3) (GhidraScript)  
INFO  FindStoresAtDisplacement.java> 82299560 82299564 stw r12,-0x8(r1) (GhidraScript)  
INFO  FindStoresAtDisplacement.java> 822995d0 822995dc stw r10,0x118(r3) (GhidraScript)  
INFO  FindStoresAtDisplacement.java> 82299640 82299644 stw r12,-0x8(r1) (GhidraScript)  
INFO  FindStoresAtDisplacement.java> 822997a8 822997ac stw r12,-0x8(r1) (GhidraScript)  
INFO  FindStoresAtDisplacement.java> 8229a3a0 8229a3a4 stw r12,-0x8(r1) (GhidraScript)  
INFO  FindStoresAtDisplacement.java> 8229a3a0 8229a3c8 stw r11,0xb8(r31) (GhidraScript)  
INFO  FindStoresAtDisplacement.java> 8229a3a0 8229a40c stw r11,0xb8(r3) (GhidraScript)  
INFO  FindStoresAtDisplacement.java> 8229a3a0 8229a438 stw r11,0xb8(r3) (GhidraScript)  
INFO  FindStoresAtDisplacement.java> 8229a470 8229a474 stw r12,-0x8(r1) (GhidraScript)  
INFO  FindStoresAtDisplacement.java> 8229a470 8229a504 stw r30,0xb8(r31) (GhidraScript)  
INFO  FindStoresAtDisplacement.java> 8229a470 8229a584 stw r30,0x118(r31) (GhidraScript)  
INFO  FindStoresAtDisplacement.java> 8229a470 8229a5a4 stw r11,0x178(r31) (GhidraScript)  
INFO  FindStoresAtDisplacement.java> 8229a470 8229a5b0 stw r30,0x188(r31) (GhidraScript)  
INFO  FindStoresAtDisplacement.java> 8229a470 8229a5bc stw r30,0x1b8(r31) (GhidraScript)  
INFO  FindStoresAtDisplacement.java> 8229a470 8229a5e4 stw r30,0xb8(r31) (GhidraScript)  
INFO  FindStoresAtDisplacement.java> 8229a470 8229a5e8 stw r30,0x158(r31) (GhidraScript)  
INFO  FindStoresAtDisplacement.java> 8229a820 8229a824 stw r12,-0x8(r1) (GhidraScript)  
INFO  FindStoresAtDisplacement.java> 8229a820 8229a864 stw r10,0x118(r31) (GhidraScript)  
INFO  FindStoresAtDisplacement.java> 8229a820 8229a8d4 stw r10,0x118(r31) (GhidraScript)  
INFO  FindStoresAtDisplacement.java> 8229a820 8229aa28 stw r11,0x58(r1) (GhidraScript)  
INFO  FindStoresAtDisplacement.java> 8229aba8 8229acb0 stw r6,0x8(r11) (GhidraScript)  
INFO  FindStoresAtDisplacement.java> 8229aba8 8229ad48 stw r24,0x8(r11) (GhidraScript)  
INFO  FindStoresAtDisplacement.java> 8229aba8 8229ad64 stw r23,0x8(r10) (GhidraScript)  
INFO  FindStoresAtDisplacement.java> 8229adf8 8229adfc stw r12,-0x8(r1) (GhidraScript)  
INFO  FindStoresAtDisplacement.java> 8229af80 8229af84 stw r12,-0x8(r1) (GhidraScript)  
INFO  FindStoresAtDisplacement.java> 8229b1b0 8229b1b4 stw r12,-0x8(r1) (GhidraScript)  
INFO  FindStoresAtDisplacement.java> 8229b1b0 8229b210 stw r10,0x128(r31) (GhidraScript)  
INFO  FindStoresAtDisplacement.java> 8229b1b0 8229b218 stw r11,0x1b8(r31) (GhidraScript)  
INFO  FindStoresAtDisplacement.java> 8229b1b0 8229b298 stw r11,0x118(r31) (GhidraScript)  
INFO  FindStoresAtDisplacement.java> 8229b1b0 8229b2b0 stw r11,0x118(r31) (GhidraScript)  
INFO  FindStoresAtDisplacement.java> 8229b1b0 8229b308 stw r11,0x118(r31) (GhidraScript)  
INFO  FindStoresAtDisplacement.java> 8229b1b0 8229b324 stw r11,0x118(r31) (GhidraScript)  
INFO  FindStoresAtDisplacement.java> 8229b1b0 8229b380 stw r11,0x128(r31) (GhidraScript)  
INFO  FindStoresAtDisplacement.java> 8229bfe8 8229bfec stw r12,-0x8(r1) (GhidraScript)  
INFO  FindStoresAtDisplacement.java> 8229c058 8229c05c stw r12,-0x8(r1) (GhidraScript)  
INFO  FindStoresAtDisplacement.java> 8229d870 8229d874 stw r12,-0x8(r1) (GhidraScript)  
INFO  FindStoresAtDisplacement.java> 8229d8a8 8229d8ac stw r12,-0x8(r1) (GhidraScript)  
INFO  FindStoresAtDisplacement.java> 8229d8e0 8229d8e4 stw r12,-0x8(r1) (GhidraScript)  
INFO  FindStoresAtDisplacement.java> 8229d950 8229d954 stw r12,-0x8(r1) (GhidraScript)  
INFO  FindStoresAtDisplacement.java> 8229d9b0 8229d9b4 stw r12,-0x8(r1) (GhidraScript)  
INFO  FindStoresAtDisplacement.java> 8229d9b0 8229d9ec stw r8,0xb8(r31) (GhidraScript)  
INFO  FindStoresAtDisplacement.java> 8229da40 8229da44 stw r12,-0x8(r1) (GhidraScript)  
INFO  FindStoresAtDisplacement.java> 8229db50 8229db54 stw r12,-0x8(r1) (GhidraScript)  
INFO  FindStoresAtDisplacement.java> 8229db50 8229dbac stw r30,0xa8(r31) (GhidraScript)  
INFO  FindStoresAtDisplacement.java> 8229db50 8229dbc4 stw r30,0xf8(r31) (GhidraScript)  
INFO  FindStoresAtDisplacement.java> 8229db50 8229dc28 stw r30,0x228(r31) (GhidraScript)  
INFO  FindStoresAtDisplacement.java> 8229dc78 8229dc80 stw r11,0x238(r3) (GhidraScript)  
INFO  FindStoresAtDisplacement.java> 8229dc88 8229dc90 stw r11,0x238(r3) (GhidraScript)  
INFO  FindStoresAtDisplacement.java> 8229dfd8 8229dfdc stw r12,-0x8(r1) (GhidraScript)  
INFO  FindStoresAtDisplacement.java> 8229e238 8229e23c stw r12,-0x8(r1) (GhidraScript)  
INFO  FindStoresAtDisplacement.java> 8229e238 8229e278 stw r11,0x48(r31) (GhidraScript)  
INFO  FindStoresAtDisplacement.java> 8229e238 8229e2d8 stw r11,0x248(r31) (GhidraScript)  
INFO  FindStoresAtDisplacement.java> 8229e238 8229e2e8 stw r10,0x228(r31) (GhidraScript)  
INFO  FindStoresAtDisplacement.java> 8229e388 8229e38c stw r12,-0x8(r1) (GhidraScript)  
INFO  FindStoresAtDisplacement.java> 8229e388 8229e42c stw r11,0x238(r30) (GhidraScript)  
INFO  FindStoresAtDisplacement.java> 8229e388 8229e478 stw r11,0x238(r30) (GhidraScript)  
INFO  FindStoresAtDisplacement.java> 8229e388 8229e4c4 stw r11,0x238(r30) (GhidraScript)  
INFO  FindStoresAtDisplacement.java> 8229e388 8229e510 stw r11,0x238(r30) (GhidraScript)  
INFO  FindStoresAtDisplacement.java> 8229e388 8229e55c stw r11,0x238(r30) (GhidraScript)  
INFO  FindStoresAtDisplacement.java> 8229e388 8229e5a8 stw r11,0x238(r30) (GhidraScript)  
INFO  FindStoresAtDisplacement.java> 8229e388 8229e5f4 stw r11,0x238(r30) (GhidraScript)  
INFO  FindStoresAtDisplacement.java> 8229e388 8229e640 stw r11,0x238(r30) (GhidraScript)  
INFO  FindStoresAtDisplacement.java> 8229e868 8229e86c stw r12,-0x8(r1) (GhidraScript)  
INFO  FindStoresAtDisplacement.java> 8229e868 8229e8dc stw r11,0x68(r1) (GhidraScript)  
INFO  FindStoresAtDisplacement.java> 8229e9f0 8229e9f4 stw r12,-0x8(r1) (GhidraScript)  
INFO  FindStoresAtDisplacement.java> 8229eac0 8229eac4 stw r12,-0x8(r1) (GhidraScript)  
INFO  FindStoresAtDisplacement.java> 822a1040 822a1044 stw r12,-0x8(r1) (GhidraScript)  
INFO  FindStoresAtDisplacement.java> 822a17a0 822a17a4 stw r12,-0x8(r1) (GhidraScript)  
INFO  FindStoresAtDisplacement.java> 822a1918 822a191c stw r12,-0x8(r1) (GhidraScript)  
INFO  FindStoresAtDisplacement.java> 822a1c08 822a1c0c stw r12,-0x8(r1) (GhidraScript)  
INFO  FindStoresAtDisplacement.java> 822a1c68 822a1c6c stw r12,-0x8(r1) (GhidraScript)  
INFO  FindStoresAtDisplacement.java> 822a1d58 822a1d5c stw r12,-0x8(r1) (GhidraScript)  
INFO  FindStoresAtDisplacement.java> 822a1d58 822a1e2c stw r10,0x68(r3) (GhidraScript)  
INFO  FindStoresAtDisplacement.java> 822a1e80 822a1e84 stw r12,-0x8(r1) (GhidraScript)  
INFO  FindStoresAtDisplacement.java> 822a2278 822a227c stw r12,-0x8(r1) (GhidraScript)  
INFO  FindStoresAtDisplacement.java> 822a2330 822a2334 stw r12,-0x8(r1) (GhidraScript)  
INFO  FindStoresAtDisplacement.java> 822a2330 822a23a8 stw r9,0xd8(r31) (GhidraScript)  
INFO  FindStoresAtDisplacement.java> 822a2b08 822a2b0c stw r12,-0x8(r1) (GhidraScript)  
INFO  FindStoresAtDisplacement.java> 822a2b50 822a2b54 stw r12,-0x8(r1) (GhidraScript)  
INFO  FindStoresAtDisplacement.java> 822a2b50 822a2bcc stb r11,0x78(r1) (GhidraScript)  
INFO  FindStoresAtDisplacement.java> 822a2be8 822a2bec stw r12,-0x8(r1) (GhidraScript)  
INFO  FindStoresAtDisplacement.java> 822a2f10 822a2f14 stw r12,-0x8(r1) (GhidraScript)  
INFO  FindStoresAtDisplacement.java> 822a2f10 822a2f44 stw r9,0xb8(r31) (GhidraScript)  
INFO  FindStoresAtDisplacement.java> 822a2f70 822a2f74 stw r12,-0x8(r1) (GhidraScript)  
INFO  FindStoresAtDisplacement.java> 822a2fc0 822a2fc4 stw r12,-0x8(r1) (GhidraScript)  
INFO  FindStoresAtDisplacement.java> 822a3130 822a3134 stw r12,-0x8(r1) (GhidraScript)  
INFO  FindStoresAtDisplacement.java> 822a31b0 822a31b4 stw r12,-0x8(r1) (GhidraScript)  
INFO  FindStoresAtDisplacement.java> 822a3238 822a323c stw r12,-0x8(r1) (GhidraScript)  
INFO  FindStoresAtDisplacement.java> 822a3760 822a3764 stw r12,-0x8(r1) (GhidraScript)  
INFO  FindStoresAtDisplacement.java> 822a45d0 822a45d4 stw r12,-0x8(r1) (GhidraScript)  
INFO  FindStoresAtDisplacement.java> 822a4648 822a464c stw r12,-0x8(r1) (GhidraScript)  
INFO  FindStoresAtDisplacement.java> 822a47e8 822a47ec stw r12,-0x8(r1) (GhidraScript)  
INFO  FindStoresAtDisplacement.java> 822a47e8 822a4810 stw r10,0x398(r31) (GhidraScript)  
INFO  FindStoresAtDisplacement.java> 822a4840 822a4844 stw r12,-0x8(r1) (GhidraScript)  
INFO  FindStoresAtDisplacement.java> 822a48a8 822a48ac stw r12,-0x8(r1) (GhidraScript)  
INFO  FindStoresAtDisplacement.java> 822a5710 822a5714 stw r12,-0x8(r1) (GhidraScript)  
INFO  FindStoresAtDisplacement.java> 822a5fa8 822a6058 stb r10,0x68(r3) (GhidraScript)  
INFO  FindStoresAtDisplacement.java> 822a6090 822a6094 stw r12,-0x8(r1) (GhidraScript)  
INFO  FindStoresAtDisplacement.java> 822a60d8 822a61ac stb r10,0x68(r11) (GhidraScript)  
INFO  FindStoresAtDisplacement.java> 822a61c0 822a62c4 stb r10,0x68(r11) (GhidraScript)  
INFO  FindStoresAtDisplacement.java> 822a6350 822a6354 stw r12,-0x8(r1) (GhidraScript)  
INFO  FindStoresAtDisplacement.java> 822a6508 822a650c stw r12,-0x8(r1) (GhidraScript)  
INFO  FindStoresAtDisplacement.java> 822a6560 822a6564 stw r12,-0x8(r1) (GhidraScript)  
INFO  FindStoresAtDisplacement.java> 822a6710 822a6714 stw r12,-0x8(r1) (GhidraScript)  
INFO  FindStoresAtDisplacement.java> 822a67b8 822a67bc stw r12,-0x8(r1) (GhidraScript)  
INFO  FindStoresAtDisplacement.java> 822a67b8 822a67fc stw r8,0xb8(r31) (GhidraScript)  
INFO  FindStoresAtDisplacement.java> 822a67b8 822a6800 sth r10,0x218(r31) (GhidraScript)  
INFO  FindStoresAtDisplacement.java> 822a6c88 822a6c8c stw r12,-0x8(r1) (GhidraScript)  
INFO  FindStoresAtDisplacement.java> 822a6de8 822a6dec stw r12,-0x8(r1) (GhidraScript)  
INFO  FindStoresAtDisplacement.java> 822a6e20 822a6e24 stw r12,-0x8(r1) (GhidraScript)  
INFO  FindStoresAtDisplacement.java> 822a72d0 822a72d4 stw r12,-0x8(r1) (GhidraScript)  
INFO  FindStoresAtDisplacement.java> 822a79d8 822a79dc stw r12,-0x8(r1) (GhidraScript)  
INFO  FindStoresAtDisplacement.java> 822a7ab0 822a7ab4 stw r12,-0x8(r1) (GhidraScript)  
INFO  FindStoresAtDisplacement.java> 822a7ab0 822a7b18 stw r11,0x128(r31) (GhidraScript)  
INFO  FindStoresAtDisplacement.java> 822a7ab0 822a7b34 stw r11,0x128(r31) (GhidraScript)  
INFO  FindStoresAtDisplacement.java> 822a7ab0 822a7c6c stw r10,0x128(r31) (GhidraScript)  
INFO  FindStoresAtDisplacement.java> 822a8118 822a811c stw r12,-0x8(r1) (GhidraScript)  
INFO  FindStoresAtDisplacement.java> 822a8570 822a8574 stw r12,-0x8(r1) (GhidraScript)  
INFO  FindStoresAtDisplacement.java> 822a86a0 822a86a4 stw r12,-0x8(r1) (GhidraScript)  
INFO  FindStoresAtDisplacement.java> 822a87c8 822a87cc stw r12,-0x8(r1) (GhidraScript)  
INFO  FindStoresAtDisplacement.java> 822a87c8 822a87f0 stw r10,0xb8(r31) (GhidraScript)  
INFO  FindStoresAtDisplacement.java> 822a8818 822a881c stw r12,-0x8(r1) (GhidraScript)  
INFO  FindStoresAtDisplacement.java> 822a88a8 822a88ac stw r12,-0x8(r1) (GhidraScript)  
INFO  FindStoresAtDisplacement.java> 822a88a8 822a88e4 sth r11,0x218(r30) (GhidraScript)  
INFO  FindStoresAtDisplacement.java> 822a8b08 822a8b0c stw r12,-0x8(r1) (GhidraScript)  
INFO  FindStoresAtDisplacement.java> 822a8c08 822a8c0c stw r12,-0x8(r1) (GhidraScript)  
INFO  FindStoresAtDisplacement.java> 822a8de8 822a8dec stw r12,-0x8(r1) (GhidraScript)  
INFO  FindStoresAtDisplacement.java> 822a8e40 822a8e44 stw r12,-0x8(r1) (GhidraScript)  
INFO  FindStoresAtDisplacement.java> 822a8e40 822a8ed8 stw r10,0x238(r31) (GhidraScript)  
INFO  FindStoresAtDisplacement.java> 822a8e40 822a8ef4 stw r8,0x238(r31) (GhidraScript)  
INFO  FindStoresAtDisplacement.java> 822a8f28 822a8f2c stw r12,-0x8(r1) (GhidraScript)  
INFO  FindStoresAtDisplacement.java> 822a91d8 822a9218 sth r5,-0x18(r1) (GhidraScript)  
INFO  FindStoresAtDisplacement.java> 822a91d8 822a9260 sth r5,-0x8(r1) (GhidraScript)  
INFO  FindStoresAtDisplacement.java> 822a9280 822a9284 stw r12,-0x8(r1) (GhidraScript)  
INFO  FindStoresAtDisplacement.java> 822a9280 822a930c stw r11,0x238(r31) (GhidraScript)  
INFO  FindStoresAtDisplacement.java> 822a9280 822a9344 stw r11,0x238(r31) (GhidraScript)  
INFO  FindStoresAtDisplacement.java> 822a9280 822a9380 stw r11,0x238(r31) (GhidraScript)  
INFO  FindStoresAtDisplacement.java> 822aa558 822aa55c stw r12,-0x8(r1) (GhidraScript)  
INFO  FindStoresAtDisplacement.java> 822aa558 822aa580 stw r10,0xb8(r31) (GhidraScript)  
INFO  FindStoresAtDisplacement.java> 822aa6f8 822aa6fc stw r12,-0x8(r1) (GhidraScript)  
INFO  FindStoresAtDisplacement.java> 822aa7e8 822aa81c stw r10,0x98(r11) (GhidraScript)  
INFO  FindStoresAtDisplacement.java> 822aa7e8 822aa82c stw r10,0x98(r11) (GhidraScript)  
INFO  FindStoresAtDisplacement.java> 822aa7e8 822aa858 stw r10,0x138(r11) (GhidraScript)  
INFO  FindStoresAtDisplacement.java> 822aa7e8 822aa868 stw r10,0x138(r11) (GhidraScript)  
INFO  FindStoresAtDisplacement.java> 822aa7e8 822aa894 stw r10,0x1d8(r11) (GhidraScript)  
INFO  FindStoresAtDisplacement.java> 822aa7e8 822aa8a4 stw r10,0x1d8(r11) (GhidraScript)  
INFO  FindStoresAtDisplacement.java> 822aa7e8 822aa8d0 stw r10,0x278(r11) (GhidraScript)  
INFO  FindStoresAtDisplacement.java> 822aa7e8 822aa8e0 stw r10,0x278(r11) (GhidraScript)  
INFO  FindStoresAtDisplacement.java> 822aad38 822aad3c stw r12,-0x8(r1) (GhidraScript)  
INFO  FindStoresAtDisplacement.java> 822aad80 822aae00 stw r6,0x8(r10) (GhidraScript)  
INFO  FindStoresAtDisplacement.java> 822aaeb8 822aaf44 stw r6,0x8(r10) (GhidraScript)  
INFO  FindStoresAtDisplacement.java> 822ab240 822ab244 stw r12,-0x8(r1) (GhidraScript)  
INFO  FindStoresAtDisplacement.java> 822ab240 822ab2c4 stw r8,0x8(r10) (GhidraScript)  
INFO  FindStoresAtDisplacement.java> 822ac0a8 822ac0ac stw r12,-0x8(r1) (GhidraScript)  
INFO  FindStoresAtDisplacement.java> 822ac0a8 822ac0f8 stw r11,0x28(r31) (GhidraScript)  
INFO  FindStoresAtDisplacement.java> 822ac0a8 822ac124 stw r11,0x78(r31) (GhidraScript)  
INFO  FindStoresAtDisplacement.java> 822ac0a8 822ac138 stw r11,0x38(r31) (GhidraScript)  
INFO  FindStoresAtDisplacement.java> 822ac0a8 822ac148 stw r11,0x48(r31) (GhidraScript)  
INFO  FindStoresAtDisplacement.java> 822ac0a8 822ac150 stw r11,0x58(r31) (GhidraScript)  
INFO  FindStoresAtDisplacement.java> 822ac0a8 822ac160 stw r11,0x68(r31) (GhidraScript)  
INFO  FindStoresAtDisplacement.java> 822ac2e0 822ac2e4 stw r12,-0x8(r1) (GhidraScript)  
INFO  FindStoresAtDisplacement.java> 822ac2e0 822ac344 stw r10,0x58(r31) (GhidraScript)  
INFO  FindStoresAtDisplacement.java> 822ac2e0 822ac348 stw r11,0x78(r31) (GhidraScript)  
INFO  FindStoresAtDisplacement.java> 822ac2e0 822ac460 stw r11,0x78(r31) (GhidraScript)  
INFO  FindStoresAtDisplacement.java> 822ac2e0 822ac510 stw r11,0x78(r31) (GhidraScript)  
INFO  FindStoresAtDisplacement.java> 822ac2e0 822ac588 stw r11,0x78(r31) (GhidraScript)  
INFO  FindStoresAtDisplacement.java> 822ac2e0 822ac5dc stw r11,0x58(r31) (GhidraScript)  
INFO  FindStoresAtDisplacement.java> 822ac600 822ac604 stw r12,-0x8(r1) (GhidraScript)  
INFO  FindStoresAtDisplacement.java> 822ac600 822ac6a4 stw r11,0x58(r31) (GhidraScript)  
INFO  FindStoresAtDisplacement.java> 822ac600 822ac6d0 stw r11,0x58(r31) (GhidraScript)  
INFO  FindStoresAtDisplacement.java> 822ac600 822ac6f0 stw r11,0x58(r31) (GhidraScript)  
INFO  FindStoresAtDisplacement.java> 822ac600 822ac718 stw r11,0x28(r31) (GhidraScript)  
INFO  FindStoresAtDisplacement.java> 822acf88 822acf90 stw r11,0x68(r3) (GhidraScript)  
INFO  FindStoresAtDisplacement.java> 822acfd0 822ad03c stw r7,0x68(r10) (GhidraScript)  
INFO  FindStoresAtDisplacement.java> 822acfd0 822ad0a4 stw r7,0x68(r10) (GhidraScript)  
INFO  FindStoresAtDisplacement.java> 822acfd0 822ad10c stw r7,0x68(r10) (GhidraScript)  
INFO  FindStoresAtDisplacement.java> 822acfd0 822ad174 stw r7,0x68(r10) (GhidraScript)  
INFO  FindStoresAtDisplacement.java> 822ad190 822ad254 stw r10,0x68(r11) (GhidraScript)  
INFO  FindStoresAtDisplacement.java> 822adf58 822ae024 stw r10,0x68(r11) (GhidraScript)  
INFO  FindStoresAtDisplacement.java> 822ae990 822ae994 stw r12,-0x8(r1) (GhidraScript)  
INFO  FindStoresAtDisplacement.java> 822aee48 822aee4c stw r12,-0x8(r1) (GhidraScript)  
INFO  FindStoresAtDisplacement.java> 822aeff0 822aeff4 stw r12,-0x8(r1) (GhidraScript)  
INFO  FindStoresAtDisplacement.java> 822af120 822af124 stw r12,-0x8(r1) (GhidraScript)  
INFO  FindStoresAtDisplacement.java> 822af1f0 822af1f4 stw r12,-0x8(r1) (GhidraScript)  
INFO  FindStoresAtDisplacement.java> 822af260 822af26c stw r11,0x28(r4) (GhidraScript)  
INFO  FindStoresAtDisplacement.java> 822af288 822af28c stw r12,-0x8(r1) (GhidraScript)  
INFO  FindStoresAtDisplacement.java> 822af3e8 822af3ec stw r12,-0x8(r1) (GhidraScript)  
INFO  FindStoresAtDisplacement.java> 822afbf8 822afc14 stw r11,0x18(r3) (GhidraScript)  
INFO  FindStoresAtDisplacement.java> 822afc28 822afc30 stw r11,0x18(r3) (GhidraScript)  
INFO  FindStoresAtDisplacement.java> 822afc38 822afc3c stw r4,0x38(r3) (GhidraScript)  
INFO  FindStoresAtDisplacement.java> 822afc38 822afc4c stw r10,-0x8(r11) (GhidraScript)  
INFO  FindStoresAtDisplacement.java> 822afc38 822afc5c stw r10,0x18(r11) (GhidraScript)  
INFO  FindStoresAtDisplacement.java> 822afc38 822afc70 stw r10,0x18(r3) (GhidraScript)  
INFO  FindStoresAtDisplacement.java> 822afc80 822afc84 stw r12,-0x8(r1) (GhidraScript)  
INFO  FindStoresAtDisplacement.java> 822b06c8 822b06d0 stw r11,0x8(r3) (GhidraScript)  
INFO  FindStoresAtDisplacement.java> 822b06c8 822b06e0 stb r11,0x18(r3) (GhidraScript)  
INFO  FindStoresAtDisplacement.java> 822b06f0 822b06f4 stw r12,-0x8(r1) (GhidraScript)  
INFO  FindStoresAtDisplacement.java> 822b06f0 822b075c stw r30,0x8(r31) (GhidraScript)  
INFO  FindStoresAtDisplacement.java> 822b0788 822b078c stw r12,-0x8(r1) (GhidraScript)  
INFO  FindStoresAtDisplacement.java> 822b0788 822b0880 stw r4,0x8(r11) (GhidraScript)  
INFO  FindStoresAtDisplacement.java> 822b0b78 822b0b7c stw r12,-0x8(r1) (GhidraScript)  
INFO  FindStoresAtDisplacement.java> 822b0bd8 822b0bdc stw r12,-0x8(r1) (GhidraScript)  
INFO  FindStoresAtDisplacement.java> 822b0d40 822b0d44 stw r12,-0x8(r1) (GhidraScript)  
INFO  FindStoresAtDisplacement.java> 822b0da8 822b0dac stw r12,-0x8(r1) (GhidraScript)  
INFO  FindStoresAtDisplacement.java> 822b1030 822b1034 stw r12,-0x8(r1) (GhidraScript)  
INFO  FindStoresAtDisplacement.java> 822b12e8 822b12ec stw r12,-0x8(r1) (GhidraScript)  
INFO  FindStoresAtDisplacement.java> 822b13a0 822b13a4 stw r12,-0x8(r1) (GhidraScript)  
INFO  FindStoresAtDisplacement.java> 822b1420 822b1424 stw r12,-0x8(r1) (GhidraScript)  
INFO  FindStoresAtDisplacement.java> 822b1510 822b1514 stw r12,-0x8(r1) (GhidraScript)  
INFO  FindStoresAtDisplacement.java> 822b1598 822b159c stw r12,-0x8(r1) (GhidraScript)  
INFO  FindStoresAtDisplacement.java> 822b1600 822b1604 stw r12,-0x8(r1) (GhidraScript)  
INFO  FindStoresAtDisplacement.java> 822b1668 822b166c stw r12,-0x8(r1) (GhidraScript)  
INFO  FindStoresAtDisplacement.java> 822b16f0 822b16f4 stw r12,-0x8(r1) (GhidraScript)  
INFO  FindStoresAtDisplacement.java> 822b1848 822b184c stw r12,-0x8(r1) (GhidraScript)  
INFO  FindStoresAtDisplacement.java> 822b18b8 822b18bc stw r12,-0x8(r1) (GhidraScript)  
INFO  FindStoresAtDisplacement.java> 822b1930 822b1934 stw r12,-0x8(r1) (GhidraScript)  
INFO  FindStoresAtDisplacement.java> 822b19a8 822b19ac stw r12,-0x8(r1) (GhidraScript)  
INFO  FindStoresAtDisplacement.java> 822b1a30 822b1a34 stw r12,-0x8(r1) (GhidraScript)  
INFO  FindStoresAtDisplacement.java> 822b1c90 822b1c94 stw r12,-0x8(r1) (GhidraScript)  
INFO  FindStoresAtDisplacement.java> 822b1d20 822b1d24 stw r12,-0x8(r1) (GhidraScript)  
INFO  FindStoresAtDisplacement.java> 822b1fa8 822b1fac stw r12,-0x8(r1) (GhidraScript)  
INFO  FindStoresAtDisplacement.java> 822b2590 822b2594 stw r12,-0x8(r1) (GhidraScript)  
INFO  FindStoresAtDisplacement.java> 822b28b8 822b28bc stw r12,-0x8(r1) (GhidraScript)  
INFO  FindStoresAtDisplacement.java> 822b28b8 822b291c stw r31,0x28(r3) (GhidraScript)  
INFO  FindStoresAtDisplacement.java> 822b29a0 822b29a4 stw r12,-0x8(r1) (GhidraScript)  
INFO  FindStoresAtDisplacement.java> 822b2a60 822b2a64 stw r12,-0x8(r1) (GhidraScript)  
INFO  FindStoresAtDisplacement.java> 822b2c58 822b2c5c stw r12,-0x8(r1) (GhidraScript)  
INFO  FindStoresAtDisplacement.java> 822b2c58 822b2d18 stw r10,0x58(r1) (GhidraScript)  
INFO  FindStoresAtDisplacement.java> 822b3598 822b359c stw r12,-0x8(r1) (GhidraScript)  
INFO  FindStoresAtDisplacement.java> 822b3698 822b369c stw r12,-0x8(r1) (GhidraScript)  
INFO  FindStoresAtDisplacement.java> 822b55f8 822b55fc stw r12,-0x8(r1) (GhidraScript)  
INFO  FindStoresAtDisplacement.java> 822b55f8 822b5658 stw r30,0x58(r1) (GhidraScript)  
INFO  FindStoresAtDisplacement.java> 822b55f8 822b566c stw r11,0x68(r1) (GhidraScript)  
INFO  FindStoresAtDisplacement.java> 822b55f8 822b5680 stw r9,0x78(r1) (GhidraScript)  
INFO  FindStoresAtDisplacement.java> 822b55f8 822b5688 stb r11,0x88(r1) (GhidraScript)  
INFO  FindStoresAtDisplacement.java> 822b56d0 822b56d4 stw r12,-0x8(r1) (GhidraScript)  
INFO  FindStoresAtDisplacement.java> 822b56d0 822b5730 stw r30,0x58(r1) (GhidraScript)  
INFO  FindStoresAtDisplacement.java> 822b56d0 822b5744 stw r11,0x68(r1) (GhidraScript)  
INFO  FindStoresAtDisplacement.java> 822b56d0 822b5758 stw r9,0x78(r1) (GhidraScript)  
INFO  FindStoresAtDisplacement.java> 822b56d0 822b5760 stb r11,0x88(r1) (GhidraScript)  
INFO  FindStoresAtDisplacement.java> 822b5b58 822b5b5c stw r12,-0x8(r1) (GhidraScript)  
INFO  FindStoresAtDisplacement.java> 822b5b58 822b5b78 stw r7,0x78(r1) (GhidraScript)  
INFO  FindStoresAtDisplacement.java> 822b5b58 822b5ba8 stw r11,0x58(r1) (GhidraScript)  
INFO  FindStoresAtDisplacement.java> 822b5b58 822b5bb0 stw r11,0x88(r1) (GhidraScript)  
INFO  FindStoresAtDisplacement.java> 822b5b58 822b5bc4 stw r10,0x98(r1) (GhidraScript)  
INFO  FindStoresAtDisplacement.java> 822b5b58 822b5bcc stb r11,0xa8(r1) (GhidraScript)  
INFO  FindStoresAtDisplacement.java> 822b65e8 822b6660 stw r9,0xb8(r3) (GhidraScript)  
INFO  FindStoresAtDisplacement.java> 822b65e8 822b66c8 stw r31,0xb8(r3) (GhidraScript)  
INFO  FindStoresAtDisplacement.java> 822b6d30 822b6d3c stw r11,0x5dd8(r3) (GhidraScript)  
INFO  FindStoresAtDisplacement.java> 822b6d30 822b6d50 stw r11,0x5de8(r3) (GhidraScript)  
INFO  FindStoresAtDisplacement.java> 822b6d30 822b6d60 stw r11,0x5df8(r3) (GhidraScript)  
INFO  FindStoresAtDisplacement.java> 822b6fe0 822b6fe4 stw r12,-0x8(r1) (GhidraScript)  
INFO  FindStoresAtDisplacement.java> 822b6fe0 822b7040 stw r11,0x5df8(r30) (GhidraScript)  
INFO  FindStoresAtDisplacement.java> 822b6fe0 822b70b4 stw r31,0x5df8(r30) (GhidraScript)  
INFO  FindStoresAtDisplacement.java> 822b75b8 822b75bc stw r12,-0x8(r1) (GhidraScript)  
INFO  FindStoresAtDisplacement.java> 822b76b8 822b76bc stw r4,0x28(r3) (GhidraScript)  
INFO  FindStoresAtDisplacement.java> 822b76b8 822b76e0 stw r11,0x38(r3) (GhidraScript)  
INFO  FindStoresAtDisplacement.java> 822b76b8 822b770c stw r9,0x48(r3) (GhidraScript)  
INFO  FindStoresAtDisplacement.java> 822b76b8 822b7714 stw r8,0x58(r3) (GhidraScript)  
INFO  FindStoresAtDisplacement.java> 822b7788 822b778c stw r12,-0x8(r1) (GhidraScript)  
INFO  FindStoresAtDisplacement.java> 822b7a40 822b7a44 stw r12,-0x8(r1) (GhidraScript)  
INFO  FindStoresAtDisplacement.java> 822b7a40 822b7a8c stw r9,0x28(r31) (GhidraScript)  
INFO  FindStoresAtDisplacement.java> 822b8370 822b8374 stw r12,-0x8(r1) (GhidraScript)  
INFO  FindStoresAtDisplacement.java> 822b9218 822b921c stw r12,-0x8(r1) (GhidraScript)  
INFO  FindStoresAtDisplacement.java> 822b93e0 822b93e4 stw r12,-0x8(r1) (GhidraScript)  
INFO  FindStoresAtDisplacement.java> 822b97d8 822b97dc stw r12,-0x8(r1) (GhidraScript)  
INFO  FindStoresAtDisplacement.java> 822b97d8 822b9818 stw r10,0x38(r31) (GhidraScript)  
INFO  FindStoresAtDisplacement.java> 822b97d8 822b9828 stw r11,0x48(r31) (GhidraScript)  
INFO  FindStoresAtDisplacement.java> 822b9910 822b9914 stw r12,-0x8(r1) (GhidraScript)  
INFO  FindStoresAtDisplacement.java> 822b9bf0 822b9bf4 stw r12,-0x8(r1) (GhidraScript)  
INFO  FindStoresAtDisplacement.java> 822ba0e0 822ba0e4 stw r12,-0x8(r1) (GhidraScript)  
INFO  FindStoresAtDisplacement.java> 822ba7d0 822ba7d4 stw r12,-0x8(r1) (GhidraScript)  
INFO  FindStoresAtDisplacement.java> 822bb5a8 822bb5ac stw r12,-0x8(r1) (GhidraScript)  
INFO  FindStoresAtDisplacement.java> 822bb748 822bb74c stw r12,-0x8(r1) (GhidraScript)  
INFO  FindStoresAtDisplacement.java> 822bcee8 822bcf30 stw r9,0x8(r11) (GhidraScript)  
INFO  FindStoresAtDisplacement.java> 822bcee8 822bcf48 stw r9,0x35c8(r3) (GhidraScript)  
INFO  FindStoresAtDisplacement.java> 822bd558 822bd55c stw r12,-0x8(r1) (GhidraScript)  
INFO  FindStoresAtDisplacement.java> 822bd868 822bd86c stw r12,-0x8(r1) (GhidraScript)  
INFO  FindStoresAtDisplacement.java> 822bd868 822bd8b0 stw r10,0x38(r31) (GhidraScript)  
INFO  FindStoresAtDisplacement.java> 822bd868 822bd8c0 stw r11,0x48(r31) (GhidraScript)  
INFO  FindStoresAtDisplacement.java> 822bd8e0 822bd8e4 stw r12,-0x8(r1) (GhidraScript)  
INFO  FindStoresAtDisplacement.java> 822bd960 822bd964 stw r12,-0x8(r1) (GhidraScript)  
INFO  FindStoresAtDisplacement.java> 822bdb68 822bdb6c stw r12,-0x8(r1) (GhidraScript)  
INFO  FindStoresAtDisplacement.java> 822bde38 822bde3c stw r12,-0x8(r1) (GhidraScript)  
INFO  FindStoresAtDisplacement.java> 822be810 822be814 stw r12,-0x8(r1) (GhidraScript)  
INFO  FindStoresAtDisplacement.java> 822be9f0 822be9f4 stw r12,-0x8(r1) (GhidraScript)  
INFO  FindStoresAtDisplacement.java> 822beb08 822beb0c stw r12,-0x8(r1) (GhidraScript)  
INFO  FindStoresAtDisplacement.java> 822bf338 822bf33c stw r12,-0x8(r1) (GhidraScript)  
INFO  FindStoresAtDisplacement.java> 822bf448 822bf44c stw r12,-0x8(r1) (GhidraScript)  
INFO  FindStoresAtDisplacement.java> 822bfec8 822bfecc stw r12,-0x8(r1) (GhidraScript)  
INFO  FindStoresAtDisplacement.java> 822c0d18 822c0d1c stw r12,-0x8(r1) (GhidraScript)  
INFO  FindStoresAtDisplacement.java> 822c1160 822c1164 stw r12,-0x8(r1) (GhidraScript)  
INFO  FindStoresAtDisplacement.java> 822c1250 822c1254 stw r12,-0x8(r1) (GhidraScript)  
INFO  FindStoresAtDisplacement.java> 822c16b8 822c16bc stw r12,-0x8(r1) (GhidraScript)  
INFO  FindStoresAtDisplacement.java> 822c1a10 822c1a14 stw r12,-0x8(r1) (GhidraScript)  
INFO  FindStoresAtDisplacement.java> 822c1d40 822c1d44 stw r12,-0x8(r1) (GhidraScript)  
INFO  FindStoresAtDisplacement.java> 822c34c8 822c3574 stw r9,0x18(r3) (GhidraScript)  
INFO  FindStoresAtDisplacement.java> 822c47c0 822c47c4 stw r12,-0x8(r1) (GhidraScript)  
INFO  FindStoresAtDisplacement.java> 822c4c60 822c4ca8 stw r7,0x48(r3) (GhidraScript)  
INFO  FindStoresAtDisplacement.java> 822c4c60 822c4cc4 stw r9,0x48(r3) (GhidraScript)  
INFO  FindStoresAtDisplacement.java> 822c4c60 822c4cd8 stw r11,0x48(r3) (GhidraScript)  
INFO  FindStoresAtDisplacement.java> 822c4dc8 822c4df8 stw r11,0x1088(r3) (GhidraScript)  
INFO  FindStoresAtDisplacement.java> 822c4e38 822c4e3c stw r12,-0x8(r1) (GhidraScript)  
INFO  FindStoresAtDisplacement.java> 822c5068 822c506c stw r12,-0x8(r1) (GhidraScript)  
INFO  FindStoresAtDisplacement.java> 822c5138 822c51ac stw r11,0x18(r3) (GhidraScript)  
INFO  FindStoresAtDisplacement.java> 822c5138 822c51e0 stw r10,0x28(r3) (GhidraScript)  
INFO  FindStoresAtDisplacement.java> 822c5138 822c521c stw r5,0x8(r11) (GhidraScript)  
INFO  FindStoresAtDisplacement.java> 822c5138 822c523c stw r31,0x28(r11) (GhidraScript)  
INFO  FindStoresAtDisplacement.java> 822c5138 822c52a4 stw r10,0x48(r3) (GhidraScript)  
INFO  FindStoresAtDisplacement.java> 822c5138 822c52ec stw r31,0x1088(r3) (GhidraScript)  
INFO  FindStoresAtDisplacement.java> 822c5300 822c5304 stw r12,-0x8(r1) (GhidraScript)  
INFO  FindStoresAtDisplacement.java> 822c5408 822c54b4 stw r30,0x8(r10) (GhidraScript)  
INFO  FindStoresAtDisplacement.java> 822c5408 822c54f8 stw r30,0x18(r10) (GhidraScript)  
INFO  FindStoresAtDisplacement.java> 822c5710 822c5714 stw r12,-0x8(r1) (GhidraScript)  
INFO  FindStoresAtDisplacement.java> 822c57b8 822c57bc stw r12,-0x8(r1) (GhidraScript)  
INFO  FindStoresAtDisplacement.java> 822c5898 822c589c stw r12,-0x8(r1) (GhidraScript)  
INFO  FindStoresAtDisplacement.java> 822c5be8 822c5bf0 stw r11,0x18(r3) (GhidraScript)  
INFO  FindStoresAtDisplacement.java> 822c5c18 822c5c2c stw r11,0x18(r3) (GhidraScript)  
INFO  FindStoresAtDisplacement.java> 822c5c18 822c5c38 stw r11,0x18(r3) (GhidraScript)  
INFO  FindStoresAtDisplacement.java> 822c5c40 822c5c54 stw r11,0x18(r3) (GhidraScript)  
INFO  FindStoresAtDisplacement.java> 822c5c40 822c5c60 stw r11,0x18(r3) (GhidraScript)  
INFO  FindStoresAtDisplacement.java> 822c5c68 822c5c7c stw r11,0x18(r3) (GhidraScript)  
INFO  FindStoresAtDisplacement.java> 822c5c68 822c5c88 stw r11,0x18(r3) (GhidraScript)  
INFO  FindStoresAtDisplacement.java> 822c5d60 822c5d74 stw r11,0x8(r3) (GhidraScript)  
INFO  FindStoresAtDisplacement.java> 822c5d60 822c5d84 stw r11,0x18(r3) (GhidraScript)  
INFO  FindStoresAtDisplacement.java> 822c6448 822c644c stw r12,-0x8(r1) (GhidraScript)  
INFO  FindStoresAtDisplacement.java> 822c64f8 822c6514 stw r9,0x118(r3) (GhidraScript)  
INFO  FindStoresAtDisplacement.java> 822c64f8 822c6518 stw r11,0xf8(r3) (GhidraScript)  
INFO  FindStoresAtDisplacement.java> 822c6700 822c6704 stw r12,-0x8(r1) (GhidraScript)  
INFO  FindStoresAtDisplacement.java> 822c6700 822c6760 stw r11,0x58(r1) (GhidraScript)  
INFO  FindStoresAtDisplacement.java> 822c68a0 822c68a4 stw r12,-0x8(r1) (GhidraScript)  
INFO  FindStoresAtDisplacement.java> 822c68a0 822c68d8 stw r9,0x118(r31) (GhidraScript)  
INFO  FindStoresAtDisplacement.java> 822c68a0 822c68dc stw r11,0xf8(r31) (GhidraScript)  
INFO  FindStoresAtDisplacement.java> 822c6918 822c698c stw r11,0xb8(r3) (GhidraScript)  
INFO  FindStoresAtDisplacement.java> 822c6918 822c69e0 stw r11,0xe8(r3) (GhidraScript)  
INFO  FindStoresAtDisplacement.java> 822c6918 822c69f8 stw r6,0xf8(r3) (GhidraScript)  
INFO  FindStoresAtDisplacement.java> 822c6918 822c6a00 stw r11,0x108(r3) (GhidraScript)  
INFO  FindStoresAtDisplacement.java> 822c6918 822c6a10 stw r10,0x118(r3) (GhidraScript)  
INFO  FindStoresAtDisplacement.java> 822c6918 822c6a24 stw r8,0xb8(r3) (GhidraScript)  
INFO  FindStoresAtDisplacement.java> 822c73d8 822c73dc stw r12,-0x8(r1) (GhidraScript)  
INFO  FindStoresAtDisplacement.java> 822c7598 822c759c stw r12,-0x8(r1) (GhidraScript)  
INFO  FindStoresAtDisplacement.java> 822c7598 822c7620 stw r11,0x58(r1) (GhidraScript)  
INFO  FindStoresAtDisplacement.java> 822c7648 822c764c stw r12,-0x8(r1) (GhidraScript)  
INFO  FindStoresAtDisplacement.java> 822c7648 822c76d0 stw r11,0x58(r1) (GhidraScript)  
INFO  FindStoresAtDisplacement.java> 822c7780 822c7784 stw r12,-0x8(r1) (GhidraScript)  
INFO  FindStoresAtDisplacement.java> 822c7e00 822c8100 stw r11,0x198(r3) (GhidraScript)  
INFO  FindStoresAtDisplacement.java> 822c8ea8 822c8eac stw r12,-0x8(r1) (GhidraScript)  
INFO  FindStoresAtDisplacement.java> 822c8fd0 822c8fec stw r11,0x8(r3) (GhidraScript)  
INFO  FindStoresAtDisplacement.java> 822c8fd0 822c8ff4 stw r9,0x28(r3) (GhidraScript)  
INFO  FindStoresAtDisplacement.java> 822c8fd0 822c8ffc stw r11,0x18(r3) (GhidraScript)  
INFO  FindStoresAtDisplacement.java> 822c9008 822c900c stw r12,-0x8(r1) (GhidraScript)  
INFO  FindStoresAtDisplacement.java> 822c92b8 822c92bc stw r12,-0x8(r1) (GhidraScript)  
INFO  FindStoresAtDisplacement.java> 822c9458 822c945c stw r12,-0x8(r1) (GhidraScript)  
INFO  FindStoresAtDisplacement.java> 822c9540 822c9544 stw r12,-0x8(r1) (GhidraScript)  
INFO  FindStoresAtDisplacement.java> 822c9698 822c96cc sth r8,0x8(r11) (GhidraScript)  
INFO  FindStoresAtDisplacement.java> 822c9698 822c9794 sth r8,0x8(r11) (GhidraScript)  
INFO  FindStoresAtDisplacement.java> 822c9698 822c97c8 sth r8,0x8(r11) (GhidraScript)  
INFO  FindStoresAtDisplacement.java> 822c97d8 822c97dc stw r12,-0x8(r1) (GhidraScript)  
INFO  FindStoresAtDisplacement.java> 822c97d8 822c9898 stw r11,0x618(r3) (GhidraScript)  
INFO  FindStoresAtDisplacement.java> 822c9980 822c99ac stw r7,0x8(r11) (GhidraScript)  
INFO  FindStoresAtDisplacement.java> 822c9980 822c99e0 stw r11,0x678(r3) (GhidraScript)  
INFO  FindStoresAtDisplacement.java> 822c9980 822c9a60 stw r11,0x668(r3) (GhidraScript)  
INFO  FindStoresAtDisplacement.java> 822c9a98 822c9af0 stw r10,0x618(r3) (GhidraScript)  
INFO  FindStoresAtDisplacement.java> 822c9a98 822c9af8 sth r10,0x608(r3) (GhidraScript)  
INFO  FindStoresAtDisplacement.java> 822c9a98 822c9b30 stw r10,0x668(r3) (GhidraScript)  
INFO  FindStoresAtDisplacement.java> 822c9a98 822c9b4c stw r10,0x678(r3) (GhidraScript)  
INFO  FindStoresAtDisplacement.java> 822c9b58 822c9b5c stw r12,-0x8(r1) (GhidraScript)  
INFO  FindStoresAtDisplacement.java> 822c9b58 822c9b90 stw r11,0x58(r31) (GhidraScript)  
INFO  FindStoresAtDisplacement.java> 822ca320 822ca324 stw r12,-0x8(r1) (GhidraScript)  
INFO  FindStoresAtDisplacement.java> 822cb0b8 822cb0c8 sth r7,0x18(r3) (GhidraScript)  
INFO  FindStoresAtDisplacement.java> 822cb7f8 822cb7fc stw r12,-0x8(r1) (GhidraScript)  
INFO  FindStoresAtDisplacement.java> 822cc048 822cc04c stw r12,-0x8(r1) (GhidraScript)  
INFO  FindStoresAtDisplacement.java> 822cc0b8 822cc0bc stw r12,-0x8(r1) (GhidraScript)  
INFO  FindStoresAtDisplacement.java> 822cd238 822cd23c stw r12,-0x8(r1) (GhidraScript)  
INFO  FindStoresAtDisplacement.java> 822cedb8 822cedbc stw r12,-0x8(r1) (GhidraScript)  
INFO  FindStoresAtDisplacement.java> 822ceed0 822cef34 stb r11,0x58(r1) (GhidraScript)  
INFO  FindStoresAtDisplacement.java> 822ceed0 822cf3e8 stw r11,0x68(r31) (GhidraScript)  
INFO  FindStoresAtDisplacement.java> 822cf570 822cf574 stw r12,-0x8(r1) (GhidraScript)  
INFO  FindStoresAtDisplacement.java> 822cf618 822cf61c stw r12,-0x8(r1) (GhidraScript)  
INFO  FindStoresAtDisplacement.java> 822cf920 822cf924 stw r12,-0x8(r1) (GhidraScript)  
INFO  FindStoresAtDisplacement.java> 822cf920 822cf978 stw r11,0x58(r7) (GhidraScript)  
INFO  FindStoresAtDisplacement.java> 822cfa70 822cfa74 stw r12,-0x8(r1) (GhidraScript)  
INFO  FindStoresAtDisplacement.java> 822cfac8 822cfacc stw r12,-0x8(r1) (GhidraScript)  
INFO  FindStoresAtDisplacement.java> 822cfb18 822cfb3c stw r3,0x8(r31) (GhidraScript)  
INFO  FindStoresAtDisplacement.java> 822cfb18 822cfb5c stw r11,0x38(r31) (GhidraScript)  
INFO  FindStoresAtDisplacement.java> 822cfc20 822cfc24 stw r12,-0x8(r1) (GhidraScript)  
INFO  FindStoresAtDisplacement.java> 822cfd48 822cfd4c stw r12,-0x8(r1) (GhidraScript)  
INFO  FindStoresAtDisplacement.java> 822cfd48 822cfd9c stw r11,0x68(r30) (GhidraScript)  
INFO  FindStoresAtDisplacement.java> 822cfe60 822cfe64 stw r12,-0x8(r1) (GhidraScript)  
INFO  FindStoresAtDisplacement.java> 822cfec0 822cfec4 stw r12,-0x8(r1) (GhidraScript)  
INFO  FindStoresAtDisplacement.java> 822d0fc8 822d0fcc stw r12,-0x8(r1) (GhidraScript)  
INFO  FindStoresAtDisplacement.java> 822d2378 822d237c stw r12,-0x8(r1) (GhidraScript)  
INFO  FindStoresAtDisplacement.java> 822d2428 822d242c stw r12,-0x8(r1) (GhidraScript)  
INFO  FindStoresAtDisplacement.java> 822d2428 822d24ec stw r5,0x8(r11) (GhidraScript)  
INFO  FindStoresAtDisplacement.java> 822d29b8 822d29bc stw r12,-0x8(r1) (GhidraScript)  
INFO  FindStoresAtDisplacement.java> 822d29b8 822d2a40 stw r10,0x8(r11) (GhidraScript)  
INFO  FindStoresAtDisplacement.java> 822d29b8 822d2aa0 stw r10,0x8(r11) (GhidraScript)  
INFO  FindStoresAtDisplacement.java> 822d29b8 822d2abc stw r10,0x8(r11) (GhidraScript)  
INFO  FindStoresAtDisplacement.java> 822d2bc0 822d2bc4 stw r12,-0x8(r1) (GhidraScript)  
INFO  FindStoresAtDisplacement.java> 822d2c20 822d2c24 stw r12,-0x8(r1) (GhidraScript)  
INFO  FindStoresAtDisplacement.java> 822d2e30 822d2e34 stw r12,-0x8(r1) (GhidraScript)  
INFO  FindStoresAtDisplacement.java> 822d2e90 822d2e94 stw r12,-0x8(r1) (GhidraScript)  
INFO  FindStoresAtDisplacement.java> 822d3150 822d3154 stw r12,-0x8(r1) (GhidraScript)  
INFO  FindStoresAtDisplacement.java> 822d3360 822d3364 stw r12,-0x8(r1) (GhidraScript)  
INFO  FindStoresAtDisplacement.java> 822d3d68 822d3d6c stw r12,-0x8(r1) (GhidraScript)  
INFO  FindStoresAtDisplacement.java> 822d3e38 822d3e3c stw r12,-0x8(r1) (GhidraScript)  
INFO  FindStoresAtDisplacement.java> 822d41c8 822d41cc stw r12,-0x8(r1) (GhidraScript)  
INFO  FindStoresAtDisplacement.java> 822d5920 822d592c stw r11,0x868(r3) (GhidraScript)  
INFO  FindStoresAtDisplacement.java> 822d5920 822d5958 stw r10,0x868(r3) (GhidraScript)  
INFO  FindStoresAtDisplacement.java> 822d5ba0 822d5ba4 stw r12,-0x8(r1) (GhidraScript)  
INFO  FindStoresAtDisplacement.java> 822d5f68 822d5f6c stw r12,-0x8(r1) (GhidraScript)  
INFO  FindStoresAtDisplacement.java> 822d5f68 822d5fc0 stw r11,0x28(r31) (GhidraScript)  
INFO  FindStoresAtDisplacement.java> 822d6058 822d605c stw r12,-0x8(r1) (GhidraScript)  
INFO  FindStoresAtDisplacement.java> 822d60d8 822d60dc stw r12,-0x8(r1) (GhidraScript)  
INFO  FindStoresAtDisplacement.java> 822d60d8 822d6130 stw r11,0x28(r31) (GhidraScript)  
INFO  FindStoresAtDisplacement.java> 822d6248 822d624c stw r12,-0x8(r1) (GhidraScript)  
INFO  FindStoresAtDisplacement.java> 822d6e70 822d6e74 stw r12,-0x8(r1) (GhidraScript)  
INFO  FindStoresAtDisplacement.java> 822d6e70 822d6e9c stw r11,0x28(r31) (GhidraScript)  
INFO  FindStoresAtDisplacement.java> 822d7468 822d746c stw r12,-0x8(r1) (GhidraScript)  
INFO  FindStoresAtDisplacement.java> 822d74d8 822d74dc stw r12,-0x8(r1) (GhidraScript)  
INFO  FindStoresAtDisplacement.java> 822d7548 822d754c stw r12,-0x8(r1) (GhidraScript)  
INFO  FindStoresAtDisplacement.java> 822d75b8 822d75bc stw r12,-0x8(r1) (GhidraScript)  
INFO  FindStoresAtDisplacement.java> 822d7628 822d762c stw r12,-0x8(r1) (GhidraScript)  
INFO  FindStoresAtDisplacement.java> 822d7698 822d769c stw r12,-0x8(r1) (GhidraScript)  
INFO  FindStoresAtDisplacement.java> 822d7708 822d770c stw r12,-0x8(r1) (GhidraScript)  
INFO  FindStoresAtDisplacement.java> 822db0d8 822db0dc stw r12,-0x8(r1) (GhidraScript)  
INFO  FindStoresAtDisplacement.java> 822db220 822db224 stw r12,-0x8(r1) (GhidraScript)  
INFO  FindStoresAtDisplacement.java> 822db2a0 822db2a4 stw r12,-0x8(r1) (GhidraScript)  
INFO  FindStoresAtDisplacement.java> 822db308 822db30c stw r12,-0x8(r1) (GhidraScript)  
INFO  FindStoresAtDisplacement.java> 822db8f0 822db8f4 stw r12,-0x8(r1) (GhidraScript)  
INFO  FindStoresAtDisplacement.java> 822dba98 822dba9c stw r12,-0x8(r1) (GhidraScript)  
INFO  FindStoresAtDisplacement.java> 822dbd08 822dbd0c stw r12,-0x8(r1) (GhidraScript)  
INFO  FindStoresAtDisplacement.java> 822dbd68 822dbd6c stw r12,-0x8(r1) (GhidraScript)  
INFO  FindStoresAtDisplacement.java> 822dbde0 822dbde4 stw r12,-0x8(r1) (GhidraScript)  
INFO  FindStoresAtDisplacement.java> 822dbe68 822dbe6c stw r12,-0x8(r1) (GhidraScript)  
INFO  FindStoresAtDisplacement.java> 822dbeb8 822dbebc stw r12,-0x8(r1) (GhidraScript)  
INFO  FindStoresAtDisplacement.java> 822dc0e8 822dc0ec stw r12,-0x8(r1) (GhidraScript)  
INFO  FindStoresAtDisplacement.java> 822dc3a0 822dc3a4 stw r12,-0x8(r1) (GhidraScript)  
INFO  FindStoresAtDisplacement.java> 822dd8c8 822dd8cc stw r12,-0x8(r1) (GhidraScript)  
INFO  FindStoresAtDisplacement.java> 822ddc20 822ddc24 stw r12,-0x8(r1) (GhidraScript)  
INFO  FindStoresAtDisplacement.java> 822df7b0 822df7b4 stw r12,-0x8(r1) (GhidraScript)  
INFO  FindStoresAtDisplacement.java> 822df810 822df814 stw r12,-0x8(r1) (GhidraScript)  
INFO  FindStoresAtDisplacement.java> 822dfab0 822dfab4 stw r12,-0x8(r1) (GhidraScript)  
INFO  FindStoresAtDisplacement.java> 822dfb08 822dfb0c stw r12,-0x8(r1) (GhidraScript)  
INFO  FindStoresAtDisplacement.java> 822dfce0 822dfce4 stw r12,-0x8(r1) (GhidraScript)  
INFO  FindStoresAtDisplacement.java> 822dfd80 822dfd84 stw r12,-0x8(r1) (GhidraScript)  
INFO  FindStoresAtDisplacement.java> 822e0268 822e026c stw r12,-0x8(r1) (GhidraScript)  
INFO  FindStoresAtDisplacement.java> 822e02f0 822e02f4 stw r12,-0x8(r1) (GhidraScript)  
INFO  FindStoresAtDisplacement.java> 822e05e0 822e05e4 stw r12,-0x8(r1) (GhidraScript)  
INFO  FindStoresAtDisplacement.java> 822e0818 822e081c stw r12,-0x8(r1) (GhidraScript)  
INFO  FindStoresAtDisplacement.java> 822e09e0 822e09e4 stw r12,-0x8(r1) (GhidraScript)  
INFO  FindStoresAtDisplacement.java> 822e0b88 822e0b8c stw r12,-0x8(r1) (GhidraScript)  
INFO  FindStoresAtDisplacement.java> 822e1050 822e1054 stw r12,-0x8(r1) (GhidraScript)  
INFO  FindStoresAtDisplacement.java> 822e1180 822e1184 stw r12,-0x8(r1) (GhidraScript)  
INFO  FindStoresAtDisplacement.java> 822e1180 822e1218 stw r6,0x8(r10) (GhidraScript)  
INFO  FindStoresAtDisplacement.java> 822e27b0 822e27b4 stw r12,-0x8(r1) (GhidraScript)  
INFO  FindStoresAtDisplacement.java> 822e2818 822e281c stw r12,-0x8(r1) (GhidraScript)  
INFO  FindStoresAtDisplacement.java> 822e2928 822e292c stw r12,-0x8(r1) (GhidraScript)  
INFO  FindStoresAtDisplacement.java> 822e2ea8 822e2eac stw r12,-0x8(r1) (GhidraScript)  
INFO  FindStoresAtDisplacement.java> 822e2ee8 822e2eec stw r12,-0x8(r1) (GhidraScript)  
INFO  FindStoresAtDisplacement.java> 822e3408 822e340c stw r12,-0x8(r1) (GhidraScript)  
INFO  FindStoresAtDisplacement.java> 822e3488 822e348c stw r12,-0x8(r1) (GhidraScript)  
INFO  FindStoresAtDisplacement.java> 822e3488 822e34c0 stw r10,-0x20b8(r8) (GhidraScript)  
INFO  FindStoresAtDisplacement.java> 822e3508 822e350c stw r12,-0x8(r1) (GhidraScript)  
INFO  FindStoresAtDisplacement.java> 822e3560 822e3564 stw r12,-0x8(r1) (GhidraScript)  
INFO  FindStoresAtDisplacement.java> 822e35f8 822e35fc stw r12,-0x8(r1) (GhidraScript)  
INFO  FindStoresAtDisplacement.java> 822e3640 822e3644 stw r12,-0x8(r1) (GhidraScript)  
INFO  FindStoresAtDisplacement.java> 822e3640 822e369c stw r9,0x338(r10) (GhidraScript)  
INFO  FindStoresAtDisplacement.java> 822e4300 822e4304 stw r12,-0x8(r1) (GhidraScript)  
INFO  FindStoresAtDisplacement.java> 822e4770 822e4774 stw r12,-0x8(r1) (GhidraScript)  
INFO  FindStoresAtDisplacement.java> 822e4a48 822e5240 stw r22,0x58(r1) (GhidraScript)  
INFO  FindStoresAtDisplacement.java> 822e4a48 822e5260 stw r8,0x8(r21) (GhidraScript)  
INFO  FindStoresAtDisplacement.java> 822e5280 822e5284 stw r12,-0x8(r1) (GhidraScript)  
INFO  FindStoresAtDisplacement.java> 822e5280 822e52d0 stw r11,0x58(r1) (GhidraScript)  
INFO  FindStoresAtDisplacement.java> 822e5280 822e52e8 stw r11,0x58(r1) (GhidraScript)  
INFO  FindStoresAtDisplacement.java> 822e5280 822e537c stw r11,0x58(r1) (GhidraScript)  
INFO  FindStoresAtDisplacement.java> 822e5280 822e53a0 stw r8,0x8(r31) (GhidraScript)  
INFO  FindStoresAtDisplacement.java> 822e5480 822e5484 stw r12,-0x8(r1) (GhidraScript)  
INFO  FindStoresAtDisplacement.java> 822e6010 822e6014 stw r12,-0x8(r1) (GhidraScript)  
INFO  FindStoresAtDisplacement.java> 822e6010 822e6068 stw r7,0x8(r11) (GhidraScript)  
INFO  FindStoresAtDisplacement.java> 822e7af8 822e7afc stw r12,-0x8(r1) (GhidraScript)  
INFO  FindStoresAtDisplacement.java> 822e7af8 822e7b78 stw r11,0x68(r1) (GhidraScript)  
INFO  FindStoresAtDisplacement.java> 822e7af8 822e7b80 stw r11,0x58(r1) (GhidraScript)  
INFO  FindStoresAtDisplacement.java> 822e7af8 822e7bbc stw r6,0x8(r8) (GhidraScript)  
INFO  FindStoresAtDisplacement.java> 822e7af8 822e7bcc stw r30,0x8(r31) (GhidraScript)  
INFO  FindStoresAtDisplacement.java> 822e7af8 822e7bf8 stw r7,0x8(r11) (GhidraScript)  
INFO  FindStoresAtDisplacement.java> 822e7af8 822e7c3c stw r11,0x68(r1) (GhidraScript)  
INFO  FindStoresAtDisplacement.java> 822e7af8 822e7c68 stw r7,0x8(r11) (GhidraScript)  
INFO  FindStoresAtDisplacement.java> 822e7af8 822e7cbc stw r11,0x68(r1) (GhidraScript)  
INFO  FindStoresAtDisplacement.java> 822e7af8 822e7e14 stw r11,0x68(r1) (GhidraScript)  
INFO  FindStoresAtDisplacement.java> 822e7af8 822e7e38 stw r8,0x8(r31) (GhidraScript)  
INFO  FindStoresAtDisplacement.java> 822e89f8 822e89fc stw r12,-0x8(r1) (GhidraScript)  
INFO  FindStoresAtDisplacement.java> 822e89f8 822e8a44 stw r7,0x58(r1) (GhidraScript)  
INFO  FindStoresAtDisplacement.java> 822e89f8 822e8a68 stw r31,0x8(r10) (GhidraScript)  
INFO  FindStoresAtDisplacement.java> 822eb538 822eb53c stw r12,-0x8(r1) (GhidraScript)  
INFO  FindStoresAtDisplacement.java> 822eb538 822eb56c stw r9,0x58(r1) (GhidraScript)  
INFO  FindStoresAtDisplacement.java> 822eb538 822eb58c stw r7,0x8(r10) (GhidraScript)  
INFO  FindStoresAtDisplacement.java> 822ed698 822ed69c stw r12,-0x8(r1) (GhidraScript)  
INFO  FindStoresAtDisplacement.java> 822ed698 822ed6cc stw r9,0x58(r1) (GhidraScript)  
INFO  FindStoresAtDisplacement.java> 822ed698 822ed6ec stw r7,0x8(r10) (GhidraScript)  
INFO  FindStoresAtDisplacement.java> 822ee5c0 822ee5c4 stw r12,-0x8(r1) (GhidraScript)  
INFO  FindStoresAtDisplacement.java> 822ee5c0 822ee5ec stw r30,0x58(r1) (GhidraScript)  
INFO  FindStoresAtDisplacement.java> 822ee5c0 822ee674 stw r7,0x8(r10) (GhidraScript)  
INFO  FindStoresAtDisplacement.java> 822ee5c0 822ee6a0 stw r30,0x58(r1) (GhidraScript)  
INFO  FindStoresAtDisplacement.java> 822ee5c0 822ee6c8 stw r8,0x8(r31) (GhidraScript)  
INFO  FindStoresAtDisplacement.java> 822ee6e8 822ee6ec stw r12,-0x8(r1) (GhidraScript)  
INFO  FindStoresAtDisplacement.java> 822ee6e8 822ee750 stw r9,0x58(r1) (GhidraScript)  
INFO  FindStoresAtDisplacement.java> 822ee6e8 822ee780 stw r7,0x8(r10) (GhidraScript)  
INFO  FindStoresAtDisplacement.java> 822ef148 822ef160 stw r11,0x8(r3) (GhidraScript)  
INFO  FindStoresAtDisplacement.java> 822ef148 822ef170 stw r9,0x18(r3) (GhidraScript)  
INFO  FindStoresAtDisplacement.java> 822ef2b0 822ef2b4 stw r12,-0x8(r1) (GhidraScript)  
INFO  FindStoresAtDisplacement.java> 822ef2e8 822ef2ec stw r12,-0x8(r1) (GhidraScript)  
INFO  FindStoresAtDisplacement.java> 822ef320 822ef324 stw r12,-0x8(r1) (GhidraScript)  
INFO  FindStoresAtDisplacement.java> 822ef350 822ef354 stw r12,-0x8(r1) (GhidraScript)  
INFO  FindStoresAtDisplacement.java> 822ef378 822ef37c stw r12,-0x8(r1) (GhidraScript)  
INFO  FindStoresAtDisplacement.java> 822ef3c0 822ef3c4 stw r12,-0x8(r1) (GhidraScript)  
INFO  FindStoresAtDisplacement.java> 822ef448 822ef44c stw r12,-0x8(r1) (GhidraScript)  
INFO  FindStoresAtDisplacement.java> 822ef5b8 822ef5bc stw r12,-0x8(r1) (GhidraScript)  
INFO  FindStoresAtDisplacement.java> 822ef600 822ef604 stw r12,-0x8(r1) (GhidraScript)  
INFO  FindStoresAtDisplacement.java> 822ef9f0 822ef9f4 stw r12,-0x8(r1) (GhidraScript)  
INFO  FindStoresAtDisplacement.java> 822ef9f0 822efa28 stw r10,0x8(r31) (GhidraScript)  
INFO  FindStoresAtDisplacement.java> 822ef9f0 822efa4c stw r11,0x28(r31) (GhidraScript)  
INFO  FindStoresAtDisplacement.java> 822ef9f0 822efa5c stw r10,0x38(r31) (GhidraScript)  
INFO  FindStoresAtDisplacement.java> 822efa80 822efa84 stw r12,-0x8(r1) (GhidraScript)  
INFO  FindStoresAtDisplacement.java> 822efac0 822efac4 stw r12,-0x8(r1) (GhidraScript)  
INFO  FindStoresAtDisplacement.java> 822efb00 822efb04 stw r12,-0x8(r1) (GhidraScript)  
INFO  FindStoresAtDisplacement.java> 822efb50 822efb54 stw r12,-0x8(r1) (GhidraScript)  
INFO  FindStoresAtDisplacement.java> 822efc80 822efc84 stw r12,-0x8(r1) (GhidraScript)  
INFO  FindStoresAtDisplacement.java> 822efcc0 822efcc4 stw r12,-0x8(r1) (GhidraScript)  
INFO  FindStoresAtDisplacement.java> 822efe68 822efe6c stw r12,-0x8(r1) (GhidraScript)  
INFO  FindStoresAtDisplacement.java> 822efeb0 822efeb4 stw r12,-0x8(r1) (GhidraScript)  
INFO  FindStoresAtDisplacement.java> 822eff28 822eff2c stw r12,-0x8(r1) (GhidraScript)  
INFO  FindStoresAtDisplacement.java> 822f02c0 822f02c4 stw r12,-0x8(r1) (GhidraScript)  
INFO  FindStoresAtDisplacement.java> 822f0338 822f033c stw r12,-0x8(r1) (GhidraScript)  
INFO  FindStoresAtDisplacement.java> 822f0390 822f0394 stw r12,-0x8(r1) (GhidraScript)  
INFO  FindStoresAtDisplacement.java> 822f0410 822f0414 stw r12,-0x8(r1) (GhidraScript)  
INFO  FindStoresAtDisplacement.java> 822f0490 822f0494 stw r12,-0x8(r1) (GhidraScript)  
INFO  FindStoresAtDisplacement.java> 822f0878 822f087c stw r12,-0x8(r1) (GhidraScript)  
INFO  FindStoresAtDisplacement.java> 822f08c8 822f08cc stw r12,-0x8(r1) (GhidraScript)  
INFO  FindStoresAtDisplacement.java> 822f08c8 822f0964 stw r3,0x48(r31) (GhidraScript)  
INFO  FindStoresAtDisplacement.java> 822f08c8 822f09b4 stw r3,0x58(r31) (GhidraScript)  
INFO  FindStoresAtDisplacement.java> 822f0bc0 822f0bc4 stw r12,-0x8(r1) (GhidraScript)  
INFO  FindStoresAtDisplacement.java> 822f0f98 822f0fb0 stw r9,0x1718(r11) (GhidraScript)  
INFO  FindStoresAtDisplacement.java> 822f1008 822f100c stw r12,-0x8(r1) (GhidraScript)  
INFO  FindStoresAtDisplacement.java> 822f1358 822f135c stw r12,-0x8(r1) (GhidraScript)  
INFO  FindStoresAtDisplacement.java> 822f1900 822f1904 stw r12,-0x8(r1) (GhidraScript)  
INFO  FindStoresAtDisplacement.java> 822f1e78 822f1e7c stw r12,-0x8(r1) (GhidraScript)  
INFO  FindStoresAtDisplacement.java> 822f2a90 822f2a94 stw r12,-0x8(r1) (GhidraScript)  
INFO  FindStoresAtDisplacement.java> 822f2b30 822f2b34 stw r12,-0x8(r1) (GhidraScript)  
INFO  FindStoresAtDisplacement.java> 822f2b30 822f2b60 stw r3,0x8(r31) (GhidraScript)  
INFO  FindStoresAtDisplacement.java> 822f2bc8 822f2bcc stw r12,-0x8(r1) (GhidraScript)  
INFO  FindStoresAtDisplacement.java> 822f2bc8 822f2bf8 stw r3,0x8(r31) (GhidraScript)  
INFO  FindStoresAtDisplacement.java> 822f2c58 822f2c5c stw r12,-0x8(r1) (GhidraScript)  
INFO  FindStoresAtDisplacement.java> 822f2c58 822f2c88 stw r3,0x8(r31) (GhidraScript)  
INFO  FindStoresAtDisplacement.java> 822f2d08 822f2d0c stw r12,-0x8(r1) (GhidraScript)  
INFO  FindStoresAtDisplacement.java> 822f2d08 822f2d38 stw r3,0x8(r31) (GhidraScript)  
INFO  FindStoresAtDisplacement.java> 822f2e60 822f2e64 stw r12,-0x8(r1) (GhidraScript)  
INFO  FindStoresAtDisplacement.java> 822f2ea8 822f2eac stw r12,-0x8(r1) (GhidraScript)  
INFO  FindStoresAtDisplacement.java> 822f2f40 822f2f44 stw r12,-0x8(r1) (GhidraScript)  
INFO  FindStoresAtDisplacement.java> 822f3040 822f3044 stw r12,-0x8(r1) (GhidraScript)  
INFO  FindStoresAtDisplacement.java> 822f31e8 822f31ec stw r12,-0x8(r1) (GhidraScript)  
INFO  FindStoresAtDisplacement.java> 822f3268 822f326c stw r12,-0x8(r1) (GhidraScript)  
INFO  FindStoresAtDisplacement.java> 822f34a0 822f34a4 stw r12,-0x8(r1) (GhidraScript)  
INFO  FindStoresAtDisplacement.java> 822f34a0 822f34d0 stw r3,0x8(r31) (GhidraScript)  
INFO  FindStoresAtDisplacement.java> 822f3550 822f3554 stw r12,-0x8(r1) (GhidraScript)  
INFO  FindStoresAtDisplacement.java> 822f3550 822f3580 stw r3,0x8(r31) (GhidraScript)  
INFO  FindStoresAtDisplacement.java> 822f3610 822f3614 stw r12,-0x8(r1) (GhidraScript)  
INFO  FindStoresAtDisplacement.java> 822f3610 822f3640 stw r3,0x8(r31) (GhidraScript)  
INFO  FindStoresAtDisplacement.java> 822f36a8 822f36ac stw r12,-0x8(r1) (GhidraScript)  
INFO  FindStoresAtDisplacement.java> 822f36a8 822f36d8 stw r3,0x8(r31) (GhidraScript)  
INFO  FindStoresAtDisplacement.java> 822f36a8 822f3818 stw r11,0x28(r31) (GhidraScript)  
INFO  FindStoresAtDisplacement.java> 822f36a8 822f3820 stw r10,0x28(r31) (GhidraScript)  
INFO  FindStoresAtDisplacement.java> 822f36a8 822f3844 stw r10,0x28(r31) (GhidraScript)  
INFO  FindStoresAtDisplacement.java> 822f36a8 822f3854 stw r11,0x28(r31) (GhidraScript)  
INFO  FindStoresAtDisplacement.java> 822f36a8 822f3860 stw r11,0x28(r31) (GhidraScript)  
INFO  FindStoresAtDisplacement.java> 822f36a8 822f3894 stw r11,0x28(r31) (GhidraScript)  
INFO  FindStoresAtDisplacement.java> 822f38c0 822f38c4 stw r12,-0x8(r1) (GhidraScript)  
INFO  FindStoresAtDisplacement.java> 822f3970 822f3974 stw r12,-0x8(r1) (GhidraScript)  
INFO  FindStoresAtDisplacement.java> 822f3970 822f3998 stb r10,0x138(r31) (GhidraScript)  
INFO  FindStoresAtDisplacement.java> 822f4b58 822f4b5c stw r12,-0x8(r1) (GhidraScript)  
INFO  FindStoresAtDisplacement.java> 822f4b58 822f4ba4 stw r11,0x58(r1) (GhidraScript)  
INFO  FindStoresAtDisplacement.java> 822f5ba8 822f5bac stw r12,-0x8(r1) (GhidraScript)  
INFO  FindStoresAtDisplacement.java> 822f5c58 822f5c5c stw r12,-0x8(r1) (GhidraScript)  
INFO  FindStoresAtDisplacement.java> 822f6098 822f609c stw r12,-0x8(r1) (GhidraScript)  
INFO  FindStoresAtDisplacement.java> 822f6098 822f6120 stw r11,0x58(r1) (GhidraScript)  
INFO  FindStoresAtDisplacement.java> 822f6148 822f614c stw r12,-0x8(r1) (GhidraScript)  
INFO  FindStoresAtDisplacement.java> 822f6148 822f61a4 stw r11,0x58(r1) (GhidraScript)  
INFO  FindStoresAtDisplacement.java> 822f6208 822f620c stw r12,-0x8(r1) (GhidraScript)  
INFO  FindStoresAtDisplacement.java> 822f6640 822f6644 stw r12,-0x8(r1) (GhidraScript)  
INFO  FindStoresAtDisplacement.java> 822f6640 822f6688 stw r11,0x58(r1) (GhidraScript)  
INFO  FindStoresAtDisplacement.java> 822f6960 822f6964 stw r12,-0x8(r1) (GhidraScript)  
INFO  FindStoresAtDisplacement.java> 822f6960 822f6afc stw r11,0x5c8(r31) (GhidraScript)  
INFO  FindStoresAtDisplacement.java> 822f7888 822f788c stw r12,-0x8(r1) (GhidraScript)  
INFO  FindStoresAtDisplacement.java> 822f8e08 822f8e0c stw r12,-0x8(r1) (GhidraScript)  
INFO  FindStoresAtDisplacement.java> 822f8e08 822f8e5c stw r11,0x58(r1) (GhidraScript)  
INFO  FindStoresAtDisplacement.java> 822f8eb0 822f8eb4 stw r12,-0x8(r1) (GhidraScript)  
INFO  FindStoresAtDisplacement.java> 822f9040 822f9044 stw r12,-0x8(r1) (GhidraScript)  
INFO  FindStoresAtDisplacement.java> 822f9040 822f90b8 stw r10,0x58(r1) (GhidraScript)  
INFO  FindStoresAtDisplacement.java> 822f9040 822f90d0 stw r10,0x8(r11) (GhidraScript)  
INFO  FindStoresAtDisplacement.java> 822f9040 822f90e8 stw r10,0x8(r11) (GhidraScript)  
INFO  FindStoresAtDisplacement.java> 822f9250 822f9254 stw r12,-0x8(r1) (GhidraScript)  
INFO  FindStoresAtDisplacement.java> 822f9250 822f92d8 stw r11,0x58(r1) (GhidraScript)  
INFO  FindStoresAtDisplacement.java> 822f9de0 822f9de4 stw r12,-0x8(r1) (GhidraScript)  
INFO  FindStoresAtDisplacement.java> 822f9de0 822f9e68 stw r11,0x58(r1) (GhidraScript)  
INFO  FindStoresAtDisplacement.java> 822f9e90 822f9e94 stw r12,-0x8(r1) (GhidraScript)  
INFO  FindStoresAtDisplacement.java> 822f9e90 822f9f18 stw r11,0x58(r1) (GhidraScript)  
INFO  FindStoresAtDisplacement.java> 822fa098 822fa09c stw r12,-0x8(r1) (GhidraScript)  
INFO  FindStoresAtDisplacement.java> 822fb318 822fb31c stw r12,-0x8(r1) (GhidraScript)  
INFO  FindStoresAtDisplacement.java> 822fb4c8 822fb4cc stw r12,-0x8(r1) (GhidraScript)  
INFO  FindStoresAtDisplacement.java> 822fbd30 822fbd34 stw r12,-0x8(r1) (GhidraScript)  
INFO  FindStoresAtDisplacement.java> 822fbd30 822fbe48 stw r30,0x8(r11) (GhidraScript)  
INFO  FindStoresAtDisplacement.java> 822fcc98 822fcc9c stw r12,-0x8(r1) (GhidraScript)  
INFO  FindStoresAtDisplacement.java> 822fccf8 822fccfc stw r12,-0x8(r1) (GhidraScript)  
INFO  FindStoresAtDisplacement.java> 822fccf8 822fcd24 stb r30,0xc8(r31) (GhidraScript)  
INFO  FindStoresAtDisplacement.java> 822fccf8 822fcd2c stb r30,0x108(r31) (GhidraScript)  
INFO  FindStoresAtDisplacement.java> 822fcd78 822fcd7c stw r12,-0x8(r1) (GhidraScript)  
INFO  FindStoresAtDisplacement.java> 822fcd78 822fcdfc stw r9,0x78(r31) (GhidraScript)  
INFO  FindStoresAtDisplacement.java> 822fce20 822fce24 stw r12,-0x8(r1) (GhidraScript)  
INFO  FindStoresAtDisplacement.java> 822fd048 822fd05c sth r9,0x218(r3) (GhidraScript)  
INFO  FindStoresAtDisplacement.java> 822fd0d8 822fd0dc stw r12,-0x8(r1) (GhidraScript)  
INFO  FindStoresAtDisplacement.java> 822fd1f0 822fd1f4 stw r12,-0x8(r1) (GhidraScript)  
INFO  FindStoresAtDisplacement.java> 822fd278 822fd27c stw r12,-0x8(r1) (GhidraScript)  
INFO  FindStoresAtDisplacement.java> 822fd2c8 822fd2cc stw r12,-0x8(r1) (GhidraScript)  
INFO  FindStoresAtDisplacement.java> 822fd2c8 822fd308 stw r8,0xb8(r31) (GhidraScript)  
INFO  FindStoresAtDisplacement.java> 822fd2c8 822fd314 stw r11,0x208(r31) (GhidraScript)  
INFO  FindStoresAtDisplacement.java> 822fd338 822fd33c stw r12,-0x8(r1) (GhidraScript)  
INFO  FindStoresAtDisplacement.java> 822fd388 822fd38c stw r12,-0x8(r1) (GhidraScript)  
INFO  FindStoresAtDisplacement.java> 822fd388 822fd3b0 stw r11,0x208(r31) (GhidraScript)  
INFO  FindStoresAtDisplacement.java> 822fd388 822fd3b8 sth r10,0x218(r31) (GhidraScript)  
INFO  FindStoresAtDisplacement.java> 822fd3d8 822fd3dc stw r12,-0x8(r1) (GhidraScript)  
INFO  FindStoresAtDisplacement.java> 822fd3d8 822fd3fc stw r10,0x208(r31) (GhidraScript)  
INFO  FindStoresAtDisplacement.java> 822fddb8 822fddbc stw r12,-0x8(r1) (GhidraScript)  
INFO  FindStoresAtDisplacement.java> 822fe680 822fe684 stw r12,-0x8(r1) (GhidraScript)  
INFO  FindStoresAtDisplacement.java> 822fe9b0 822fe9b4 stw r12,-0x8(r1) (GhidraScript)  
INFO  FindStoresAtDisplacement.java> 822feab8 822feabc stw r12,-0x8(r1) (GhidraScript)  
INFO  FindStoresAtDisplacement.java> 822ffe18 822ffe1c stw r12,-0x8(r1) (GhidraScript)  
INFO  FindStoresAtDisplacement.java> 82300288 8230028c stw r12,-0x8(r1) (GhidraScript)  
INFO  FindStoresAtDisplacement.java> 82300a80 82300a84 stw r12,-0x8(r1) (GhidraScript)  
INFO  FindStoresAtDisplacement.java> 82302b78 82302b7c stw r12,-0x8(r1) (GhidraScript)  
INFO  FindStoresAtDisplacement.java> 82302c28 82302c2c stw r12,-0x8(r1) (GhidraScript)  
INFO  FindStoresAtDisplacement.java> 82302c88 82302c8c stw r12,-0x8(r1) (GhidraScript)  
INFO  FindStoresAtDisplacement.java> 82303898 8230389c stw r12,-0x8(r1) (GhidraScript)  
INFO  FindStoresAtDisplacement.java> 82303940 82303944 stw r12,-0x8(r1) (GhidraScript)  
INFO  FindStoresAtDisplacement.java> 823039c0 823039c4 stw r12,-0x8(r1) (GhidraScript)  
INFO  FindStoresAtDisplacement.java> 82303a20 82303a24 stw r12,-0x8(r1) (GhidraScript)  
INFO  FindStoresAtDisplacement.java> 82303b98 82303b9c stw r12,-0x8(r1) (GhidraScript)  
INFO  FindStoresAtDisplacement.java> 82303d18 82303d1c stw r12,-0x8(r1) (GhidraScript)  
INFO  FindStoresAtDisplacement.java> 82303e68 82303e6c stw r12,-0x8(r1) (GhidraScript)  
INFO  FindStoresAtDisplacement.java> 82303e68 82303fd8 stw r3,0x8(r9) (GhidraScript)  
INFO  FindStoresAtDisplacement.java> 82303e68 82303ffc stw r30,0x8(r8) (GhidraScript)  
INFO  FindStoresAtDisplacement.java> 82306a38 82306a3c stw r12,-0x8(r1) (GhidraScript)  
INFO  FindStoresAtDisplacement.java> 82306c28 82306c2c stw r12,-0x8(r1) (GhidraScript)  
INFO  FindStoresAtDisplacement.java> 82306cc8 82306cf0 stw r10,0x8(r11) (GhidraScript)  
INFO  FindStoresAtDisplacement.java> 82307008 8230700c stw r12,-0x8(r1) (GhidraScript)  
INFO  FindStoresAtDisplacement.java> 82307120 82307124 stw r12,-0x8(r1) (GhidraScript)  
INFO  FindStoresAtDisplacement.java> 82307210 82307214 stw r12,-0x8(r1) (GhidraScript)  
INFO  FindStoresAtDisplacement.java> 82307300 82307304 stw r12,-0x8(r1) (GhidraScript)  
INFO  FindStoresAtDisplacement.java> 82307380 82307384 stw r12,-0x8(r1) (GhidraScript)  
INFO  FindStoresAtDisplacement.java> 823074a8 823074ac stw r12,-0x8(r1) (GhidraScript)  
INFO  FindStoresAtDisplacement.java> 82307628 8230762c stw r12,-0x8(r1) (GhidraScript)  
INFO  FindStoresAtDisplacement.java> 82307628 8230765c stw r10,0x38(r31) (GhidraScript)  
INFO  FindStoresAtDisplacement.java> 82307628 8230769c stw r11,0x58(r1) (GhidraScript)  
INFO  FindStoresAtDisplacement.java> 82308c70 82308c74 stw r12,-0x8(r1) (GhidraScript)  
INFO  FindStoresAtDisplacement.java> 82308df8 82308dfc stw r12,-0x8(r1) (GhidraScript)  
INFO  FindStoresAtDisplacement.java> 82309020 823090f4 stw r9,0x8(r3) (GhidraScript)  
INFO  FindStoresAtDisplacement.java> 8230b470 8230b474 stw r12,-0x8(r1) (GhidraScript)  
INFO  FindStoresAtDisplacement.java> 8230b938 8230b93c stw r12,-0x8(r1) (GhidraScript)  
INFO  FindStoresAtDisplacement.java> 8230ba08 8230ba0c stw r12,-0x8(r1) (GhidraScript)  
INFO  FindStoresAtDisplacement.java> 8230bc18 8230bc1c stw r12,-0x8(r1) (GhidraScript)  
INFO  FindStoresAtDisplacement.java> 823130d0 823130d4 stw r12,-0x8(r1) (GhidraScript)  
INFO  FindStoresAtDisplacement.java> 823170e0 823170e4 stw r12,-0x8(r1) (GhidraScript)  
INFO  FindStoresAtDisplacement.java> 823171e8 823171ec stw r12,-0x8(r1) (GhidraScript)  
INFO  FindStoresAtDisplacement.java> 823172f0 823172f4 stw r12,-0x8(r1) (GhidraScript)  
INFO  FindStoresAtDisplacement.java> 823173f8 823173fc stw r12,-0x8(r1) (GhidraScript)  
INFO  FindStoresAtDisplacement.java> 82317500 82317504 stw r12,-0x8(r1) (GhidraScript)  
INFO  FindStoresAtDisplacement.java> 82317718 8231771c stw r12,-0x8(r1) (GhidraScript)  
INFO  FindStoresAtDisplacement.java> 82317930 82317934 stw r12,-0x8(r1) (GhidraScript)  
INFO  FindStoresAtDisplacement.java> 82317b48 82317b4c stw r12,-0x8(r1) (GhidraScript)  
INFO  FindStoresAtDisplacement.java> 82317fa8 82317fc0 stw r9,0x8(r11) (GhidraScript)  
INFO  FindStoresAtDisplacement.java> 82318460 82318464 stw r12,-0x8(r1) (GhidraScript)  
INFO  FindStoresAtDisplacement.java> 82319368 8231936c stw r12,-0x8(r1) (GhidraScript)  
INFO  FindStoresAtDisplacement.java> 823193b8 823193bc stw r12,-0x8(r1) (GhidraScript)  
INFO  FindStoresAtDisplacement.java> 82319430 82319434 stw r12,-0x8(r1) (GhidraScript)  
INFO  FindStoresAtDisplacement.java> 823195e8 823195ec stw r12,-0x8(r1) (GhidraScript)  
INFO  FindStoresAtDisplacement.java> 823195e8 82319604 stw r4,0x8(r31) (GhidraScript)  
INFO  FindStoresAtDisplacement.java> 823196f8 823196fc stw r12,-0x8(r1) (GhidraScript)  
INFO  FindStoresAtDisplacement.java> 82319748 8231974c stw r12,-0x8(r1) (GhidraScript)  
INFO  FindStoresAtDisplacement.java> 82319798 8231979c stw r12,-0x8(r1) (GhidraScript)  
INFO  FindStoresAtDisplacement.java> 82319860 82319864 stw r12,-0x8(r1) (GhidraScript)  
INFO  FindStoresAtDisplacement.java> 82319860 82319884 sth r11,0x58(r1) (GhidraScript)  
INFO  FindStoresAtDisplacement.java> 82319910 82319914 stw r12,-0x8(r1) (GhidraScript)  
INFO  FindStoresAtDisplacement.java> 82319910 82319934 sth r11,0x58(r1) (GhidraScript)  
INFO  FindStoresAtDisplacement.java> 823199a8 823199ac stw r12,-0x8(r1) (GhidraScript)  
INFO  FindStoresAtDisplacement.java> 823199a8 823199cc sth r11,0x58(r1) (GhidraScript)  
INFO  FindStoresAtDisplacement.java> 82319a70 82319a74 stw r12,-0x8(r1) (GhidraScript)  
INFO  FindStoresAtDisplacement.java> 82319a70 82319a94 sth r11,0x58(r1) (GhidraScript)  
INFO  FindStoresAtDisplacement.java> 82319b98 82319b9c stw r12,-0x8(r1) (GhidraScript)  
INFO  FindStoresAtDisplacement.java> 82319dc0 8231a048 stw r27,0x58(r1) (GhidraScript)  
INFO  FindStoresAtDisplacement.java> 8231a1e0 8231a1e4 stw r12,-0x8(r1) (GhidraScript)  
INFO  FindStoresAtDisplacement.java> 8231c428 8231c42c stw r12,-0x8(r1) (GhidraScript)  
INFO  FindStoresAtDisplacement.java> 8231cb18 8231cb1c stw r12,-0x8(r1) (GhidraScript)  
INFO  FindStoresAtDisplacement.java> 8231d1b0 8231d1b4 stw r12,-0x8(r1) (GhidraScript)  
INFO  FindStoresAtDisplacement.java> 8231d230 8231d234 stw r12,-0x8(r1) (GhidraScript)  
INFO  FindStoresAtDisplacement.java> 8231d3b0 8231d3b4 stw r12,-0x8(r1) (GhidraScript)  
INFO  FindStoresAtDisplacement.java> 8231d3b0 8231d3d4 stw r30,0x8(r31) (GhidraScript)  
INFO  FindStoresAtDisplacement.java> 8231d430 8231d434 stw r12,-0x8(r1) (GhidraScript)  
INFO  FindStoresAtDisplacement.java> 8231d490 8231d494 stw r12,-0x8(r1) (GhidraScript)  
INFO  FindStoresAtDisplacement.java> 8231d4f8 8231d4fc stw r12,-0x8(r1) (GhidraScript)  
INFO  FindStoresAtDisplacement.java> 82320418 8232041c stw r12,-0x8(r1) (GhidraScript)  
INFO  FindStoresAtDisplacement.java> 82320610 82320614 stw r12,-0x8(r1) (GhidraScript)  
INFO  FindStoresAtDisplacement.java> 82320808 8232080c stw r12,-0x8(r1) (GhidraScript)  
INFO  FindStoresAtDisplacement.java> 82320968 8232097c stw r10,0x8(r3) (GhidraScript)  
INFO  FindStoresAtDisplacement.java> 82321078 8232107c stw r12,-0x8(r1) (GhidraScript)  
INFO  FindStoresAtDisplacement.java> 823211c0 823211c4 stw r12,-0x8(r1) (GhidraScript)  
INFO  FindStoresAtDisplacement.java> 82322e20 82322e24 stw r12,-0x8(r1) (GhidraScript)  
INFO  FindStoresAtDisplacement.java> 82323440 82323444 stw r12,-0x8(r1) (GhidraScript)  
INFO  FindStoresAtDisplacement.java> 82323510 82323514 stw r12,-0x8(r1) (GhidraScript)  
INFO  FindStoresAtDisplacement.java> 82324c10 82324c14 stw r12,-0x8(r1) (GhidraScript)  
INFO  FindStoresAtDisplacement.java> 82325010 82325014 stw r12,-0x8(r1) (GhidraScript)  
INFO  FindStoresAtDisplacement.java> 82327028 8232702c stw r12,-0x8(r1) (GhidraScript)  
INFO  FindStoresAtDisplacement.java> 82327070 823270a0 stb r11,0x38(r3) (GhidraScript)  
INFO  FindStoresAtDisplacement.java> 82327070 823270b0 stb r11,0x48(r3) (GhidraScript)  
INFO  FindStoresAtDisplacement.java> 82327070 823270c0 stb r11,0x58(r3) (GhidraScript)  
INFO  FindStoresAtDisplacement.java> 82327070 823270d0 stb r11,0x68(r3) (GhidraScript)  
INFO  FindStoresAtDisplacement.java> 823270e0 8232711c stb r11,0x38(r3) (GhidraScript)  
INFO  FindStoresAtDisplacement.java> 823270e0 8232712c stb r11,0x48(r3) (GhidraScript)  
INFO  FindStoresAtDisplacement.java> 823270e0 8232713c stb r11,0x58(r3) (GhidraScript)  
INFO  FindStoresAtDisplacement.java> 823270e0 8232714c stb r11,0x68(r3) (GhidraScript)  
INFO  FindStoresAtDisplacement.java> 823270e0 8232717c stb r11,0x38(r3) (GhidraScript)  
INFO  FindStoresAtDisplacement.java> 823270e0 8232718c stb r11,0x48(r3) (GhidraScript)  
INFO  FindStoresAtDisplacement.java> 823270e0 8232719c stb r11,0x58(r3) (GhidraScript)  
INFO  FindStoresAtDisplacement.java> 823270e0 823271ac stb r11,0x68(r3) (GhidraScript)  
INFO  FindStoresAtDisplacement.java> 823271b8 823271bc stw r12,-0x8(r1) (GhidraScript)  
INFO  FindStoresAtDisplacement.java> 82327218 8232721c stw r12,-0x8(r1) (GhidraScript)  
INFO  FindStoresAtDisplacement.java> 82327270 82327274 stw r12,-0x8(r1) (GhidraScript)  
INFO  FindStoresAtDisplacement.java> 82327370 82327374 stw r12,-0x8(r1) (GhidraScript)  
INFO  FindStoresAtDisplacement.java> 82327420 82327424 stw r12,-0x8(r1) (GhidraScript)  
INFO  FindStoresAtDisplacement.java> 823274c8 823274cc stw r12,-0x8(r1) (GhidraScript)  
INFO  FindStoresAtDisplacement.java> 82327570 82327574 stw r12,-0x8(r1) (GhidraScript)  
INFO  FindStoresAtDisplacement.java> 82327628 8232762c stw r12,-0x8(r1) (GhidraScript)  
INFO  FindStoresAtDisplacement.java> 823276e0 823276e4 stw r12,-0x8(r1) (GhidraScript)  
INFO  FindStoresAtDisplacement.java> 82327798 8232779c stw r12,-0x8(r1) (GhidraScript)  
INFO  FindStoresAtDisplacement.java> 82327850 82327854 stw r12,-0x8(r1) (GhidraScript)  
INFO  FindStoresAtDisplacement.java> 82327908 8232790c stw r12,-0x8(r1) (GhidraScript)  
INFO  FindStoresAtDisplacement.java> 823279c0 823279c4 stw r12,-0x8(r1) (GhidraScript)  
INFO  FindStoresAtDisplacement.java> 82327a40 82327a44 stw r12,-0x8(r1) (GhidraScript)  
INFO  FindStoresAtDisplacement.java> 82327aa0 82327aa4 stw r12,-0x8(r1) (GhidraScript)  
INFO  FindStoresAtDisplacement.java> 82327b00 82327b64 stb r11,0x68(r3) (GhidraScript)  
INFO  FindStoresAtDisplacement.java> 82327d48 82327d4c stw r12,-0x8(r1) (GhidraScript)  
INFO  FindStoresAtDisplacement.java> 82327d48 82327d84 stw r11,0x68(r1) (GhidraScript)  
INFO  FindStoresAtDisplacement.java> 82327ed0 82327ed4 stw r12,-0x8(r1) (GhidraScript)  
INFO  FindStoresAtDisplacement.java> 82327f70 82327f74 stw r12,-0x8(r1) (GhidraScript)  
INFO  FindStoresAtDisplacement.java> 82327f70 82327fbc stb r11,0x68(r31) (GhidraScript)  
INFO  FindStoresAtDisplacement.java> 82328008 8232800c stw r12,-0x8(r1) (GhidraScript)  
INFO  FindStoresAtDisplacement.java> 82328050 823280ac stb r11,0x68(r3) (GhidraScript)  
INFO  FindStoresAtDisplacement.java> 823280c0 82328100 stw r11,0x28(r3) (GhidraScript)  
INFO  FindStoresAtDisplacement.java> 82328240 82328240 stw r4,0x28(r3) (GhidraScript)  
INFO  FindStoresAtDisplacement.java> 82328260 82328264 stw r12,-0x8(r1) (GhidraScript)  
INFO  FindStoresAtDisplacement.java> 82328308 8232830c stw r12,-0x8(r1) (GhidraScript)  
INFO  FindStoresAtDisplacement.java> 82328368 8232836c stw r12,-0x8(r1) (GhidraScript)  
INFO  FindStoresAtDisplacement.java> 82328408 8232840c stw r12,-0x8(r1) (GhidraScript)  
INFO  FindStoresAtDisplacement.java> 82328568 8232856c stw r12,-0x8(r1) (GhidraScript)  
INFO  FindStoresAtDisplacement.java> 82328d40 82328d44 stw r12,-0x8(r1) (GhidraScript)  
INFO  FindStoresAtDisplacement.java> 82328dc0 82328dc4 stw r12,-0x8(r1) (GhidraScript)  
INFO  FindStoresAtDisplacement.java> 82328f50 82328f54 stw r12,-0x8(r1) (GhidraScript)  
INFO  FindStoresAtDisplacement.java> 82329478 8232947c stw r12,-0x8(r1) (GhidraScript)  
INFO  FindStoresAtDisplacement.java> 82329518 8232951c stw r12,-0x8(r1) (GhidraScript)  
INFO  FindStoresAtDisplacement.java> 82329580 82329584 stw r12,-0x8(r1) (GhidraScript)  
INFO  FindStoresAtDisplacement.java> 82329580 823295dc stw r10,0x5578(r9) (GhidraScript)  
INFO  FindStoresAtDisplacement.java> 82329640 82329644 stw r12,-0x8(r1) (GhidraScript)  
INFO  FindStoresAtDisplacement.java> 82329640 823296d4 stw r7,0x5578(r6) (GhidraScript)  
INFO  FindStoresAtDisplacement.java> 823296f8 823296fc stw r12,-0x8(r1) (GhidraScript)  
INFO  FindStoresAtDisplacement.java> 82329d88 82329d8c stw r12,-0x8(r1) (GhidraScript)  
INFO  FindStoresAtDisplacement.java> 8232a020 8232a024 stw r12,-0x8(r1) (GhidraScript)  
INFO  FindStoresAtDisplacement.java> 8232a020 8232a194 stw r3,0x8(r9) (GhidraScript)  
INFO  FindStoresAtDisplacement.java> 8232a020 8232a1ac stw r30,0x8(r8) (GhidraScript)  
INFO  FindStoresAtDisplacement.java> 8232a420 8232a424 stw r12,-0x8(r1) (GhidraScript)  
INFO  FindStoresAtDisplacement.java> 8232a688 8232a6b8 stw r9,0x8(r11) (GhidraScript)  
INFO  FindStoresAtDisplacement.java> 8232a978 8232a97c stw r12,-0x8(r1) (GhidraScript)  
INFO  FindStoresAtDisplacement.java> 8232a978 8232a9c0 stw r11,0x18(r31) (GhidraScript)  
INFO  FindStoresAtDisplacement.java> 8232aa00 8232aa04 stw r12,-0x8(r1) (GhidraScript)  
INFO  FindStoresAtDisplacement.java> 8232aa50 8232aa54 stw r12,-0x8(r1) (GhidraScript)  
INFO  FindStoresAtDisplacement.java> 8232aab8 8232aabc stw r12,-0x8(r1) (GhidraScript)  
INFO  FindStoresAtDisplacement.java> 8232ac48 8232ac4c stw r12,-0x8(r1) (GhidraScript)  
INFO  FindStoresAtDisplacement.java> 8232ac48 8232ac7c stw r9,-0x8(r11) (GhidraScript)  
INFO  FindStoresAtDisplacement.java> 8232ac48 8232ac90 stw r9,0x68(r31) (GhidraScript)  
INFO  FindStoresAtDisplacement.java> 8232ade8 8232adec stw r12,-0x8(r1) (GhidraScript)  
INFO  FindStoresAtDisplacement.java> 8232b0f0 8232b0f4 stw r12,-0x8(r1) (GhidraScript)  
INFO  FindStoresAtDisplacement.java> 8232b858 8232b85c stw r12,-0x8(r1) (GhidraScript)  
INFO  FindStoresAtDisplacement.java> 8232ba98 8232ba9c stw r12,-0x8(r1) (GhidraScript)  
INFO  FindStoresAtDisplacement.java> 8232bb50 8232bb54 stw r12,-0x8(r1) (GhidraScript)  
INFO  FindStoresAtDisplacement.java> 8232c0e0 8232c0e4 stw r12,-0x8(r1) (GhidraScript)  
INFO  FindStoresAtDisplacement.java> 8232cdd0 8232cdd4 stw r12,-0x8(r1) (GhidraScript)  
INFO  FindStoresAtDisplacement.java> 8232ebc0 8232ebc4 stw r12,-0x8(r1) (GhidraScript)  
INFO  FindStoresAtDisplacement.java> 82330a30 82330a34 stw r12,-0x8(r1) (GhidraScript)  
INFO  FindStoresAtDisplacement.java> 82331a38 82331a3c stw r12,-0x8(r1) (GhidraScript)  
INFO  FindStoresAtDisplacement.java> 82331ad0 82331ad4 stw r12,-0x8(r1) (GhidraScript)  
INFO  FindStoresAtDisplacement.java> 82332058 8233205c stw r12,-0x8(r1) (GhidraScript)  
INFO  FindStoresAtDisplacement.java> 823320d8 823320dc stw r12,-0x8(r1) (GhidraScript)  
INFO  FindStoresAtDisplacement.java> 82332220 82332224 stw r12,-0x8(r1) (GhidraScript)  
INFO  FindStoresAtDisplacement.java> 82332278 8233227c stw r12,-0x8(r1) (GhidraScript)  
INFO  FindStoresAtDisplacement.java> 823322d0 823322d4 stw r12,-0x8(r1) (GhidraScript)  
INFO  FindStoresAtDisplacement.java> 82332318 8233231c stw r12,-0x8(r1) (GhidraScript)  
INFO  FindStoresAtDisplacement.java> 82332360 82332364 stw r12,-0x8(r1) (GhidraScript)  
INFO  FindStoresAtDisplacement.java> 823324f8 823324fc stw r12,-0x8(r1) (GhidraScript)  
INFO  FindStoresAtDisplacement.java> 82332620 82332624 stw r12,-0x8(r1) (GhidraScript)  
INFO  FindStoresAtDisplacement.java> 823326c8 823326cc stw r12,-0x8(r1) (GhidraScript)  
INFO  FindStoresAtDisplacement.java> 82332728 8233272c stw r12,-0x8(r1) (GhidraScript)  
INFO  FindStoresAtDisplacement.java> 82332838 8233283c stw r12,-0x8(r1) (GhidraScript)  
INFO  FindStoresAtDisplacement.java> 82332948 8233294c stw r12,-0x8(r1) (GhidraScript)  
INFO  FindStoresAtDisplacement.java> 82332a58 82332a5c stw r12,-0x8(r1) (GhidraScript)  
INFO  FindStoresAtDisplacement.java> 82332a58 82332ab0 stw r5,0x8(r31) (GhidraScript)  
INFO  FindStoresAtDisplacement.java> 82332ba8 82332bac stw r12,-0x8(r1) (GhidraScript)  
INFO  FindStoresAtDisplacement.java> 82332ba8 82332c00 stw r5,0x8(r31) (GhidraScript)  
INFO  FindStoresAtDisplacement.java> 82332cb8 82332cbc stw r12,-0x8(r1) (GhidraScript)  
INFO  FindStoresAtDisplacement.java> 82332cb8 82332cd4 stw r10,0x8(r11) (GhidraScript)  
INFO  FindStoresAtDisplacement.java> 82333480 82333484 stw r12,-0x8(r1) (GhidraScript)  
INFO  FindStoresAtDisplacement.java> 82333480 823334b0 stw r3,-0x8(r31) (GhidraScript)  
INFO  FindStoresAtDisplacement.java> 82333480 823334b8 stw r11,0x56a8(r10) (GhidraScript)  
INFO  FindStoresAtDisplacement.java> 82333678 8233367c stw r12,-0x8(r1) (GhidraScript)  
INFO  FindStoresAtDisplacement.java> 823336c0 823336c4 stw r12,-0x8(r1) (GhidraScript)  
INFO  FindStoresAtDisplacement.java> 82333700 82333704 stw r12,-0x8(r1) (GhidraScript)  
INFO  FindStoresAtDisplacement.java> 823338f8 823338fc stw r12,-0x8(r1) (GhidraScript)  
INFO  FindStoresAtDisplacement.java> 82333938 82333964 stw r11,0x8(r10) (GhidraScript)  
INFO  FindStoresAtDisplacement.java> 82333c10 82333c14 stw r12,-0x8(r1) (GhidraScript)  
INFO  FindStoresAtDisplacement.java> 82334178 8233417c stw r12,-0x8(r1) (GhidraScript)  
INFO  FindStoresAtDisplacement.java> 82334320 82334324 stw r12,-0x8(r1) (GhidraScript)  
INFO  FindStoresAtDisplacement.java> 823345e0 823345e4 stw r12,-0x8(r1) (GhidraScript)  
INFO  FindStoresAtDisplacement.java> 82334cf8 82334cfc stw r12,-0x8(r1) (GhidraScript)  
INFO  FindStoresAtDisplacement.java> 82335638 8233563c stw r12,-0x8(r1) (GhidraScript)  
INFO  FindStoresAtDisplacement.java> 82335ed0 82335ed4 stw r12,-0x8(r1) (GhidraScript)  
INFO  FindStoresAtDisplacement.java> 82335f70 82335f74 stw r12,-0x8(r1) (GhidraScript)  
INFO  FindStoresAtDisplacement.java> 82336328 8233632c stw r12,-0x8(r1) (GhidraScript)  
INFO  FindStoresAtDisplacement.java> 82336898 8233689c stw r12,-0x8(r1) (GhidraScript)  
INFO  FindStoresAtDisplacement.java> 82336918 8233691c stw r12,-0x8(r1) (GhidraScript)  
INFO  FindStoresAtDisplacement.java> 82336918 82336968 stw r3,0x8(r31) (GhidraScript)  
INFO  FindStoresAtDisplacement.java> 823369a0 823369a4 stw r12,-0x8(r1) (GhidraScript)  
INFO  FindStoresAtDisplacement.java> 823369a0 823369c8 stw r11,0x8(r31) (GhidraScript)  
INFO  FindStoresAtDisplacement.java> 82337298 8233729c stw r12,-0x8(r1) (GhidraScript)  
INFO  FindStoresAtDisplacement.java> 82337320 82337324 stw r12,-0x8(r1) (GhidraScript)  
INFO  FindStoresAtDisplacement.java> 82337b70 82337b74 stw r12,-0x8(r1) (GhidraScript)  
INFO  FindStoresAtDisplacement.java> 82337bd8 82337bdc stw r12,-0x8(r1) (GhidraScript)  
INFO  FindStoresAtDisplacement.java> 82337c68 82337c6c stw r12,-0x8(r1) (GhidraScript)  
INFO  FindStoresAtDisplacement.java> 82337ca8 82337cac stw r12,-0x8(r1) (GhidraScript)  
INFO  FindStoresAtDisplacement.java> 82337d88 82337d8c stw r12,-0x8(r1) (GhidraScript)  
INFO  FindStoresAtDisplacement.java> 82337e88 82337e8c stw r12,-0x8(r1) (GhidraScript)  
INFO  FindStoresAtDisplacement.java> 82337ed0 82337ed4 stw r12,-0x8(r1) (GhidraScript)  
INFO  FindStoresAtDisplacement.java> 82337f00 82337f04 stw r12,-0x8(r1) (GhidraScript)  
INFO  FindStoresAtDisplacement.java> 82337ff8 82337ffc stw r12,-0x8(r1) (GhidraScript)  
INFO  FindStoresAtDisplacement.java> 82338148 8233814c stw r12,-0x8(r1) (GhidraScript)  
INFO  FindStoresAtDisplacement.java> 823381d0 823381d4 stw r12,-0x8(r1) (GhidraScript)  
INFO  FindStoresAtDisplacement.java> 82338238 8233823c stw r12,-0x8(r1) (GhidraScript)  
INFO  FindStoresAtDisplacement.java> 82338290 82338294 stw r12,-0x8(r1) (GhidraScript)  
INFO  FindStoresAtDisplacement.java> 823382f0 823382f4 stw r12,-0x8(r1) (GhidraScript)  
INFO  FindStoresAtDisplacement.java> 823385d8 823385dc stw r12,-0x8(r1) (GhidraScript)  
INFO  FindStoresAtDisplacement.java> 82338748 8233874c stw r12,-0x8(r1) (GhidraScript)  
INFO  FindStoresAtDisplacement.java> 82338788 8233878c stw r12,-0x8(r1) (GhidraScript)  
INFO  FindStoresAtDisplacement.java> 823387e0 823387e4 stw r12,-0x8(r1) (GhidraScript)  
INFO  FindStoresAtDisplacement.java> 823388f0 823388f4 stw r12,-0x8(r1) (GhidraScript)  
INFO  FindStoresAtDisplacement.java> 82338a48 82338a4c stw r12,-0x8(r1) (GhidraScript)  
INFO  FindStoresAtDisplacement.java> 82338ab8 82338ad0 stw r11,-0x8(r11) (GhidraScript)  
INFO  FindStoresAtDisplacement.java> 82338ba8 82338bac stw r12,-0x8(r1) (GhidraScript)  
INFO  FindStoresAtDisplacement.java> 82338ba8 82338bd0 stw r11,0x28(r31) (GhidraScript)  
INFO  FindStoresAtDisplacement.java> 82338ba8 82338be0 stw r11,0x38(r31) (GhidraScript)  
INFO  FindStoresAtDisplacement.java> 82338c20 82338c24 stw r12,-0x8(r1) (GhidraScript)  
INFO  FindStoresAtDisplacement.java> 82338dc0 82338dc4 stw r12,-0x8(r1) (GhidraScript)  
INFO  FindStoresAtDisplacement.java> 82339420 82339424 stw r12,-0x8(r1) (GhidraScript)  
INFO  FindStoresAtDisplacement.java> 82339478 8233947c stw r12,-0x8(r1) (GhidraScript)  
INFO  FindStoresAtDisplacement.java> 82339670 82339674 stw r12,-0x8(r1) (GhidraScript)  
INFO  FindStoresAtDisplacement.java> 82339718 8233971c stw r12,-0x8(r1) (GhidraScript)  
INFO  FindStoresAtDisplacement.java> 82339718 82339780 stw r11,0x18(r31) (GhidraScript)  
INFO  FindStoresAtDisplacement.java> 82339798 8233979c stw r12,-0x8(r1) (GhidraScript)  
INFO  FindStoresAtDisplacement.java> 82339798 823397e8 stw r11,0x18(r31) (GhidraScript)  
INFO  FindStoresAtDisplacement.java> 82339800 82339804 stw r12,-0x8(r1) (GhidraScript)  
INFO  FindStoresAtDisplacement.java> 82339800 82339820 stw r11,0x8(r3) (GhidraScript)  
INFO  FindStoresAtDisplacement.java> 82339800 82339830 stw r11,0x18(r3) (GhidraScript)  
INFO  FindStoresAtDisplacement.java> 82339860 82339864 stw r12,-0x8(r1) (GhidraScript)  
INFO  FindStoresAtDisplacement.java> 823398d0 823398d4 stw r12,-0x8(r1) (GhidraScript)  
INFO  FindStoresAtDisplacement.java> 82339a60 82339a64 stw r12,-0x8(r1) (GhidraScript)  
INFO  FindStoresAtDisplacement.java> 82339b20 82339b24 stw r12,-0x8(r1) (GhidraScript)  
INFO  FindStoresAtDisplacement.java> 82339b50 82339b54 stw r12,-0x8(r1) (GhidraScript)  
INFO  FindStoresAtDisplacement.java> 82339b88 82339b8c stw r12,-0x8(r1) (GhidraScript)  
INFO  FindStoresAtDisplacement.java> 82339bc0 82339bc4 stw r12,-0x8(r1) (GhidraScript)  
INFO  FindStoresAtDisplacement.java> 82339bf0 82339bf4 stw r12,-0x8(r1) (GhidraScript)  
INFO  FindStoresAtDisplacement.java> 82339c80 82339c84 stw r12,-0x8(r1) (GhidraScript)  
INFO  FindStoresAtDisplacement.java> 82339ca8 82339cac stw r12,-0x8(r1) (GhidraScript)  
INFO  FindStoresAtDisplacement.java> 82339cd8 82339cdc stw r12,-0x8(r1) (GhidraScript)  
INFO  FindStoresAtDisplacement.java> 82339db0 82339db4 stw r12,-0x8(r1) (GhidraScript)  
INFO  FindStoresAtDisplacement.java> 8233a380 8233a384 stw r12,-0x8(r1) (GhidraScript)  
INFO  FindStoresAtDisplacement.java> 8233a3d0 8233a3d4 stw r12,-0x8(r1) (GhidraScript)  
INFO  FindStoresAtDisplacement.java> 8233a420 8233a4c4 stw r11,0x18(r10) (GhidraScript)  
INFO  FindStoresAtDisplacement.java> 8233a420 8233a4d8 stw r11,0x18(r9) (GhidraScript)  
INFO  FindStoresAtDisplacement.java> 8233a520 8233a524 stw r12,-0x8(r1) (GhidraScript)  
INFO  FindStoresAtDisplacement.java> 8233a590 8233a594 stw r12,-0x8(r1) (GhidraScript)  
INFO  FindStoresAtDisplacement.java> 8233a630 8233a634 stw r12,-0x8(r1) (GhidraScript)  
INFO  FindStoresAtDisplacement.java> 8233a6a0 8233a6a4 stw r12,-0x8(r1) (GhidraScript)  
INFO  FindStoresAtDisplacement.java> 8233a6a0 8233a6d0 stw r11,0x8(r10) (GhidraScript)  
INFO  FindStoresAtDisplacement.java> 8233a6a0 8233a6e0 stw r11,0x18(r10) (GhidraScript)  
INFO  FindStoresAtDisplacement.java> 8233a730 8233a734 stw r12,-0x8(r1) (GhidraScript)  
INFO  FindStoresAtDisplacement.java> 8233a730 8233a758 stw r11,0x8(r3) (GhidraScript)  
INFO  FindStoresAtDisplacement.java> 8233a730 8233a760 stw r11,0x18(r3) (GhidraScript)  
INFO  FindStoresAtDisplacement.java> 8233a730 8233a77c stw r11,0x48(r3) (GhidraScript)  
INFO  FindStoresAtDisplacement.java> 8233a730 8233a784 stw r11,0x78(r3) (GhidraScript)  
INFO  FindStoresAtDisplacement.java> 8233a730 8233a794 stw r11,0x88(r3) (GhidraScript)  
INFO  FindStoresAtDisplacement.java> 8233a730 8233a7c8 stw r10,0x28(r3) (GhidraScript)  
INFO  FindStoresAtDisplacement.java> 8233a730 8233a7f0 stw r10,0x28(r3) (GhidraScript)  
INFO  FindStoresAtDisplacement.java> 8233a730 8233a834 stw r10,0x28(r3) (GhidraScript)  
INFO  FindStoresAtDisplacement.java> 8233a730 8233a880 stw r11,0x18(r3) (GhidraScript)  
INFO  FindStoresAtDisplacement.java> 8233a730 8233a884 stw r11,0x38(r3) (GhidraScript)  
INFO  FindStoresAtDisplacement.java> 8233a730 8233a88c stw r30,0x8(r3) (GhidraScript)  
INFO  FindStoresAtDisplacement.java> 8233a8e0 8233a8e4 stw r11,0x38(r3) (GhidraScript)  
INFO  FindStoresAtDisplacement.java> 8233a9b8 8233a9bc stw r12,-0x8(r1) (GhidraScript)  
INFO  FindStoresAtDisplacement.java> 8233a9b8 8233aa0c stw r11,0x18(r31) (GhidraScript)  
INFO  FindStoresAtDisplacement.java> 8233aab8 8233aabc stw r12,-0x8(r1) (GhidraScript)  
INFO  FindStoresAtDisplacement.java> 8233ab60 8233ab64 stw r12,-0x8(r1) (GhidraScript)  
INFO  FindStoresAtDisplacement.java> 8233abe8 8233abec stw r12,-0x8(r1) (GhidraScript)  
INFO  FindStoresAtDisplacement.java> 8233aeb8 8233aebc stw r12,-0x8(r1) (GhidraScript)  
INFO  FindStoresAtDisplacement.java> 8233af78 8233af7c stw r12,-0x8(r1) (GhidraScript)  
INFO  FindStoresAtDisplacement.java> 8233b040 8233b05c stw r11,0x108(r3) (GhidraScript)  
INFO  FindStoresAtDisplacement.java> 8233b040 8233b098 stw r11,0x3e8(r3) (GhidraScript)  
INFO  FindStoresAtDisplacement.java> 8233b040 8233b0b0 stw r11,0x3d8(r3) (GhidraScript)  
INFO  FindStoresAtDisplacement.java> 8233b0d0 8233b0d4 stw r12,-0x8(r1) (GhidraScript)  
INFO  FindStoresAtDisplacement.java> 8233b0d0 8233b0f4 stw r10,0x8(r11) (GhidraScript)  
INFO  FindStoresAtDisplacement.java> 8233b0d0 8233b104 stw r10,0x18(r11) (GhidraScript)  
INFO  FindStoresAtDisplacement.java> 8233b0d0 8233b114 stw r10,0x28(r11) (GhidraScript)  
INFO  FindStoresAtDisplacement.java> 8233b0d0 8233b120 stw r10,0x48(r11) (GhidraScript)  
INFO  FindStoresAtDisplacement.java> 8233b1e8 8233b1ec stw r12,-0x8(r1) (GhidraScript)  
INFO  FindStoresAtDisplacement.java> 8233b2e8 8233b2ec stw r12,-0x8(r1) (GhidraScript)  
INFO  FindStoresAtDisplacement.java> 8233b2e8 8233b328 stw r31,0x48(r11) (GhidraScript)  
INFO  FindStoresAtDisplacement.java> 8233b2e8 8233b338 stw r31,0x58(r11) (GhidraScript)  
INFO  FindStoresAtDisplacement.java> 8233b360 8233b364 stw r12,-0x8(r1) (GhidraScript)  
INFO  FindStoresAtDisplacement.java> 8233b3c0 8233b438 stw r11,0x38(r10) (GhidraScript)  
INFO  FindStoresAtDisplacement.java> 8233b3c0 8233b43c stw r11,0x48(r10) (GhidraScript)  
INFO  FindStoresAtDisplacement.java> 8233b3c0 8233b44c stw r11,0x68(r10) (GhidraScript)  
INFO  FindStoresAtDisplacement.java> 8233b3c0 8233b45c stw r11,0x78(r10) (GhidraScript)  
INFO  FindStoresAtDisplacement.java> 8233b470 8233b474 stw r12,-0x8(r1) (GhidraScript)  
INFO  FindStoresAtDisplacement.java> 8233b6b8 8233b6bc stw r12,-0x8(r1) (GhidraScript)  
INFO  FindStoresAtDisplacement.java> 8233b6b8 8233b6e0 stw r11,0x18(r30) (GhidraScript)  
INFO  FindStoresAtDisplacement.java> 8233b738 8233b73c stw r12,-0x8(r1) (GhidraScript)  
INFO  FindStoresAtDisplacement.java> 8233b790 8233b794 stw r12,-0x8(r1) (GhidraScript)  
INFO  FindStoresAtDisplacement.java> 8233b7d8 8233b7dc stw r12,-0x8(r1) (GhidraScript)  
INFO  FindStoresAtDisplacement.java> 8233b7d8 8233b7f8 stw r11,0x18(r31) (GhidraScript)  
INFO  FindStoresAtDisplacement.java> 8233b7d8 8233b82c stw r30,0x38(r31) (GhidraScript)  
INFO  FindStoresAtDisplacement.java> 8233bb30 8233bb34 stw r12,-0x8(r1) (GhidraScript)  
INFO  FindStoresAtDisplacement.java> 8233bb80 8233bb84 stw r12,-0x8(r1) (GhidraScript)  
INFO  FindStoresAtDisplacement.java> 8233bdd8 8233bddc stw r12,-0x8(r1) (GhidraScript)  
INFO  FindStoresAtDisplacement.java> 8233be68 8233be6c stw r12,-0x8(r1) (GhidraScript)  
INFO  FindStoresAtDisplacement.java> 8233be68 8233bed0 stw r31,0x5c08(r11) (GhidraScript)  
INFO  FindStoresAtDisplacement.java> 8233bfe8 8233bfec stw r12,-0x8(r1) (GhidraScript)  
INFO  FindStoresAtDisplacement.java> 8233bfe8 8233c018 stw r30,0x8(r31) (GhidraScript)  
INFO  FindStoresAtDisplacement.java> 8233bfe8 8233c02c stw r30,0xd98(r31) (GhidraScript)  
INFO  FindStoresAtDisplacement.java> 8233bfe8 8233c03c stw r30,0xe08(r31) (GhidraScript)  
INFO  FindStoresAtDisplacement.java> 8233c060 8233c064 stw r12,-0x8(r1) (GhidraScript)  
INFO  FindStoresAtDisplacement.java> 8233c128 8233c12c stw r12,-0x8(r1) (GhidraScript)  
INFO  FindStoresAtDisplacement.java> 8233c128 8233c158 stw r10,0x8(r31) (GhidraScript)  
INFO  FindStoresAtDisplacement.java> 8233c128 8233c164 stw r11,0x8(r11) (GhidraScript)  
INFO  FindStoresAtDisplacement.java> 8233c658 8233c65c stw r12,-0x8(r1) (GhidraScript)  
INFO  FindStoresAtDisplacement.java> 8233c658 8233c678 stw r31,0x58(r1) (GhidraScript)  
INFO  FindStoresAtDisplacement.java> 8233c658 8233c6a8 stw r11,0x8(r31) (GhidraScript)  
INFO  FindStoresAtDisplacement.java> 8233c6c0 8233c6c4 stw r12,-0x8(r1) (GhidraScript)  
INFO  FindStoresAtDisplacement.java> 8233c710 8233c714 stw r12,-0x8(r1) (GhidraScript)  
INFO  FindStoresAtDisplacement.java> 8233c758 8233c75c stw r12,-0x8(r1) (GhidraScript)  
INFO  FindStoresAtDisplacement.java> 8233c810 8233c814 stw r12,-0x8(r1) (GhidraScript)  
INFO  FindStoresAtDisplacement.java> 8233c810 8233c840 stw r11,0x28(r31) (GhidraScript)  
INFO  FindStoresAtDisplacement.java> 8233c890 8233c894 stw r12,-0x8(r1) (GhidraScript)  
INFO  FindStoresAtDisplacement.java> 8233c8f0 8233c8f4 stw r12,-0x8(r1) (GhidraScript)  
INFO  FindStoresAtDisplacement.java> 8233c8f0 8233c93c stw r11,0x8(r31) (GhidraScript)  
INFO  FindStoresAtDisplacement.java> 8233c978 8233c97c stw r12,-0x8(r1) (GhidraScript)  
INFO  FindStoresAtDisplacement.java> 8233c978 8233c998 stw r11,0x58(r1) (GhidraScript)  
INFO  FindStoresAtDisplacement.java> 8233caa8 8233caac stw r12,-0x8(r1) (GhidraScript)  
INFO  FindStoresAtDisplacement.java> 8233cbe0 8233cbe4 stw r12,-0x8(r1) (GhidraScript)  
INFO  FindStoresAtDisplacement.java> 8233cc28 8233cc2c stw r12,-0x8(r1) (GhidraScript)  
INFO  FindStoresAtDisplacement.java> 8233cce8 8233ccec stw r12,-0x8(r1) (GhidraScript)  
INFO  FindStoresAtDisplacement.java> 8233cdb0 8233cdb4 stw r12,-0x8(r1) (GhidraScript)  
INFO  FindStoresAtDisplacement.java> 8233cdb0 8233cde8 stw r30,0x398(r31) (GhidraScript)  
INFO  FindStoresAtDisplacement.java> 8233cdb0 8233cdfc stw r30,0x3a8(r31) (GhidraScript)  
INFO  FindStoresAtDisplacement.java> 8233ce18 8233ce1c stw r12,-0x8(r1) (GhidraScript)  
INFO  FindStoresAtDisplacement.java> 8233cfc0 8233cfc4 stw r12,-0x8(r1) (GhidraScript)  
INFO  FindStoresAtDisplacement.java> 8233d020 8233d024 stw r12,-0x8(r1) (GhidraScript)  
INFO  FindStoresAtDisplacement.java> 8233d068 8233d06c stw r12,-0x8(r1) (GhidraScript)  
INFO  FindStoresAtDisplacement.java> 8233d270 8233d274 stw r12,-0x8(r1) (GhidraScript)  
INFO  FindStoresAtDisplacement.java> 8233d270 8233d33c stw r11,0x3a8(r31) (GhidraScript)  
INFO  FindStoresAtDisplacement.java> 8233d750 8233d754 stw r12,-0x8(r1) (GhidraScript)  
INFO  FindStoresAtDisplacement.java> 8233d888 8233d88c stw r12,-0x8(r1) (GhidraScript)  
INFO  FindStoresAtDisplacement.java> 8233df60 8233df64 stw r12,-0x8(r1) (GhidraScript)  
INFO  FindStoresAtDisplacement.java> 8233dfc8 8233dfcc stw r12,-0x8(r1) (GhidraScript)  
INFO  FindStoresAtDisplacement.java> 8233e238 8233e23c stw r12,-0x8(r1) (GhidraScript)  
INFO  FindStoresAtDisplacement.java> 8233e320 8233e324 stw r12,-0x8(r1) (GhidraScript)  
INFO  FindStoresAtDisplacement.java> 8233e3a0 8233e3a4 stw r12,-0x8(r1) (GhidraScript)  
INFO  FindStoresAtDisplacement.java> 8233e3f8 8233e3fc stw r12,-0x8(r1) (GhidraScript)  
INFO  FindStoresAtDisplacement.java> 8233e430 8233e434 stw r12,-0x8(r1) (GhidraScript)  
INFO  FindStoresAtDisplacement.java> 8233e468 8233e46c stw r12,-0x8(r1) (GhidraScript)  
INFO  FindStoresAtDisplacement.java> 8233e4b0 8233e4b4 stw r12,-0x8(r1) (GhidraScript)  
INFO  FindStoresAtDisplacement.java> 8233e718 8233e71c stw r12,-0x8(r1) (GhidraScript)  
INFO  FindStoresAtDisplacement.java> 8233e780 8233e784 stw r12,-0x8(r1) (GhidraScript)  
INFO  FindStoresAtDisplacement.java> 8233e7c8 8233e7cc stw r12,-0x8(r1) (GhidraScript)  
INFO  FindStoresAtDisplacement.java> 8233e828 8233e82c stw r12,-0x8(r1) (GhidraScript)  
INFO  FindStoresAtDisplacement.java> 8233e828 8233e868 stw r11,0x888(r30) (GhidraScript)  
INFO  FindStoresAtDisplacement.java> 8233e8d8 8233e8dc stw r12,-0x8(r1) (GhidraScript)  
INFO  FindStoresAtDisplacement.java> 8233e9e0 8233e9e4 stw r12,-0x8(r1) (GhidraScript)  
INFO  FindStoresAtDisplacement.java> 8233ea18 8233ea1c stw r12,-0x8(r1) (GhidraScript)  
INFO  FindStoresAtDisplacement.java> 8233ebb0 8233ebb4 stw r12,-0x8(r1) (GhidraScript)  
INFO  FindStoresAtDisplacement.java> 8233eca8 8233ecac stw r12,-0x8(r1) (GhidraScript)  
INFO  FindStoresAtDisplacement.java> 8233eca8 8233ecf4 sth r11,0x8(r31) (GhidraScript)  
INFO  FindStoresAtDisplacement.java> 8233ee40 8233ee44 stw r12,-0x8(r1) (GhidraScript)  
INFO  FindStoresAtDisplacement.java> 8233eec8 8233eecc stw r12,-0x8(r1) (GhidraScript)  
INFO  FindStoresAtDisplacement.java> 8233ef88 8233ef8c stw r12,-0x8(r1) (GhidraScript)  
INFO  FindStoresAtDisplacement.java> 8233ef88 8233eff8 sth r11,0x8(r31) (GhidraScript)  
INFO  FindStoresAtDisplacement.java> 8233f028 8233f054 stw r9,0x8(r11) (GhidraScript)  
INFO  FindStoresAtDisplacement.java> 8233f028 8233f064 stw r8,0x18(r11) (GhidraScript)  
INFO  FindStoresAtDisplacement.java> 8233f028 8233f07c stw r9,0x8(r10) (GhidraScript)  
INFO  FindStoresAtDisplacement.java> 8233f028 8233f088 stw r7,0x18(r10) (GhidraScript)  
INFO  FindStoresAtDisplacement.java> 8233f0a8 8233f0ac stw r12,-0x8(r1) (GhidraScript)  
INFO  FindStoresAtDisplacement.java> 8233f100 8233f104 stw r12,-0x8(r1) (GhidraScript)  
INFO  FindStoresAtDisplacement.java> 8233f100 8233f130 stw r10,0x8(r11) (GhidraScript)  
INFO  FindStoresAtDisplacement.java> 8233f100 8233f140 stw r10,0x18(r11) (GhidraScript)  
INFO  FindStoresAtDisplacement.java> 8233f100 8233f150 stw r10,0x28(r11) (GhidraScript)  
INFO  FindStoresAtDisplacement.java> 8233f100 8233f15c stw r10,0x48(r11) (GhidraScript)  
INFO  FindStoresAtDisplacement.java> 8233f250 8233f254 stw r12,-0x8(r1) (GhidraScript)  
INFO  FindStoresAtDisplacement.java> 8233f2b0 8233f2b4 stw r12,-0x8(r1) (GhidraScript)  
INFO  FindStoresAtDisplacement.java> 8233f2f8 8233f320 stw r10,0x88(r11) (GhidraScript)  
INFO  FindStoresAtDisplacement.java> 8233ff88 8233ff8c stw r12,-0x8(r1) (GhidraScript)  
INFO  FindStoresAtDisplacement.java> 82340088 8234008c stw r12,-0x8(r1) (GhidraScript)  
INFO  FindStoresAtDisplacement.java> 82340088 82340100 stw r11,0x68(r1) (GhidraScript)  
INFO  FindStoresAtDisplacement.java> 823405f8 823405fc stw r12,-0x8(r1) (GhidraScript)  
INFO  FindStoresAtDisplacement.java> 82340970 823409a8 stw r9,0x8(r11) (GhidraScript)  
INFO  FindStoresAtDisplacement.java> 82340970 823409b8 stw r8,0x18(r11) (GhidraScript)  
INFO  FindStoresAtDisplacement.java> 82340970 823409d8 stw r9,0x8(r10) (GhidraScript)  
INFO  FindStoresAtDisplacement.java> 82340970 823409e8 stw r7,0x18(r10) (GhidraScript)  
INFO  FindStoresAtDisplacement.java> 82340a08 82340a0c stw r12,-0x8(r1) (GhidraScript)  
INFO  FindStoresAtDisplacement.java> 82340a60 82340a64 stw r12,-0x8(r1) (GhidraScript)  
INFO  FindStoresAtDisplacement.java> 82340a60 82340a84 stw r10,0x8(r31) (GhidraScript)  
INFO  FindStoresAtDisplacement.java> 82340c10 82340c14 stw r12,-0x8(r1) (GhidraScript)  
INFO  FindStoresAtDisplacement.java> 82340c60 82340c64 stw r12,-0x8(r1) (GhidraScript)  
INFO  FindStoresAtDisplacement.java> 82341220 82341224 stw r12,-0x8(r1) (GhidraScript)  
INFO  FindStoresAtDisplacement.java> 823412a0 823412a4 stw r12,-0x8(r1) (GhidraScript)  
INFO  FindStoresAtDisplacement.java> 823412a0 823412bc stw r11,0x8(r31) (GhidraScript)  
INFO  FindStoresAtDisplacement.java> 823419a0 823419a4 stw r5,0x38(r3) (GhidraScript)  
INFO  FindStoresAtDisplacement.java> 82341a40 82341a44 stw r12,-0x8(r1) (GhidraScript)  
INFO  FindStoresAtDisplacement.java> 82341a40 82341a60 stw r31,0x18(r31) (GhidraScript)  
INFO  FindStoresAtDisplacement.java> 82341a40 82341a80 stw r11,0x18(r11) (GhidraScript)  
INFO  FindStoresAtDisplacement.java> 82341ab0 82341ab4 stw r12,-0x8(r1) (GhidraScript)  
INFO  FindStoresAtDisplacement.java> 82341ab0 82341ae0 stw r11,0x28(r31) (GhidraScript)  
INFO  FindStoresAtDisplacement.java> 82341ab0 82341af0 stw r11,0x38(r31) (GhidraScript)  
INFO  FindStoresAtDisplacement.java> 82341b70 82341b74 stw r12,-0x8(r1) (GhidraScript)  
INFO  FindStoresAtDisplacement.java> 82341cd0 82341cd4 stw r12,-0x8(r1) (GhidraScript)  
INFO  FindStoresAtDisplacement.java> 823420e0 823420e4 stw r12,-0x8(r1) (GhidraScript)  
INFO  FindStoresAtDisplacement.java> 823420e0 8234211c stw r30,0x8(r3) (GhidraScript)  
INFO  FindStoresAtDisplacement.java> 82342138 8234213c stw r12,-0x8(r1) (GhidraScript)  
INFO  FindStoresAtDisplacement.java> 82342138 82342174 stw r30,0x8(r3) (GhidraScript)  
INFO  FindStoresAtDisplacement.java> 82342190 82342194 stw r12,-0x8(r1) (GhidraScript)  
INFO  FindStoresAtDisplacement.java> 82342318 8234231c stw r12,-0x8(r1) (GhidraScript)  
INFO  FindStoresAtDisplacement.java> 82342318 82342354 stw r30,0x8(r3) (GhidraScript)  
INFO  FindStoresAtDisplacement.java> 82342370 82342374 stw r12,-0x8(r1) (GhidraScript)  
INFO  FindStoresAtDisplacement.java> 823423b8 823423bc stw r12,-0x8(r1) (GhidraScript)  
INFO  FindStoresAtDisplacement.java> 82342658 8234265c stw r12,-0x8(r1) (GhidraScript)  
INFO  FindStoresAtDisplacement.java> 82342db0 82342db4 stw r12,-0x8(r1) (GhidraScript)  
INFO  FindStoresAtDisplacement.java> 82342df0 82342df4 stw r12,-0x8(r1) (GhidraScript)  
INFO  FindStoresAtDisplacement.java> 82343148 8234314c stw r12,-0x8(r1) (GhidraScript)  
INFO  FindStoresAtDisplacement.java> 82343198 8234319c stw r12,-0x8(r1) (GhidraScript)  
INFO  FindStoresAtDisplacement.java> 82343260 82343264 stw r12,-0x8(r1) (GhidraScript)  
INFO  FindStoresAtDisplacement.java> 823432a0 823432a4 stw r12,-0x8(r1) (GhidraScript)  
INFO  FindStoresAtDisplacement.java> 82343648 8234364c stw r12,-0x8(r1) (GhidraScript)  
INFO  FindStoresAtDisplacement.java> 82343648 82343684 stw r10,0x8(r3) (GhidraScript)  
INFO  FindStoresAtDisplacement.java> 82343700 82343444 stw r11,0x8(r10) (GhidraScript)  
INFO  FindStoresAtDisplacement.java> 82343700 82343478 stw r11,0x8(r3) (GhidraScript)  
INFO  FindStoresAtDisplacement.java> 82343700 82343494 stw r11,0x8(r10) (GhidraScript)  
INFO  FindStoresAtDisplacement.java> 82343700 82343750 stw r9,0x8(r11) (GhidraScript)  
INFO  FindStoresAtDisplacement.java> 82343700 82343770 stw r9,0x8(r11) (GhidraScript)  
INFO  FindStoresAtDisplacement.java> 82343700 82343774 stw r10,0x38(r3) (GhidraScript)  
INFO  FindStoresAtDisplacement.java> 82343700 82343784 stw r9,0x38(r3) (GhidraScript)  
INFO  FindStoresAtDisplacement.java> 82343790 823437a4 stw r10,0x8(r3) (GhidraScript)  
INFO  FindStoresAtDisplacement.java> 82343790 823437c4 stw r10,0x8(r11) (GhidraScript)  
INFO  FindStoresAtDisplacement.java> 82343790 823437dc stw r10,0x38(r3) (GhidraScript)  
INFO  FindStoresAtDisplacement.java> 82343c08 82343c0c stw r12,-0x8(r1) (GhidraScript)  
INFO  FindStoresAtDisplacement.java> 82343c70 82343c74 stw r12,-0x8(r1) (GhidraScript)  
INFO  FindStoresAtDisplacement.java> 82343d28 82343d2c stw r12,-0x8(r1) (GhidraScript)  
INFO  FindStoresAtDisplacement.java> 82343d78 82343d7c stw r12,-0x8(r1) (GhidraScript)  
INFO  FindStoresAtDisplacement.java> 82343db8 82343dbc stw r12,-0x8(r1) (GhidraScript)  
INFO  FindStoresAtDisplacement.java> 82343db8 82343e40 stw r31,0x8(r4) (GhidraScript)  
INFO  FindStoresAtDisplacement.java> 82343f30 82343f34 stw r12,-0x8(r1) (GhidraScript)  
INFO  FindStoresAtDisplacement.java> 82343f30 82343f44 stw r5,0x8(r11) (GhidraScript)  
INFO  FindStoresAtDisplacement.java> 82344340 82344344 stw r12,-0x8(r1) (GhidraScript)  
INFO  FindStoresAtDisplacement.java> 82344340 82344388 stw r11,0x8(r31) (GhidraScript)  
INFO  FindStoresAtDisplacement.java> 823446e8 823446ec stw r12,-0x8(r1) (GhidraScript)  
INFO  FindStoresAtDisplacement.java> 82344c38 82344c3c stw r12,-0x8(r1) (GhidraScript)  
INFO  FindStoresAtDisplacement.java> 82345020 82345024 stw r12,-0x8(r1) (GhidraScript)  
INFO  FindStoresAtDisplacement.java> 82345688 8234568c stw r12,-0x8(r1) (GhidraScript)  
INFO  FindStoresAtDisplacement.java> 82345770 82345774 stw r12,-0x8(r1) (GhidraScript)  
INFO  FindStoresAtDisplacement.java> 823457c0 823457c4 stw r12,-0x8(r1) (GhidraScript)  
INFO  FindStoresAtDisplacement.java> 82345810 82345814 stw r12,-0x8(r1) (GhidraScript)  
INFO  FindStoresAtDisplacement.java> 82345950 82345968 stw r5,0x18(r3) (GhidraScript)  
INFO  FindStoresAtDisplacement.java> 82345950 8234596c stw r10,0x8(r3) (GhidraScript)  
INFO  FindStoresAtDisplacement.java> 82345978 8234597c stw r12,-0x8(r1) (GhidraScript)  
INFO  FindStoresAtDisplacement.java> 82345a30 82345a34 stw r12,-0x8(r1) (GhidraScript)  
INFO  FindStoresAtDisplacement.java> 82345b60 82345b64 stw r12,-0x8(r1) (GhidraScript)  
INFO  FindStoresAtDisplacement.java> 82345c10 82345c14 stw r12,-0x8(r1) (GhidraScript)  
INFO  FindStoresAtDisplacement.java> 82345c10 82345c34 stw r10,0x8(r31) (GhidraScript)  
INFO  FindStoresAtDisplacement.java> 82345c10 82345c60 stw r3,0x18(r31) (GhidraScript)  
INFO  FindStoresAtDisplacement.java> 82345c10 82345c6c stw r11,0x8(r31) (GhidraScript)  
INFO  FindStoresAtDisplacement.java> 82345c88 82345c8c stw r12,-0x8(r1) (GhidraScript)  
INFO  FindStoresAtDisplacement.java> 82345db0 82345db4 stw r12,-0x8(r1) (GhidraScript)  
INFO  FindStoresAtDisplacement.java> 82345db0 82345dd4 stw r10,0x8(r31) (GhidraScript)  
INFO  FindStoresAtDisplacement.java> 82345db0 82345df0 stw r6,0x28(r31) (GhidraScript)  
INFO  FindStoresAtDisplacement.java> 82345db0 82345dfc stw r3,0x18(r31) (GhidraScript)  
INFO  FindStoresAtDisplacement.java> 82345db0 82345e08 stw r11,0x8(r31) (GhidraScript)  
INFO  FindStoresAtDisplacement.java> 82345e28 82345e2c stw r12,-0x8(r1) (GhidraScript)  
INFO  FindStoresAtDisplacement.java> 82345ee0 82345ee4 stw r12,-0x8(r1) (GhidraScript)  
INFO  FindStoresAtDisplacement.java> 82345ee0 82345f10 stw r9,0x8(r31) (GhidraScript)  
INFO  FindStoresAtDisplacement.java> 82345ee0 82345f24 stw r3,0x18(r31) (GhidraScript)  
INFO  FindStoresAtDisplacement.java> 82345ee0 82345f30 stw r11,0x8(r31) (GhidraScript)  
INFO  FindStoresAtDisplacement.java> 82345f50 82345f54 stw r12,-0x8(r1) (GhidraScript)  
INFO  FindStoresAtDisplacement.java> 82346010 82346014 stw r12,-0x8(r1) (GhidraScript)  
INFO  FindStoresAtDisplacement.java> 82346010 82346058 stw r11,0x8(r31) (GhidraScript)  
INFO  FindStoresAtDisplacement.java> 82346070 82346074 stw r12,-0x8(r1) (GhidraScript)  
INFO  FindStoresAtDisplacement.java> 82346070 82346098 stw r11,0x8(r31) (GhidraScript)  
INFO  FindStoresAtDisplacement.java> 823460b0 823460b4 stw r12,-0x8(r1) (GhidraScript)  
INFO  FindStoresAtDisplacement.java> 82346160 82346164 stw r12,-0x8(r1) (GhidraScript)  
INFO  FindStoresAtDisplacement.java> 823461a8 823461ac stw r11,0x28(r3) (GhidraScript)  
INFO  FindStoresAtDisplacement.java> 82346208 8234620c stw r12,-0x8(r1) (GhidraScript)  
INFO  FindStoresAtDisplacement.java> 82346270 82346274 stw r12,-0x8(r1) (GhidraScript)  
INFO  FindStoresAtDisplacement.java> 823462a8 823462ac stw r12,-0x8(r1) (GhidraScript)  
INFO  FindStoresAtDisplacement.java> 823462a8 823462f4 stw r11,0x8(r31) (GhidraScript)  
INFO  FindStoresAtDisplacement.java> 82346398 8234639c stw r12,-0x8(r1) (GhidraScript)  
INFO  FindStoresAtDisplacement.java> 82346460 82346464 stw r12,-0x8(r1) (GhidraScript)  
INFO  FindStoresAtDisplacement.java> 82346768 8234676c stw r12,-0x8(r1) (GhidraScript)  
INFO  FindStoresAtDisplacement.java> 82346cd8 82346cdc stw r11,0x38(r3) (GhidraScript)  
INFO  FindStoresAtDisplacement.java> 82346ce8 82346cec stw r12,-0x8(r1) (GhidraScript)  
INFO  FindStoresAtDisplacement.java> 82346e90 82346e94 stw r12,-0x8(r1) (GhidraScript)  
INFO  FindStoresAtDisplacement.java> 82347618 8234761c stw r12,-0x8(r1) (GhidraScript)  
INFO  FindStoresAtDisplacement.java> 82347660 82347664 stw r12,-0x8(r1) (GhidraScript)  
INFO  FindStoresAtDisplacement.java> 82347758 8234775c stw r12,-0x8(r1) (GhidraScript)  
INFO  FindStoresAtDisplacement.java> 82347870 82347874 stw r12,-0x8(r1) (GhidraScript)  
INFO  FindStoresAtDisplacement.java> 823478c8 823478dc stw r9,0x8(r11) (GhidraScript)  
INFO  FindStoresAtDisplacement.java> 823478f0 82347938 stw r11,0x28(r3) (GhidraScript)  
INFO  FindStoresAtDisplacement.java> 82347948 8234794c stw r12,-0x8(r1) (GhidraScript)  
INFO  FindStoresAtDisplacement.java> 82347948 8234797c stw r10,0x2938(r9) (GhidraScript)  
INFO  FindStoresAtDisplacement.java> 82347948 823479dc stw r9,0x2928(r10) (GhidraScript)  
INFO  FindStoresAtDisplacement.java> 82347ac8 82347acc stw r12,-0x8(r1) (GhidraScript)  
INFO  FindStoresAtDisplacement.java> 82347ac8 82347afc stw r10,0x5c08(r9) (GhidraScript)  
INFO  FindStoresAtDisplacement.java> 82347c78 82347c7c stw r12,-0x8(r1) (GhidraScript)  
INFO  FindStoresAtDisplacement.java> 82347c78 82347ce0 stw r31,0x2938(r11) (GhidraScript)  
INFO  FindStoresAtDisplacement.java> 82347c78 82347cf0 stw r10,0x2928(r11) (GhidraScript)  
INFO  FindStoresAtDisplacement.java> 82347d90 82347d94 stw r12,-0x8(r1) (GhidraScript)  
INFO  FindStoresAtDisplacement.java> 82347d90 82347de0 stw r10,0x8(r30) (GhidraScript)  
INFO  FindStoresAtDisplacement.java> 82347d90 82347e10 stw r11,0xd98(r31) (GhidraScript)  
INFO  FindStoresAtDisplacement.java> 82347d90 82347e24 stw r9,0x18(r30) (GhidraScript)  
INFO  FindStoresAtDisplacement.java> 82347d90 82347e34 stw r11,0x8(r31) (GhidraScript)  
INFO  FindStoresAtDisplacement.java> 82347e50 82347e54 stw r12,-0x8(r1) (GhidraScript)  
INFO  FindStoresAtDisplacement.java> 82347e50 82347ed0 stw r10,0x8(r9) (GhidraScript)  
INFO  FindStoresAtDisplacement.java> 82347e50 82347f14 stw r11,0xd98(r31) (GhidraScript)  
INFO  FindStoresAtDisplacement.java> 82347e50 82347f1c stw r8,0x8(r30) (GhidraScript)  
INFO  FindStoresAtDisplacement.java> 82347e50 82347f20 stw r8,0x18(r30) (GhidraScript)  
INFO  FindStoresAtDisplacement.java> 82347e50 82347f30 stw r11,0x8(r31) (GhidraScript)  
INFO  FindStoresAtDisplacement.java> 823481d8 823481dc stw r12,-0x8(r1) (GhidraScript)  
INFO  FindStoresAtDisplacement.java> 82348aa8 82348aac stw r12,-0x8(r1) (GhidraScript)  
INFO  FindStoresAtDisplacement.java> 82348aa8 82348b30 stw r11,0x58(r1) (GhidraScript)  
INFO  FindStoresAtDisplacement.java> 82348db8 82348dbc stw r12,-0x8(r1) (GhidraScript)  
INFO  FindStoresAtDisplacement.java> 82348ec8 82348ecc stw r12,-0x8(r1) (GhidraScript)  
INFO  FindStoresAtDisplacement.java> 82348ec8 82348f48 stw r10,0x8(r9) (GhidraScript)  
INFO  FindStoresAtDisplacement.java> 82348ec8 82348f94 stw r8,0x8(r30) (GhidraScript)  
INFO  FindStoresAtDisplacement.java> 82348ec8 82348fa8 stw r11,0x8(r31) (GhidraScript)  
INFO  FindStoresAtDisplacement.java> 823497a8 823497ac stw r12,-0x8(r1) (GhidraScript)  
INFO  FindStoresAtDisplacement.java> 82349960 82349964 stw r12,-0x8(r1) (GhidraScript)  
INFO  FindStoresAtDisplacement.java> 823499d0 823499d4 stw r12,-0x8(r1) (GhidraScript)  
INFO  FindStoresAtDisplacement.java> 82349a10 82349a14 stw r12,-0x8(r1) (GhidraScript)  
INFO  FindStoresAtDisplacement.java> 82349bd8 82349bdc stw r12,-0x8(r1) (GhidraScript)  
INFO  FindStoresAtDisplacement.java> 82349c18 82349c1c stw r12,-0x8(r1) (GhidraScript)  
INFO  FindStoresAtDisplacement.java> 82349eb8 82349ebc stw r12,-0x8(r1) (GhidraScript)  
INFO  FindStoresAtDisplacement.java> 8234a618 8234a61c stw r12,-0x8(r1) (GhidraScript)  
INFO  FindStoresAtDisplacement.java> 8234a6b0 8234a6b4 stw r12,-0x8(r1) (GhidraScript)  
INFO  FindStoresAtDisplacement.java> 8234a950 8234a954 stw r12,-0x8(r1) (GhidraScript)  
INFO  FindStoresAtDisplacement.java> 8234aa68 8234aa98 stw r4,0x8(r3) (GhidraScript)  
INFO  FindStoresAtDisplacement.java> 8234aa68 8234aaa8 stw r10,0x18(r3) (GhidraScript)  
INFO  FindStoresAtDisplacement.java> 8234ab08 8234ab44 stw r11,0x18(r3) (GhidraScript)  
INFO  FindStoresAtDisplacement.java> 8234ab08 8234ab48 stw r10,0x8(r3) (GhidraScript)  
INFO  FindStoresAtDisplacement.java> 8234ab50 8234ab54 stw r12,-0x8(r1) (GhidraScript)  
INFO  FindStoresAtDisplacement.java> 8234abb8 8234abbc stw r12,-0x8(r1) (GhidraScript)  
INFO  FindStoresAtDisplacement.java> 8234abf8 8234abfc stw r12,-0x8(r1) (GhidraScript)  
INFO  FindStoresAtDisplacement.java> 8234ad10 8234ad14 stw r12,-0x8(r1) (GhidraScript)  
INFO  FindStoresAtDisplacement.java> 8234adb8 8234adbc stw r12,-0x8(r1) (GhidraScript)  
INFO  FindStoresAtDisplacement.java> 8234ae00 8234ae04 stw r12,-0x8(r1) (GhidraScript)  
INFO  FindStoresAtDisplacement.java> 8234b3a0 8234b3a4 stw r12,-0x8(r1) (GhidraScript)  
INFO  FindStoresAtDisplacement.java> 8234b5c8 8234b5cc stw r12,-0x8(r1) (GhidraScript)  
INFO  FindStoresAtDisplacement.java> 8234b608 8234b60c stw r12,-0x8(r1) (GhidraScript)  
INFO  FindStoresAtDisplacement.java> 8234b670 8234b674 stw r12,-0x8(r1) (GhidraScript)  
INFO  FindStoresAtDisplacement.java> 8234b6b0 8234b6b4 stw r12,-0x8(r1) (GhidraScript)  
INFO  FindStoresAtDisplacement.java> 8234b8e8 8234b8ec stw r12,-0x8(r1) (GhidraScript)  
INFO  FindStoresAtDisplacement.java> 8234bb88 8234bbb4 stw r4,0x8(r3) (GhidraScript)  
INFO  FindStoresAtDisplacement.java> 8234bc10 8234bc14 stw r12,-0x8(r1) (GhidraScript)  
INFO  FindStoresAtDisplacement.java> 8234bd08 8234bd0c stw r12,-0x8(r1) (GhidraScript)  
INFO  FindStoresAtDisplacement.java> 8234bd80 8234bd84 stw r12,-0x8(r1) (GhidraScript)  
INFO  FindStoresAtDisplacement.java> 8234be50 8234be54 stw r12,-0x8(r1) (GhidraScript)  
INFO  FindStoresAtDisplacement.java> 8234be50 8234be68 stw r5,0x8(r11) (GhidraScript)  
INFO  FindStoresAtDisplacement.java> 8234be88 8234beb0 stw r10,0x8(r11) (GhidraScript)  
INFO  FindStoresAtDisplacement.java> 8234c1a8 8234c1ac stw r12,-0x8(r1) (GhidraScript)  
INFO  FindStoresAtDisplacement.java> 8234c1f0 8234c1f4 stw r12,-0x8(r1) (GhidraScript)  
INFO  FindStoresAtDisplacement.java> 8234c250 8234c254 stw r12,-0x8(r1) (GhidraScript)  
INFO  FindStoresAtDisplacement.java> 8234c2b0 8234c2b4 stw r12,-0x8(r1) (GhidraScript)  
INFO  FindStoresAtDisplacement.java> 8234c3f8 8234c3fc stw r12,-0x8(r1) (GhidraScript)  
INFO  FindStoresAtDisplacement.java> 8234c578 8234c57c stw r12,-0x8(r1) (GhidraScript)  
INFO  FindStoresAtDisplacement.java> 8234c828 8234c82c stw r12,-0x8(r1) (GhidraScript)  
INFO  FindStoresAtDisplacement.java> 8234c828 8234c854 stw r4,0x8(r30) (GhidraScript)  
INFO  FindStoresAtDisplacement.java> 8234c828 8234c930 stw r10,0x18(r30) (GhidraScript)  
INFO  FindStoresAtDisplacement.java> 8234c9d8 8234c9dc stw r4,0x8(r3) (GhidraScript)  
INFO  FindStoresAtDisplacement.java> 8234ca28 8234ca2c stw r12,-0x8(r1) (GhidraScript)  
INFO  FindStoresAtDisplacement.java> 8234cab8 8234cabc stw r12,-0x8(r1) (GhidraScript)  
INFO  FindStoresAtDisplacement.java> 8234cb00 8234cb04 stw r12,-0x8(r1) (GhidraScript)  
INFO  FindStoresAtDisplacement.java> 8234cc28 8234cc2c stw r12,-0x8(r1) (GhidraScript)  
INFO  FindStoresAtDisplacement.java> 8234cce0 8234cce4 stw r4,0x18(r3) (GhidraScript)  
INFO  FindStoresAtDisplacement.java> 8234cd40 8234cd74 stw r10,0x8(r11) (GhidraScript)  
INFO  FindStoresAtDisplacement.java> 8234cdc0 8234cde0 stw r4,0x18(r10) (GhidraScript)  
INFO  FindStoresAtDisplacement.java> 8234cdc0 8234ce4c stw r4,0x8(r11) (GhidraScript)  
INFO  FindStoresAtDisplacement.java> 8234ce70 8234ce80 stw r4,0x18(r6) (GhidraScript)  
INFO  FindStoresAtDisplacement.java> 8234cf68 8234cf6c stw r12,-0x8(r1) (GhidraScript)  
INFO  FindStoresAtDisplacement.java> 8234cf98 8234cfa0 stw r4,0x8(r3) (GhidraScript)  
INFO  FindStoresAtDisplacement.java> 8234cfe0 8234cfe4 stw r12,-0x8(r1) (GhidraScript)  
INFO  FindStoresAtDisplacement.java> 8234cfe0 8234d030 stw r11,0x48(r31) (GhidraScript)  
INFO  FindStoresAtDisplacement.java> 8234cfe0 8234d03c stw r11,0x58(r31) (GhidraScript)  
INFO  FindStoresAtDisplacement.java> 8234cfe0 8234d04c stw r11,0x68(r31) (GhidraScript)  
INFO  FindStoresAtDisplacement.java> 8234cfe0 8234d054 stw r10,0x8(r31) (GhidraScript)  
INFO  FindStoresAtDisplacement.java> 8234cfe0 8234d070 stw r11,0x78(r31) (GhidraScript)  
INFO  FindStoresAtDisplacement.java> 8234d1b8 8234d1c8 sth r10,0x38(r3) (GhidraScript)  
INFO  FindStoresAtDisplacement.java> 8234d210 8234d214 stw r12,-0x8(r1) (GhidraScript)  
INFO  FindStoresAtDisplacement.java> 8234d310 8234d314 stw r12,-0x8(r1) (GhidraScript)  
INFO  FindStoresAtDisplacement.java> 8234d378 8234d37c stw r12,-0x8(r1) (GhidraScript)  
INFO  FindStoresAtDisplacement.java> 8234d378 8234d3cc stw r10,0x18(r31) (GhidraScript)  
INFO  FindStoresAtDisplacement.java> 8234d3f0 8234d3f4 stw r12,-0x8(r1) (GhidraScript)  
INFO  FindStoresAtDisplacement.java> 8234d478 8234d47c stw r12,-0x8(r1) (GhidraScript)  
INFO  FindStoresAtDisplacement.java> 8234d510 8234d514 stw r12,-0x8(r1) (GhidraScript)  
INFO  FindStoresAtDisplacement.java> 8234d510 8234d558 stw r3,0x8(r31) (GhidraScript)  
INFO  FindStoresAtDisplacement.java> 8234d5a0 8234d5a4 stw r12,-0x8(r1) (GhidraScript)  
INFO  FindStoresAtDisplacement.java> 8234d5a0 8234d5f4 stw r10,0x8(r31) (GhidraScript)  
INFO  FindStoresAtDisplacement.java> 8234d5a0 8234d5fc stw r11,0x48(r31) (GhidraScript)  
INFO  FindStoresAtDisplacement.java> 8234d940 8234d944 stw r12,-0x8(r1) (GhidraScript)  
INFO  FindStoresAtDisplacement.java> 8234dc90 8234dc94 stw r12,-0x8(r1) (GhidraScript)  
INFO  FindStoresAtDisplacement.java> 8234dda0 8234dda4 stw r12,-0x8(r1) (GhidraScript)  
INFO  FindStoresAtDisplacement.java> 8234ddf8 8234ddfc stw r12,-0x8(r1) (GhidraScript)  
INFO  FindStoresAtDisplacement.java> 8234ddf8 8234de18 stw r3,0x128(r10) (GhidraScript)  
INFO  FindStoresAtDisplacement.java> 8234de30 8234de34 stw r12,-0x8(r1) (GhidraScript)  
INFO  FindStoresAtDisplacement.java> 8234e888 8234e88c stw r12,-0x8(r1) (GhidraScript)  
INFO  FindStoresAtDisplacement.java> 8234e8f0 8234e8f4 stw r12,-0x8(r1) (GhidraScript)  
INFO  FindStoresAtDisplacement.java> 8234e8f0 8234e9cc stw r11,0x68(r1) (GhidraScript)  
INFO  FindStoresAtDisplacement.java> 8234ea00 8234ea04 stw r12,-0x8(r1) (GhidraScript)  
INFO  FindStoresAtDisplacement.java> 8234eb48 8234eb4c stw r12,-0x8(r1) (GhidraScript)  
INFO  FindStoresAtDisplacement.java> 8234eba8 8234ebac stw r12,-0x8(r1) (GhidraScript)  
INFO  FindStoresAtDisplacement.java> 8234eec8 8234eecc stw r12,-0x8(r1) (GhidraScript)  
INFO  FindStoresAtDisplacement.java> 8234ef58 8234ef5c stw r12,-0x8(r1) (GhidraScript)  
INFO  FindStoresAtDisplacement.java> 8234f038 8234f03c stw r12,-0x8(r1) (GhidraScript)  
INFO  FindStoresAtDisplacement.java> 8234f308 8234f30c stw r12,-0x8(r1) (GhidraScript)  
INFO  FindStoresAtDisplacement.java> 8234f620 8234f624 stw r12,-0x8(r1) (GhidraScript)  
INFO  FindStoresAtDisplacement.java> 8234f688 8234f68c stw r12,-0x8(r1) (GhidraScript)  
INFO  FindStoresAtDisplacement.java> 8234f6b8 8234f6bc stw r12,-0x8(r1) (GhidraScript)  
INFO  FindStoresAtDisplacement.java> 8234f6e8 8234f6ec stw r12,-0x8(r1) (GhidraScript)  
INFO  FindStoresAtDisplacement.java> 8234f788 8234f78c stw r12,-0x8(r1) (GhidraScript)  
INFO  FindStoresAtDisplacement.java> 8234fa60 8234fa64 stw r12,-0x8(r1) (GhidraScript)  
INFO  FindStoresAtDisplacement.java> 8234fb08 8234fb0c stw r12,-0x8(r1) (GhidraScript)  
INFO  FindStoresAtDisplacement.java> 8234fda0 8234fda4 stw r12,-0x8(r1) (GhidraScript)  
INFO  FindStoresAtDisplacement.java> 8234ff28 8234ff2c stw r12,-0x8(r1) (GhidraScript)  
INFO  FindStoresAtDisplacement.java> 82350008 8235000c stw r12,-0x8(r1) (GhidraScript)  
INFO  FindStoresAtDisplacement.java> 82350068 8235006c stw r12,-0x8(r1) (GhidraScript)  
INFO  FindStoresAtDisplacement.java> 823500c8 823500cc stw r12,-0x8(r1) (GhidraScript)  
INFO  FindStoresAtDisplacement.java> 823500c8 823500f4 stw r11,0x18(r31) (GhidraScript)  
INFO  FindStoresAtDisplacement.java> 82350288 8235028c stw r12,-0x8(r1) (GhidraScript)  
INFO  FindStoresAtDisplacement.java> 82350368 8235036c stw r12,-0x8(r1) (GhidraScript)  
INFO  FindStoresAtDisplacement.java> 823503c8 823503cc stw r12,-0x8(r1) (GhidraScript)  
INFO  FindStoresAtDisplacement.java> 82350720 82350724 stw r12,-0x8(r1) (GhidraScript)  
INFO  FindStoresAtDisplacement.java> 82350868 8235086c stw r12,-0x8(r1) (GhidraScript)  
INFO  FindStoresAtDisplacement.java> 82350908 8235090c stw r12,-0x8(r1) (GhidraScript)  
INFO  FindStoresAtDisplacement.java> 82350908 82350924 stw r11,0x868(r31) (GhidraScript)  
INFO  FindStoresAtDisplacement.java> 82350bf0 82350bf4 stw r12,-0x8(r1) (GhidraScript)  
INFO  FindStoresAtDisplacement.java> 82350e98 82350e9c stw r12,-0x8(r1) (GhidraScript)  
INFO  FindStoresAtDisplacement.java> 82350f08 82350f0c stw r12,-0x8(r1) (GhidraScript)  
INFO  FindStoresAtDisplacement.java> 82350f08 82350f3c stw r11,0x88(r31) (GhidraScript)  
INFO  FindStoresAtDisplacement.java> 82351258 8235125c stw r12,-0x8(r1) (GhidraScript)  
INFO  FindStoresAtDisplacement.java> 82351258 8235129c stb r11,0x108(r31) (GhidraScript)  
INFO  FindStoresAtDisplacement.java> 82351258 823512a0 stb r11,0x208(r31) (GhidraScript)  
INFO  FindStoresAtDisplacement.java> 82351360 82351364 stw r12,-0x8(r1) (GhidraScript)  
INFO  FindStoresAtDisplacement.java> 82351400 82351404 stw r12,-0x8(r1) (GhidraScript)  
INFO  FindStoresAtDisplacement.java> 82351478 8235147c stw r12,-0x8(r1) (GhidraScript)  
INFO  FindStoresAtDisplacement.java> 82351a00 82351a04 stw r12,-0x8(r1) (GhidraScript)  
INFO  FindStoresAtDisplacement.java> 82351a68 82351a6c stw r12,-0x8(r1) (GhidraScript)  
INFO  FindStoresAtDisplacement.java> 82351c48 82351c4c stw r12,-0x8(r1) (GhidraScript)  
INFO  FindStoresAtDisplacement.java> 82351f38 82351f3c stw r12,-0x8(r1) (GhidraScript)  
INFO  FindStoresAtDisplacement.java> 82351fd0 82351fd4 stw r12,-0x8(r1) (GhidraScript)  
INFO  FindStoresAtDisplacement.java> 82352b88 82352b8c stw r12,-0x8(r1) (GhidraScript)  
INFO  FindStoresAtDisplacement.java> 82352be8 82352bec stw r12,-0x8(r1) (GhidraScript)  
INFO  FindStoresAtDisplacement.java> 82352c48 82352c4c stw r12,-0x8(r1) (GhidraScript)  
INFO  FindStoresAtDisplacement.java> 82354b40 82354b44 stw r12,-0x8(r1) (GhidraScript)  
INFO  FindStoresAtDisplacement.java> 82354ca0 82354ca4 stw r12,-0x8(r1) (GhidraScript)  
INFO  FindStoresAtDisplacement.java> 82354e20 82354e24 stw r12,-0x8(r1) (GhidraScript)  
INFO  FindStoresAtDisplacement.java> 82354ec0 82354ec4 stw r12,-0x8(r1) (GhidraScript)  
INFO  FindStoresAtDisplacement.java> 82354f40 82354f44 stw r12,-0x8(r1) (GhidraScript)  
INFO  FindStoresAtDisplacement.java> 82354fe8 82354fec stw r12,-0x8(r1) (GhidraScript)  
INFO  FindStoresAtDisplacement.java> 82355058 8235505c stw r12,-0x8(r1) (GhidraScript)  
INFO  FindStoresAtDisplacement.java> 823552a0 823552a4 stw r12,-0x8(r1) (GhidraScript)  
INFO  FindStoresAtDisplacement.java> 82356b30 82356b34 stw r12,-0x8(r1) (GhidraScript)  
INFO  FindStoresAtDisplacement.java> 82356ca8 82356cac stw r12,-0x8(r1) (GhidraScript)  
INFO  FindStoresAtDisplacement.java> 82356f58 82356f5c stw r12,-0x8(r1) (GhidraScript)  
INFO  FindStoresAtDisplacement.java> 82357038 8235703c stw r12,-0x8(r1) (GhidraScript)  
INFO  FindStoresAtDisplacement.java> 82357080 82357084 stw r12,-0x8(r1) (GhidraScript)  
INFO  FindStoresAtDisplacement.java> 82357128 8235712c stw r12,-0x8(r1) (GhidraScript)  
INFO  FindStoresAtDisplacement.java> 82357170 82357174 stw r12,-0x8(r1) (GhidraScript)  
INFO  FindStoresAtDisplacement.java> 8235a220 8235a224 stw r12,-0x8(r1) (GhidraScript)  
INFO  FindStoresAtDisplacement.java> 8235b350 8235b354 stw r12,-0x8(r1) (GhidraScript)  
INFO  FindStoresAtDisplacement.java> 8235b4c0 8235b4c4 stw r12,-0x8(r1) (GhidraScript)  
INFO  FindStoresAtDisplacement.java> 8235ba30 8235ba34 stw r12,-0x8(r1) (GhidraScript)  
INFO  FindStoresAtDisplacement.java> 8235bc78 8235bc7c stw r12,-0x8(r1) (GhidraScript)  
INFO  FindStoresAtDisplacement.java> 8235be58 8235be5c stw r12,-0x8(r1) (GhidraScript)  
INFO  FindStoresAtDisplacement.java> 8235bf10 8235bf14 stw r12,-0x8(r1) (GhidraScript)  
INFO  FindStoresAtDisplacement.java> 8235bfe8 8235bfec stw r12,-0x8(r1) (GhidraScript)  
INFO  FindStoresAtDisplacement.java> 8235c5f0 8235c5f4 stw r12,-0x8(r1) (GhidraScript)  
INFO  FindStoresAtDisplacement.java> 8235ca10 8235ca14 stw r12,-0x8(r1) (GhidraScript)  
INFO  FindStoresAtDisplacement.java> 8235ccf8 8235ccfc stw r12,-0x8(r1) (GhidraScript)  
INFO  FindStoresAtDisplacement.java> 8235cec0 8235cec4 stw r12,-0x8(r1) (GhidraScript)  
INFO  FindStoresAtDisplacement.java> 8235d048 8235d04c stw r12,-0x8(r1) (GhidraScript)  
INFO  FindStoresAtDisplacement.java> 8235d6e0 8235d6e4 stw r12,-0x8(r1) (GhidraScript)  
INFO  FindStoresAtDisplacement.java> 8235d840 8235d844 stw r12,-0x8(r1) (GhidraScript)  
INFO  FindStoresAtDisplacement.java> 8235d9a0 8235d9a4 stw r12,-0x8(r1) (GhidraScript)  
INFO  FindStoresAtDisplacement.java> 8235db60 8235db64 stw r12,-0x8(r1) (GhidraScript)  
INFO  FindStoresAtDisplacement.java> 8235e040 8235e044 stw r12,-0x8(r1) (GhidraScript)  
INFO  FindStoresAtDisplacement.java> 8235e200 8235e204 stw r12,-0x8(r1) (GhidraScript)  
INFO  FindStoresAtDisplacement.java> 8235e298 8235e29c stw r12,-0x8(r1) (GhidraScript)  
INFO  FindStoresAtDisplacement.java> 8235e308 8235e30c stw r12,-0x8(r1) (GhidraScript)  
INFO  FindStoresAtDisplacement.java> 8235e410 8235e414 stw r12,-0x8(r1) (GhidraScript)  
INFO  FindStoresAtDisplacement.java> 8235e580 8235e584 stw r12,-0x8(r1) (GhidraScript)  
INFO  FindStoresAtDisplacement.java> 8235eaf8 8235eafc stw r12,-0x8(r1) (GhidraScript)  
INFO  FindStoresAtDisplacement.java> 8235ed40 8235ed44 stw r12,-0x8(r1) (GhidraScript)  
INFO  FindStoresAtDisplacement.java> 8235ef20 8235ef24 stw r12,-0x8(r1) (GhidraScript)  
INFO  FindStoresAtDisplacement.java> 8235efd8 8235efdc stw r12,-0x8(r1) (GhidraScript)  
INFO  FindStoresAtDisplacement.java> 8235f0b0 8235f0b4 stw r12,-0x8(r1) (GhidraScript)  
INFO  FindStoresAtDisplacement.java> 8235f6c0 8235f6c4 stw r12,-0x8(r1) (GhidraScript)  
INFO  FindStoresAtDisplacement.java> 8235fae8 8235faec stw r12,-0x8(r1) (GhidraScript)  
INFO  FindStoresAtDisplacement.java> 8235fdd0 8235fdd4 stw r12,-0x8(r1) (GhidraScript)  
INFO  FindStoresAtDisplacement.java> 8235ffa0 8235ffa4 stw r12,-0x8(r1) (GhidraScript)  
INFO  FindStoresAtDisplacement.java> 82360128 8236012c stw r12,-0x8(r1) (GhidraScript)  
INFO  FindStoresAtDisplacement.java> 823607d8 823607dc stw r12,-0x8(r1) (GhidraScript)  
INFO  FindStoresAtDisplacement.java> 82360938 8236093c stw r12,-0x8(r1) (GhidraScript)  
INFO  FindStoresAtDisplacement.java> 82360a98 82360a9c stw r12,-0x8(r1) (GhidraScript)  
INFO  FindStoresAtDisplacement.java> 82360c58 82360c5c stw r12,-0x8(r1) (GhidraScript)  
INFO  FindStoresAtDisplacement.java> 82361138 8236113c stw r12,-0x8(r1) (GhidraScript)  
INFO  FindStoresAtDisplacement.java> 823612f0 823612f4 stw r12,-0x8(r1) (GhidraScript)  
INFO  FindStoresAtDisplacement.java> 82361388 8236138c stw r12,-0x8(r1) (GhidraScript)  
INFO  FindStoresAtDisplacement.java> 823613f8 823613fc stw r12,-0x8(r1) (GhidraScript)  
INFO  FindStoresAtDisplacement.java> 82361860 82361864 stw r12,-0x8(r1) (GhidraScript)  
INFO  FindStoresAtDisplacement.java> 823618c8 823618cc stw r12,-0x8(r1) (GhidraScript)  
INFO  FindStoresAtDisplacement.java> 823618c8 8236190c stw r30,0x48(r31) (GhidraScript)  
INFO  FindStoresAtDisplacement.java> 82361928 8236192c stw r12,-0x8(r1) (GhidraScript)  
INFO  FindStoresAtDisplacement.java> 82363328 8236332c stw r12,-0x8(r1) (GhidraScript)  
INFO  FindStoresAtDisplacement.java> 82363e98 82363e9c stw r12,-0x8(r1) (GhidraScript)  
INFO  FindStoresAtDisplacement.java> 82363f10 82363f1c stw r4,0x28(r3) (GhidraScript)  
INFO  FindStoresAtDisplacement.java> 82363f10 82363f3c stw r11,0x8(r3) (GhidraScript)  
INFO  FindStoresAtDisplacement.java> 82365d68 82365d6c stw r12,-0x8(r1) (GhidraScript)  
INFO  FindStoresAtDisplacement.java> 82365db8 82365dbc stw r12,-0x8(r1) (GhidraScript)  
INFO  FindStoresAtDisplacement.java> 82366070 82366074 stw r12,-0x8(r1) (GhidraScript)  
INFO  FindStoresAtDisplacement.java> 823660d8 823660dc stw r12,-0x8(r1) (GhidraScript)  
INFO  FindStoresAtDisplacement.java> 82366240 82366244 stw r12,-0x8(r1) (GhidraScript)  
INFO  FindStoresAtDisplacement.java> 82366760 82366764 stw r12,-0x8(r1) (GhidraScript)  
INFO  FindStoresAtDisplacement.java> 823667a8 823667ac stw r12,-0x8(r1) (GhidraScript)  
INFO  FindStoresAtDisplacement.java> 823668b0 823668b4 stw r12,-0x8(r1) (GhidraScript)  
INFO  FindStoresAtDisplacement.java> 823668b0 82366928 stw r3,0x28(r31) (GhidraScript)  
INFO  FindStoresAtDisplacement.java> 823668b0 823669a8 stw r30,0x28(r31) (GhidraScript)  
INFO  FindStoresAtDisplacement.java> 823669d0 823669d4 stw r12,-0x8(r1) (GhidraScript)  
INFO  FindStoresAtDisplacement.java> 82366aa0 82366aa4 stw r12,-0x8(r1) (GhidraScript)  
INFO  FindStoresAtDisplacement.java> 82366bc0 82366bc4 stw r12,-0x8(r1) (GhidraScript)  
INFO  FindStoresAtDisplacement.java> 82366d18 82366d1c stw r12,-0x8(r1) (GhidraScript)  
INFO  FindStoresAtDisplacement.java> 82366dc8 82366dcc stw r12,-0x8(r1) (GhidraScript)  
INFO  FindStoresAtDisplacement.java> 82366df8 82366dfc stw r12,-0x8(r1) (GhidraScript)  
INFO  FindStoresAtDisplacement.java> 82366e58 82366e5c stw r12,-0x8(r1) (GhidraScript)  
INFO  FindStoresAtDisplacement.java> 82366e88 82366e8c stw r12,-0x8(r1) (GhidraScript)  
INFO  FindStoresAtDisplacement.java> 82366eb8 82366ebc stw r12,-0x8(r1) (GhidraScript)  
INFO  FindStoresAtDisplacement.java> 82366f88 82366f8c stw r12,-0x8(r1) (GhidraScript)  
INFO  FindStoresAtDisplacement.java> 823670f8 823670fc stw r12,-0x8(r1) (GhidraScript)  
INFO  FindStoresAtDisplacement.java> 82367160 82367164 stw r12,-0x8(r1) (GhidraScript)  
INFO  FindStoresAtDisplacement.java> 823673d0 823673d4 stw r12,-0x8(r1) (GhidraScript)  
INFO  FindStoresAtDisplacement.java> 82367700 82367704 stw r12,-0x8(r1) (GhidraScript)  
INFO  FindStoresAtDisplacement.java> 823679b8 823679bc stw r12,-0x8(r1) (GhidraScript)  
INFO  FindStoresAtDisplacement.java> 82367fb0 82367fb4 stw r12,-0x8(r1) (GhidraScript)  
INFO  FindStoresAtDisplacement.java> 82368228 8236822c stw r12,-0x8(r1) (GhidraScript)  
INFO  FindStoresAtDisplacement.java> 82368228 82368250 stw r11,0x58(r1) (GhidraScript)  
INFO  FindStoresAtDisplacement.java> 823687b8 823687bc stw r12,-0x8(r1) (GhidraScript)  
INFO  FindStoresAtDisplacement.java> 823687f8 823687fc stw r12,-0x8(r1) (GhidraScript)  
INFO  FindStoresAtDisplacement.java> 82368bc8 82368bcc stw r12,-0x8(r1) (GhidraScript)  
INFO  FindStoresAtDisplacement.java> 82369338 8236933c stw r12,-0x8(r1) (GhidraScript)  
INFO  FindStoresAtDisplacement.java> 823693d8 823693dc stw r12,-0x8(r1) (GhidraScript)  
INFO  FindStoresAtDisplacement.java> 82369420 82369424 stw r12,-0x8(r1) (GhidraScript)  
INFO  FindStoresAtDisplacement.java> 823695c0 823695c4 stw r12,-0x8(r1) (GhidraScript)  
INFO  FindStoresAtDisplacement.java> 823699d0 823699d4 stw r12,-0x8(r1) (GhidraScript)  
INFO  FindStoresAtDisplacement.java> 82369bc8 82369bcc stw r12,-0x8(r1) (GhidraScript)  
INFO  FindStoresAtDisplacement.java> 82369d88 82369d8c stw r12,-0x8(r1) (GhidraScript)  
INFO  FindStoresAtDisplacement.java> 82369d88 82369dbc stw r30,0x18(r31) (GhidraScript)  
INFO  FindStoresAtDisplacement.java> 82369d88 82369dc0 stw r30,0x8(r31) (GhidraScript)  
INFO  FindStoresAtDisplacement.java> 82369ec0 82369ec4 stw r12,-0x8(r1) (GhidraScript)  
INFO  FindStoresAtDisplacement.java> 8236a598 8236a59c stw r12,-0x8(r1) (GhidraScript)  
INFO  FindStoresAtDisplacement.java> 8236a620 8236a624 stw r12,-0x8(r1) (GhidraScript)  
INFO  FindStoresAtDisplacement.java> 8236a698 8236a69c stw r12,-0x8(r1) (GhidraScript)  
INFO  FindStoresAtDisplacement.java> 8236add0 8236add0 stw r4,0x8(r3) (GhidraScript)  
INFO  FindStoresAtDisplacement.java> 8236b300 8236b30c stw r11,0x8(r3) (GhidraScript)  
INFO  FindStoresAtDisplacement.java> 8236b300 8236b31c stw r11,0x18(r3) (GhidraScript)  
INFO  FindStoresAtDisplacement.java> 8236b4b0 8236b4b4 stw r12,-0x8(r1) (GhidraScript)  
INFO  FindStoresAtDisplacement.java> 8236b4b0 8236b4fc stw r11,0x58(r1) (GhidraScript)  
INFO  FindStoresAtDisplacement.java> 8236b5b0 8236b5b4 stw r12,-0x8(r1) (GhidraScript)  
INFO  FindStoresAtDisplacement.java> 8236b5d8 8236b5dc stw r12,-0x8(r1) (GhidraScript)  
INFO  FindStoresAtDisplacement.java> 8236b750 8236b754 stw r12,-0x8(r1) (GhidraScript)  
INFO  FindStoresAtDisplacement.java> 8236b898 8236b89c stw r12,-0x8(r1) (GhidraScript)  
INFO  FindStoresAtDisplacement.java> 8236b898 8236b8c0 stw r11,0x18(r31) (GhidraScript)  
INFO  FindStoresAtDisplacement.java> 8236bc48 8236bc4c stw r12,-0x8(r1) (GhidraScript)  
INFO  FindStoresAtDisplacement.java> 8236bf18 8236bf1c stw r12,-0x8(r1) (GhidraScript)  
INFO  FindStoresAtDisplacement.java> 8236c448 8236c44c stw r12,-0x8(r1) (GhidraScript)  
INFO  FindStoresAtDisplacement.java> 8236c598 8236c59c stw r12,-0x8(r1) (GhidraScript)  
INFO  FindStoresAtDisplacement.java> 8236c648 8236c64c stw r12,-0x8(r1) (GhidraScript)  
INFO  FindStoresAtDisplacement.java> 8236cda0 8236cda4 stw r12,-0x8(r1) (GhidraScript)  
INFO  FindStoresAtDisplacement.java> 8236cfa0 8236cfa4 stw r12,-0x8(r1) (GhidraScript)  
INFO  FindStoresAtDisplacement.java> 8236d058 8236d05c stw r12,-0x8(r1) (GhidraScript)  
INFO  FindStoresAtDisplacement.java> 8236d230 8236d234 stw r12,-0x8(r1) (GhidraScript)  
INFO  FindStoresAtDisplacement.java> 8236d508 8236d50c stw r12,-0x8(r1) (GhidraScript)  
INFO  FindStoresAtDisplacement.java> 8236d550 8236d554 stw r12,-0x8(r1) (GhidraScript)  
INFO  FindStoresAtDisplacement.java> 8236dbb8 8236dbbc stw r12,-0x8(r1) (GhidraScript)  
INFO  FindStoresAtDisplacement.java> 8236dbb8 8236dc10 stw r11,0x2e48(r10) (GhidraScript)  
INFO  FindStoresAtDisplacement.java> 8236dd58 8236dd5c stw r12,-0x8(r1) (GhidraScript)  
INFO  FindStoresAtDisplacement.java> 8236de68 8236de6c stw r12,-0x8(r1) (GhidraScript)  
INFO  FindStoresAtDisplacement.java> 8236df28 8236df2c stw r12,-0x8(r1) (GhidraScript)  
INFO  FindStoresAtDisplacement.java> 8236e000 8236e004 stw r12,-0x8(r1) (GhidraScript)  
INFO  FindStoresAtDisplacement.java> 8236e2b0 8236e2b4 stw r12,-0x8(r1) (GhidraScript)  
INFO  FindStoresAtDisplacement.java> 8236e2b0 8236e2f8 stw r3,0x2e68(r31) (GhidraScript)  
INFO  FindStoresAtDisplacement.java> 8236e2b0 8236e304 stw r11,0x2e68(r31) (GhidraScript)  
INFO  FindStoresAtDisplacement.java> 8236e558 8236e5a4 stw r5,0x18(r11) (GhidraScript)  
INFO  FindStoresAtDisplacement.java> 8236e5c8 8236e674 stw r8,0x8(r4) (GhidraScript)  
INFO  FindStoresAtDisplacement.java> 8236e708 8236e70c stw r12,-0x8(r1) (GhidraScript)  
INFO  FindStoresAtDisplacement.java> 8236e980 8236e984 stw r12,-0x8(r1) (GhidraScript)  
INFO  FindStoresAtDisplacement.java> 8236e980 8236e9a8 stb r31,0x58(r1) (GhidraScript)  
INFO  FindStoresAtDisplacement.java> 8236e980 8236e9f4 stw r10,0x68(r1) (GhidraScript)  
INFO  FindStoresAtDisplacement.java> 8236ed08 8236ed0c stw r12,-0x8(r1) (GhidraScript)  
INFO  FindStoresAtDisplacement.java> 8236eee0 8236eee4 stw r12,-0x8(r1) (GhidraScript)  
INFO  FindStoresAtDisplacement.java> 8236eee0 8236ef0c stw r4,0x8(r11) (GhidraScript)  
INFO  FindStoresAtDisplacement.java> 8236ef40 8236ef44 stw r12,-0x8(r1) (GhidraScript)  
INFO  FindStoresAtDisplacement.java> 8236efd8 8236efdc stw r12,-0x8(r1) (GhidraScript)  
INFO  FindStoresAtDisplacement.java> 8236f140 8236f144 stw r12,-0x8(r1) (GhidraScript)  
INFO  FindStoresAtDisplacement.java> 8236f268 8236f26c stw r12,-0x8(r1) (GhidraScript)  
INFO  FindStoresAtDisplacement.java> 8236f4c0 8236f4c4 stw r12,-0x8(r1) (GhidraScript)  
INFO  FindStoresAtDisplacement.java> 8236f4c0 8236f540 stw r11,0x1c48(r31) (GhidraScript)  
INFO  FindStoresAtDisplacement.java> 8236f4c0 8236f550 stw r11,0x1c38(r31) (GhidraScript)  
INFO  FindStoresAtDisplacement.java> 8236f570 8236f574 stw r12,-0x8(r1) (GhidraScript)  
INFO  FindStoresAtDisplacement.java> 8236fb88 8236fb8c stw r12,-0x8(r1) (GhidraScript)  
INFO  FindStoresAtDisplacement.java> 82370180 82370184 stw r12,-0x8(r1) (GhidraScript)  
INFO  FindStoresAtDisplacement.java> 82370568 82370584 stw r11,0x28(r3) (GhidraScript)  
INFO  FindStoresAtDisplacement.java> 82370568 82370588 stw r11,0x18(r3) (GhidraScript)  
INFO  FindStoresAtDisplacement.java> 823705b0 823705c8 stw r10,0x28(r11) (GhidraScript)  
INFO  FindStoresAtDisplacement.java> 823705b0 823705cc stw r10,0x18(r11) (GhidraScript)  
INFO  FindStoresAtDisplacement.java> 823705b0 823705e4 stw r10,0x8(r11) (GhidraScript)  
INFO  FindStoresAtDisplacement.java> 823705f8 823705fc stw r12,-0x8(r1) (GhidraScript)  
INFO  FindStoresAtDisplacement.java> 823705f8 82370638 stw r30,0x8(r31) (GhidraScript)  
INFO  FindStoresAtDisplacement.java> 823705f8 82370640 stw r30,0x28(r31) (GhidraScript)  
INFO  FindStoresAtDisplacement.java> 82370660 82370664 stw r12,-0x8(r1) (GhidraScript)  
INFO  FindStoresAtDisplacement.java> 823706e0 823706e4 stw r12,-0x8(r1) (GhidraScript)  
INFO  FindStoresAtDisplacement.java> 823707b0 823707b4 stw r12,-0x8(r1) (GhidraScript)  
INFO  FindStoresAtDisplacement.java> 82370888 8237088c stw r12,-0x8(r1) (GhidraScript)  
INFO  FindStoresAtDisplacement.java> 82370c40 82370c44 stw r12,-0x8(r1) (GhidraScript)  
INFO  FindStoresAtDisplacement.java> 82370c40 82370c8c stb r11,0x88(r1) (GhidraScript)  
INFO  FindStoresAtDisplacement.java> 82370c40 82370cac stb r11,0x98(r1) (GhidraScript)  
INFO  FindStoresAtDisplacement.java> 82370c40 82370ccc stb r11,0xa8(r1) (GhidraScript)  
INFO  FindStoresAtDisplacement.java> 82370c40 82370cec stb r6,0xb8(r1) (GhidraScript)  
INFO  FindStoresAtDisplacement.java> 82370c40 82370d0c stb r6,0xc8(r1) (GhidraScript)  
INFO  FindStoresAtDisplacement.java> 82370c40 82370d2c stb r6,0xd8(r1) (GhidraScript)  
INFO  FindStoresAtDisplacement.java> 82370c40 82370d44 stb r10,0xe8(r1) (GhidraScript)  
INFO  FindStoresAtDisplacement.java> 82370c40 82370d54 stb r10,0xf8(r1) (GhidraScript)  
INFO  FindStoresAtDisplacement.java> 82370c40 82370d64 stb r10,0x108(r1) (GhidraScript)  
INFO  FindStoresAtDisplacement.java> 82370c40 82370d74 stb r7,0x118(r1) (GhidraScript)  
INFO  FindStoresAtDisplacement.java> 82370c40 82370d84 stb r7,0x128(r1) (GhidraScript)  
INFO  FindStoresAtDisplacement.java> 82370c40 82370da8 stb r9,0x178(r1) (GhidraScript)  
INFO  FindStoresAtDisplacement.java> 82370c40 82370db8 stb r9,0x188(r1) (GhidraScript)  
INFO  FindStoresAtDisplacement.java> 82370c40 82370dc8 stb r9,0x198(r1) (GhidraScript)  
INFO  FindStoresAtDisplacement.java> 82370c40 82370dd8 stb r9,0x78(r1) (GhidraScript)  
INFO  FindStoresAtDisplacement.java> 82370c40 82370e00 stb r9,0x1a8(r1) (GhidraScript)  
INFO  FindStoresAtDisplacement.java> 82370c40 82370e68 stb r7,0x138(r1) (GhidraScript)  
INFO  FindStoresAtDisplacement.java> 82370c40 82370e70 stb r8,0x148(r1) (GhidraScript)  
INFO  FindStoresAtDisplacement.java> 82370c40 82370e7c stb r8,0x158(r1) (GhidraScript)  
INFO  FindStoresAtDisplacement.java> 82370c40 82370e80 stw r5,0x1c8(r1) (GhidraScript)  
INFO  FindStoresAtDisplacement.java> 82370c40 82370e90 stb r8,0x168(r1) (GhidraScript)  
INFO  FindStoresAtDisplacement.java> 82370c40 82370ea0 stb r6,0x58(r1) (GhidraScript)  
INFO  FindStoresAtDisplacement.java> 82370c40 82370ea4 stb r7,0x68(r1) (GhidraScript)  
INFO  FindStoresAtDisplacement.java> 82370f78 82370f7c stw r12,-0x8(r1) (GhidraScript)  
INFO  FindStoresAtDisplacement.java> 823717c8 823717cc stw r12,-0x8(r1) (GhidraScript)  
INFO  FindStoresAtDisplacement.java> 82371858 8237185c stw r12,-0x8(r1) (GhidraScript)  
INFO  FindStoresAtDisplacement.java> 823718b0 823718b4 stw r12,-0x8(r1) (GhidraScript)  
INFO  FindStoresAtDisplacement.java> 82371908 8237190c stw r12,-0x8(r1) (GhidraScript)  
INFO  FindStoresAtDisplacement.java> 82371968 8237196c stw r12,-0x8(r1) (GhidraScript)  
INFO  FindStoresAtDisplacement.java> 823719b8 823719bc stw r12,-0x8(r1) (GhidraScript)  
INFO  FindStoresAtDisplacement.java> 82371b40 82371b44 stw r12,-0x8(r1) (GhidraScript)  
INFO  FindStoresAtDisplacement.java> 82371c50 82371c54 stw r12,-0x8(r1) (GhidraScript)  
INFO  FindStoresAtDisplacement.java> 82371cb8 82371cbc stw r12,-0x8(r1) (GhidraScript)  
INFO  FindStoresAtDisplacement.java> 82371d10 82371d14 stw r12,-0x8(r1) (GhidraScript)  
INFO  FindStoresAtDisplacement.java> 82371d68 82371d6c stw r12,-0x8(r1) (GhidraScript)  
INFO  FindStoresAtDisplacement.java> 82371ec0 82371ec4 stw r12,-0x8(r1) (GhidraScript)  
INFO  FindStoresAtDisplacement.java> 823722a8 823722ac stw r12,-0x8(r1) (GhidraScript)  
INFO  FindStoresAtDisplacement.java> 82372330 82372334 stw r12,-0x8(r1) (GhidraScript)  
INFO  FindStoresAtDisplacement.java> 82372378 8237237c stw r12,-0x8(r1) (GhidraScript)  
INFO  FindStoresAtDisplacement.java> 82372488 8237248c stw r12,-0x8(r1) (GhidraScript)  
INFO  FindStoresAtDisplacement.java> 823724c8 823724cc stw r12,-0x8(r1) (GhidraScript)  
INFO  FindStoresAtDisplacement.java> 82372508 8237250c stw r12,-0x8(r1) (GhidraScript)  
INFO  FindStoresAtDisplacement.java> 82372560 82372564 stw r12,-0x8(r1) (GhidraScript)  
INFO  FindStoresAtDisplacement.java> 82372618 8237261c stw r12,-0x8(r1) (GhidraScript)  
INFO  FindStoresAtDisplacement.java> 82372688 8237268c stw r12,-0x8(r1) (GhidraScript)  
INFO  FindStoresAtDisplacement.java> 823726d8 823726dc stw r12,-0x8(r1) (GhidraScript)  
INFO  FindStoresAtDisplacement.java> 82372da8 82372dac stw r12,-0x8(r1) (GhidraScript)  
INFO  FindStoresAtDisplacement.java> 82372ee8 82372eec stw r12,-0x8(r1) (GhidraScript)  
INFO  FindStoresAtDisplacement.java> 82372fa0 82372fa4 stw r12,-0x8(r1) (GhidraScript)  
INFO  FindStoresAtDisplacement.java> 823730d0 823730d4 stw r12,-0x8(r1) (GhidraScript)  
INFO  FindStoresAtDisplacement.java> 823731d0 823731d4 stw r12,-0x8(r1) (GhidraScript)  
INFO  FindStoresAtDisplacement.java> 82373290 82373294 stw r12,-0x8(r1) (GhidraScript)  
INFO  FindStoresAtDisplacement.java> 82373300 82373304 stw r12,-0x8(r1) (GhidraScript)  
INFO  FindStoresAtDisplacement.java> 82373368 8237336c stw r12,-0x8(r1) (GhidraScript)  
INFO  FindStoresAtDisplacement.java> 823733a8 823733ac stw r12,-0x8(r1) (GhidraScript)  
INFO  FindStoresAtDisplacement.java> 823733e0 823733e4 stw r12,-0x8(r1) (GhidraScript)  
INFO  FindStoresAtDisplacement.java> 823735b0 823735b4 stw r12,-0x8(r1) (GhidraScript)  
INFO  FindStoresAtDisplacement.java> 823735b0 823735d4 stb r11,0x58(r1) (GhidraScript)  
INFO  FindStoresAtDisplacement.java> 82373640 82373644 stw r12,-0x8(r1) (GhidraScript)  
INFO  FindStoresAtDisplacement.java> 82373640 8237365c stb r11,0x58(r1) (GhidraScript)  
INFO  FindStoresAtDisplacement.java> 82374490 82374494 stw r12,-0x8(r1) (GhidraScript)  
INFO  FindStoresAtDisplacement.java> 82374490 82374578 stw r10,0x148(r3) (GhidraScript)  
INFO  FindStoresAtDisplacement.java> 823746d8 82374730 stw r11,0x58(r3) (GhidraScript)  
INFO  FindStoresAtDisplacement.java> 823746d8 8237473c stw r11,0x68(r3) (GhidraScript)  
INFO  FindStoresAtDisplacement.java> 823746d8 82374740 stw r11,0x78(r3) (GhidraScript)  
INFO  FindStoresAtDisplacement.java> 82374748 8237476c stw r4,0x88(r11) (GhidraScript)  
INFO  FindStoresAtDisplacement.java> 82374748 82374794 stw r10,0x218(r11) (GhidraScript)  
INFO  FindStoresAtDisplacement.java> 823747e8 823747ec stw r12,-0x8(r1) (GhidraScript)  
INFO  FindStoresAtDisplacement.java> 823747e8 8237483c stw r10,0x128(r11) (GhidraScript)  
INFO  FindStoresAtDisplacement.java> 823747e8 82374890 stw r5,0x148(r11) (GhidraScript)  
INFO  FindStoresAtDisplacement.java> 823747e8 823748b4 stw r7,0x148(r11) (GhidraScript)  
INFO  FindStoresAtDisplacement.java> 823748e0 823748e4 stw r12,-0x8(r1) (GhidraScript)  
INFO  FindStoresAtDisplacement.java> 823748e0 8237495c stw r3,0x218(r31) (GhidraScript)  
INFO  FindStoresAtDisplacement.java> 82374978 8237497c stw r12,-0x8(r1) (GhidraScript)  
INFO  FindStoresAtDisplacement.java> 82374978 823749d8 stb r11,0x58(r1) (GhidraScript)  
INFO  FindStoresAtDisplacement.java> 82374d28 82374d2c stw r12,-0x8(r1) (GhidraScript)  
INFO  FindStoresAtDisplacement.java> 82374e20 82374e24 stw r4,0x8(r3) (GhidraScript)  
INFO  FindStoresAtDisplacement.java> 82374e48 82374e68 stw r11,0x8(r3) (GhidraScript)  
INFO  FindStoresAtDisplacement.java> 82374ee8 82374eec stw r12,-0x8(r1) (GhidraScript)  
INFO  FindStoresAtDisplacement.java> 82375958 8237595c stw r12,-0x8(r1) (GhidraScript)  
INFO  FindStoresAtDisplacement.java> 82375a40 82375a44 stw r12,-0x8(r1) (GhidraScript)  
INFO  FindStoresAtDisplacement.java> 82375ab8 82375abc stw r12,-0x8(r1) (GhidraScript)  
INFO  FindStoresAtDisplacement.java> 82375c60 82375c64 stw r12,-0x8(r1) (GhidraScript)  
INFO  FindStoresAtDisplacement.java> 82375d40 82375d44 stw r12,-0x8(r1) (GhidraScript)  
INFO  FindStoresAtDisplacement.java> 82375e50 82375e54 stw r12,-0x8(r1) (GhidraScript)  
INFO  FindStoresAtDisplacement.java> 82376ac0 82376ac4 stw r12,-0x8(r1) (GhidraScript)  
INFO  FindStoresAtDisplacement.java> 82376c80 82376c84 stw r12,-0x8(r1) (GhidraScript)  
INFO  FindStoresAtDisplacement.java> 82376cb8 82376cbc stw r12,-0x8(r1) (GhidraScript)  
INFO  FindStoresAtDisplacement.java> 82376ce8 82376cec stw r12,-0x8(r1) (GhidraScript)  
INFO  FindStoresAtDisplacement.java> 82376d20 82376d24 stw r12,-0x8(r1) (GhidraScript)  
INFO  FindStoresAtDisplacement.java> 82376d20 82376f48 stw r11,0x18(r31) (GhidraScript)  
INFO  FindStoresAtDisplacement.java> 823770b8 823770bc stw r12,-0x8(r1) (GhidraScript)  
INFO  FindStoresAtDisplacement.java> 823778f0 823778f4 stw r12,-0x8(r1) (GhidraScript)  
INFO  FindStoresAtDisplacement.java> 823778f0 82377938 stw r8,0x8(r31) (GhidraScript)  
INFO  FindStoresAtDisplacement.java> 82377a18 82377a1c stw r12,-0x8(r1) (GhidraScript)  
INFO  FindStoresAtDisplacement.java> 82377a88 82377a8c stw r12,-0x8(r1) (GhidraScript)  
INFO  FindStoresAtDisplacement.java> 82377a88 82377ab4 stw r11,0x8(r31) (GhidraScript)  
INFO  FindStoresAtDisplacement.java> 82377a88 82377ac4 stw r11,0x18(r31) (GhidraScript)  
INFO  FindStoresAtDisplacement.java> 82377b50 82377b54 stw r12,-0x8(r1) (GhidraScript)  
INFO  FindStoresAtDisplacement.java> 82377b80 82377b84 stw r12,-0x8(r1) (GhidraScript)  
INFO  FindStoresAtDisplacement.java> 82377b80 82377bf0 stw r11,0x8(r30) (GhidraScript)  
INFO  FindStoresAtDisplacement.java> 82377b80 82377c10 stw r11,0x18(r30) (GhidraScript)  
INFO  FindStoresAtDisplacement.java> 82378140 82378144 stw r12,-0x8(r1) (GhidraScript)  
INFO  FindStoresAtDisplacement.java> 82378220 82378224 stw r12,-0x8(r1) (GhidraScript)  
INFO  FindStoresAtDisplacement.java> 82378268 8237826c stw r12,-0x8(r1) (GhidraScript)  
INFO  FindStoresAtDisplacement.java> 823782c0 823782c4 stw r12,-0x8(r1) (GhidraScript)  
INFO  FindStoresAtDisplacement.java> 82378370 82378374 stw r12,-0x8(r1) (GhidraScript)  
INFO  FindStoresAtDisplacement.java> 823783c0 823783c4 stw r12,-0x8(r1) (GhidraScript)  
INFO  FindStoresAtDisplacement.java> 82378450 82378454 stw r12,-0x8(r1) (GhidraScript)  
INFO  FindStoresAtDisplacement.java> 823784e0 823784e4 stw r12,-0x8(r1) (GhidraScript)  
INFO  FindStoresAtDisplacement.java> 82378570 82378574 stw r12,-0x8(r1) (GhidraScript)  
INFO  FindStoresAtDisplacement.java> 823786a8 823786ac stw r12,-0x8(r1) (GhidraScript)  
INFO  FindStoresAtDisplacement.java> 823786f8 823786fc stw r12,-0x8(r1) (GhidraScript)  
INFO  FindStoresAtDisplacement.java> 823787a0 823787a4 stw r12,-0x8(r1) (GhidraScript)  
INFO  FindStoresAtDisplacement.java> 823787f0 823787f4 stw r12,-0x8(r1) (GhidraScript)  
INFO  FindStoresAtDisplacement.java> 82378860 82378864 stw r12,-0x8(r1) (GhidraScript)  
INFO  FindStoresAtDisplacement.java> 82378ad8 82378adc stw r12,-0x8(r1) (GhidraScript)  
INFO  FindStoresAtDisplacement.java> 82378b28 82378b2c stw r12,-0x8(r1) (GhidraScript)  
INFO  FindStoresAtDisplacement.java> 82379d30 82379d34 stw r12,-0x8(r1) (GhidraScript)  
INFO  FindStoresAtDisplacement.java> 82379fb8 82379fbc stw r12,-0x8(r1) (GhidraScript)  
INFO  FindStoresAtDisplacement.java> 82379fb8 8237a050 stw r3,0x8(r31) (GhidraScript)  
INFO  FindStoresAtDisplacement.java> 8237a0d8 8237a0dc stw r12,-0x8(r1) (GhidraScript)  
INFO  FindStoresAtDisplacement.java> 8237a100 8237a104 stw r12,-0x8(r1) (GhidraScript)  
INFO  FindStoresAtDisplacement.java> 8237a3e0 8237a3e4 stw r12,-0x8(r1) (GhidraScript)  
INFO  FindStoresAtDisplacement.java> 8237a428 8237a42c stw r12,-0x8(r1) (GhidraScript)  
INFO  FindStoresAtDisplacement.java> 8237a5d0 8237a5d4 stw r12,-0x8(r1) (GhidraScript)  
INFO  FindStoresAtDisplacement.java> 8237a630 8237a634 stw r12,-0x8(r1) (GhidraScript)  
INFO  FindStoresAtDisplacement.java> 8237a658 8237a65c stw r12,-0x8(r1) (GhidraScript)  
INFO  FindStoresAtDisplacement.java> 8237a690 8237a6a0 stw r11,0x8(r3) (GhidraScript)  
INFO  FindStoresAtDisplacement.java> 8237a690 8237a6b0 stw r11,0x18(r3) (GhidraScript)  
INFO  FindStoresAtDisplacement.java> 8237a6d8 8237a6dc stw r12,-0x8(r1) (GhidraScript)  
INFO  FindStoresAtDisplacement.java> 8237aa40 8237aa44 stw r12,-0x8(r1) (GhidraScript)  
INFO  FindStoresAtDisplacement.java> 8237aab8 8237aabc stw r12,-0x8(r1) (GhidraScript)  
INFO  FindStoresAtDisplacement.java> 8237ab70 8237ab74 stw r12,-0x8(r1) (GhidraScript)  
INFO  FindStoresAtDisplacement.java> 8237ac80 8237aca4 stw r11,-0x8(r1) (GhidraScript)  
INFO  FindStoresAtDisplacement.java> 8237aec0 8237aec4 stw r12,-0x8(r1) (GhidraScript)  
INFO  FindStoresAtDisplacement.java> 8237b148 8237b14c stw r12,-0x8(r1) (GhidraScript)  
INFO  FindStoresAtDisplacement.java> 8237b3a0 8237b3a4 stw r12,-0x8(r1) (GhidraScript)  
INFO  FindStoresAtDisplacement.java> 8237b3a0 8237b464 stw r7,0xf8(r31) (GhidraScript)  
INFO  FindStoresAtDisplacement.java> 8237bb20 8237bb24 stw r12,-0x8(r1) (GhidraScript)  
INFO  FindStoresAtDisplacement.java> 8237bb20 8237bb58 stw r11,0xf8(r31) (GhidraScript)  
INFO  FindStoresAtDisplacement.java> 8237bbc8 8237bbcc stw r12,-0x8(r1) (GhidraScript)  
INFO  FindStoresAtDisplacement.java> 8237bdc8 8237bde4 stw r10,0xd8(r3) (GhidraScript)  
INFO  FindStoresAtDisplacement.java> 8237be08 8237be28 stw r10,0xd8(r3) (GhidraScript)  
INFO  FindStoresAtDisplacement.java> 8237be50 8237be70 stw r10,0xd8(r3) (GhidraScript)  
INFO  FindStoresAtDisplacement.java> 8237be90 8237be94 stw r12,-0x8(r1) (GhidraScript)  
INFO  FindStoresAtDisplacement.java> 8237be90 8237bed4 stw r3,0xd8(r31) (GhidraScript)  
INFO  FindStoresAtDisplacement.java> 8237c008 8237c00c stw r12,-0x8(r1) (GhidraScript)  
INFO  FindStoresAtDisplacement.java> 8237c008 8237c080 stb r11,0x118(r3) (GhidraScript)  
INFO  FindStoresAtDisplacement.java> 8237c0a0 8237c0a4 stw r12,-0x8(r1) (GhidraScript)  
INFO  FindStoresAtDisplacement.java> 8237c290 8237c294 stw r12,-0x8(r1) (GhidraScript)  
INFO  FindStoresAtDisplacement.java> 8237c290 8237c30c stw r11,0xf8(r30) (GhidraScript)  
INFO  FindStoresAtDisplacement.java> 8237c6b8 8237c6bc stw r12,-0x8(r1) (GhidraScript)  
INFO  FindStoresAtDisplacement.java> 8237c728 8237c72c stw r12,-0x8(r1) (GhidraScript)  
INFO  FindStoresAtDisplacement.java> 8237c9b8 8237c9bc stw r12,-0x8(r1) (GhidraScript)  
INFO  FindStoresAtDisplacement.java> 8237ca08 8237ca0c stw r12,-0x8(r1) (GhidraScript)  
INFO  FindStoresAtDisplacement.java> 8237ca08 8237ca70 stw r11,0xf8(r31) (GhidraScript)  
INFO  FindStoresAtDisplacement.java> 8237ca90 8237ca94 stw r12,-0x8(r1) (GhidraScript)  
INFO  FindStoresAtDisplacement.java> 8237ca90 8237caf0 stw r11,0xf8(r31) (GhidraScript)  
INFO  FindStoresAtDisplacement.java> 8237cb10 8237cb14 stw r12,-0x8(r1) (GhidraScript)  
INFO  FindStoresAtDisplacement.java> 8237cb10 8237cb70 stw r11,0xf8(r31) (GhidraScript)  
INFO  FindStoresAtDisplacement.java> 8237cc58 8237ccac stw r11,0xd8(r31) (GhidraScript)  
INFO  FindStoresAtDisplacement.java> 8237cc58 8237ce3c stw r24,0xd8(r31) (GhidraScript)  
INFO  FindStoresAtDisplacement.java> 8237cc58 8237ce4c stw r24,0xe8(r31) (GhidraScript)  
INFO  FindStoresAtDisplacement.java> 8237cc58 8237cec8 stw r10,0xf8(r31) (GhidraScript)  
INFO  FindStoresAtDisplacement.java> 8237d1e8 8237d1ec stw r12,-0x8(r1) (GhidraScript)  
INFO  FindStoresAtDisplacement.java> 8237d1e8 8237d210 stw r11,0xf8(r31) (GhidraScript)  
INFO  FindStoresAtDisplacement.java> 8237d230 8237d234 stw r12,-0x8(r1) (GhidraScript)  
INFO  FindStoresAtDisplacement.java> 8237d230 8237d258 stw r11,0xf8(r31) (GhidraScript)  
INFO  FindStoresAtDisplacement.java> 8237d278 8237d27c stw r12,-0x8(r1) (GhidraScript)  
INFO  FindStoresAtDisplacement.java> 8237d278 8237d2a0 stw r11,0xf8(r31) (GhidraScript)  
INFO  FindStoresAtDisplacement.java> 8237d2c0 8237d2c4 stw r12,-0x8(r1) (GhidraScript)  
INFO  FindStoresAtDisplacement.java> 8237d2c0 8237d2e8 stw r11,0xf8(r31) (GhidraScript)  
INFO  FindStoresAtDisplacement.java> 8237d308 8237d30c stw r12,-0x8(r1) (GhidraScript)  
INFO  FindStoresAtDisplacement.java> 8237da98 8237da9c stw r12,-0x8(r1) (GhidraScript)  
INFO  FindStoresAtDisplacement.java> 8237da98 8237dafc stw r11,0xf8(r31) (GhidraScript)  
INFO  FindStoresAtDisplacement.java> 8237db18 8237db1c stw r12,-0x8(r1) (GhidraScript)  
INFO  FindStoresAtDisplacement.java> 8237db18 8237db74 stw r11,0xf8(r31) (GhidraScript)  
INFO  FindStoresAtDisplacement.java> 8237db90 8237db94 stw r12,-0x8(r1) (GhidraScript)  
INFO  FindStoresAtDisplacement.java> 8237db90 8237dbec stw r11,0xf8(r31) (GhidraScript)  
INFO  FindStoresAtDisplacement.java> 8237dcf0 8237dcf4 stw r12,-0x8(r1) (GhidraScript)  
INFO  FindStoresAtDisplacement.java> 8237dd30 8237dd34 stw r12,-0x8(r1) (GhidraScript)  
INFO  FindStoresAtDisplacement.java> 8237ddf0 8237ddf4 stw r12,-0x8(r1) (GhidraScript)  
INFO  FindStoresAtDisplacement.java> 8237e000 8237e004 stw r12,-0x8(r1) (GhidraScript)  
INFO  FindStoresAtDisplacement.java> 8237e048 8237e04c stw r12,-0x8(r1) (GhidraScript)  
INFO  FindStoresAtDisplacement.java> 8237e2b8 8237e2bc stw r12,-0x8(r1) (GhidraScript)  
INFO  FindStoresAtDisplacement.java> 8237e2b8 8237e2e8 stw r3,0x18(r31) (GhidraScript)  
INFO  FindStoresAtDisplacement.java> 8237e3a8 8237e3ac stw r12,-0x8(r1) (GhidraScript)  
INFO  FindStoresAtDisplacement.java> 8237e418 8237e41c stw r12,-0x8(r1) (GhidraScript)  
INFO  FindStoresAtDisplacement.java> 8237e418 8237e574 stw r9,0x58(r1) (GhidraScript)  
INFO  FindStoresAtDisplacement.java> 8237e620 8237e624 stw r12,-0x8(r1) (GhidraScript)  
INFO  FindStoresAtDisplacement.java> 8237e790 8237e794 stw r12,-0x8(r1) (GhidraScript)  
INFO  FindStoresAtDisplacement.java> 8237e7e8 8237e7ec stw r12,-0x8(r1) (GhidraScript)  
INFO  FindStoresAtDisplacement.java> 8237e860 8237e864 stw r12,-0x8(r1) (GhidraScript)  
INFO  FindStoresAtDisplacement.java> 8237ea50 8237ea54 stw r12,-0x8(r1) (GhidraScript)  
INFO  FindStoresAtDisplacement.java> 8237eaa8 8237eaac stw r12,-0x8(r1) (GhidraScript)  
INFO  FindStoresAtDisplacement.java> 8237ebb8 8237ebbc stw r12,-0x8(r1) (GhidraScript)  
INFO  FindStoresAtDisplacement.java> 8237ebb8 8237ebe0 stw r3,0x18(r31) (GhidraScript)  
INFO  FindStoresAtDisplacement.java> 8237ebf8 8237ebfc stw r12,-0x8(r1) (GhidraScript)  
INFO  FindStoresAtDisplacement.java> 8237ed00 8237ed04 stw r12,-0x8(r1) (GhidraScript)  
INFO  FindStoresAtDisplacement.java> 8237ee30 8237ee34 stw r12,-0x8(r1) (GhidraScript)  
INFO  FindStoresAtDisplacement.java> 8237ee90 8237ee94 stw r12,-0x8(r1) (GhidraScript)  
INFO  FindStoresAtDisplacement.java> 8237ee90 8237eeb8 stw r3,0x18(r31) (GhidraScript)  
INFO  FindStoresAtDisplacement.java> 8237eed0 8237eed4 stw r12,-0x8(r1) (GhidraScript)  
INFO  FindStoresAtDisplacement.java> 8237ef50 8237ef54 stw r12,-0x8(r1) (GhidraScript)  
INFO  FindStoresAtDisplacement.java> 8237ef50 8237ef90 stw r10,0x18(r31) (GhidraScript)  
INFO  FindStoresAtDisplacement.java> 8237eff8 8237f000 stw r11,0x8(r3) (GhidraScript)  
INFO  FindStoresAtDisplacement.java> 8237f008 8237f00c stw r5,0x8(r3) (GhidraScript)  
INFO  FindStoresAtDisplacement.java> 8237f1b0 8237f1b4 stw r12,-0x8(r1) (GhidraScript)  
INFO  FindStoresAtDisplacement.java> 8237f220 8237f224 stw r12,-0x8(r1) (GhidraScript)  
INFO  FindStoresAtDisplacement.java> 8237f288 8237f28c stw r12,-0x8(r1) (GhidraScript)  
INFO  FindStoresAtDisplacement.java> 8237f4d8 8237f4dc stw r12,-0x8(r1) (GhidraScript)  
INFO  FindStoresAtDisplacement.java> 8237f570 8237f574 stw r12,-0x8(r1) (GhidraScript)  
INFO  FindStoresAtDisplacement.java> 8237f608 8237f60c stw r12,-0x8(r1) (GhidraScript)  
INFO  FindStoresAtDisplacement.java> 8237f608 8237f640 stw r8,0x8(r31) (GhidraScript)  
INFO  FindStoresAtDisplacement.java> 8237f608 8237f650 stw r7,0x18(r31) (GhidraScript)  
INFO  FindStoresAtDisplacement.java> 8237f7b0 8237f7b4 stw r12,-0x8(r1) (GhidraScript)  
INFO  FindStoresAtDisplacement.java> 8237f868 8237f86c stw r12,-0x8(r1) (GhidraScript)  
INFO  FindStoresAtDisplacement.java> 8237f9c8 8237f9cc stw r12,-0x8(r1) (GhidraScript)  
INFO  FindStoresAtDisplacement.java> 8237f9c8 8237fa08 stw r11,0x8(r6) (GhidraScript)  
INFO  FindStoresAtDisplacement.java> 8237f9c8 8237fa40 stw r11,0x18(r6) (GhidraScript)  
INFO  FindStoresAtDisplacement.java> 8237f9c8 8237fa54 stw r11,0x18(r6) (GhidraScript)  
INFO  FindStoresAtDisplacement.java> 8237f9c8 8237fa6c stw r10,0x28(r6) (GhidraScript)  
INFO  FindStoresAtDisplacement.java> 8237f9c8 8237fad8 stw r11,0x38(r6) (GhidraScript)  
INFO  FindStoresAtDisplacement.java> 8237f9c8 8237fb08 stw r10,0x58(r6) (GhidraScript)  
INFO  FindStoresAtDisplacement.java> 8237f9c8 8237fb40 stw r11,0x48(r6) (GhidraScript)  
INFO  FindStoresAtDisplacement.java> 8237f9c8 8237fb58 stw r11,0x48(r6) (GhidraScript)  
INFO  FindStoresAtDisplacement.java> 8237f9c8 8237fbb0 stw r11,0x68(r6) (GhidraScript)  
INFO  FindStoresAtDisplacement.java> 8237fc28 8237fc34 stw r11,0x8(r3) (GhidraScript)  
INFO  FindStoresAtDisplacement.java> 8237fc28 8237fc44 stw r11,0x18(r3) (GhidraScript)  
INFO  FindStoresAtDisplacement.java> 8237fc28 8237fc68 stw r11,0x8(r3) (GhidraScript)  
INFO  FindStoresAtDisplacement.java> 8237fc28 8237fca4 stw r11,0x18(r3) (GhidraScript)  
INFO  FindStoresAtDisplacement.java> 8237fc28 8237fcb8 stw r11,0x18(r3) (GhidraScript)  
INFO  FindStoresAtDisplacement.java> 8237fe60 8237fe64 stw r12,-0x8(r1) (GhidraScript)  
INFO  FindStoresAtDisplacement.java> 8237fed8 8237fedc stw r12,-0x8(r1) (GhidraScript)  
INFO  FindStoresAtDisplacement.java> 8238001c 82380020 stw r12,-0x8(r1) (GhidraScript)  
INFO  FindStoresAtDisplacement.java> 82380040 82380044 stw r12,-0x8(r1) (GhidraScript)  
INFO  FindStoresAtDisplacement.java> 82380078 8238007c stw r12,-0x8(r1) (GhidraScript)  
INFO  FindStoresAtDisplacement.java> 823800d0 823800d4 stw r12,-0x8(r1) (GhidraScript)  
INFO  FindStoresAtDisplacement.java> 823800d0 82380140 stw r11,0x68(r1) (GhidraScript)  
INFO  FindStoresAtDisplacement.java> 823801c0 823801c4 stw r12,-0x8(r1) (GhidraScript)  
INFO  FindStoresAtDisplacement.java> 82380428 8238042c stw r12,-0x8(r1) (GhidraScript)  
INFO  FindStoresAtDisplacement.java> 82380640 82380644 stw r12,-0x8(r1) (GhidraScript)  
INFO  FindStoresAtDisplacement.java> 82380768 8238076c stw r12,-0x8(r1) (GhidraScript)  
INFO  FindStoresAtDisplacement.java> 82380798 8238079c stw r12,-0x8(r1) (GhidraScript)  
INFO  FindStoresAtDisplacement.java> 823809d8 823809dc stw r12,-0x8(r1) (GhidraScript)  
INFO  FindStoresAtDisplacement.java> 82380ed8 82380edc stw r12,-0x8(r1) (GhidraScript)  
INFO  FindStoresAtDisplacement.java> 823816e0 823816e4 stw r12,-0x8(r1) (GhidraScript)  
INFO  FindStoresAtDisplacement.java> 82381758 8238175c stw r12,-0x8(r1) (GhidraScript)  
INFO  FindStoresAtDisplacement.java> 823817c0 823817c4 stw r12,-0x8(r1) (GhidraScript)  
INFO  FindStoresAtDisplacement.java> 82381e98 82381e9c stw r12,-0x8(r1) (GhidraScript)  
INFO  FindStoresAtDisplacement.java> 823825b0 823825b4 stw r12,-0x8(r1) (GhidraScript)  
INFO  FindStoresAtDisplacement.java> 823826b0 823826b4 stw r12,-0x8(r1) (GhidraScript)  
INFO  FindStoresAtDisplacement.java> 823829a8 823829ac stw r12,-0x8(r1) (GhidraScript)  
INFO  FindStoresAtDisplacement.java> 82382a80 82382a84 stw r12,-0x8(r1) (GhidraScript)  
INFO  FindStoresAtDisplacement.java> 82382bf0 82382bf4 stw r12,-0x8(r1) (GhidraScript)  
INFO  FindStoresAtDisplacement.java> 82382e70 82382e74 stw r12,-0x8(r1) (GhidraScript)  
INFO  FindStoresAtDisplacement.java> 82382efc 82382f08 stw r12,-0x8(r1) (GhidraScript)  
INFO  FindStoresAtDisplacement.java> 82382f70 8238305c stw r5,0x8(r3) (GhidraScript)  
INFO  FindStoresAtDisplacement.java> 82382f70 82383074 stb r8,0x8(r3) (GhidraScript)  
INFO  FindStoresAtDisplacement.java> 82382f70 823832ac stw r7,0x8(r3) (GhidraScript)  
INFO  FindStoresAtDisplacement.java> 823834a0 823834ec stw r10,0x8(r11) (GhidraScript)  
INFO  FindStoresAtDisplacement.java> 823834a0 8238350c stw r10,0x18(r11) (GhidraScript)  
INFO  FindStoresAtDisplacement.java> 823835d0 82383610 stw r4,0x8(r6) (GhidraScript)  
INFO  FindStoresAtDisplacement.java> 82383670 82383674 stw r12,-0x8(r1) (GhidraScript)  
INFO  FindStoresAtDisplacement.java> 823836d0 823836d4 stw r12,-0x8(r1) (GhidraScript)  
INFO  FindStoresAtDisplacement.java> 82383830 82383840 stw r12,-0x18(r1) (GhidraScript)  
INFO  FindStoresAtDisplacement.java> 823838b0 823838b4 stw r12,-0x8(r1) (GhidraScript)  
INFO  FindStoresAtDisplacement.java> 82383960 82383964 stw r12,-0x8(r1) (GhidraScript)  
INFO  FindStoresAtDisplacement.java> 82383960 823839b8 stw r11,-0x5858(r31) (GhidraScript)  
INFO  FindStoresAtDisplacement.java> 82383a98 82383a9c stw r12,-0x8(r1) (GhidraScript)  
INFO  FindStoresAtDisplacement.java> 823845d8 823845dc stw r12,-0x8(r1) (GhidraScript)  
INFO  FindStoresAtDisplacement.java> 82384620 82384624 stw r12,-0x8(r1) (GhidraScript)  
INFO  FindStoresAtDisplacement.java> 82384620 82384650 stw r30,0x68(r1) (GhidraScript)  
INFO  FindStoresAtDisplacement.java> 823846a8 823846ac stw r12,-0x8(r1) (GhidraScript)  
INFO  FindStoresAtDisplacement.java> 82384960 82384970 stw r12,-0x18(r1) (GhidraScript)  
INFO  FindStoresAtDisplacement.java> 823849c8 823849cc stw r12,-0x8(r1) (GhidraScript)  
INFO  FindStoresAtDisplacement.java> 823849c8 82384a00 stw r3,-0x1038(r31) (GhidraScript)  
INFO  FindStoresAtDisplacement.java> 823849c8 82384a28 stw r11,-0x1038(r31) (GhidraScript)  
INFO  FindStoresAtDisplacement.java> 82384af0 82384af4 stw r12,-0x8(r1) (GhidraScript)  
INFO  FindStoresAtDisplacement.java> 82384c68 82384c6c stw r12,-0x8(r1) (GhidraScript)  
INFO  FindStoresAtDisplacement.java> 82384e10 82384e14 stw r12,-0x8(r1) (GhidraScript)  
INFO  FindStoresAtDisplacement.java> 82384ed0 82384ed4 stw r12,-0x8(r1) (GhidraScript)  
INFO  FindStoresAtDisplacement.java> 82384f6c 82384f7c stw r12,-0x18(r1) (GhidraScript)  
INFO  FindStoresAtDisplacement.java> 82384f8c 82384f9c stw r12,-0x18(r1) (GhidraScript)  
INFO  FindStoresAtDisplacement.java> 82384fd0 82384fd4 stw r12,-0x8(r1) (GhidraScript)  
INFO  FindStoresAtDisplacement.java> 82385000 82385004 stw r12,-0x8(r1) (GhidraScript)  
INFO  FindStoresAtDisplacement.java> 82385050 82385054 stw r12,-0x8(r1) (GhidraScript)  
INFO  FindStoresAtDisplacement.java> 82385480 82385484 stw r12,-0x8(r1) (GhidraScript)  
INFO  FindStoresAtDisplacement.java> 82385480 82385510 stw r11,0x8(r31) (GhidraScript)  
INFO  FindStoresAtDisplacement.java> 82385538 8238553c stw r12,-0x8(r1) (GhidraScript)  
INFO  FindStoresAtDisplacement.java> 82385590 82385594 stw r12,-0x8(r1) (GhidraScript)  
INFO  FindStoresAtDisplacement.java> 82385590 82385624 stw r10,0x8(r11) (GhidraScript)  
INFO  FindStoresAtDisplacement.java> 82385bb8 82385bbc stw r12,-0x8(r1) (GhidraScript)  
INFO  FindStoresAtDisplacement.java> 82385ef0 82385ef4 stw r12,-0x8(r1) (GhidraScript)  
INFO  FindStoresAtDisplacement.java> 82385f28 82385f2c stw r12,-0x8(r1) (GhidraScript)  
INFO  FindStoresAtDisplacement.java> 82385f60 82385f64 stw r12,-0x8(r1) (GhidraScript)  
INFO  FindStoresAtDisplacement.java> 82385fd0 82385fd4 stw r12,-0x8(r1) (GhidraScript)  
INFO  FindStoresAtDisplacement.java> 82386118 8238611c stw r12,-0x8(r1) (GhidraScript)  
INFO  FindStoresAtDisplacement.java> 82386188 8238618c stw r12,-0x8(r1) (GhidraScript)  
INFO  FindStoresAtDisplacement.java> 8238622c 82386230 stw r12,-0x8(r1) (GhidraScript)  
INFO  FindStoresAtDisplacement.java> 82387050 82387054 stw r12,-0x8(r1) (GhidraScript)  
INFO  FindStoresAtDisplacement.java> 82387168 8238716c stw r12,-0x8(r1) (GhidraScript)  
INFO  FindStoresAtDisplacement.java> 82387198 8238719c stw r3,0x6088(r11) (GhidraScript)  
INFO  FindStoresAtDisplacement.java> 823881b0 823881b4 stw r12,-0x8(r1) (GhidraScript)  
INFO  FindStoresAtDisplacement.java> 823881b0 823881f0 stw r11,0x18(r31) (GhidraScript)  
INFO  FindStoresAtDisplacement.java> 823881b0 823881f8 stw r11,0x8(r31) (GhidraScript)  
INFO  FindStoresAtDisplacement.java> 82388218 8238821c stw r12,-0x8(r1) (GhidraScript)  
INFO  FindStoresAtDisplacement.java> 82388dc8 82388dcc stw r12,-0x8(r1) (GhidraScript)  
INFO  FindStoresAtDisplacement.java> 82388f40 82388f44 stw r12,-0x8(r1) (GhidraScript)  
INFO  FindStoresAtDisplacement.java> 82389ce0 82389ce4 stw r12,-0x8(r1) (GhidraScript)  
INFO  FindStoresAtDisplacement.java> 82389eb0 82389eb4 stw r12,-0x8(r1) (GhidraScript)  
INFO  FindStoresAtDisplacement.java> 82389f18 82389f1c stw r12,-0x8(r1) (GhidraScript)  
INFO  FindStoresAtDisplacement.java> 82389f78 82389f7c stw r12,-0x8(r1) (GhidraScript)  
INFO  FindStoresAtDisplacement.java> 82389ff0 82389ff4 stw r12,-0x8(r1) (GhidraScript)  
INFO  FindStoresAtDisplacement.java> 8238a020 8238a024 stw r12,-0x8(r1) (GhidraScript)  
INFO  FindStoresAtDisplacement.java> 8238a0d0 8238a0d4 stw r12,-0x8(r1) (GhidraScript)  
INFO  FindStoresAtDisplacement.java> 8238a798 8238a79c stw r12,-0x8(r1) (GhidraScript)  
INFO  FindStoresAtDisplacement.java> 8238a828 8238a82c stw r12,-0x8(r1) (GhidraScript)  
INFO  FindStoresAtDisplacement.java> 8238a828 8238a8a4 stw r11,0x58(r1) (GhidraScript)  
INFO  FindStoresAtDisplacement.java> 8238a828 8238a8c4 stw r11,0x68(r1) (GhidraScript)  
INFO  FindStoresAtDisplacement.java> 8238ab48 8238ab4c stw r12,-0x8(r1) (GhidraScript)  
INFO  FindStoresAtDisplacement.java> 8238aed4 8238aee4 stw r12,-0x18(r1) (GhidraScript)  
INFO  FindStoresAtDisplacement.java> 8238b140 8238b144 stw r12,-0x8(r1) (GhidraScript)  
INFO  FindStoresAtDisplacement.java> 8238b140 8238b1a0 stw r9,0x8(r3) (GhidraScript)  
INFO  FindStoresAtDisplacement.java> 8238b140 8238b1a4 stb r9,0x28(r3) (GhidraScript)  
INFO  FindStoresAtDisplacement.java> 8238b208 8238b20c stw r12,-0x8(r1) (GhidraScript)  
INFO  FindStoresAtDisplacement.java> 8238b268 8238b26c stw r12,-0x8(r1) (GhidraScript)  
INFO  FindStoresAtDisplacement.java> 8238b388 8238b38c stw r12,-0x8(r1) (GhidraScript)  
INFO  FindStoresAtDisplacement.java> 8238b74c 8238b75c stw r12,-0x18(r1) (GhidraScript)  
INFO  FindStoresAtDisplacement.java> 8238b8e0 8238b8f0 stw r12,-0x18(r1) (GhidraScript)  
INFO  FindStoresAtDisplacement.java> 8238bb00 8238bb04 stw r12,-0x8(r1) (GhidraScript)  
INFO  FindStoresAtDisplacement.java> 8238bcf4 8238bcf8 stw r12,-0x8(r1) (GhidraScript)  
INFO  FindStoresAtDisplacement.java> 8238bd30 8238bd34 stw r12,-0x8(r1) (GhidraScript)  
INFO  FindStoresAtDisplacement.java> 8238bd58 8238bd8c stw r11,0x8(r4) (GhidraScript)  
INFO  FindStoresAtDisplacement.java> 8238c2e0 8238c340 stw r21,0x58(r1) (GhidraScript)  
INFO  FindStoresAtDisplacement.java> 8238d3f0 8238d3f4 stw r12,-0x8(r1) (GhidraScript)  
INFO  FindStoresAtDisplacement.java> 8238d3f0 8238d474 stw r31,0x58(r1) (GhidraScript)  
INFO  FindStoresAtDisplacement.java> 8238d708 8238d718 stw r12,-0x18(r1) (GhidraScript)  
INFO  FindStoresAtDisplacement.java> 8238d760 8238d764 stw r12,-0x8(r1) (GhidraScript)  
INFO  FindStoresAtDisplacement.java> 8238d760 8238d784 stw r10,0x6078(r11) (GhidraScript)  
INFO  FindStoresAtDisplacement.java> 8238d760 8238d794 stw r3,0x8(r31) (GhidraScript)  
INFO  FindStoresAtDisplacement.java> 8238d760 8238d7a4 stw r10,0x18(r31) (GhidraScript)  
INFO  FindStoresAtDisplacement.java> 8238d760 8238d7b8 stw r10,0x8(r31) (GhidraScript)  
INFO  FindStoresAtDisplacement.java> 8238d760 8238d7bc stw r9,0x18(r31) (GhidraScript)  
INFO  FindStoresAtDisplacement.java> 8238d7e8 8238d7ec stw r12,-0x8(r1) (GhidraScript)  
INFO  FindStoresAtDisplacement.java> 8238d948 8238d974 stw r10,0x8(r3) (GhidraScript)  
INFO  FindStoresAtDisplacement.java> 8238d9d8 8238d9dc stw r12,-0x8(r1) (GhidraScript)  
INFO  FindStoresAtDisplacement.java> 8238d9d8 8238da04 stw r11,0x62a8(r10) (GhidraScript)  
INFO  FindStoresAtDisplacement.java> 8238d9d8 8238da10 stw r11,0x6298(r10) (GhidraScript)  
INFO  FindStoresAtDisplacement.java> 8238eb58 8238eb5c stw r12,-0x8(r1) (GhidraScript)  
INFO  FindStoresAtDisplacement.java> 8238eb58 8238ebc4 stw r31,0x58(r1) (GhidraScript)  
INFO  FindStoresAtDisplacement.java> 8238ed60 8238ed64 stw r12,-0x8(r1) (GhidraScript)  
INFO  FindStoresAtDisplacement.java> 8238ee08 8238ee0c stw r12,-0x8(r1) (GhidraScript)  
INFO  FindStoresAtDisplacement.java> 8238eeb0 8238eeb4 stw r12,-0x8(r1) (GhidraScript)  
INFO  FindStoresAtDisplacement.java> 8238f414 8238f424 stw r12,-0x18(r1) (GhidraScript)  
INFO  FindStoresAtDisplacement.java> 8238f470 8238f474 stw r12,-0x8(r1) (GhidraScript)  
INFO  FindStoresAtDisplacement.java> 8238f508 8238f50c stw r12,-0x8(r1) (GhidraScript)  
INFO  FindStoresAtDisplacement.java> 8238f6a8 8238f6ac stw r12,-0x8(r1) (GhidraScript)  
INFO  FindStoresAtDisplacement.java> 8238f710 8238f71c stw r7,-0x58(r1) (GhidraScript)  
INFO  FindStoresAtDisplacement.java> 8238f830 8238f874 stw r4,0xa98(r1) (GhidraScript)  
INFO  FindStoresAtDisplacement.java> 8238f8dc 8238f8e8 stw r10,0x8(r1) (GhidraScript)  
INFO  FindStoresAtDisplacement.java> 82390bf8 82390c08 stw r12,-0x18(r1) (GhidraScript)  
INFO  FindStoresAtDisplacement.java> 82390c50 82390c54 stw r12,-0x8(r1) (GhidraScript)  
INFO  FindStoresAtDisplacement.java> 82390c50 82390c98 stw r11,0x8(r31) (GhidraScript)  
INFO  FindStoresAtDisplacement.java> 82390cc0 82390cd0 stw r5,0x8(r11) (GhidraScript)  
INFO  FindStoresAtDisplacement.java> 82390cd8 82390cdc stw r12,-0x8(r1) (GhidraScript)  
INFO  FindStoresAtDisplacement.java> 82390d60 82390d64 stw r12,-0x8(r1) (GhidraScript)  
INFO  FindStoresAtDisplacement.java> 82390f18 82390f1c stw r12,-0x8(r1) (GhidraScript)  
INFO  FindStoresAtDisplacement.java> 82390f50 82390f54 stw r12,-0x8(r1) (GhidraScript)  
INFO  FindStoresAtDisplacement.java> 82390f90 82390f94 stw r12,-0x8(r1) (GhidraScript)  
INFO  FindStoresAtDisplacement.java> 82390ff8 82390ffc stw r12,-0x8(r1) (GhidraScript)  
INFO  FindStoresAtDisplacement.java> 82391020 82391024 stw r12,-0x8(r1) (GhidraScript)  
INFO  FindStoresAtDisplacement.java> 823910a8 823910ac stw r12,-0x8(r1) (GhidraScript)  
INFO  FindStoresAtDisplacement.java> 823910f0 823910f4 stw r12,-0x8(r1) (GhidraScript)  
INFO  FindStoresAtDisplacement.java> 82391130 82391134 stw r12,-0x8(r1) (GhidraScript)  
INFO  FindStoresAtDisplacement.java> 823911d0 823911d4 stw r12,-0x8(r1) (GhidraScript)  
INFO  FindStoresAtDisplacement.java> 82391298 8239129c stw r12,-0x8(r1) (GhidraScript)  
INFO  FindStoresAtDisplacement.java> 823912d8 823912dc stw r12,-0x8(r1) (GhidraScript)  
INFO  FindStoresAtDisplacement.java> 82391358 8239135c stw r12,-0x8(r1) (GhidraScript)  
INFO  FindStoresAtDisplacement.java> 823913a8 823913ac stw r12,-0x8(r1) (GhidraScript)  
INFO  FindStoresAtDisplacement.java> 82391818 8239181c stw r12,-0x8(r1) (GhidraScript)  
INFO  FindStoresAtDisplacement.java> 82391818 82391860 stw r10,0x68(r1) (GhidraScript)  
INFO  FindStoresAtDisplacement.java> 82391a68 82391a6c stw r12,-0x8(r1) (GhidraScript)  
INFO  FindStoresAtDisplacement.java> 82391ca0 82391ca4 stw r12,-0x8(r1) (GhidraScript)  
INFO  FindStoresAtDisplacement.java> 82391ca0 82391cb8 stw r11,0x6378(r10) (GhidraScript)  
INFO  FindStoresAtDisplacement.java> 823923a8 823923ac stw r12,-0x8(r1) (GhidraScript)  
INFO  FindStoresAtDisplacement.java> 823929f8 823929fc stw r12,-0x8(r1) (GhidraScript)  
INFO  FindStoresAtDisplacement.java> 823929f8 82392a1c stw r11,0x58(r1) (GhidraScript)  
INFO  FindStoresAtDisplacement.java> 82392b00 82392b04 stw r12,-0x8(r1) (GhidraScript)  
INFO  FindStoresAtDisplacement.java> 82392b00 82392b44 stw r11,0x78(r1) (GhidraScript)  
INFO  FindStoresAtDisplacement.java> 82392b90 82392b94 stw r12,-0x8(r1) (GhidraScript)  
INFO  FindStoresAtDisplacement.java> 82392be8 82392bec stw r12,-0x8(r1) (GhidraScript)  
INFO  FindStoresAtDisplacement.java> 82392c28 82392c2c stw r12,-0x8(r1) (GhidraScript)  
INFO  FindStoresAtDisplacement.java> 82392c28 82392c54 stw r11,0x58(r1) (GhidraScript)  
INFO  FindStoresAtDisplacement.java> 82392ca8 82392cac stw r12,-0x8(r1) (GhidraScript)  
INFO  FindStoresAtDisplacement.java> 82393030 82393034 stw r12,-0x8(r1) (GhidraScript)  
INFO  FindStoresAtDisplacement.java> 823935e0 823935e4 stw r12,-0x8(r1) (GhidraScript)  
INFO  FindStoresAtDisplacement.java> 823935e0 82393650 stw r11,0x28(r31) (GhidraScript)  
INFO  FindStoresAtDisplacement.java> 823938a8 823938ac stw r12,-0x8(r1) (GhidraScript)  
INFO  FindStoresAtDisplacement.java> 82393b00 82393b04 stw r12,-0x8(r1) (GhidraScript)  
INFO  FindStoresAtDisplacement.java> 82393b78 82393b7c stw r12,-0x8(r1) (GhidraScript)  
INFO  FindStoresAtDisplacement.java> 82393c78 82393c7c stw r12,-0x8(r1) (GhidraScript)  
INFO  FindStoresAtDisplacement.java> 82393c78 82393cc0 sth r11,0x68(r1) (GhidraScript)  
INFO  FindStoresAtDisplacement.java> 82393cf0 82393cf4 stw r12,-0x8(r1) (GhidraScript)  
INFO  FindStoresAtDisplacement.java> 82394498 8239449c stw r12,-0x8(r1) (GhidraScript)  
INFO  FindStoresAtDisplacement.java> 82394578 8239457c stw r12,-0x8(r1) (GhidraScript)  
INFO  FindStoresAtDisplacement.java> 82396ac8 82396acc stw r12,-0x8(r1) (GhidraScript)  
INFO  FindStoresAtDisplacement.java> 823989c0 823989c4 stw r12,-0x8(r1) (GhidraScript)  
INFO  FindStoresAtDisplacement.java> 823989c0 82398ad0 stw r8,0xa8(r31) (GhidraScript)  
INFO  FindStoresAtDisplacement.java> 82399988 8239998c stw r12,-0x8(r1) (GhidraScript)  
INFO  FindStoresAtDisplacement.java> 823999d8 823999dc stw r12,-0x8(r1) (GhidraScript)  
INFO  FindStoresAtDisplacement.java> 82399b70 82399b74 stw r12,-0x8(r1) (GhidraScript)  
INFO  FindStoresAtDisplacement.java> 82399bc0 82399bc4 stw r12,-0x8(r1) (GhidraScript)  
INFO  FindStoresAtDisplacement.java> 82399bc0 82399c04 stw r30,0x8(r31) (GhidraScript)  
INFO  FindStoresAtDisplacement.java> 82399c20 82399c24 stw r12,-0x8(r1) (GhidraScript)  
INFO  FindStoresAtDisplacement.java> 82399cd8 82399cdc stw r12,-0x8(r1) (GhidraScript)  
INFO  FindStoresAtDisplacement.java> 8239a080 8239a08c stw r9,0x8(r4) (GhidraScript)  
INFO  FindStoresAtDisplacement.java> 8239a080 8239a0c0 stw r11,0x8(r4) (GhidraScript)  
INFO  FindStoresAtDisplacement.java> 8239a080 8239a0ec stw r11,0x18(r4) (GhidraScript)  
INFO  FindStoresAtDisplacement.java> 8239a080 8239a12c stw r11,0x28(r4) (GhidraScript)  
INFO  FindStoresAtDisplacement.java> 8239a200 8239a204 stw r12,-0x8(r1) (GhidraScript)  
INFO  FindStoresAtDisplacement.java> 8239a490 8239a494 stw r12,-0x8(r1) (GhidraScript)  
INFO  FindStoresAtDisplacement.java> 8239a5f8 8239a5fc stw r12,-0x8(r1) (GhidraScript)  
INFO  FindStoresAtDisplacement.java> 8239a620 8239a624 stw r12,-0x8(r1) (GhidraScript)  
INFO  FindStoresAtDisplacement.java> 8239a680 8239a684 stw r12,-0x8(r1) (GhidraScript)  
INFO  FindStoresAtDisplacement.java> 8239a6e8 8239a6ec stw r12,-0x8(r1) (GhidraScript)  
INFO  FindStoresAtDisplacement.java> 8239a710 8239a714 stw r12,-0x8(r1) (GhidraScript)  
INFO  FindStoresAtDisplacement.java> 8239a768 8239a76c stw r12,-0x8(r1) (GhidraScript)  
INFO  FindStoresAtDisplacement.java> 8239a7b8 8239a7bc stw r12,-0x8(r1) (GhidraScript)  
INFO  FindStoresAtDisplacement.java> 8239a808 8239a80c stw r12,-0x8(r1) (GhidraScript)  
INFO  FindStoresAtDisplacement.java> 8239a8a0 8239a8a4 stw r12,-0x8(r1) (GhidraScript)  
INFO  FindStoresAtDisplacement.java> 8239a928 8239a92c stw r12,-0x8(r1) (GhidraScript)  
INFO  FindStoresAtDisplacement.java> 8239a950 8239a954 stw r12,-0x8(r1) (GhidraScript)  
INFO  FindStoresAtDisplacement.java> 8239a9b0 8239a9b4 stw r12,-0x8(r1) (GhidraScript)  
INFO  FindStoresAtDisplacement.java> 8239aa18 8239aa1c stw r12,-0x8(r1) (GhidraScript)  
INFO  FindStoresAtDisplacement.java> 8239aa40 8239aa44 stw r12,-0x8(r1) (GhidraScript)  
INFO  FindStoresAtDisplacement.java> 8239aa98 8239aa9c stw r12,-0x8(r1) (GhidraScript)  
INFO  FindStoresAtDisplacement.java> 8239aae8 8239aaec stw r12,-0x8(r1) (GhidraScript)  
INFO  FindStoresAtDisplacement.java> 8239ab80 8239ab84 stw r12,-0x8(r1) (GhidraScript)  
INFO  FindStoresAtDisplacement.java> 8239ac08 8239ac0c stw r12,-0x8(r1) (GhidraScript)  
INFO  FindStoresAtDisplacement.java> 8239d790 8239d794 stw r12,-0x8(r1) (GhidraScript)  
INFO  FindStoresAtDisplacement.java> 8239d8e0 8239d8e4 stw r12,-0x8(r1) (GhidraScript)  
INFO  FindStoresAtDisplacement.java> 8239d9b0 8239d9b4 stw r12,-0x8(r1) (GhidraScript)  
INFO  FindStoresAtDisplacement.java> 8239da80 8239da84 stw r12,-0x8(r1) (GhidraScript)  
INFO  FindStoresAtDisplacement.java> 8239e858 8239e85c stw r12,-0x8(r1) (GhidraScript)  
INFO  FindStoresAtDisplacement.java> 8239e8b0 8239e8b4 stw r12,-0x8(r1) (GhidraScript)  
INFO  FindStoresAtDisplacement.java> 8239eed8 8239eedc stw r12,-0x8(r1) (GhidraScript)  
INFO  FindStoresAtDisplacement.java> 823a1b20 823a1b24 stw r12,-0x8(r1) (GhidraScript)  
INFO  FindStoresAtDisplacement.java> 823a1b20 823a1b74 stw r11,0x8(r31) (GhidraScript)  
INFO  FindStoresAtDisplacement.java> 823a1dd8 823a1ddc stw r12,-0x8(r1) (GhidraScript)  
INFO  FindStoresAtDisplacement.java> 823a2190 823a2194 stw r12,-0x8(r1) (GhidraScript)  
INFO  FindStoresAtDisplacement.java> 823a2190 823a21b4 stw r10,-0x12c8(r11) (GhidraScript)  
INFO  FindStoresAtDisplacement.java> 823a21e0 823a21e4 stw r12,-0x8(r1) (GhidraScript)  
INFO  FindStoresAtDisplacement.java> 823a21e0 823a2210 stw r10,-0x12c8(r31) (GhidraScript)  
INFO  FindStoresAtDisplacement.java> 823a2510 823a2514 stw r12,-0x8(r1) (GhidraScript)  
INFO  FindStoresAtDisplacement.java> 823a2510 823a25a8 stw r11,0x8(r31) (GhidraScript)  
INFO  FindStoresAtDisplacement.java> 823a25d8 823a25dc stw r12,-0x8(r1) (GhidraScript)  
INFO  FindStoresAtDisplacement.java> 823a25d8 823a262c stw r11,0x8(r31) (GhidraScript)  
INFO  FindStoresAtDisplacement.java> 823a25d8 823a2630 stw r10,0x18(r31) (GhidraScript)  
INFO  FindStoresAtDisplacement.java> 823a2708 823a270c stw r12,-0x8(r1) (GhidraScript)  
INFO  FindStoresAtDisplacement.java> 823a2750 823a2754 stw r12,-0x8(r1) (GhidraScript)  
INFO  FindStoresAtDisplacement.java> 823a2750 823a2790 stw r11,0x8(r31) (GhidraScript)  
INFO  FindStoresAtDisplacement.java> 823a2b30 823a2b34 stw r12,-0x8(r1) (GhidraScript)  
INFO  FindStoresAtDisplacement.java> 823a6c60 823a6c64 stw r12,-0x8(r1) (GhidraScript)  
INFO  FindStoresAtDisplacement.java> 823a6c60 823a6c9c stw r11,0x8(r31) (GhidraScript)  
INFO  FindStoresAtDisplacement.java> 823a6cb8 823a6cbc stw r12,-0x8(r1) (GhidraScript)  
INFO  FindStoresAtDisplacement.java> 823a6cf0 823a6cf4 stw r12,-0x8(r1) (GhidraScript)  
INFO  FindStoresAtDisplacement.java> 823a6cf0 823a6d18 stb r11,0x818(r31) (GhidraScript)  
INFO  FindStoresAtDisplacement.java> 823a8ae0 823a8ae4 stw r12,-0x8(r1) (GhidraScript)  
INFO  FindStoresAtDisplacement.java> 823a8b30 823a8b34 stw r12,-0x8(r1) (GhidraScript)  
INFO  FindStoresAtDisplacement.java> 823a8b30 823a8b84 stw r9,0x58(r1) (GhidraScript)  
INFO  FindStoresAtDisplacement.java> 823a8e10 823a8e20 stw r3,0x8(r11) (GhidraScript)  
INFO  FindStoresAtDisplacement.java> 823a8e10 823a8e24 stw r4,0x8(r3) (GhidraScript)  
INFO  FindStoresAtDisplacement.java> 823a8e50 823a8e58 stw r10,0x8(r11) (GhidraScript)  
INFO  FindStoresAtDisplacement.java> 823a93e0 823a93e4 stw r12,-0x8(r1) (GhidraScript)  
INFO  FindStoresAtDisplacement.java> 823a9458 823a945c stw r12,-0x8(r1) (GhidraScript)  
INFO  FindStoresAtDisplacement.java> 823a94e8 823a94ec stw r12,-0x8(r1) (GhidraScript)  
INFO  FindStoresAtDisplacement.java> 823a9648 823a964c stw r12,-0x8(r1) (GhidraScript)  
INFO  FindStoresAtDisplacement.java> 823a9648 823a967c stw r11,0x18(r31) (GhidraScript)  
INFO  FindStoresAtDisplacement.java> 823a9698 823a969c stw r12,-0x8(r1) (GhidraScript)  
INFO  FindStoresAtDisplacement.java> 823a9a40 823a9a44 stw r12,-0x8(r1) (GhidraScript)  
INFO  FindStoresAtDisplacement.java> 823a9c30 823a9c34 stw r12,-0x8(r1) (GhidraScript)  
INFO  FindStoresAtDisplacement.java> 823aa8a0 823aa8a4 stw r12,-0x8(r1) (GhidraScript)  
INFO  FindStoresAtDisplacement.java> 823aae20 823aae24 stw r12,-0x8(r1) (GhidraScript)  
INFO  FindStoresAtDisplacement.java> 823aaf68 823aaf6c stw r4,0x18(r3) (GhidraScript)  
INFO  FindStoresAtDisplacement.java> 823aaf68 823aaf84 stw r11,0x8(r3) (GhidraScript)  
INFO  FindStoresAtDisplacement.java> 823aaf68 823aafa4 stw r5,0x3b8(r3) (GhidraScript)  
INFO  FindStoresAtDisplacement.java> 823aafb8 823aafbc stw r12,-0x8(r1) (GhidraScript)  
INFO  FindStoresAtDisplacement.java> 823aafb8 823aaff4 stw r10,-0x18(r11) (GhidraScript)  
INFO  FindStoresAtDisplacement.java> 823ab2c8 823ab2cc stw r12,-0x8(r1) (GhidraScript)  
INFO  FindStoresAtDisplacement.java> 823ab440 823ab444 stw r12,-0x8(r1) (GhidraScript)  
INFO  FindStoresAtDisplacement.java> 823abb10 823abb14 stw r12,-0x8(r1) (GhidraScript)  
INFO  FindStoresAtDisplacement.java> 823abbe0 823abbe4 stw r12,-0x8(r1) (GhidraScript)  
INFO  FindStoresAtDisplacement.java> 823abc60 823abc64 stw r12,-0x8(r1) (GhidraScript)  
INFO  FindStoresAtDisplacement.java> 823abc60 823abcb4 stw r10,0xa8(r3) (GhidraScript)  
INFO  FindStoresAtDisplacement.java> 823abce8 823abcec stw r12,-0x8(r1) (GhidraScript)  
INFO  FindStoresAtDisplacement.java> 823abce8 823abd3c stw r10,0xa8(r3) (GhidraScript)  
INFO  FindStoresAtDisplacement.java> 823abd70 823abd74 stw r12,-0x8(r1) (GhidraScript)  
INFO  FindStoresAtDisplacement.java> 823abd70 823abdc4 stw r10,0xa8(r3) (GhidraScript)  
INFO  FindStoresAtDisplacement.java> 823abdf8 823abdfc stw r12,-0x8(r1) (GhidraScript)  
INFO  FindStoresAtDisplacement.java> 823abdf8 823abe4c stw r10,0xa8(r3) (GhidraScript)  
INFO  FindStoresAtDisplacement.java> 823abed0 823abed4 stw r12,-0x8(r1) (GhidraScript)  
INFO  FindStoresAtDisplacement.java> 823abf70 823abf74 stw r12,-0x8(r1) (GhidraScript)  
INFO  FindStoresAtDisplacement.java> 823ac5a8 823ac5ac stw r12,-0x8(r1) (GhidraScript)  
INFO  FindStoresAtDisplacement.java> 823ac5f8 823ac5fc stw r12,-0x8(r1) (GhidraScript)  
INFO  FindStoresAtDisplacement.java> 823ac660 823ac664 stw r12,-0x8(r1) (GhidraScript)  
INFO  FindStoresAtDisplacement.java> 823ac8a0 823ac8a4 stw r12,-0x8(r1) (GhidraScript)  
INFO  FindStoresAtDisplacement.java> 823acb68 823acb6c stw r12,-0x8(r1) (GhidraScript)  
INFO  FindStoresAtDisplacement.java> 823acbe0 823acbe4 stw r12,-0x8(r1) (GhidraScript)  
INFO  FindStoresAtDisplacement.java> 823acd30 823acd34 stw r12,-0x8(r1) (GhidraScript)  
INFO  FindStoresAtDisplacement.java> 823acdb0 823acdb4 stw r12,-0x8(r1) (GhidraScript)  
INFO  FindStoresAtDisplacement.java> 823ace30 823ace34 stw r12,-0x8(r1) (GhidraScript)  
INFO  FindStoresAtDisplacement.java> 823aceb8 823acebc stw r12,-0x8(r1) (GhidraScript)  
INFO  FindStoresAtDisplacement.java> 823ad090 823ad094 stw r12,-0x8(r1) (GhidraScript)  
INFO  FindStoresAtDisplacement.java> 823ad198 823ad19c stw r12,-0x8(r1) (GhidraScript)  
INFO  FindStoresAtDisplacement.java> 823ad198 823ad228 stw r30,0x18(r31) (GhidraScript)  
INFO  FindStoresAtDisplacement.java> 823ad258 823ad264 stw r3,0x8(r11) (GhidraScript)  
INFO  FindStoresAtDisplacement.java> 823ad298 823ad29c stw r12,-0x8(r1) (GhidraScript)  
INFO  FindStoresAtDisplacement.java> 823ad300 823ad304 stw r12,-0x8(r1) (GhidraScript)  
INFO  FindStoresAtDisplacement.java> 823ad368 823ad36c stw r12,-0x8(r1) (GhidraScript)  
INFO  FindStoresAtDisplacement.java> 823ad398 823ad3b0 stw r7,0x8(r3) (GhidraScript)  
INFO  FindStoresAtDisplacement.java> 823ad4c0 823ad4c4 stw r12,-0x8(r1) (GhidraScript)  
INFO  FindStoresAtDisplacement.java> 823ad6a8 823ad6ac stw r12,-0x8(r1) (GhidraScript)  
INFO  FindStoresAtDisplacement.java> 823ad6a8 823ad6f0 stb r10,0x18(r31) (GhidraScript)  
INFO  FindStoresAtDisplacement.java> 823ae6b0 823ae6b4 stw r12,-0x8(r1) (GhidraScript)  
INFO  FindStoresAtDisplacement.java> 823ae6b0 823ae6e0 stw r11,0x8(r31) (GhidraScript)  
INFO  FindStoresAtDisplacement.java> 823ae738 823ae73c stw r12,-0x8(r1) (GhidraScript)  
INFO  FindStoresAtDisplacement.java> 823ae788 823ae78c stw r12,-0x8(r1) (GhidraScript)  
INFO  FindStoresAtDisplacement.java> 823ae7d8 823ae7dc stw r12,-0x8(r1) (GhidraScript)  
INFO  FindStoresAtDisplacement.java> 823ae828 823ae82c stw r12,-0x8(r1) (GhidraScript)  
INFO  FindStoresAtDisplacement.java> 823ae8a8 823ae8ac stw r12,-0x8(r1) (GhidraScript)  
INFO  FindStoresAtDisplacement.java> 823ae8f0 823ae8f4 stw r12,-0x8(r1) (GhidraScript)  
INFO  FindStoresAtDisplacement.java> 823ae958 823ae95c stw r12,-0x8(r1) (GhidraScript)  
INFO  FindStoresAtDisplacement.java> 823aeec0 823aeec4 stw r12,-0x8(r1) (GhidraScript)  
INFO  FindStoresAtDisplacement.java> 823aefc8 823aefe8 stw r11,0x8(r4) (GhidraScript)  
INFO  FindStoresAtDisplacement.java> 823aeff0 823af01c stw r11,0x8(r4) (GhidraScript)  
INFO  FindStoresAtDisplacement.java> 823af138 823af13c stw r12,-0x8(r1) (GhidraScript)  
INFO  FindStoresAtDisplacement.java> 823af190 823af194 stw r12,-0x8(r1) (GhidraScript)  
INFO  FindStoresAtDisplacement.java> 823b0d60 823b0fd0 stw r25,0x8(r3) (GhidraScript)  
INFO  FindStoresAtDisplacement.java> 823b0d60 823b11c8 stw r11,0x18(r3) (GhidraScript)  
INFO  FindStoresAtDisplacement.java> 823b0d60 823b11d0 stw r11,0x18(r3) (GhidraScript)  
INFO  FindStoresAtDisplacement.java> 823b0d60 823b1284 stw r11,0x18(r3) (GhidraScript)  
INFO  FindStoresAtDisplacement.java> 823b2948 823b294c stw r12,-0x8(r1) (GhidraScript)  
INFO  FindStoresAtDisplacement.java> 823b2ae0 823b2ae4 stw r12,-0x8(r1) (GhidraScript)  
INFO  FindStoresAtDisplacement.java> 823b2b60 823b2b64 stw r12,-0x8(r1) (GhidraScript)  
INFO  FindStoresAtDisplacement.java> 823b2b60 823b2bb4 stb r11,0x68(r1) (GhidraScript)  
INFO  FindStoresAtDisplacement.java> 823b2b60 823b2c48 stw r10,0x98(r1) (GhidraScript)  
INFO  FindStoresAtDisplacement.java> 823b2cc8 823b2ccc stw r12,-0x8(r1) (GhidraScript)  
INFO  FindStoresAtDisplacement.java> 823b2f00 823b2f04 stw r12,-0x8(r1) (GhidraScript)  
INFO  FindStoresAtDisplacement.java> 823b2f00 823b2f54 stw r11,0x8(r3) (GhidraScript)  
INFO  FindStoresAtDisplacement.java> 823b3018 823b301c stw r12,-0x8(r1) (GhidraScript)  
INFO  FindStoresAtDisplacement.java> 823b3238 823b323c stw r12,-0x8(r1) (GhidraScript)  
INFO  FindStoresAtDisplacement.java> 823b32a8 823b32ac stw r12,-0x8(r1) (GhidraScript)  
INFO  FindStoresAtDisplacement.java> 823b35f0 823b35f4 stw r12,-0x8(r1) (GhidraScript)  
INFO  FindStoresAtDisplacement.java> 823b3680 823b3684 stw r12,-0x8(r1) (GhidraScript)  
INFO  FindStoresAtDisplacement.java> 823b3680 823b36c8 stw r11,0x8(r31) (GhidraScript)  
INFO  FindStoresAtDisplacement.java> 823b3c88 823b3c8c stw r12,-0x8(r1) (GhidraScript)  
INFO  FindStoresAtDisplacement.java> 823b3d10 823b3e2c stw r29,0x8(r31) (GhidraScript)  
INFO  FindStoresAtDisplacement.java> 823b3d10 823b3e9c stw r11,0x8(r31) (GhidraScript)  
INFO  FindStoresAtDisplacement.java> 823b3d10 823b3ef0 stw r29,0x8(r31) (GhidraScript)  
INFO  FindStoresAtDisplacement.java> 823b3d10 823b3f58 stw r11,0x8(r31) (GhidraScript)  
INFO  FindStoresAtDisplacement.java> 823b3d10 823b3fb4 stw r29,0x8(r31) (GhidraScript)  
INFO  FindStoresAtDisplacement.java> 823b3d10 823b401c stw r11,0x8(r31) (GhidraScript)  
INFO  FindStoresAtDisplacement.java> 823b3d10 823b4070 stw r29,0x8(r31) (GhidraScript)  
INFO  FindStoresAtDisplacement.java> 823b3d10 823b40d8 stw r11,0x8(r31) (GhidraScript)  
INFO  FindStoresAtDisplacement.java> 823b3d10 823b41c0 stw r22,0x8(r23) (GhidraScript)  
INFO  FindStoresAtDisplacement.java> 823b42a0 823b42a4 stw r12,-0x8(r1) (GhidraScript)  
INFO  FindStoresAtDisplacement.java> 823b4468 823b446c stw r12,-0x8(r1) (GhidraScript)  
INFO  FindStoresAtDisplacement.java> 823b4468 823b448c stw r4,0x8(r31) (GhidraScript)  
INFO  FindStoresAtDisplacement.java> 823b4468 823b44dc stw r6,0x8(r8) (GhidraScript)  
INFO  FindStoresAtDisplacement.java> 823b4468 823b44e8 stw r5,0x8(r11) (GhidraScript)  
INFO  FindStoresAtDisplacement.java> 823b4468 823b44f4 stw r6,0x8(r10) (GhidraScript)  
INFO  FindStoresAtDisplacement.java> 823b4468 823b4500 stw r6,0x8(r9) (GhidraScript)  
INFO  FindStoresAtDisplacement.java> 823b4468 823b4510 stw r9,0x28(r11) (GhidraScript)  
INFO  FindStoresAtDisplacement.java> 823b4468 823b451c stw r7,0x88(r31) (GhidraScript)  
INFO  FindStoresAtDisplacement.java> 823b4538 823b453c stw r12,-0x8(r1) (GhidraScript)  
INFO  FindStoresAtDisplacement.java> 823b4a08 823b4a18 stw r11,0x6f18(r10) (GhidraScript)  
INFO  FindStoresAtDisplacement.java> 823b4c20 823b4c24 stw r12,-0x8(r1) (GhidraScript)  
INFO  FindStoresAtDisplacement.java> 823b52c8 823b5308 stw r8,-0x8(r1) (GhidraScript)  
INFO  FindStoresAtDisplacement.java> 823b52c8 823b5368 stw r7,0x18(r10) (GhidraScript)  
INFO  FindStoresAtDisplacement.java> 823b52c8 823b537c stw r7,0x58(r11) (GhidraScript)  
INFO  FindStoresAtDisplacement.java> 823b52c8 823b5394 stw r7,0x8(r10) (GhidraScript)  
INFO  FindStoresAtDisplacement.java> 823b5ef8 823b5efc stw r12,-0x8(r1) (GhidraScript)  
INFO  FindStoresAtDisplacement.java> 823b5ef8 823b5f68 stw r9,0x8(r31) (GhidraScript)  
INFO  FindStoresAtDisplacement.java> 823b6010 823b6014 stw r12,-0x8(r1) (GhidraScript)  
INFO  FindStoresAtDisplacement.java> 823b6080 823b6084 stw r12,-0x8(r1) (GhidraScript)  
INFO  FindStoresAtDisplacement.java> 823b61a0 823b61a4 stw r12,-0x8(r1) (GhidraScript)  
INFO  FindStoresAtDisplacement.java> 823b6450 823b6454 stw r12,-0x8(r1) (GhidraScript)  
INFO  FindStoresAtDisplacement.java> 823b6450 823b6484 stw r10,0x8(r4) (GhidraScript)  
INFO  FindStoresAtDisplacement.java> 823b6450 823b64d8 stb r11,0x18(r4) (GhidraScript)  
INFO  FindStoresAtDisplacement.java> 823b6bf0 823b6bf4 stw r12,-0x8(r1) (GhidraScript)  
INFO  FindStoresAtDisplacement.java> 823b6ff0 823b6ff4 stw r12,-0x8(r1) (GhidraScript)  
INFO  FindStoresAtDisplacement.java> 823b70b0 823b70b4 stw r12,-0x8(r1) (GhidraScript)  
INFO  FindStoresAtDisplacement.java> 823b71a0 823b71a4 stw r12,-0x8(r1) (GhidraScript)  
INFO  FindStoresAtDisplacement.java> 823b74b8 823b74bc stw r12,-0x8(r1) (GhidraScript)  
INFO  FindStoresAtDisplacement.java> 823b7700 823b7704 stw r12,-0x8(r1) (GhidraScript)  
INFO  FindStoresAtDisplacement.java> 823b77c8 823b77cc stw r12,-0x8(r1) (GhidraScript)  
INFO  FindStoresAtDisplacement.java> 823b7888 823b788c stw r12,-0x8(r1) (GhidraScript)  
INFO  FindStoresAtDisplacement.java> 823b7888 823b7914 stw r11,0x98(r31) (GhidraScript)  
INFO  FindStoresAtDisplacement.java> 823b7930 823b7934 stw r12,-0x8(r1) (GhidraScript)  
INFO  FindStoresAtDisplacement.java> 823b7d00 823b7d04 stw r12,-0x8(r1) (GhidraScript)  
INFO  FindStoresAtDisplacement.java> 823b8630 823b8634 stw r12,-0x8(r1) (GhidraScript)  
INFO  FindStoresAtDisplacement.java> 823b8630 823b8684 stw r11,0xb8(r31) (GhidraScript)  
INFO  FindStoresAtDisplacement.java> 823b86a8 823b86ac stw r12,-0x8(r1) (GhidraScript)  
INFO  FindStoresAtDisplacement.java> 823b86a8 823b870c stw r11,0x58(r1) (GhidraScript)  
INFO  FindStoresAtDisplacement.java> 823b8738 823b873c stw r12,-0x8(r1) (GhidraScript)  
INFO  FindStoresAtDisplacement.java> 823b8738 823b87ac stw r8,0x58(r1) (GhidraScript)  
INFO  FindStoresAtDisplacement.java> 823b88c0 823b88c4 stw r12,-0x8(r1) (GhidraScript)  
INFO  FindStoresAtDisplacement.java> 823b8958 823b895c stw r12,-0x8(r1) (GhidraScript)  
INFO  FindStoresAtDisplacement.java> 823b89e8 823b89ec stw r12,-0x8(r1) (GhidraScript)  
INFO  FindStoresAtDisplacement.java> 823b8a18 823b8a1c stw r12,-0x8(r1) (GhidraScript)  
INFO  FindStoresAtDisplacement.java> 823bb078 823bb07c stw r12,-0x8(r1) (GhidraScript)  
INFO  FindStoresAtDisplacement.java> 823bb0e0 823bb0e4 stw r12,-0x8(r1) (GhidraScript)  
INFO  FindStoresAtDisplacement.java> 823bb138 823bb13c stw r12,-0x8(r1) (GhidraScript)  
INFO  FindStoresAtDisplacement.java> 823bb188 823bb18c stw r12,-0x8(r1) (GhidraScript)  
INFO  FindStoresAtDisplacement.java> 823bb1e0 823bb1e4 stw r12,-0x8(r1) (GhidraScript)  
INFO  FindStoresAtDisplacement.java> 823bb268 823bb26c stw r12,-0x8(r1) (GhidraScript)  
INFO  FindStoresAtDisplacement.java> 823bb2c0 823bb2c4 stw r12,-0x8(r1) (GhidraScript)  
INFO  FindStoresAtDisplacement.java> 823bc220 823bc250 stw r8,0x8(r3) (GhidraScript)  
INFO  FindStoresAtDisplacement.java> 823bc220 823bc27c stw r11,0x18(r3) (GhidraScript)  
INFO  FindStoresAtDisplacement.java> 823bc220 823bc294 stw r11,0x28(r3) (GhidraScript)  
INFO  FindStoresAtDisplacement.java> 823bc2a0 823bc2a4 stw r12,-0x8(r1) (GhidraScript)  
INFO  FindStoresAtDisplacement.java> 823be100 823be104 stw r12,-0x8(r1) (GhidraScript)  
INFO  FindStoresAtDisplacement.java> 823be100 823be140 stw r10,0x8(r31) (GhidraScript)  
INFO  FindStoresAtDisplacement.java> 823be100 823be1d4 stw r11,0x28(r31) (GhidraScript)  
INFO  FindStoresAtDisplacement.java> 823be100 823be2b0 stw r11,0x28(r31) (GhidraScript)  
INFO  FindStoresAtDisplacement.java> 823be100 823be39c stw r11,0x18(r31) (GhidraScript)  
INFO  FindStoresAtDisplacement.java> 823be530 823be534 stw r12,-0x8(r1) (GhidraScript)  
INFO  FindStoresAtDisplacement.java> 823be530 823be5a8 stw r30,0x8(r31) (GhidraScript)  
INFO  FindStoresAtDisplacement.java> 823be530 823be5ac stw r11,0x18(r31) (GhidraScript)  
INFO  FindStoresAtDisplacement.java> 823be608 823be60c stw r12,-0x8(r1) (GhidraScript)  
INFO  FindStoresAtDisplacement.java> 823be678 823be67c stw r12,-0x8(r1) (GhidraScript)  
INFO  FindStoresAtDisplacement.java> 823be768 823be76c stw r12,-0x8(r1) (GhidraScript)  
INFO  FindStoresAtDisplacement.java> 823be798 823be79c stw r12,-0x8(r1) (GhidraScript)  
INFO  FindStoresAtDisplacement.java> 823be798 823be7e8 stw r11,0x68(r1) (GhidraScript)  
INFO  FindStoresAtDisplacement.java> 823be798 823be820 stw r30,0x8(r11) (GhidraScript)  
INFO  FindStoresAtDisplacement.java> 823be8c0 823be8c4 stw r12,-0x8(r1) (GhidraScript)  
INFO  FindStoresAtDisplacement.java> 823be918 823be91c stw r12,-0x8(r1) (GhidraScript)  
INFO  FindStoresAtDisplacement.java> 823bea60 823bea64 stw r12,-0x8(r1) (GhidraScript)  
INFO  FindStoresAtDisplacement.java> 823bea60 823beaac stw r11,0x68(r1) (GhidraScript)  
INFO  FindStoresAtDisplacement.java> 823bed08 823bed0c stw r12,-0x8(r1) (GhidraScript)  
INFO  FindStoresAtDisplacement.java> 823bed08 823bed58 stw r3,0x18(r31) (GhidraScript)  
INFO  FindStoresAtDisplacement.java> 823bed80 823bed84 stw r12,-0x8(r1) (GhidraScript)  
INFO  FindStoresAtDisplacement.java> 823bedf0 823bedf4 stw r12,-0x8(r1) (GhidraScript)  
INFO  FindStoresAtDisplacement.java> 823bedf0 823bee3c stw r11,0x18(r31) (GhidraScript)  
INFO  FindStoresAtDisplacement.java> 823bee88 823bee8c stw r12,-0x8(r1) (GhidraScript)  
INFO  FindStoresAtDisplacement.java> 823beef8 823beefc stw r12,-0x8(r1) (GhidraScript)  
INFO  FindStoresAtDisplacement.java> 823bef58 823bef5c stw r12,-0x8(r1) (GhidraScript)  
INFO  FindStoresAtDisplacement.java> 823befd0 823befd4 stw r12,-0x8(r1) (GhidraScript)  
INFO  FindStoresAtDisplacement.java> 823befd0 823bf000 stw r9,0x18(r31) (GhidraScript)  
INFO  FindStoresAtDisplacement.java> 823bf020 823bf024 stw r12,-0x8(r1) (GhidraScript)  
INFO  FindStoresAtDisplacement.java> 823bf020 823bf06c stw r6,0x8(r11) (GhidraScript)  
INFO  FindStoresAtDisplacement.java> 823bf020 823bf094 stw r10,0x18(r11) (GhidraScript)  
INFO  FindStoresAtDisplacement.java> 823bf260 823bf264 stw r12,-0x8(r1) (GhidraScript)  
INFO  FindStoresAtDisplacement.java> 823bf2b0 823bf2b4 stw r12,-0x8(r1) (GhidraScript)  
INFO  FindStoresAtDisplacement.java> 823bf2b0 823bf304 stb r10,0x68(r1) (GhidraScript)  
INFO  FindStoresAtDisplacement.java> 823bf978 823bf97c stw r12,-0x8(r1) (GhidraScript)  
INFO  FindStoresAtDisplacement.java> 823bfb58 823bfb5c stw r12,-0x8(r1) (GhidraScript)  
INFO  FindStoresAtDisplacement.java> 823bff88 823bff8c stw r12,-0x8(r1) (GhidraScript)  
INFO  FindStoresAtDisplacement.java> 823bff88 823bffb4 stw r4,0x8(r31) (GhidraScript)  
INFO  FindStoresAtDisplacement.java> 823bff88 823c0008 stw r8,0x28(r31) (GhidraScript)  
INFO  FindStoresAtDisplacement.java> 823c0028 823c002c stw r12,-0x8(r1) (GhidraScript)  
INFO  FindStoresAtDisplacement.java> 823c0980 823c0984 stw r12,-0x8(r1) (GhidraScript)  
INFO  FindStoresAtDisplacement.java> 823c09b8 823c09bc stw r12,-0x8(r1) (GhidraScript)  
INFO  FindStoresAtDisplacement.java> 823c09b8 823c09f4 stw r3,0x18(r31) (GhidraScript)  
INFO  FindStoresAtDisplacement.java> 823c0a78 823c0a88 stw r10,0x8(r3) (GhidraScript)  
INFO  FindStoresAtDisplacement.java> 823c0a78 823c0a8c stw r10,0x8(r11) (GhidraScript)  
INFO  FindStoresAtDisplacement.java> 823ca310 823ca428 stw r9,0x8(r3) (GhidraScript)  
INFO  FindStoresAtDisplacement.java> 823cb1a8 823cb2cc stw r9,0x8(r3) (GhidraScript)  
INFO  FindStoresAtDisplacement.java> 823cb960 823cbabc stw r9,0x8(r3) (GhidraScript)  
INFO  FindStoresAtDisplacement.java> 823cbb08 823cbc30 stw r9,0x8(r3) (GhidraScript)  
INFO  FindStoresAtDisplacement.java> 823cc420 823cc588 stw r9,0x8(r3) (GhidraScript)  
INFO  FindStoresAtDisplacement.java> 823cce28 823ccfc0 stw r9,0x8(r3) (GhidraScript)  
INFO  FindStoresAtDisplacement.java> 823cd050 823cd1b4 stw r9,0x8(r3) (GhidraScript)  
INFO  FindStoresAtDisplacement.java> 823cd220 823cd3e8 stw r9,0x8(r3) (GhidraScript)  
INFO  FindStoresAtDisplacement.java> 823cd470 823cd6ac stw r8,0x8(r3) (GhidraScript)  
INFO  FindStoresAtDisplacement.java> 823cd730 823cd9ec stw r8,0x8(r3) (GhidraScript)  
INFO  FindStoresAtDisplacement.java> 823ce118 823ce378 stw r8,0x8(r3) (GhidraScript)  
INFO  FindStoresAtDisplacement.java> 823ce410 823ce700 stw r8,0x8(r3) (GhidraScript)  
INFO  FindStoresAtDisplacement.java> 823ce798 823ce79c stw r12,-0x8(r1) (GhidraScript)  
INFO  FindStoresAtDisplacement.java> 823ce870 823ce874 stw r12,-0x8(r1) (GhidraScript)  
INFO  FindStoresAtDisplacement.java> 823ce948 823ce94c stw r12,-0x8(r1) (GhidraScript)  
INFO  FindStoresAtDisplacement.java> 823cea20 823cea24 stw r12,-0x8(r1) (GhidraScript)  
INFO  FindStoresAtDisplacement.java> 823ceaf8 823ceafc stw r12,-0x8(r1) (GhidraScript)  
INFO  FindStoresAtDisplacement.java> 823cebd0 823cebd4 stw r12,-0x8(r1) (GhidraScript)  
INFO  FindStoresAtDisplacement.java> 823ceca8 823cecac stw r12,-0x8(r1) (GhidraScript)  
INFO  FindStoresAtDisplacement.java> 823ced80 823ced84 stw r12,-0x8(r1) (GhidraScript)  
INFO  FindStoresAtDisplacement.java> 823cee58 823cee5c stw r12,-0x8(r1) (GhidraScript)  
INFO  FindStoresAtDisplacement.java> 823cef38 823cef3c stw r12,-0x8(r1) (GhidraScript)  
INFO  FindStoresAtDisplacement.java> 823cf018 823cf01c stw r12,-0x8(r1) (GhidraScript)  
INFO  FindStoresAtDisplacement.java> 823cf0f8 823cf0fc stw r12,-0x8(r1) (GhidraScript)  
INFO  FindStoresAtDisplacement.java> 823cf1d8 823cf1dc stw r12,-0x8(r1) (GhidraScript)  
INFO  FindStoresAtDisplacement.java> 823cf2b0 823cf2b4 stw r12,-0x8(r1) (GhidraScript)  
INFO  FindStoresAtDisplacement.java> 823cf388 823cf38c stw r12,-0x8(r1) (GhidraScript)  
INFO  FindStoresAtDisplacement.java> 823cf460 823cf464 stw r12,-0x8(r1) (GhidraScript)  
INFO  FindStoresAtDisplacement.java> 823d06a0 823d06a4 stw r12,-0x8(r1) (GhidraScript)  
INFO  FindStoresAtDisplacement.java> 823d0910 823d0914 stw r12,-0x8(r1) (GhidraScript)  
INFO  FindStoresAtDisplacement.java> 823d0ba0 823d0ba4 stw r12,-0x8(r1) (GhidraScript)  
INFO  FindStoresAtDisplacement.java> 823d0fd8 823d0fdc stw r12,-0x8(r1) (GhidraScript)  
INFO  FindStoresAtDisplacement.java> 823d1880 823d1884 stw r12,-0x8(r1) (GhidraScript)  
INFO  FindStoresAtDisplacement.java> 823d19d0 823d19d4 stw r12,-0x8(r1) (GhidraScript)  
INFO  FindStoresAtDisplacement.java> 823d1ba0 823d1ba4 stw r12,-0x8(r1) (GhidraScript)  
INFO  FindStoresAtDisplacement.java> 823d1c40 823d1c44 stw r12,-0x8(r1) (GhidraScript)  
INFO  FindStoresAtDisplacement.java> 823d1df8 823d1dfc stw r12,-0x8(r1) (GhidraScript)  
INFO  FindStoresAtDisplacement.java> 823d1ea0 823d1ea4 stw r12,-0x8(r1) (GhidraScript)  
INFO  FindStoresAtDisplacement.java> 823d1ee0 823d1ee4 stw r12,-0x8(r1) (GhidraScript)  
INFO  FindStoresAtDisplacement.java> 823d1f20 823d1f24 stw r12,-0x8(r1) (GhidraScript)  
INFO  FindStoresAtDisplacement.java> 823d1f60 823d1f64 stw r12,-0x8(r1) (GhidraScript)  
INFO  FindStoresAtDisplacement.java> 823d1fa0 823d1fa4 stw r12,-0x8(r1) (GhidraScript)  
INFO  FindStoresAtDisplacement.java> 823d1fe0 823d1fe4 stw r12,-0x8(r1) (GhidraScript)  
INFO  FindStoresAtDisplacement.java> 823d2020 823d2024 stw r12,-0x8(r1) (GhidraScript)  
INFO  FindStoresAtDisplacement.java> 823d2088 823d208c stw r12,-0x8(r1) (GhidraScript)  
INFO  FindStoresAtDisplacement.java> 823d2088 823d20d4 stw r11,0x2a08(r31) (GhidraScript)  
INFO  FindStoresAtDisplacement.java> 823d2108 823d210c stw r12,-0x8(r1) (GhidraScript)  
INFO  FindStoresAtDisplacement.java> 823d2140 823d2144 stw r12,-0x8(r1) (GhidraScript)  
INFO  FindStoresAtDisplacement.java> 823d2180 823d2184 stw r12,-0x8(r1) (GhidraScript)  
INFO  FindStoresAtDisplacement.java> 823d21c0 823d21c4 stw r12,-0x8(r1) (GhidraScript)  
INFO  FindStoresAtDisplacement.java> 823d2200 823d2204 stw r12,-0x8(r1) (GhidraScript)  
INFO  FindStoresAtDisplacement.java> 823d2240 823d2244 stw r12,-0x8(r1) (GhidraScript)  
INFO  FindStoresAtDisplacement.java> 823d2280 823d2284 stw r12,-0x8(r1) (GhidraScript)  
INFO  FindStoresAtDisplacement.java> 823d22d0 823d22d4 stw r12,-0x8(r1) (GhidraScript)  
INFO  FindStoresAtDisplacement.java> 823d22d0 823d22fc stw r11,0x318(r31) (GhidraScript)  
INFO  FindStoresAtDisplacement.java> 823d2318 823d231c stw r12,-0x8(r1) (GhidraScript)  
INFO  FindStoresAtDisplacement.java> 823d2318 823d2344 stw r11,0x318(r31) (GhidraScript)  
INFO  FindStoresAtDisplacement.java> 823d23d8 823d23dc stw r12,-0x8(r1) (GhidraScript)  
INFO  FindStoresAtDisplacement.java> 823d2410 823d2414 stw r12,-0x8(r1) (GhidraScript)  
INFO  FindStoresAtDisplacement.java> 823d2530 823d2534 stw r12,-0x8(r1) (GhidraScript)  
INFO  FindStoresAtDisplacement.java> 823d2588 823d258c stw r12,-0x8(r1) (GhidraScript)  
INFO  FindStoresAtDisplacement.java> 823d2688 823d268c stw r12,-0x8(r1) (GhidraScript)  
INFO  FindStoresAtDisplacement.java> 823d2688 823d26bc stw r11,0x8(r31) (GhidraScript)  
INFO  FindStoresAtDisplacement.java> 823d2688 823d26e8 stb r11,0x18(r31) (GhidraScript)  
INFO  FindStoresAtDisplacement.java> 823d2708 823d270c stw r12,-0x8(r1) (GhidraScript)  
INFO  FindStoresAtDisplacement.java> 823d27e8 823d27ec stw r12,-0x8(r1) (GhidraScript)  
INFO  FindStoresAtDisplacement.java> 823d2830 823d2834 stw r12,-0x8(r1) (GhidraScript)  
INFO  FindStoresAtDisplacement.java> 823d2868 823d286c stw r12,-0x8(r1) (GhidraScript)  
INFO  FindStoresAtDisplacement.java> 823d28a0 823d28a4 stw r12,-0x8(r1) (GhidraScript)  
INFO  FindStoresAtDisplacement.java> 823d28e8 823d28ec stw r12,-0x8(r1) (GhidraScript)  
INFO  FindStoresAtDisplacement.java> 823d28e8 823d2918 stw r3,0x8(r11) (GhidraScript)  
INFO  FindStoresAtDisplacement.java> 823d2930 823d2934 stw r12,-0x8(r1) (GhidraScript)  
INFO  FindStoresAtDisplacement.java> 823d29b0 823d29b4 stw r12,-0x8(r1) (GhidraScript)  
INFO  FindStoresAtDisplacement.java> 823d2a68 823d2a6c stw r12,-0x8(r1) (GhidraScript)  
INFO  FindStoresAtDisplacement.java> 823d2c40 823d2c44 stw r12,-0x8(r1) (GhidraScript)  
INFO  FindStoresAtDisplacement.java> 823d2c78 823d2c7c stw r12,-0x8(r1) (GhidraScript)  
INFO  FindStoresAtDisplacement.java> 823d2df8 823d2dfc stw r12,-0x8(r1) (GhidraScript)  
INFO  FindStoresAtDisplacement.java> 823d2ed8 823d2edc stw r12,-0x8(r1) (GhidraScript)  
INFO  FindStoresAtDisplacement.java> 823d2f10 823d2f14 stw r12,-0x8(r1) (GhidraScript)  
INFO  FindStoresAtDisplacement.java> 823d3030 823d3034 stw r12,-0x8(r1) (GhidraScript)  
INFO  FindStoresAtDisplacement.java> 823d3068 823d306c stw r12,-0x8(r1) (GhidraScript)  
INFO  FindStoresAtDisplacement.java> 823d30a0 823d30a4 stw r12,-0x8(r1) (GhidraScript)  
INFO  FindStoresAtDisplacement.java> 823d30d8 823d30dc stw r12,-0x8(r1) (GhidraScript)  
INFO  FindStoresAtDisplacement.java> 823d31c8 823d31cc stw r12,-0x8(r1) (GhidraScript)  
INFO  FindStoresAtDisplacement.java> 823d3260 823d3264 stw r12,-0x8(r1) (GhidraScript)  
INFO  FindStoresAtDisplacement.java> 823d35f0 823d35f4 stw r12,-0x8(r1) (GhidraScript)  
INFO  FindStoresAtDisplacement.java> 823d3658 823d365c stw r12,-0x8(r1) (GhidraScript)  
INFO  FindStoresAtDisplacement.java> 823d36c0 823d36c4 stw r12,-0x8(r1) (GhidraScript)  
INFO  FindStoresAtDisplacement.java> 823d36f8 823d36fc stw r12,-0x8(r1) (GhidraScript)  
INFO  FindStoresAtDisplacement.java> 823d3760 823d3764 stw r12,-0x8(r1) (GhidraScript)  
INFO  FindStoresAtDisplacement.java> 823d3760 823d3798 stw r11,0x398(r31) (GhidraScript)  
INFO  FindStoresAtDisplacement.java> 823d3760 823d37a8 stw r11,0x3a8(r31) (GhidraScript)  
INFO  FindStoresAtDisplacement.java> 823d37d8 823d37dc stw r12,-0x8(r1) (GhidraScript)  
INFO  FindStoresAtDisplacement.java> 823d3810 823d3814 stw r12,-0x8(r1) (GhidraScript)  
INFO  FindStoresAtDisplacement.java> 823d3868 823d386c stw r12,-0x8(r1) (GhidraScript)  
INFO  FindStoresAtDisplacement.java> 823d38a0 823d38a4 stw r12,-0x8(r1) (GhidraScript)  
INFO  FindStoresAtDisplacement.java> 823d39a8 823d39ac stw r12,-0x8(r1) (GhidraScript)  
INFO  FindStoresAtDisplacement.java> 823d39f0 823d39f4 stw r12,-0x8(r1) (GhidraScript)  
INFO  FindStoresAtDisplacement.java> 823d3a28 823d3a2c stw r12,-0x8(r1) (GhidraScript)  
INFO  FindStoresAtDisplacement.java> 823d3a60 823d3a64 stw r12,-0x8(r1) (GhidraScript)  
INFO  FindStoresAtDisplacement.java> 823d3ac8 823d3acc stw r12,-0x8(r1) (GhidraScript)  
INFO  FindStoresAtDisplacement.java> 823d3b38 823d3b3c stw r12,-0x8(r1) (GhidraScript)  
INFO  FindStoresAtDisplacement.java> 823d3bb8 823d3bbc stw r12,-0x8(r1) (GhidraScript)  
INFO  FindStoresAtDisplacement.java> 823d3bf8 823d3bfc stw r12,-0x8(r1) (GhidraScript)  
INFO  FindStoresAtDisplacement.java> 823d3c38 823d3c3c stw r12,-0x8(r1) (GhidraScript)  
INFO  FindStoresAtDisplacement.java> 823d3c78 823d3c7c stw r12,-0x8(r1) (GhidraScript)  
INFO  FindStoresAtDisplacement.java> 823d3cb8 823d3cbc stw r12,-0x8(r1) (GhidraScript)  
INFO  FindStoresAtDisplacement.java> 823d3cf8 823d3cfc stw r12,-0x8(r1) (GhidraScript)  
INFO  FindStoresAtDisplacement.java> 823d3d38 823d3d3c stw r12,-0x8(r1) (GhidraScript)  
INFO  FindStoresAtDisplacement.java> 823d3d78 823d3d7c stw r12,-0x8(r1) (GhidraScript)  
INFO  FindStoresAtDisplacement.java> 823d3db8 823d3dbc stw r12,-0x8(r1) (GhidraScript)  
INFO  FindStoresAtDisplacement.java> 823d3df8 823d3dfc stw r12,-0x8(r1) (GhidraScript)  
INFO  FindStoresAtDisplacement.java> 823d3e38 823d3e3c stw r12,-0x8(r1) (GhidraScript)  
INFO  FindStoresAtDisplacement.java> 823d3e78 823d3e7c stw r12,-0x8(r1) (GhidraScript)  
INFO  FindStoresAtDisplacement.java> 823d3eb8 823d3ebc stw r12,-0x8(r1) (GhidraScript)  
INFO  FindStoresAtDisplacement.java> 823d3ef8 823d3efc stw r12,-0x8(r1) (GhidraScript)  
INFO  FindStoresAtDisplacement.java> 823d3f38 823d3f3c stw r12,-0x8(r1) (GhidraScript)  
INFO  FindStoresAtDisplacement.java> 823d3f78 823d3f7c stw r12,-0x8(r1) (GhidraScript)  
INFO  FindStoresAtDisplacement.java> 823d3fb8 823d3fbc stw r12,-0x8(r1) (GhidraScript)  
INFO  FindStoresAtDisplacement.java> 823d3ff8 823d3ffc stw r12,-0x8(r1) (GhidraScript)  
INFO  FindStoresAtDisplacement.java> 823d4038 823d403c stw r12,-0x8(r1) (GhidraScript)  
INFO  FindStoresAtDisplacement.java> 823d4070 823d4074 stw r12,-0x8(r1) (GhidraScript)  
INFO  FindStoresAtDisplacement.java> 823d40b0 823d40b4 stw r12,-0x8(r1) (GhidraScript)  
INFO  FindStoresAtDisplacement.java> 823d40f0 823d40f4 stw r12,-0x8(r1) (GhidraScript)  
INFO  FindStoresAtDisplacement.java> 823d4130 823d4134 stw r12,-0x8(r1) (GhidraScript)  
INFO  FindStoresAtDisplacement.java> 823d4170 823d4174 stw r12,-0x8(r1) (GhidraScript)  
INFO  FindStoresAtDisplacement.java> 823d41b0 823d41b4 stw r12,-0x8(r1) (GhidraScript)  
INFO  FindStoresAtDisplacement.java> 823d41f0 823d41f4 stw r12,-0x8(r1) (GhidraScript)  
INFO  FindStoresAtDisplacement.java> 823d4230 823d4234 stw r12,-0x8(r1) (GhidraScript)  
INFO  FindStoresAtDisplacement.java> 823d4270 823d4274 stw r12,-0x8(r1) (GhidraScript)  
INFO  FindStoresAtDisplacement.java> 823d42b0 823d42b4 stw r12,-0x8(r1) (GhidraScript)  
INFO  FindStoresAtDisplacement.java> 823d42f0 823d42f4 stw r12,-0x8(r1) (GhidraScript)  
INFO  FindStoresAtDisplacement.java> 823d4330 823d4334 stw r12,-0x8(r1) (GhidraScript)  
INFO  FindStoresAtDisplacement.java> 823d4370 823d4374 stw r12,-0x8(r1) (GhidraScript)  
INFO  FindStoresAtDisplacement.java> 823d43b0 823d43b4 stw r12,-0x8(r1) (GhidraScript)  
INFO  FindStoresAtDisplacement.java> 823d43f0 823d43f4 stw r12,-0x8(r1) (GhidraScript)  
INFO  FindStoresAtDisplacement.java> 823d4430 823d4434 stw r12,-0x8(r1) (GhidraScript)  
INFO  FindStoresAtDisplacement.java> 823d4470 823d4474 stw r12,-0x8(r1) (GhidraScript)  
INFO  FindStoresAtDisplacement.java> 823d44b0 823d44b4 stw r12,-0x8(r1) (GhidraScript)  
INFO  FindStoresAtDisplacement.java> 823d4568 823d456c stw r12,-0x8(r1) (GhidraScript)  
INFO  FindStoresAtDisplacement.java> 823d45a8 823d45ac stw r12,-0x8(r1) (GhidraScript)  
INFO  FindStoresAtDisplacement.java> 823d45e8 823d45ec stw r12,-0x8(r1) (GhidraScript)  
INFO  FindStoresAtDisplacement.java> 823d4628 823d462c stw r12,-0x8(r1) (GhidraScript)  
INFO  FindStoresAtDisplacement.java> 823d4668 823d466c stw r12,-0x8(r1) (GhidraScript)  
INFO  FindStoresAtDisplacement.java> 823d46a8 823d46ac stw r12,-0x8(r1) (GhidraScript)  
INFO  FindStoresAtDisplacement.java> 823d46e8 823d46ec stw r12,-0x8(r1) (GhidraScript)  
INFO  FindStoresAtDisplacement.java> 823d4728 823d472c stw r12,-0x8(r1) (GhidraScript)  
INFO  FindStoresAtDisplacement.java> 823d4768 823d476c stw r12,-0x8(r1) (GhidraScript)  
INFO  FindStoresAtDisplacement.java> 823d47a8 823d47ac stw r12,-0x8(r1) (GhidraScript)  
INFO  FindStoresAtDisplacement.java> 823d47e8 823d47ec stw r12,-0x8(r1) (GhidraScript)  
INFO  FindStoresAtDisplacement.java> 823d4828 823d482c stw r12,-0x8(r1) (GhidraScript)  
INFO  FindStoresAtDisplacement.java> 823d4868 823d486c stw r12,-0x8(r1) (GhidraScript)  
INFO  FindStoresAtDisplacement.java> 823d48a8 823d48ac stw r12,-0x8(r1) (GhidraScript)  
INFO  FindStoresAtDisplacement.java> 823d48e8 823d48ec stw r12,-0x8(r1) (GhidraScript)  
INFO  FindStoresAtDisplacement.java> 823d4928 823d492c stw r12,-0x8(r1) (GhidraScript)  
INFO  FindStoresAtDisplacement.java> 823d4968 823d496c stw r12,-0x8(r1) (GhidraScript)  
INFO  FindStoresAtDisplacement.java> 823d49a8 823d49ac stw r12,-0x8(r1) (GhidraScript)  
INFO  FindStoresAtDisplacement.java> 823d49e8 823d49ec stw r12,-0x8(r1) (GhidraScript)  
INFO  FindStoresAtDisplacement.java> 823d4a28 823d4a2c stw r12,-0x8(r1) (GhidraScript)  
INFO  FindStoresAtDisplacement.java> 823d4a68 823d4a6c stw r12,-0x8(r1) (GhidraScript)  
INFO  FindStoresAtDisplacement.java> 823d4aa8 823d4aac stw r12,-0x8(r1) (GhidraScript)  
INFO  FindStoresAtDisplacement.java> 823d4ae8 823d4aec stw r12,-0x8(r1) (GhidraScript)  
INFO  FindStoresAtDisplacement.java> 823d4b28 823d4b2c stw r12,-0x8(r1) (GhidraScript)  
INFO  FindStoresAtDisplacement.java> 823d4b78 823d4b7c stw r12,-0x8(r1) (GhidraScript)  
INFO  FindStoresAtDisplacement.java> 823d4bb8 823d4bbc stw r12,-0x8(r1) (GhidraScript)  
INFO  FindStoresAtDisplacement.java> 823d4bf8 823d4bfc stw r12,-0x8(r1) (GhidraScript)  
INFO  FindStoresAtDisplacement.java> 823d4c38 823d4c3c stw r12,-0x8(r1) (GhidraScript)  
INFO  FindStoresAtDisplacement.java> 823d4c78 823d4c7c stw r12,-0x8(r1) (GhidraScript)  
INFO  FindStoresAtDisplacement.java> 823d4cb8 823d4cbc stw r12,-0x8(r1) (GhidraScript)  
INFO  FindStoresAtDisplacement.java> 823d4cf8 823d4cfc stw r12,-0x8(r1) (GhidraScript)  
INFO  FindStoresAtDisplacement.java> 823d4cf8 823d4d20 stw r3,0x6248(r11) (GhidraScript)  
INFO  FindStoresAtDisplacement.java> 823d4d60 823d4d64 stw r12,-0x8(r1) (GhidraScript)  
INFO  FindStoresAtDisplacement.java> 823d4d98 823d4d9c stw r12,-0x8(r1) (GhidraScript)  
INFO  FindStoresAtDisplacement.java> 823d4e08 823d4e0c stw r12,-0x8(r1) (GhidraScript)  
INFO  FindStoresAtDisplacement.java> 823d4e60 823d4e64 stw r12,-0x8(r1) (GhidraScript)  
INFO  FindStoresAtDisplacement.java> 823d5188 823d518c stw r12,-0x8(r1) (GhidraScript)  
INFO  FindStoresAtDisplacement.java> 823d51e0 823d51e4 stw r12,-0x8(r1) (GhidraScript)  
INFO  FindStoresAtDisplacement.java> 823d51e0 823d520c stw r11,0x118(r31) (GhidraScript)  
INFO  FindStoresAtDisplacement.java> 823d51e0 823d521c stw r11,0x118(r31) (GhidraScript)  
INFO  FindStoresAtDisplacement.java> 823d5238 823d523c stw r12,-0x8(r1) (GhidraScript)  
INFO  FindStoresAtDisplacement.java> 823d5290 823d5294 stw r12,-0x8(r1) (GhidraScript)  
INFO  FindStoresAtDisplacement.java> 823d52e8 823d52ec stw r12,-0x8(r1) (GhidraScript)  
INFO  FindStoresAtDisplacement.java> 823d5340 823d5344 stw r12,-0x8(r1) (GhidraScript)  
INFO  FindStoresAtDisplacement.java> 823d5340 823d536c stw r11,0x128(r31) (GhidraScript)  
INFO  FindStoresAtDisplacement.java> 823d5340 823d537c stw r11,0x128(r31) (GhidraScript)  
INFO  FindStoresAtDisplacement.java> 823d5398 823d539c stw r12,-0x8(r1) (GhidraScript)  
INFO  FindStoresAtDisplacement.java> 823d53f0 823d53f4 stw r12,-0x8(r1) (GhidraScript)  
INFO  FindStoresAtDisplacement.java> 823d5448 823d544c stw r12,-0x8(r1) (GhidraScript)  
INFO  FindStoresAtDisplacement.java> 823d54a0 823d54a4 stw r12,-0x8(r1) (GhidraScript)  
INFO  FindStoresAtDisplacement.java> 823d54a0 823d54cc stw r11,0x138(r31) (GhidraScript)  
INFO  FindStoresAtDisplacement.java> 823d54a0 823d54dc stw r11,0x138(r31) (GhidraScript)  
INFO  FindStoresAtDisplacement.java> 823d54f8 823d54fc stw r12,-0x8(r1) (GhidraScript)  
INFO  FindStoresAtDisplacement.java> 823d5550 823d5554 stw r12,-0x8(r1) (GhidraScript)  
INFO  FindStoresAtDisplacement.java> 823d55a8 823d55ac stw r12,-0x8(r1) (GhidraScript)  
INFO  FindStoresAtDisplacement.java> 823d5828 823d582c stw r12,-0x8(r1) (GhidraScript)  
INFO  FindStoresAtDisplacement.java> 823d5890 823d5894 stw r12,-0x8(r1) (GhidraScript)  
INFO  FindStoresAtDisplacement.java> 823d5918 823d591c stw r12,-0x8(r1) (GhidraScript)  
INFO  FindStoresAtDisplacement.java> 823d5b10 823d5b14 stw r12,-0x8(r1) (GhidraScript)  
INFO  FindStoresAtDisplacement.java> 823d5b80 823d5b84 stw r12,-0x8(r1) (GhidraScript)  
INFO  FindStoresAtDisplacement.java> 823d5bf0 823d5bf4 stw r12,-0x8(r1) (GhidraScript)  
INFO  FindStoresAtDisplacement.java> 823d6340 823d6344 stw r12,-0x8(r1) (GhidraScript)  
INFO  FindStoresAtDisplacement.java> 823d6398 823d639c stw r12,-0x8(r1) (GhidraScript)  
INFO  FindStoresAtDisplacement.java> 823d63f0 823d63f4 stw r12,-0x8(r1) (GhidraScript)  
INFO  FindStoresAtDisplacement.java> 823d63f0 823d6420 stw r11,0x38(r31) (GhidraScript)  
INFO  FindStoresAtDisplacement.java> 823d6498 823d649c stw r12,-0x8(r1) (GhidraScript)  
INFO  FindStoresAtDisplacement.java> 823d64e0 823d64e4 stw r12,-0x8(r1) (GhidraScript)  
INFO  FindStoresAtDisplacement.java> 823d66b8 823d66bc stw r12,-0x8(r1) (GhidraScript)  
INFO  FindStoresAtDisplacement.java> 823d6798 823d679c stw r12,-0x8(r1) (GhidraScript)  
INFO  FindStoresAtDisplacement.java> 823d7fc8 823d7fcc stw r12,-0x8(r1) (GhidraScript)  
INFO  FindStoresAtDisplacement.java> 823d8298 823d829c stw r12,-0x8(r1) (GhidraScript)  
INFO  FindStoresAtDisplacement.java> 823d8448 823d844c stw r12,-0x8(r1) (GhidraScript)  
INFO  FindStoresAtDisplacement.java> 823d8828 823d882c stw r12,-0x8(r1) (GhidraScript)  
INFO  FindStoresAtDisplacement.java> 823d8828 823d885c stw r11,0x2f8(r31) (GhidraScript)  
INFO  FindStoresAtDisplacement.java> 823d8828 823d888c stw r3,0x2d8(r31) (GhidraScript)  
INFO  FindStoresAtDisplacement.java> 823d8828 823d88ac stw r3,0x2d8(r31) (GhidraScript)  
INFO  FindStoresAtDisplacement.java> 823d8ab0 823d8ab4 stw r12,-0x8(r1) (GhidraScript)  
INFO  FindStoresAtDisplacement.java> 823d8b20 823d8b24 stw r12,-0x8(r1) (GhidraScript)  
INFO  FindStoresAtDisplacement.java> 823d8bb8 823d8bbc stw r12,-0x8(r1) (GhidraScript)  
INFO  FindStoresAtDisplacement.java> 823d8bb8 823d8be8 stw r30,0x338(r31) (GhidraScript)  
INFO  FindStoresAtDisplacement.java> 823d8c08 823d8c48 stw r8,0x8(r11) (GhidraScript)  
INFO  FindStoresAtDisplacement.java> 823d8c08 823d8c68 stw r9,0x18(r11) (GhidraScript)  
INFO  FindStoresAtDisplacement.java> 823d8c08 823d8c94 stw r10,0x28(r11) (GhidraScript)  
INFO  FindStoresAtDisplacement.java> 823d8c08 823d8cac stw r10,0x38(r11) (GhidraScript)  
INFO  FindStoresAtDisplacement.java> 823da070 823da074 stw r12,-0x8(r1) (GhidraScript)  
INFO  FindStoresAtDisplacement.java> 823da070 823da0a0 stw r3,0x268(r31) (GhidraScript)  
INFO  FindStoresAtDisplacement.java> 823da070 823da164 stw r11,0x268(r31) (GhidraScript)  
INFO  FindStoresAtDisplacement.java> 823da070 823da174 stw r9,0x2f8(r31) (GhidraScript)  
INFO  FindStoresAtDisplacement.java> 823da070 823da1a8 stw r30,0x328(r31) (GhidraScript)  
INFO  FindStoresAtDisplacement.java> 823da070 823da1c8 stw r11,0x328(r31) (GhidraScript)  
INFO  FindStoresAtDisplacement.java> 823da070 823da1cc stw r8,0x2f8(r31) (GhidraScript)  
INFO  FindStoresAtDisplacement.java> 823daca8 823dacd8 stw r11,0x278(r3) (GhidraScript)  
INFO  FindStoresAtDisplacement.java> 823db3c8 823db3cc stw r12,-0x8(r1) (GhidraScript)  
INFO  FindStoresAtDisplacement.java> 823db3c8 823db4c0 stb r11,0xa8(r1) (GhidraScript)  
INFO  FindStoresAtDisplacement.java> 823db3c8 823db4cc stb r11,0xb8(r1) (GhidraScript)  
INFO  FindStoresAtDisplacement.java> 823db3c8 823db4d4 stb r11,0xc8(r1) (GhidraScript)  
INFO  FindStoresAtDisplacement.java> 823db3c8 823db534 stb r10,0x78(r1) (GhidraScript)  
INFO  FindStoresAtDisplacement.java> 823db3c8 823db544 stb r10,0x88(r1) (GhidraScript)  
INFO  FindStoresAtDisplacement.java> 823db3c8 823db554 stb r10,0x98(r1) (GhidraScript)  
INFO  FindStoresAtDisplacement.java> 823db3c8 823db574 stb r11,0x58(r1) (GhidraScript)  
INFO  FindStoresAtDisplacement.java> 823db3c8 823db580 stw r10,0x118(r31) (GhidraScript)  
INFO  FindStoresAtDisplacement.java> 823dbb48 823dbb4c stw r12,-0x8(r1) (GhidraScript)  
INFO  FindStoresAtDisplacement.java> 823dbb48 823dbb64 stw r11,0xf8(r3) (GhidraScript)  
INFO  FindStoresAtDisplacement.java> 823dbb48 823dbb70 stw r11,0xf8(r3) (GhidraScript)  
INFO  FindStoresAtDisplacement.java> 823dbbf0 823dbbf4 stw r12,-0x8(r1) (GhidraScript)  
INFO  FindStoresAtDisplacement.java> 823dbbf0 823dbc24 stw r10,0x118(r31) (GhidraScript)  
INFO  FindStoresAtDisplacement.java> 823dbea8 823dbeac stw r12,-0x8(r1) (GhidraScript)  
INFO  FindStoresAtDisplacement.java> 823dbf48 823dbf4c stw r12,-0x8(r1) (GhidraScript)  
INFO  FindStoresAtDisplacement.java> 823dc518 823dc51c stw r12,-0x8(r1) (GhidraScript)  
INFO  FindStoresAtDisplacement.java> 823dc710 823dc714 stw r12,-0x8(r1) (GhidraScript)  
INFO  FindStoresAtDisplacement.java> 823dc710 823dc758 stw r30,0x18(r31) (GhidraScript)  
INFO  FindStoresAtDisplacement.java> 823dc828 823dc82c stw r12,-0x8(r1) (GhidraScript)  
INFO  FindStoresAtDisplacement.java> 823dd6e0 823dd960 stw r31,0x8(r21) (GhidraScript)  
INFO  FindStoresAtDisplacement.java> 823dd6e0 823dd984 stw r31,0x8(r21) (GhidraScript)  
INFO  FindStoresAtDisplacement.java> 823e4f10 823e4f14 stw r12,-0x8(r1) (GhidraScript)  
INFO  FindStoresAtDisplacement.java> 823e6eb0 823e6eb4 stw r12,-0x8(r1) (GhidraScript)  
INFO  FindStoresAtDisplacement.java> 823e6f58 823e6f5c stw r12,-0x8(r1) (GhidraScript)  
INFO  FindStoresAtDisplacement.java> 823e7378 823e737c stw r12,-0x8(r1) (GhidraScript)  
INFO  FindStoresAtDisplacement.java> 823e78d8 823e78dc stw r12,-0x8(r1) (GhidraScript)  
INFO  FindStoresAtDisplacement.java> 823e7a60 823e7a64 stw r12,-0x8(r1) (GhidraScript)  
