[info] [core] [t169443] ReXGlue v0.8.0 - Xbox 360 Recompilation Toolkit
[info] [core] [t169443] Generating code with config: ac6recomp_config.toml
[info] [sys] [t169443] FunctionDispatcher initialized
[info] [sys] [t169443]   Mounted /fastdata/lavaulta/auto-re-agent/workspaces/ace-combat-6/game-files at \Device\Harddisk0\Partition1
[info] [sys] [t169443] Runtime initialized in tool mode (no GPU)
[info] [sys] [t169443] Loading XEX image: game:\default.xex
[info] [codegen] [t169443] Extracted game icon from XDBF (11604 bytes)
[info] [codegen] [t169443] Game title: ACE COMBAT 6
[info] [codegen] [t169443] Loaded XEX: base=0x82000000, size=0xAA0000, entry=0x821F5E90
[warning] [codegen] [t169443] Analyze: function 0x8238ECE8 not in any code region
[warning] [codegen] [t169443] Analyze: function 0x8238ECE8 not in any code region
[warning] [codegen] [t169443] Analyze: function 0x8238ECE8 not in any code region
[warning] [codegen] [t169443] Analyze: function 0x8238ECE8 not in any code region
[info] [codegen] [t169443] Analyze: checking for uncovered code regions...
[info] [codegen] [t169443] Analyze: registered 1726 gap functions from 6427 regions
[warning] [codegen] [t169443] Analyze: function 0x8238ECE8 not in any code region
[info] [codegen] [t169443] Analyze: GapFill iteration 0 discovered blocks for 1727 gap-filled functions
[info] [codegen] [t169443] Analyze: checking for uncovered code regions...
[info] [codegen] [t169443] Analyze: registered 74 gap functions from 6427 regions
[warning] [codegen] [t169443] Analyze: function 0x8238ECE8 not in any code region
[info] [codegen] [t169443] Analyze: GapFill iteration 1 discovered blocks for 75 gap-filled functions
[info] [codegen] [t169443] Analyze: checking for uncovered code regions...
[info] [codegen] [t169443] Analyze: registered 11 gap functions from 6427 regions
[warning] [codegen] [t169443] Analyze: function 0x8238ECE8 not in any code region
[info] [codegen] [t169443] Analyze: GapFill iteration 2 discovered blocks for 12 gap-filled functions
[info] [codegen] [t169443] Analyze: checking for uncovered code regions...
[info] [codegen] [t169443] Analyze: registered 8 gap functions from 6427 regions
[warning] [codegen] [t169443] Analyze: function 0x8238ECE8 not in any code region
[info] [codegen] [t169443] Analyze: GapFill iteration 3 discovered blocks for 9 gap-filled functions
[info] [codegen] [t169443] Analyze: checking for uncovered code regions...
[info] [codegen] [t169443] Analyze: registered 6 gap functions from 6427 regions
[warning] [codegen] [t169443] Analyze: function 0x8238ECE8 not in any code region
[info] [codegen] [t169443] Analyze: GapFill iteration 4 discovered blocks for 7 gap-filled functions
[info] [codegen] [t169443] Analyze: checking for uncovered code regions...
[info] [codegen] [t169443] Analyze: registered 5 gap functions from 6427 regions
[warning] [codegen] [t169443] Analyze: function 0x8238ECE8 not in any code region
[info] [codegen] [t169443] Analyze: GapFill iteration 5 discovered blocks for 6 gap-filled functions
[info] [codegen] [t169443] Analyze: checking for uncovered code regions...
[info] [codegen] [t169443] Analyze: registered 4 gap functions from 6427 regions
[warning] [codegen] [t169443] Analyze: function 0x8238ECE8 not in any code region
[info] [codegen] [t169443] Analyze: GapFill iteration 6 discovered blocks for 5 gap-filled functions
[info] [codegen] [t169443] Analyze: checking for uncovered code regions...
[info] [codegen] [t169443] Analyze: registered 4 gap functions from 6427 regions
[warning] [codegen] [t169443] Analyze: function 0x8238ECE8 not in any code region
[info] [codegen] [t169443] Analyze: GapFill iteration 7 discovered blocks for 5 gap-filled functions
[info] [codegen] [t169443] Analyze: checking for uncovered code regions...
[info] [codegen] [t169443] Analyze: registered 4 gap functions from 6427 regions
[warning] [codegen] [t169443] Analyze: function 0x8238ECE8 not in any code region
[info] [codegen] [t169443] Analyze: GapFill iteration 8 discovered blocks for 5 gap-filled functions
[info] [codegen] [t169443] Analyze: checking for uncovered code regions...
[info] [codegen] [t169443] Analyze: registered 4 gap functions from 6427 regions
[warning] [codegen] [t169443] Analyze: function 0x8238ECE8 not in any code region
[info] [codegen] [t169443] Analyze: GapFill iteration 9 discovered blocks for 5 gap-filled functions
[info] [codegen] [t169443] Analyze: checking for uncovered code regions...
[info] [codegen] [t169443] Analyze: registered 4 gap functions from 6427 regions
[warning] [codegen] [t169443] Analyze: function 0x8238ECE8 not in any code region
[info] [codegen] [t169443] Analyze: GapFill iteration 10 discovered blocks for 5 gap-filled functions
[info] [codegen] [t169443] Analyze: checking for uncovered code regions...
[info] [codegen] [t169443] Analyze: registered 3 gap functions from 6427 regions
[warning] [codegen] [t169443] Analyze: function 0x8238ECE8 not in any code region
[info] [codegen] [t169443] Analyze: GapFill iteration 11 discovered blocks for 4 gap-filled functions
[info] [codegen] [t169443] Analyze: removed 184 absorbed GAP_FILL functions
[info] [codegen] [t169443] Output path: generated
[info] [codegen] [t169443] Wrote game icon: generated/ac6recomp_icon.ico
[info] [codegen] [t169443] Recompiling 23286 functions...
[error] [codegen] [t169443] Unresolved conditional branch to 0x820A3AF8 from 0x820A3B08
[error] [codegen] [t169443] Unresolved conditional branch to 0x820A414C from 0x820A41C4
[error] [codegen] [t169443] Unresolved conditional branch to 0x820A4308 from 0x820A4384
[error] [codegen] [t169443] Unresolved conditional branch to 0x820A5D14 from 0x820A5D28
[error] [codegen] [t169443] Unresolved conditional branch to 0x820A6114 from 0x820A6128
[error] [codegen] [t169443] Unresolved conditional branch to 0x820A619C from 0x820A61B0
[error] [codegen] [t169443] Unresolved conditional branch to 0x820A6144 from 0x820A61C8
[error] [codegen] [t169443] Unresolved conditional branch to 0x820A6144 from 0x820A6228
[error] [codegen] [t169443] Unresolved conditional branch to 0x820A6B14 from 0x820A6B50
[error] [codegen] [t169443] Unresolved conditional branch to 0x820A6DB8 from 0x820A6DF0
[error] [codegen] [t169443] Unresolved conditional branch to 0x820A7288 from 0x820A7E4C
[error] [codegen] [t169443] Unresolved conditional branch to 0x820A7288 from 0x820A7E4C
[error] [codegen] [t169443] Unresolved conditional branch to 0x820A7288 from 0x820A7E4C
[error] [codegen] [t169443] Unresolved conditional branch to 0x820A98D4 from 0x820A9920
[error] [codegen] [t169443] Unresolved conditional branch to 0x820A9FF0 from 0x820AA01C
[error] [codegen] [t169443] Unresolved conditional branch to 0x820AAAF4 from 0x820AAB44
[error] [codegen] [t169443] Unresolved conditional branch to 0x820AAAF4 from 0x820AAB50
[error] [codegen] [t169443] Unresolved conditional branch to 0x820AAAF4 from 0x820AAB84
[error] [codegen] [t169443] Unresolved conditional branch to 0x820AADA4 from 0x820AADC0
[error] [codegen] [t169443] Unresolved conditional branch to 0x820AB258 from 0x820AB270
[error] [codegen] [t169443] Unresolved conditional branch to 0x820ABB6C from 0x820ABCB0
[error] [codegen] [t169443] Unresolved conditional branch to 0x820ABB54 from 0x820ABCC0
[error] [codegen] [t169443] Unresolved conditional branch to 0x820AD784 from 0x820AD7D4
[error] [codegen] [t169443] Unresolved conditional branch to 0x820AD85C from 0x820AD8AC
[error] [codegen] [t169443] Unresolved conditional branch to 0x820ADB28 from 0x820ADB7C
[error] [codegen] [t169443] Unresolved conditional branch to 0x820B0774 from 0x820B0820
[error] [codegen] [t169443] Unresolved conditional branch to 0x820B0914 from 0x820B09C0
[error] [codegen] [t169443] Unresolved conditional branch to 0x820B0914 from 0x820B09C0
[error] [codegen] [t169443] Unresolved conditional branch to 0x820B0914 from 0x820B09C0
[error] [codegen] [t169443] Unresolved conditional branch to 0x820B245C from 0x820B24E8
[error] [codegen] [t169443] Unresolved conditional branch to 0x820B2D1C from 0x820B2DB4
[error] [codegen] [t169443] Unresolved conditional branch to 0x820B2FB8 from 0x820B30BC
[error] [codegen] [t169443] Unresolved conditional branch to 0x820B4180 from 0x820B442C
[error] [codegen] [t169443] Unresolved conditional branch to 0x820B4164 from 0x820B443C
[error] [codegen] [t169443] Unresolved conditional branch to 0x820B4180 from 0x820B442C
[error] [codegen] [t169443] Unresolved conditional branch to 0x820B4164 from 0x820B443C
[error] [codegen] [t169443] Unresolved conditional branch to 0x820B4180 from 0x820B442C
[error] [codegen] [t169443] Unresolved conditional branch to 0x820B4164 from 0x820B443C
[error] [codegen] [t169443] Unresolved conditional branch to 0x820B4940 from 0x820B4990
[error] [codegen] [t169443] Unresolved conditional branch to 0x820B6284 from 0x820B62A4
[error] [codegen] [t169443] Unresolved conditional branch to 0x820B6304 from 0x820B63B0
[error] [codegen] [t169443] Unresolved conditional branch to 0x820B67FC from 0x820B68A8
[error] [codegen] [t169443] Unresolved conditional branch to 0x820B6D0C from 0x820B6D20
[error] [codegen] [t169443] Unresolved conditional branch to 0x820B76D8 from 0x820B7728
[error] [codegen] [t169443] Unresolved conditional branch to 0x820B7A40 from 0x820B7A98
[error] [codegen] [t169443] Unresolved conditional branch to 0x820BA088 from 0x820BA24C
[error] [codegen] [t169443] Unresolved conditional branch to 0x820BA088 from 0x820BA24C
[error] [codegen] [t169443] Unresolved conditional branch to 0x820BAA88 from 0x820BAC14
[error] [codegen] [t169443] Unresolved conditional branch to 0x820BAA88 from 0x820BAC14
[error] [codegen] [t169443] Unresolved conditional branch to 0x820BB348 from 0x820BB7FC
[error] [codegen] [t169443] Unresolved conditional branch to 0x820BD7B8 from 0x820BD998
[error] [codegen] [t169443] Unresolved conditional branch to 0x820BDBC8 from 0x820BDE0C
[error] [codegen] [t169443] Unresolved conditional branch to 0x820BEDBC from 0x820BEEF8
[error] [codegen] [t169443] Unresolved conditional branch to 0x820C0EF4 from 0x820C10D0
[error] [codegen] [t169443] Unresolved conditional branch to 0x820C1D50 from 0x820C1DFC
[error] [codegen] [t169443] Unresolved conditional branch to 0x820C7980 from 0x820C79A8
[error] [codegen] [t169443] Unresolved conditional branch to 0x820C8C10 from 0x820C8CA4
[error] [codegen] [t169443] Unresolved conditional branch to 0x820CCBE8 from 0x820CCC84
[error] [codegen] [t169443] Unresolved conditional branch to 0x820CD2C8 from 0x820CD44C
[error] [codegen] [t169443] Unresolved conditional branch to 0x820CD2C8 from 0x820CD44C
[error] [codegen] [t169443] Unresolved conditional branch to 0x820CEA80 from 0x820CEAC8
[error] [codegen] [t169443] Unresolved conditional branch to 0x820CEF64 from 0x820CEFAC
[error] [codegen] [t169443] Unresolved conditional branch to 0x820D1EE0 from 0x820D1F6C
[error] [codegen] [t169443] Unresolved conditional branch to 0x820D1FE4 from 0x820D2008
[error] [codegen] [t169443] Unresolved conditional branch to 0x820D3B20 from 0x820D3C88
[error] [codegen] [t169443] Unresolved conditional branch to 0x820D3B20 from 0x820D3C88
[error] [codegen] [t169443] Unresolved conditional branch to 0x820D6AF4 from 0x820D6B94
[error] [codegen] [t169443] Unresolved conditional branch to 0x820D9590 from 0x820D95D0
[error] [codegen] [t169443] Unresolved conditional branch to 0x820D9664 from 0x820D96C0
[error] [codegen] [t169443] Unresolved conditional branch to 0x820DAB40 from 0x820DAD5C
[error] [codegen] [t169443] Unresolved conditional branch to 0x820DAB40 from 0x820DAD5C
[error] [codegen] [t169443] Unresolved conditional branch to 0x820DE978 from 0x820DEA68
[error] [codegen] [t169443] Unresolved conditional branch to 0x820DEBD8 from 0x820DED54
[error] [codegen] [t169443] Unresolved conditional branch to 0x820E131C from 0x820E13D4
[error] [codegen] [t169443] Unresolved conditional branch to 0x820E131C from 0x820E1434
[error] [codegen] [t169443] Unresolved conditional branch to 0x820E176C from 0x820E17A4
[warning] [codegen] [t169443] Unresolved b target 0x820E299C from 0x820E2AC4
[error] [codegen] [t169443] Unresolved function 0x820E299C from 0x820E2AC4 (no CallTarget in FunctionNode)
[warning] [codegen] [t169443] Unresolved b target 0x820E299C from 0x820E2AC4
[error] [codegen] [t169443] Unresolved function 0x820E299C from 0x820E2AC4 (no CallTarget in FunctionNode)
[warning] [codegen] [t169443] Unresolved b target 0x820E299C from 0x820E2AC4
[error] [codegen] [t169443] Unresolved function 0x820E299C from 0x820E2AC4 (no CallTarget in FunctionNode)
[error] [codegen] [t169443] Unresolved conditional branch to 0x820E2CB0 from 0x820E2D10
[error] [codegen] [t169443] Unresolved conditional branch to 0x820E33C0 from 0x820E34E4
[error] [codegen] [t169443] Unresolved conditional branch to 0x820E3BE8 from 0x820E3C6C
[warning] [codegen] [t169443] Unresolved b target 0x820E4724 from 0x820E48C8
[error] [codegen] [t169443] Unresolved function 0x820E4724 from 0x820E48C8 (no CallTarget in FunctionNode)
[warning] [codegen] [t169443] Unresolved b target 0x820E4980 from 0x820E49E4
[error] [codegen] [t169443] Unresolved function 0x820E4980 from 0x820E49E4 (no CallTarget in FunctionNode)
[warning] [codegen] [t169443] Unresolved b target 0x820E4980 from 0x820E49E4
[error] [codegen] [t169443] Unresolved function 0x820E4980 from 0x820E49E4 (no CallTarget in FunctionNode)
[warning] [codegen] [t169443] Unresolved b target 0x820E4980 from 0x820E49E4
[error] [codegen] [t169443] Unresolved function 0x820E4980 from 0x820E49E4 (no CallTarget in FunctionNode)
[warning] [codegen] [t169443] Unresolved b target 0x820E4A3C from 0x820E4AB8
[error] [codegen] [t169443] Unresolved function 0x820E4A3C from 0x820E4AB8 (no CallTarget in FunctionNode)
[warning] [codegen] [t169443] Unresolved b target 0x820E5F74 from 0x820E6018
[error] [codegen] [t169443] Unresolved function 0x820E5F74 from 0x820E6018 (no CallTarget in FunctionNode)
[warning] [codegen] [t169443] Unresolved b target 0x820E6064 from 0x820E60B8
[error] [codegen] [t169443] Unresolved function 0x820E6064 from 0x820E60B8 (no CallTarget in FunctionNode)
[warning] [codegen] [t169443] Unresolved b target 0x820E6104 from 0x820E6158
[error] [codegen] [t169443] Unresolved function 0x820E6104 from 0x820E6158 (no CallTarget in FunctionNode)
[warning] [codegen] [t169443] Unresolved b target 0x820E6240 from 0x820E6420
[error] [codegen] [t169443] Unresolved function 0x820E6240 from 0x820E6420 (no CallTarget in FunctionNode)
[warning] [codegen] [t169443] Unresolved b target 0x820E6240 from 0x820E6434
[error] [codegen] [t169443] Unresolved function 0x820E6240 from 0x820E6434 (no CallTarget in FunctionNode)
[warning] [codegen] [t169443] Unresolved b target 0x820E73C8 from 0x820E7418
[error] [codegen] [t169443] Unresolved function 0x820E73C8 from 0x820E7418 (no CallTarget in FunctionNode)
[error] [codegen] [t169443] Unresolved conditional branch to 0x820E87A8 from 0x820E8878
[warning] [codegen] [t169443] Unresolved b target 0x820E87A8 from 0x820E8880
[error] [codegen] [t169443] Unresolved function 0x820E87A8 from 0x820E8880 (no CallTarget in FunctionNode)
[error] [codegen] [t169443] Unresolved conditional branch to 0x820E889C from 0x820E8928
[error] [codegen] [t169443] Unresolved conditional branch to 0x820E89FC from 0x820E8AB4
[warning] [codegen] [t169443] Unresolved b target 0x820E89FC from 0x820E8ABC
[error] [codegen] [t169443] Unresolved function 0x820E89FC from 0x820E8ABC (no CallTarget in FunctionNode)
[warning] [codegen] [t169443] Unresolved b target 0x820E89FC from 0x820E8ABC
[error] [codegen] [t169443] Unresolved function 0x820E89FC from 0x820E8ABC (no CallTarget in FunctionNode)
[error] [codegen] [t169443] Unresolved conditional branch to 0x820E9724 from 0x820E97A4
[warning] [codegen] [t169443] bdnz at 820E9844 branches outside function to 820E97C8
[error] [codegen] [t169443] Unresolved conditional branch to 0x820E9B44 from 0x820E9B8C
[error] [codegen] [t169443] Unresolved conditional branch to 0x820E9E08 from 0x820E9E88
[error] [codegen] [t169443] Unresolved conditional branch to 0x820ED01C from 0x820ED23C
[error] [codegen] [t169443] Unresolved conditional branch to 0x820ED01C from 0x820ED23C
[error] [codegen] [t169443] Unresolved conditional branch to 0x820EE158 from 0x820EE27C
[error] [codegen] [t169443] Unresolved conditional branch to 0x820EE678 from 0x820EE6C8
[error] [codegen] [t169443] Unresolved conditional branch to 0x820EFD84 from 0x820EFF50
[warning] [codegen] [t169443] Unresolved b target 0x820F02BC from 0x820F0300
[error] [codegen] [t169443] Unresolved function 0x820F02BC from 0x820F0300 (no CallTarget in FunctionNode)
[error] [codegen] [t169443] Unresolved conditional branch to 0x820F0DEC from 0x820F0E10
[error] [codegen] [t169443] Unresolved conditional branch to 0x820F1410 from 0x820F1440
[error] [codegen] [t169443] Unresolved conditional branch to 0x820F1B70 from 0x820F1C94
[error] [codegen] [t169443] Unresolved conditional branch to 0x820F1B70 from 0x820F1C94
[error] [codegen] [t169443] Unresolved conditional branch to 0x820F1EB4 from 0x820F2080
[error] [codegen] [t169443] Unresolved conditional branch to 0x820F24B8 from 0x820F25DC
[error] [codegen] [t169443] Unresolved conditional branch to 0x820F2844 from 0x820F2A10
[error] [codegen] [t169443] Unresolved conditional branch to 0x820F2E68 from 0x820F3034
[error] [codegen] [t169443] Unresolved conditional branch to 0x820F2E68 from 0x820F3034
[error] [codegen] [t169443] Unresolved conditional branch to 0x820F2E68 from 0x820F3034
[error] [codegen] [t169443] Unresolved conditional branch to 0x820F3710 from 0x820F3790
[error] [codegen] [t169443] Unresolved conditional branch to 0x820F44C0 from 0x820F45E4
[error] [codegen] [t169443] Unresolved conditional branch to 0x820F44C0 from 0x820F45E4
[error] [codegen] [t169443] Unresolved conditional branch to 0x820F44C0 from 0x820F45E4
[error] [codegen] [t169443] Unresolved conditional branch to 0x820F47C8 from 0x820F47F8
[error] [codegen] [t169443] Unresolved conditional branch to 0x820F4A38 from 0x820F4C04
[error] [codegen] [t169443] Unresolved conditional branch to 0x820F4A38 from 0x820F4C04
[error] [codegen] [t169443] Unresolved conditional branch to 0x820F4C5C from 0x820F4CE4
[error] [codegen] [t169443] Unresolved conditional branch to 0x820F4DC0 from 0x820F4DE0
[error] [codegen] [t169443] Unresolved conditional branch to 0x820F4E88 from 0x820F4EAC
[error] [codegen] [t169443] Unresolved conditional branch to 0x820F4E34 from 0x820F4EBC
[error] [codegen] [t169443] Unresolved conditional branch to 0x820F4F50 from 0x820F4F74
[error] [codegen] [t169443] Unresolved conditional branch to 0x820F4EFC from 0x820F4F84
[warning] [codegen] [t169443] Unresolved b target 0x820F5188 from 0x820F5238
[error] [codegen] [t169443] Unresolved function 0x820F5188 from 0x820F5238 (no CallTarget in FunctionNode)
[warning] [codegen] [t169443] Unresolved b target 0x820F5184 from 0x820F5250
[error] [codegen] [t169443] Unresolved function 0x820F5184 from 0x820F5250 (no CallTarget in FunctionNode)
[error] [codegen] [t169443] Unresolved conditional branch to 0x820F59B8 from 0x820F5A14
[error] [codegen] [t169443] Unresolved conditional branch to 0x820F5A30 from 0x820F5AAC
[error] [codegen] [t169443] Unresolved conditional branch to 0x820F5ADC from 0x820F5B50
[error] [codegen] [t169443] Unresolved conditional branch to 0x820F5D78 from 0x820F5E10
[error] [codegen] [t169443] Unresolved conditional branch to 0x820F5E38 from 0x820F5EA8
[error] [codegen] [t169443] Unresolved conditional branch to 0x820F5F9C from 0x820F605C
[error] [codegen] [t169443] Unresolved conditional branch to 0x820F5F9C from 0x820F605C
[error] [codegen] [t169443] Unresolved conditional branch to 0x820F5F9C from 0x820F605C
[error] [codegen] [t169443] Unresolved conditional branch to 0x820F5F9C from 0x820F605C
[error] [codegen] [t169443] Unresolved conditional branch to 0x820F5F9C from 0x820F605C
[error] [codegen] [t169443] Unresolved conditional branch to 0x820F5F9C from 0x820F605C
[error] [codegen] [t169443] Unresolved conditional branch to 0x820F5F9C from 0x820F605C
[error] [codegen] [t169443] Unresolved conditional branch to 0x820F5F9C from 0x820F605C
[error] [codegen] [t169443] Unresolved conditional branch to 0x820F5F9C from 0x820F605C
[warning] [codegen] [t169443] Unresolved b target 0x820F6354 from 0x820F63B8
[error] [codegen] [t169443] Unresolved function 0x820F6354 from 0x820F63B8 (no CallTarget in FunctionNode)
[warning] [codegen] [t169443] Unresolved b target 0x820F63FC from 0x820F6464
[error] [codegen] [t169443] Unresolved function 0x820F63FC from 0x820F6464 (no CallTarget in FunctionNode)
[warning] [codegen] [t169443] Unresolved b target 0x820F64B0 from 0x820F651C
[error] [codegen] [t169443] Unresolved function 0x820F64B0 from 0x820F651C (no CallTarget in FunctionNode)
[warning] [codegen] [t169443] Unresolved b target 0x820F656C from 0x820F65DC
[error] [codegen] [t169443] Unresolved function 0x820F656C from 0x820F65DC (no CallTarget in FunctionNode)
[warning] [codegen] [t169443] Unresolved b target 0x820F6630 from 0x820F66A4
[error] [codegen] [t169443] Unresolved function 0x820F6630 from 0x820F66A4 (no CallTarget in FunctionNode)
[warning] [codegen] [t169443] Unresolved b target 0x820F6734 from 0x820F6780
[error] [codegen] [t169443] Unresolved function 0x820F6734 from 0x820F6780 (no CallTarget in FunctionNode)
[warning] [codegen] [t169443] Unresolved b target 0x820F67D0 from 0x820F684C
[error] [codegen] [t169443] Unresolved function 0x820F67D0 from 0x820F684C (no CallTarget in FunctionNode)
[warning] [codegen] [t169443] Unresolved b target 0x820F6898 from 0x820F6900
[error] [codegen] [t169443] Unresolved function 0x820F6898 from 0x820F6900 (no CallTarget in FunctionNode)
[warning] [codegen] [t169443] Unresolved b target 0x820F6990 from 0x820F69D0
[error] [codegen] [t169443] Unresolved function 0x820F6990 from 0x820F69D0 (no CallTarget in FunctionNode)
[warning] [codegen] [t169443] Unresolved b target 0x820F6A5C from 0x820F6AA0
[error] [codegen] [t169443] Unresolved function 0x820F6A5C from 0x820F6AA0 (no CallTarget in FunctionNode)
[warning] [codegen] [t169443] Unresolved b target 0x820F6DA4 from 0x820F6E24
[error] [codegen] [t169443] Unresolved function 0x820F6DA4 from 0x820F6E24 (no CallTarget in FunctionNode)
[warning] [codegen] [t169443] Unresolved b target 0x820F6E70 from 0x820F6ED8
[error] [codegen] [t169443] Unresolved function 0x820F6E70 from 0x820F6ED8 (no CallTarget in FunctionNode)
[warning] [codegen] [t169443] Unresolved b target 0x820F6F20 from 0x820F6F8C
[error] [codegen] [t169443] Unresolved function 0x820F6F20 from 0x820F6F8C (no CallTarget in FunctionNode)
[warning] [codegen] [t169443] Unresolved b target 0x820F6FDC from 0x820F704C
[error] [codegen] [t169443] Unresolved function 0x820F6FDC from 0x820F704C (no CallTarget in FunctionNode)
[warning] [codegen] [t169443] Unresolved b target 0x820F70A0 from 0x820F7114
[error] [codegen] [t169443] Unresolved function 0x820F70A0 from 0x820F7114 (no CallTarget in FunctionNode)
[error] [codegen] [t169443] Unresolved conditional branch to 0x820F73AC from 0x820F73CC
[warning] [codegen] [t169443] Unresolved b target 0x820F7CBC from 0x820F7D20
[error] [codegen] [t169443] Unresolved function 0x820F7CBC from 0x820F7D20 (no CallTarget in FunctionNode)
[error] [codegen] [t169443] Unresolved conditional branch to 0x820F8F0C from 0x820F8F54
[error] [codegen] [t169443] Unresolved conditional branch to 0x820FA944 from 0x820FA964
[error] [codegen] [t169443] Unresolved conditional branch to 0x820FD2F4 from 0x820FD408
[error] [codegen] [t169443] Unresolved conditional branch to 0x820FD5C4 from 0x820FD750
[error] [codegen] [t169443] Unresolved conditional branch to 0x820FDCC8 from 0x820FDCDC
[error] [codegen] [t169443] Unresolved conditional branch to 0x820FF204 from 0x820FF360
[error] [codegen] [t169443] Unresolved conditional branch to 0x820FF1C8 from 0x820FF378
[error] [codegen] [t169443] Unresolved conditional branch to 0x820FF404 from 0x820FF4D4
[error] [codegen] [t169443] Unresolved conditional branch to 0x820FFC10 from 0x820FFD3C
[error] [codegen] [t169443] Unresolved conditional branch to 0x821008C8 from 0x82100924
[error] [codegen] [t169443] Unresolved conditional branch to 0x8210084C from 0x82100934
[error] [codegen] [t169443] Unresolved conditional branch to 0x82101978 from 0x82101A04
[error] [codegen] [t169443] Unresolved conditional branch to 0x821022FC from 0x82102530
[warning] [codegen] [t169443] Unresolved b target 0x82103190 from 0x82103354
[error] [codegen] [t169443] Unresolved function 0x82103190 from 0x82103354 (no CallTarget in FunctionNode)
[warning] [codegen] [t169443] Unresolved b target 0x82103190 from 0x82103360
[error] [codegen] [t169443] Unresolved function 0x82103190 from 0x82103360 (no CallTarget in FunctionNode)
[error] [codegen] [t169443] Unresolved conditional branch to 0x82105654 from 0x82105714
[error] [codegen] [t169443] Unresolved conditional branch to 0x82105A24 from 0x82105A7C
[error] [codegen] [t169443] Unresolved conditional branch to 0x821062D4 from 0x82106304
[error] [codegen] [t169443] Unresolved conditional branch to 0x821062B8 from 0x82106318
[error] [codegen] [t169443] Unresolved conditional branch to 0x8210616C from 0x8210632C
[error] [codegen] [t169443] Unresolved conditional branch to 0x82105F00 from 0x82106340
[error] [codegen] [t169443] Unresolved conditional branch to 0x8210684C from 0x82106888
[error] [codegen] [t169443] Unresolved conditional branch to 0x82106830 from 0x821068AC
[error] [codegen] [t169443] Unresolved conditional branch to 0x821067D4 from 0x821068BC
[error] [codegen] [t169443] Unresolved conditional branch to 0x82106DA4 from 0x82106DF8
[error] [codegen] [t169443] Unresolved conditional branch to 0x82106F30 from 0x82106FBC
[error] [codegen] [t169443] Unresolved conditional branch to 0x82107488 from 0x82107514
[error] [codegen] [t169443] Unresolved conditional branch to 0x82107460 from 0x82107528
[error] [codegen] [t169443] Unresolved conditional branch to 0x82107BB8 from 0x82107BFC
[error] [codegen] [t169443] Unresolved conditional branch to 0x82108210 from 0x82108260
[error] [codegen] [t169443] Unresolved conditional branch to 0x821085F4 from 0x821086A4
[error] [codegen] [t169443] Unresolved conditional branch to 0x821084A8 from 0x821086CC
[error] [codegen] [t169443] Unresolved conditional branch to 0x82108804 from 0x82108870
[error] [codegen] [t169443] Unresolved conditional branch to 0x82108718 from 0x82108898
[error] [codegen] [t169443] Unresolved conditional branch to 0x82108D80 from 0x82108DB4
[error] [codegen] [t169443] Unresolved conditional branch to 0x82108D3C from 0x82108DC8
[error] [codegen] [t169443] Unresolved conditional branch to 0x82108D10 from 0x82108DDC
[error] [codegen] [t169443] Unresolved conditional branch to 0x821096B8 from 0x82109740
[error] [codegen] [t169443] Unresolved conditional branch to 0x82109970 from 0x821099D8
[error] [codegen] [t169443] Unresolved conditional branch to 0x821098A0 from 0x821099FC
[error] [codegen] [t169443] Unresolved conditional branch to 0x82109850 from 0x82109A08
[error] [codegen] [t169443] Unresolved conditional branch to 0x82109C60 from 0x82109CB8
[error] [codegen] [t169443] Unresolved conditional branch to 0x82109BB0 from 0x82109CD0
[error] [codegen] [t169443] Unresolved conditional branch to 0x82109BA0 from 0x82109CE0
[error] [codegen] [t169443] Unresolved conditional branch to 0x82109FD0 from 0x8210A16C
[error] [codegen] [t169443] Unresolved conditional branch to 0x82109F84 from 0x8210A1A0
[error] [codegen] [t169443] Unresolved conditional branch to 0x82118ACC from 0x82118AF4
[error] [codegen] [t169443] Unresolved conditional branch to 0x82118B60 from 0x82118BE8
[error] [codegen] [t169443] Unresolved conditional branch to 0x82119794 from 0x821197CC
[error] [codegen] [t169443] Unresolved conditional branch to 0x821198A4 from 0x821198F4
[error] [codegen] [t169443] Unresolved conditional branch to 0x821199C4 from 0x82119A14
[error] [codegen] [t169443] Unresolved conditional branch to 0x82119D60 from 0x82119DC8
[error] [codegen] [t169443] Unresolved conditional branch to 0x8211BBB8 from 0x8211BC5C
[warning] [codegen] [t169443] Unresolved b target 0x8211CBB0 from 0x8211CC6C
[error] [codegen] [t169443] Unresolved function 0x8211CBB0 from 0x8211CC6C (no CallTarget in FunctionNode)
[warning] [codegen] [t169443] Unresolved b target 0x8211CD2C from 0x8211CD54
[error] [codegen] [t169443] Unresolved function 0x8211CD2C from 0x8211CD54 (no CallTarget in FunctionNode)
[warning] [codegen] [t169443] Unresolved b target 0x8211CD2C from 0x8211CD54
[error] [codegen] [t169443] Unresolved function 0x8211CD2C from 0x8211CD54 (no CallTarget in FunctionNode)
[error] [codegen] [t169443] Unresolved conditional branch to 0x8211E268 from 0x8211E318
[error] [codegen] [t169443] Unresolved conditional branch to 0x8211E58C from 0x8211E5C0
[error] [codegen] [t169443] Unresolved conditional branch to 0x82121D70 from 0x82122104
[error] [codegen] [t169443] Unresolved conditional branch to 0x82122160 from 0x821221D8
[error] [codegen] [t169443] Unresolved conditional branch to 0x82122230 from 0x82122250
[error] [codegen] [t169443] Unresolved conditional branch to 0x8212245C from 0x82122548
[error] [codegen] [t169443] Unresolved conditional branch to 0x82122908 from 0x82122930
[error] [codegen] [t169443] Unresolved conditional branch to 0x821229FC from 0x82122A50
[error] [codegen] [t169443] Unresolved conditional branch to 0x821229FC from 0x82122A50
[error] [codegen] [t169443] Unresolved conditional branch to 0x82122F80 from 0x82122FAC
[error] [codegen] [t169443] Unresolved conditional branch to 0x82123370 from 0x82123398
[error] [codegen] [t169443] Unresolved conditional branch to 0x821234D4 from 0x82123550
[error] [codegen] [t169443] Unresolved conditional branch to 0x82123A3C from 0x82123A68
[error] [codegen] [t169443] Unresolved conditional branch to 0x82125140 from 0x82125158
[error] [codegen] [t169443] Unresolved conditional branch to 0x821257F8 from 0x821258B8
[error] [codegen] [t169443] Unresolved conditional branch to 0x821257F8 from 0x821258B8
[error] [codegen] [t169443] Unresolved conditional branch to 0x821257F8 from 0x821258B8
[error] [codegen] [t169443] Unresolved conditional branch to 0x8212C258 from 0x8212C2B0
[error] [codegen] [t169443] Unresolved conditional branch to 0x8212C2FC from 0x8212C30C
[error] [codegen] [t169443] Unresolved conditional branch to 0x8212C520 from 0x8212C530
[error] [codegen] [t169443] Unresolved conditional branch to 0x8212C618 from 0x8212C638
[error] [codegen] [t169443] Unresolved conditional branch to 0x8212CDDC from 0x8212CE64
[error] [codegen] [t169443] Unresolved conditional branch to 0x8212D0D0 from 0x8212D10C
[error] [codegen] [t169443] Unresolved conditional branch to 0x8212EC50 from 0x8212EC98
[error] [codegen] [t169443] Unresolved conditional branch to 0x8212EE4C from 0x8212F274
[error] [codegen] [t169443] Unresolved conditional branch to 0x8212FBB4 from 0x8212FC88
[error] [codegen] [t169443] Unresolved conditional branch to 0x821301CC from 0x8213026C
[error] [codegen] [t169443] Unresolved conditional branch to 0x8213142C from 0x82131634
[error] [codegen] [t169443] Unresolved conditional branch to 0x82132124 from 0x82132684
[error] [codegen] [t169443] Unresolved conditional branch to 0x82132858 from 0x82132884
[error] [codegen] [t169443] Unresolved conditional branch to 0x82132980 from 0x82132A0C
[error] [codegen] [t169443] Unresolved conditional branch to 0x82132A58 from 0x82132AC4
[error] [codegen] [t169443] Unresolved conditional branch to 0x82133068 from 0x821331BC
[error] [codegen] [t169443] Unresolved conditional branch to 0x82133320 from 0x821333A0
[error] [codegen] [t169443] Unresolved conditional branch to 0x8213340C from 0x8213348C
[error] [codegen] [t169443] Unresolved conditional branch to 0x82133800 from 0x82133950
[error] [codegen] [t169443] Unresolved conditional branch to 0x82133B00 from 0x82133BFC
[error] [codegen] [t169443] Unresolved conditional branch to 0x82137ED8 from 0x82137FBC
[error] [codegen] [t169443] Unresolved conditional branch to 0x82138748 from 0x82138764
[error] [codegen] [t169443] Unresolved conditional branch to 0x82138748 from 0x82138764
[error] [codegen] [t169443] Unresolved conditional branch to 0x8213BFE8 from 0x8213C038
[error] [codegen] [t169443] Unresolved conditional branch to 0x8213BEEC from 0x8213C054
[error] [codegen] [t169443] Unresolved conditional branch to 0x8213CF78 from 0x8213CFF8
[error] [codegen] [t169443] Unresolved conditional branch to 0x8213D7DC from 0x8213D828
[error] [codegen] [t169443] Unresolved conditional branch to 0x8213DA58 from 0x8213DA68
[error] [codegen] [t169443] Unresolved conditional branch to 0x8213F164 from 0x8213F1C8
[error] [codegen] [t169443] Unresolved conditional branch to 0x8213F248 from 0x8213F360
[error] [codegen] [t169443] Unresolved conditional branch to 0x8213F3CC from 0x8213F59C
[error] [codegen] [t169443] Unresolved conditional branch to 0x82140370 from 0x821403B4
[error] [codegen] [t169443] Unresolved conditional branch to 0x82144348 from 0x82144430
[error] [codegen] [t169443] Unresolved conditional branch to 0x821444AC from 0x82144500
[error] [codegen] [t169443] Unresolved conditional branch to 0x82144AFC from 0x82144B30
[error] [codegen] [t169443] Unresolved conditional branch to 0x82144AF8 from 0x82144B3C
[error] [codegen] [t169443] Unresolved conditional branch to 0x82145D08 from 0x82145D64
[error] [codegen] [t169443] Unresolved conditional branch to 0x82145CB8 from 0x82145D78
[error] [codegen] [t169443] Unresolved conditional branch to 0x82145FC4 from 0x82146030
[error] [codegen] [t169443] Unresolved conditional branch to 0x82145F74 from 0x82146044
[error] [codegen] [t169443] Unresolved conditional branch to 0x82146130 from 0x82146160
[error] [codegen] [t169443] Unresolved conditional branch to 0x821481D0 from 0x82148278
[error] [codegen] [t169443] Unresolved conditional branch to 0x821481CC from 0x82148284
[error] [codegen] [t169443] Unresolved conditional branch to 0x82148318 from 0x82148430
[error] [codegen] [t169443] Unresolved conditional branch to 0x8214899C from 0x821489BC
[error] [codegen] [t169443] Unresolved conditional branch to 0x82148A70 from 0x82148B14
[error] [codegen] [t169443] Unresolved conditional branch to 0x82148A70 from 0x82148B14
[error] [codegen] [t169443] Unresolved conditional branch to 0x82148A70 from 0x82148B14
[error] [codegen] [t169443] Unresolved conditional branch to 0x82148D28 from 0x82149240
[error] [codegen] [t169443] Unresolved conditional branch to 0x8214A6BC from 0x8214A7E0
[error] [codegen] [t169443] Unresolved conditional branch to 0x8214AA28 from 0x8214AA40
[error] [codegen] [t169443] Unresolved conditional branch to 0x8214AFF4 from 0x8214B054
[error] [codegen] [t169443] Unresolved conditional branch to 0x8214B134 from 0x8214B2A0
[error] [codegen] [t169443] Unresolved conditional branch to 0x8214B518 from 0x8214B5E0
[error] [codegen] [t169443] Unresolved conditional branch to 0x8214DDB8 from 0x8214DE64
[error] [codegen] [t169443] Unresolved conditional branch to 0x8214EA8C from 0x8214EAA0
[error] [codegen] [t169443] Unresolved conditional branch to 0x8214FB98 from 0x8214FC0C
[error] [codegen] [t169443] Unresolved conditional branch to 0x8214FDB0 from 0x8214FDF8
[warning] [codegen] [t169443] bdnz at 82150E40 branches outside function to 82150E38
[error] [codegen] [t169443] Unresolved conditional branch to 0x82153ADC from 0x82153B10
[error] [codegen] [t169443] Unresolved conditional branch to 0x82153C50 from 0x82153D14
[error] [codegen] [t169443] Unresolved conditional branch to 0x82153DEC from 0x82153E0C
[error] [codegen] [t169443] Unresolved conditional branch to 0x8215428C from 0x821542E8
[error] [codegen] [t169443] Unresolved conditional branch to 0x82154278 from 0x821542F4
[error] [codegen] [t169443] Unresolved conditional branch to 0x821548DC from 0x82154968
[error] [codegen] [t169443] Unresolved conditional branch to 0x821548D8 from 0x82154970
[error] [codegen] [t169443] Unresolved conditional branch to 0x82154C2C from 0x82154F8C
[error] [codegen] [t169443] Unresolved conditional branch to 0x82154B94 from 0x82154FA8
[error] [codegen] [t169443] Unresolved conditional branch to 0x8215519C from 0x82155A6C
[error] [codegen] [t169443] Unresolved conditional branch to 0x82155170 from 0x82155A7C
[error] [codegen] [t169443] Unresolved conditional branch to 0x82155FF8 from 0x82156058
[warning] [codegen] [t169443] Unresolved b target 0x821563F4 from 0x8215644C
[error] [codegen] [t169443] Unresolved function 0x821563F4 from 0x8215644C (no CallTarget in FunctionNode)
[warning] [codegen] [t169443] Unresolved b target 0x821563F4 from 0x82156460
[error] [codegen] [t169443] Unresolved function 0x821563F4 from 0x82156460 (no CallTarget in FunctionNode)
[warning] [codegen] [t169443] Unresolved b target 0x821563F4 from 0x82156470
[error] [codegen] [t169443] Unresolved function 0x821563F4 from 0x82156470 (no CallTarget in FunctionNode)
[error] [codegen] [t169443] Unresolved conditional branch to 0x82157930 from 0x82157C48
[error] [codegen] [t169443] Unresolved conditional branch to 0x82157D2C from 0x82157DE4
[error] [codegen] [t169443] Unresolved conditional branch to 0x82158590 from 0x821585BC
[error] [codegen] [t169443] Unresolved conditional branch to 0x821589C0 from 0x82158A44
[error] [codegen] [t169443] Unresolved conditional branch to 0x8215A3F4 from 0x8215A410
[error] [codegen] [t169443] Unresolved conditional branch to 0x8215B14C from 0x8215B1C8
[error] [codegen] [t169443] Unresolved conditional branch to 0x8215B650 from 0x8215C010
[error] [codegen] [t169443] Unresolved conditional branch to 0x8215C180 from 0x8215C484
[error] [codegen] [t169443] Unresolved conditional branch to 0x8215D754 from 0x8215D830
[error] [codegen] [t169443] Unresolved conditional branch to 0x8215D9C0 from 0x8215D9F8
[warning] [codegen] [t169443] Unresolved b target 0x8215DD54 from 0x8215DFF8
[error] [codegen] [t169443] Unresolved function 0x8215DD54 from 0x8215DFF8 (no CallTarget in FunctionNode)
[error] [codegen] [t169443] Unresolved conditional branch to 0x8215E050 from 0x8215E0BC
[error] [codegen] [t169443] Unresolved conditional branch to 0x8215EBD8 from 0x8215EC94
[error] [codegen] [t169443] Unresolved conditional branch to 0x8215EBD8 from 0x8215EC94
[error] [codegen] [t169443] Unresolved conditional branch to 0x8215F26C from 0x8215F28C
[error] [codegen] [t169443] Unresolved conditional branch to 0x8215F7E0 from 0x8215F810
[error] [codegen] [t169443] Unresolved conditional branch to 0x8215FB30 from 0x8215FBCC
[error] [codegen] [t169443] Unresolved conditional branch to 0x82160A9C from 0x82160BD0
[error] [codegen] [t169443] Unresolved conditional branch to 0x82160EE0 from 0x82160F84
[error] [codegen] [t169443] Unresolved conditional branch to 0x82160FBC from 0x82161014
[error] [codegen] [t169443] Unresolved conditional branch to 0x82161CB4 from 0x82161DA8
[error] [codegen] [t169443] Unresolved conditional branch to 0x8216295C from 0x82162998
[error] [codegen] [t169443] Unresolved conditional branch to 0x821629D8 from 0x82162A84
[error] [codegen] [t169443] Unresolved conditional branch to 0x82162C58 from 0x82162D40
[error] [codegen] [t169443] Unresolved conditional branch to 0x82162DDC from 0x82162E4C
[error] [codegen] [t169443] Unresolved conditional branch to 0x82162DB8 from 0x82162E70
[error] [codegen] [t169443] Unresolved conditional branch to 0x82162FC4 from 0x82163000
[error] [codegen] [t169443] Unresolved conditional branch to 0x82163058 from 0x82163148
[error] [codegen] [t169443] Unresolved conditional branch to 0x82163764 from 0x821637B8
[error] [codegen] [t169443] Unresolved conditional branch to 0x82163D48 from 0x82163DC4
[error] [codegen] [t169443] Unresolved conditional branch to 0x821646AC from 0x82164750
[error] [codegen] [t169443] Unresolved conditional branch to 0x821649C4 from 0x82164AA8
[error] [codegen] [t169443] Unresolved conditional branch to 0x82164B50 from 0x82164BDC
[error] [codegen] [t169443] Unresolved conditional branch to 0x82164DBC from 0x82164E4C
[error] [codegen] [t169443] Unresolved conditional branch to 0x8216523C from 0x82165318
[error] [codegen] [t169443] Unresolved conditional branch to 0x82165220 from 0x82165330
[error] [codegen] [t169443] Unresolved conditional branch to 0x8216596C from 0x821659C4
[error] [codegen] [t169443] Unresolved conditional branch to 0x82165A84 from 0x82165B28
[error] [codegen] [t169443] Unresolved conditional branch to 0x82165C00 from 0x82165C20
[error] [codegen] [t169443] Unresolved conditional branch to 0x82165BE8 from 0x82165C78
[error] [codegen] [t169443] Unresolved conditional branch to 0x82165BC4 from 0x82165CAC
[error] [codegen] [t169443] Unresolved conditional branch to 0x82165BC4 from 0x82165CAC
[error] [codegen] [t169443] Unresolved conditional branch to 0x82165F20 from 0x82165F48
[error] [codegen] [t169443] Unresolved conditional branch to 0x82166060 from 0x82166128
[error] [codegen] [t169443] Unresolved conditional branch to 0x82166060 from 0x82166128
[error] [codegen] [t169443] Unresolved conditional branch to 0x82166060 from 0x82166128
[error] [codegen] [t169443] Unresolved conditional branch to 0x82166440 from 0x82166470
[error] [codegen] [t169443] Unresolved conditional branch to 0x82168F1C from 0x82168F2C
[error] [codegen] [t169443] Unresolved conditional branch to 0x82169118 from 0x82169160
[error] [codegen] [t169443] Unresolved conditional branch to 0x82169768 from 0x821699C4
[warning] [codegen] [t169443] Unresolved b target 0x82169768 from 0x821699CC
[error] [codegen] [t169443] Unresolved function 0x82169768 from 0x821699CC (no CallTarget in FunctionNode)
[error] [codegen] [t169443] Unresolved conditional branch to 0x82169EA4 from 0x82169F40
[error] [codegen] [t169443] Unresolved conditional branch to 0x82169F9C from 0x8216A020
[error] [codegen] [t169443] Unresolved conditional branch to 0x8216A0F0 from 0x8216A20C
[error] [codegen] [t169443] Unresolved conditional branch to 0x8216A678 from 0x8216A688
[warning] [codegen] [t169443] Unresolved b target 0x8216A878 from 0x8216A8B0
[error] [codegen] [t169443] Unresolved function 0x8216A878 from 0x8216A8B0 (no CallTarget in FunctionNode)
[error] [codegen] [t169443] Unresolved conditional branch to 0x8216B3EC from 0x8216B4EC
[error] [codegen] [t169443] Unresolved conditional branch to 0x8216B54C from 0x8216B6A4
[error] [codegen] [t169443] Unresolved conditional branch to 0x8216B7E4 from 0x8216B8FC
[error] [codegen] [t169443] Unresolved conditional branch to 0x8216BA30 from 0x8216BA60
[error] [codegen] [t169443] Unresolved conditional branch to 0x8216C0D8 from 0x8216C108
[error] [codegen] [t169443] Unresolved conditional branch to 0x8216CE80 from 0x8216CF10
[error] [codegen] [t169443] Unresolved conditional branch to 0x8216D2D0 from 0x8216D2F8
[warning] [codegen] [t169443] Unresolved b target 0x8216DA1C from 0x8216DC90
[error] [codegen] [t169443] Unresolved function 0x8216DA1C from 0x8216DC90 (no CallTarget in FunctionNode)
[error] [codegen] [t169443] Unresolved conditional branch to 0x8216E3CC from 0x8216E494
[error] [codegen] [t169443] Unresolved conditional branch to 0x8216E4E8 from 0x8216E534
[error] [codegen] [t169443] Unresolved conditional branch to 0x8216E5D0 from 0x8216E5E8
[error] [codegen] [t169443] Unresolved conditional branch to 0x8216E6C4 from 0x8216E770
[error] [codegen] [t169443] Unresolved conditional branch to 0x8216E884 from 0x8216E8C0
[error] [codegen] [t169443] Unresolved conditional branch to 0x8216EBB8 from 0x8216EC4C
[warning] [codegen] [t169443] Unresolved b target 0x8216EF94 from 0x8216F028
[error] [codegen] [t169443] Unresolved function 0x8216EF94 from 0x8216F028 (no CallTarget in FunctionNode)
[error] [codegen] [t169443] Unresolved conditional branch to 0x8216FE8C from 0x8216FF3C
[error] [codegen] [t169443] Unresolved conditional branch to 0x8216FE8C from 0x8216FF3C
[error] [codegen] [t169443] Unresolved conditional branch to 0x82170A08 from 0x82170B04
[error] [codegen] [t169443] Unresolved conditional branch to 0x82170A08 from 0x82170B04
[error] [codegen] [t169443] Unresolved conditional branch to 0x82170F70 from 0x82171030
[error] [codegen] [t169443] Unresolved conditional branch to 0x82170F70 from 0x82171030
[error] [codegen] [t169443] Unresolved conditional branch to 0x82172728 from 0x821727D0
[error] [codegen] [t169443] Unresolved conditional branch to 0x82172F94 from 0x82173048
[warning] [codegen] [t169443] bdnz at 8217570C branches outside function to 821756FC
[error] [codegen] [t169443] Unresolved conditional branch to 0x82183018 from 0x821831C0
[error] [codegen] [t169443] Unresolved conditional branch to 0x82183018 from 0x821831C0
[error] [codegen] [t169443] Unresolved conditional branch to 0x82183018 from 0x821831C0
[error] [codegen] [t169443] Unresolved conditional branch to 0x821836B8 from 0x821836F0
[error] [codegen] [t169443] Unresolved conditional branch to 0x82183BC0 from 0x82183BD0
[error] [codegen] [t169443] Unresolved conditional branch to 0x82184F0C from 0x82184F24
[error] [codegen] [t169443] Unresolved conditional branch to 0x82185018 from 0x82185038
[error] [codegen] [t169443] Unresolved conditional branch to 0x821864A4 from 0x821864BC
[error] [codegen] [t169443] Unresolved conditional branch to 0x8219045C from 0x82190478
[error] [codegen] [t169443] Unresolved conditional branch to 0x82193D8C from 0x82193E00
[error] [codegen] [t169443] Unresolved conditional branch to 0x82198278 from 0x82198294
[warning] [codegen] [t169443] Unresolved b target 0x8219AEE4 from 0x8219AF74
[error] [codegen] [t169443] Unresolved function 0x8219AEE4 from 0x8219AF74 (no CallTarget in FunctionNode)
[warning] [codegen] [t169443] Unresolved b target 0x8219AF80 from 0x8219B010
[error] [codegen] [t169443] Unresolved function 0x8219AF80 from 0x8219B010 (no CallTarget in FunctionNode)
[warning] [codegen] [t169443] Unresolved b target 0x8219AF80 from 0x8219B010
[error] [codegen] [t169443] Unresolved function 0x8219AF80 from 0x8219B010 (no CallTarget in FunctionNode)
[error] [codegen] [t169443] Unresolved conditional branch to 0x8219B094 from 0x8219B158
[error] [codegen] [t169443] Unresolved conditional branch to 0x821ADF64 from 0x821ADF80
[error] [codegen] [t169443] Unresolved conditional branch to 0x821AFD9C from 0x821AFDB8
[error] [codegen] [t169443] Unresolved conditional branch to 0x821B106C from 0x821B1088
[error] [codegen] [t169443] Unresolved conditional branch to 0x821B1D08 from 0x821B1D14
[error] [codegen] [t169443] Unresolved conditional branch to 0x821B4104 from 0x821B412C
[error] [codegen] [t169443] Unresolved conditional branch to 0x821B4174 from 0x821B41CC
[error] [codegen] [t169443] Unresolved conditional branch to 0x821B4174 from 0x821B41CC
[error] [codegen] [t169443] Unresolved conditional branch to 0x821B470C from 0x821B4744
[error] [codegen] [t169443] Unresolved conditional branch to 0x821B85F0 from 0x821B8604
[error] [codegen] [t169443] Unresolved conditional branch to 0x821B85C4 from 0x821B8614
[error] [codegen] [t169443] Unresolved conditional branch to 0x821BE34C from 0x821BE378
[error] [codegen] [t169443] Unresolved conditional branch to 0x821BE44C from 0x821BE478
[error] [codegen] [t169443] Unresolved conditional branch to 0x821BE564 from 0x821BE5AC
[error] [codegen] [t169443] Unresolved conditional branch to 0x821BE79C from 0x821BE7C8
[error] [codegen] [t169443] Unresolved conditional branch to 0x821BE89C from 0x821BE8C8
[error] [codegen] [t169443] Unresolved conditional branch to 0x821BE99C from 0x821BE9C8
[error] [codegen] [t169443] Unresolved conditional branch to 0x821BF9B8 from 0x821BF9F8
[error] [codegen] [t169443] Unresolved conditional branch to 0x821C13B4 from 0x821C13D4
[error] [codegen] [t169443] Unresolved conditional branch to 0x821C7900 from 0x821C79F4
[error] [codegen] [t169443] Unresolved conditional branch to 0x821CA4F8 from 0x821CA508
[error] [codegen] [t169443] Unresolved conditional branch to 0x821CA5B0 from 0x821CA5D8
[warning] [codegen] [t169443] bdnz at 821CA944 branches outside function to 821CA93C
[error] [codegen] [t169443] Unresolved conditional branch to 0x821CA92C from 0x821CA958
[error] [codegen] [t169443] Unresolved conditional branch to 0x821CBB84 from 0x821CBBAC
[error] [codegen] [t169443] Unresolved conditional branch to 0x821CD164 from 0x821CD17C
[error] [codegen] [t169443] Unresolved conditional branch to 0x821CD9B0 from 0x821CDAC4
[error] [codegen] [t169443] Unresolved conditional branch to 0x821CDAE0 from 0x821CDBC8
[error] [codegen] [t169443] Unresolved conditional branch to 0x821CDBE0 from 0x821CDCF4
[error] [codegen] [t169443] Unresolved conditional branch to 0x821CDD10 from 0x821CDDF8
[error] [codegen] [t169443] Unresolved conditional branch to 0x821CDE0C from 0x821CDE3C
[error] [codegen] [t169443] Unresolved conditional branch to 0x821CE6A4 from 0x821CE6C8
[error] [codegen] [t169443] Unresolved conditional branch to 0x821CE6A4 from 0x821CE71C
[error] [codegen] [t169443] Unresolved conditional branch to 0x821CE6A4 from 0x821CE730
[error] [codegen] [t169443] Unresolved conditional branch to 0x821CE6A4 from 0x821CE7A0
[error] [codegen] [t169443] Unresolved conditional branch to 0x821CE6A4 from 0x821CE7AC
[error] [codegen] [t169443] Unresolved conditional branch to 0x821CEDB4 from 0x821CEDC8
[error] [codegen] [t169443] Unresolved conditional branch to 0x821CFC4C from 0x821CFC74
[error] [codegen] [t169443] Unresolved conditional branch to 0x821CFCC4 from 0x821CFCEC
[error] [codegen] [t169443] Unresolved conditional branch to 0x821CFF0C from 0x821CFF34
[error] [codegen] [t169443] Unresolved conditional branch to 0x821CFEFC from 0x821CFF84
[error] [codegen] [t169443] Unresolved conditional branch to 0x821D06BC from 0x821D0700
[error] [codegen] [t169443] Unresolved conditional branch to 0x821D06BC from 0x821D0710
[error] [codegen] [t169443] Unresolved conditional branch to 0x821D06B4 from 0x821D0724
[error] [codegen] [t169443] Unresolved conditional branch to 0x821D0F0C from 0x821D0FC0
[error] [codegen] [t169443] Unresolved conditional branch to 0x821D0F0C from 0x821D0FC0
[error] [codegen] [t169443] Unresolved conditional branch to 0x821D1168 from 0x821D13EC
[error] [codegen] [t169443] Unresolved conditional branch to 0x821D1168 from 0x821D1448
[error] [codegen] [t169443] Unresolved conditional branch to 0x821D288C from 0x821D291C
[error] [codegen] [t169443] Unresolved conditional branch to 0x821D29EC from 0x821D2A70
[error] [codegen] [t169443] Unresolved conditional branch to 0x821D29EC from 0x821D2A70
[error] [codegen] [t169443] Unresolved conditional branch to 0x821D2DA4 from 0x821D2DF8
[error] [codegen] [t169443] Unresolved conditional branch to 0x821D2EA8 from 0x821D2FAC
[error] [codegen] [t169443] Unresolved conditional branch to 0x821D2FFC from 0x821D3044
[error] [codegen] [t169443] Unresolved conditional branch to 0x821D37DC from 0x821D37F8
[warning] [codegen] [t169443] Unresolved b target 0x821D4C14 from 0x821D4C6C
[error] [codegen] [t169443] Unresolved function 0x821D4C14 from 0x821D4C6C (no CallTarget in FunctionNode)
[warning] [codegen] [t169443] Unresolved b target 0x821D4C00 from 0x821D4C80
[error] [codegen] [t169443] Unresolved function 0x821D4C00 from 0x821D4C80 (no CallTarget in FunctionNode)
[warning] [codegen] [t169443] Unresolved b target 0x821D4DE4 from 0x821D4E20
[error] [codegen] [t169443] Unresolved function 0x821D4DE4 from 0x821D4E20 (no CallTarget in FunctionNode)
[warning] [codegen] [t169443] Unresolved b target 0x821D4DD4 from 0x821D4E38
[error] [codegen] [t169443] Unresolved function 0x821D4DD4 from 0x821D4E38 (no CallTarget in FunctionNode)
[warning] [codegen] [t169443] Unresolved b target 0x821D4EF8 from 0x821D4F84
[error] [codegen] [t169443] Unresolved function 0x821D4EF8 from 0x821D4F84 (no CallTarget in FunctionNode)
[warning] [codegen] [t169443] Unresolved b target 0x821D4EF8 from 0x821D4FA4
[error] [codegen] [t169443] Unresolved function 0x821D4EF8 from 0x821D4FA4 (no CallTarget in FunctionNode)
[error] [codegen] [t169443] Unresolved conditional branch to 0x821D7890 from 0x821D78A0
[error] [codegen] [t169443] Unresolved conditional branch to 0x821D7944 from 0x821D799C
[error] [codegen] [t169443] Unresolved conditional branch to 0x821D7A2C from 0x821D7A40
[error] [codegen] [t169443] Unresolved conditional branch to 0x821D7DD0 from 0x821D7DEC
[error] [codegen] [t169443] Unresolved conditional branch to 0x821D837C from 0x821D8390
[error] [codegen] [t169443] Unresolved conditional branch to 0x821D8B64 from 0x821D8C9C
[error] [codegen] [t169443] Unresolved conditional branch to 0x821D8CC4 from 0x821D8D10
[error] [codegen] [t169443] Unresolved conditional branch to 0x821DD960 from 0x821DD97C
[warning] [codegen] [t169443] Unresolved b target 0x821E0EBC from 0x821E0F40
[error] [codegen] [t169443] Unresolved function 0x821E0EBC from 0x821E0F40 (no CallTarget in FunctionNode)
[warning] [codegen] [t169443] Unresolved b target 0x821E4130 from 0x821E4188
[error] [codegen] [t169443] Unresolved function 0x821E4130 from 0x821E4188 (no CallTarget in FunctionNode)
[warning] [codegen] [t169443] Unresolved b target 0x821E425C from 0x821E42B4
[error] [codegen] [t169443] Unresolved function 0x821E425C from 0x821E42B4 (no CallTarget in FunctionNode)
[error] [codegen] [t169443] Unresolved conditional branch to 0x821E6DE0 from 0x821E6E0C
[warning] [codegen] [t169443] Unresolved b target 0x821E9F34 from 0x821E9FD4
[error] [codegen] [t169443] Unresolved function 0x821E9F34 from 0x821E9FD4 (no CallTarget in FunctionNode)
[warning] [codegen] [t169443] Unresolved b target 0x821E9F34 from 0x821EA010
[error] [codegen] [t169443] Unresolved function 0x821E9F34 from 0x821EA010 (no CallTarget in FunctionNode)
[error] [codegen] [t169443] Unresolved conditional branch to 0x821E9F34 from 0x821EA044
[error] [codegen] [t169443] Unresolved conditional branch to 0x821E9F34 from 0x821EA0F8
[error] [codegen] [t169443] Unresolved conditional branch to 0x821E9F34 from 0x821EA220
[error] [codegen] [t169443] Unresolved conditional branch to 0x821E9F34 from 0x821EA220
[error] [codegen] [t169443] Unresolved conditional branch to 0x821EB76C from 0x821EB85C
[warning] [codegen] [t169443] Unresolved b target 0x821EBA68 from 0x821EBAF0
[error] [codegen] [t169443] Unresolved function 0x821EBA68 from 0x821EBAF0 (no CallTarget in FunctionNode)
[error] [codegen] [t169443] Unresolved conditional branch to 0x821EC0B4 from 0x821EC148
[error] [codegen] [t169443] Unresolved conditional branch to 0x821EC2FC from 0x821EC370
[error] [codegen] [t169443] Unresolved conditional branch to 0x821EC2FC from 0x821EC414
[error] [codegen] [t169443] Unresolved conditional branch to 0x821EC468 from 0x821EC584
[error] [codegen] [t169443] Unresolved conditional branch to 0x821EC468 from 0x821EC584
[error] [codegen] [t169443] Unresolved conditional branch to 0x821EC468 from 0x821EC584
[error] [codegen] [t169443] Unresolved conditional branch to 0x821ED014 from 0x821ED084
[error] [codegen] [t169443] Unresolved conditional branch to 0x821EDDD0 from 0x821EDE14
[error] [codegen] [t169443] Unresolved conditional branch to 0x821EE178 from 0x821EE218
[error] [codegen] [t169443] Unresolved conditional branch to 0x821EE16C from 0x821EE228
[error] [codegen] [t169443] Unresolved conditional branch to 0x821EE250 from 0x821EE350
[error] [codegen] [t169443] Unresolved conditional branch to 0x821EE244 from 0x821EE360
[error] [codegen] [t169443] Unresolved conditional branch to 0x821EE390 from 0x821EE444
[error] [codegen] [t169443] Unresolved conditional branch to 0x821EE378 from 0x821EE454
[error] [codegen] [t169443] Unresolved conditional branch to 0x821EE498 from 0x821EE534
[error] [codegen] [t169443] Unresolved conditional branch to 0x821EE480 from 0x821EE558
[error] [codegen] [t169443] Unresolved conditional branch to 0x821EE59C from 0x821EE8CC
[error] [codegen] [t169443] Unresolved conditional branch to 0x821EEAB0 from 0x821EEAD0
[warning] [codegen] [t169443] Unresolved b target 0x821EEDC0 from 0x821EEE80
[error] [codegen] [t169443] Unresolved function 0x821EEDC0 from 0x821EEE80 (no CallTarget in FunctionNode)
[warning] [codegen] [t169443] Unresolved b target 0x821EEDC0 from 0x821EEE80
[error] [codegen] [t169443] Unresolved function 0x821EEDC0 from 0x821EEE80 (no CallTarget in FunctionNode)
[warning] [codegen] [t169443] Unresolved b target 0x821EEDC0 from 0x821EEE80
[error] [codegen] [t169443] Unresolved function 0x821EEDC0 from 0x821EEE80 (no CallTarget in FunctionNode)
[error] [codegen] [t169443] Unresolved conditional branch to 0x821EF2FC from 0x821EF3C4
[error] [codegen] [t169443] Unresolved conditional branch to 0x821F00BC from 0x821F0100
[error] [codegen] [t169443] Unresolved conditional branch to 0x821F105C from 0x821F1074
[warning] [codegen] [t169443] bdnz at 821F3BE4 branches outside function to 821F3BDC
[error] [codegen] [t169443] Unresolved conditional branch to 0x821F4420 from 0x821F4438
[error] [codegen] [t169443] Unresolved conditional branch to 0x821F5854 from 0x821F5880
[error] [codegen] [t169443] Unresolved conditional branch to 0x821F5C54 from 0x821F5C74
[error] [codegen] [t169443] Unresolved conditional branch to 0x821F5C30 from 0x821F5C98
[error] [codegen] [t169443] Unresolved conditional branch to 0x821F6164 from 0x821F63FC
[error] [codegen] [t169443] Unresolved conditional branch to 0x821F6960 from 0x821F6C48
[error] [codegen] [t169443] Unresolved conditional branch to 0x821F751C from 0x821F7544
[error] [codegen] [t169443] Unresolved conditional branch to 0x821F751C from 0x821F7544
[error] [codegen] [t169443] Unresolved conditional branch to 0x821F751C from 0x821F7544
[error] [codegen] [t169443] Unresolved conditional branch to 0x821F76C8 from 0x821F7798
[error] [codegen] [t169443] Unresolved conditional branch to 0x821F76C8 from 0x821F7798
[error] [codegen] [t169443] Unresolved conditional branch to 0x821F76C8 from 0x821F7798
[error] [codegen] [t169443] Unresolved conditional branch to 0x821F8234 from 0x821F82A8
[error] [codegen] [t169443] Unresolved conditional branch to 0x821F835C from 0x821F838C
[error] [codegen] [t169443] Unresolved conditional branch to 0x821F92AC from 0x821F9350
[error] [codegen] [t169443] Unresolved conditional branch to 0x821FC410 from 0x821FC438
[error] [codegen] [t169443] Unresolved conditional branch to 0x821FF67C from 0x821FF6B8
[error] [codegen] [t169443] Unresolved conditional branch to 0x821FF6FC from 0x821FF740
[error] [codegen] [t169443] Unresolved conditional branch to 0x821FF784 from 0x821FF7E8
[warning] [codegen] [t169443] Unresolved b target 0x82200234 from 0x82200280
[error] [codegen] [t169443] Unresolved function 0x82200234 from 0x82200280 (no CallTarget in FunctionNode)
[error] [codegen] [t169443] Unresolved conditional branch to 0x82200614 from 0x82200634
[error] [codegen] [t169443] Unresolved conditional branch to 0x82201210 from 0x82201318
[error] [codegen] [t169443] Unresolved conditional branch to 0x82201634 from 0x82201658
[error] [codegen] [t169443] Unresolved conditional branch to 0x82201DB8 from 0x82201DDC
[error] [codegen] [t169443] Unresolved conditional branch to 0x8220276C from 0x82202788
[warning] [codegen] [t169443] Unresolved b target 0x822033D4 from 0x82203400
[error] [codegen] [t169443] Unresolved function 0x822033D4 from 0x82203400 (no CallTarget in FunctionNode)
[error] [codegen] [t169443] Unresolved conditional branch to 0x82203870 from 0x82203898
[error] [codegen] [t169443] Unresolved conditional branch to 0x82203A08 from 0x82203A24
[error] [codegen] [t169443] Unresolved conditional branch to 0x82203EA4 from 0x82203EC0
[error] [codegen] [t169443] Unresolved conditional branch to 0x82204304 from 0x82204320
[error] [codegen] [t169443] Unresolved conditional branch to 0x822050F8 from 0x82205124
[error] [codegen] [t169443] Unresolved conditional branch to 0x8220571C from 0x82205758
[error] [codegen] [t169443] Unresolved conditional branch to 0x822057D4 from 0x8220580C
[error] [codegen] [t169443] Unresolved conditional branch to 0x8220584C from 0x82205884
[error] [codegen] [t169443] Unresolved conditional branch to 0x82205A8C from 0x82205ABC
[error] [codegen] [t169443] Unresolved conditional branch to 0x82206C44 from 0x82206C60
[error] [codegen] [t169443] Unresolved conditional branch to 0x82206ED8 from 0x82206F50
[error] [codegen] [t169443] Unresolved conditional branch to 0x82206FF4 from 0x8220702C
[error] [codegen] [t169443] Unresolved conditional branch to 0x8220706C from 0x822070A4
[error] [codegen] [t169443] Unresolved conditional branch to 0x822070DC from 0x82207184
[error] [codegen] [t169443] Unresolved conditional branch to 0x82207D28 from 0x82207D54
[error] [codegen] [t169443] Unresolved conditional branch to 0x82207D28 from 0x82207D84
[error] [codegen] [t169443] Unresolved conditional branch to 0x82207D28 from 0x82207DC4
[error] [codegen] [t169443] Unresolved conditional branch to 0x82207D28 from 0x82207DD8
[error] [codegen] [t169443] Unresolved conditional branch to 0x82207D28 from 0x82207DE8
[error] [codegen] [t169443] Unresolved conditional branch to 0x82207D28 from 0x82207DF8
[error] [codegen] [t169443] Unresolved conditional branch to 0x822089F8 from 0x82208A24
[error] [codegen] [t169443] Unresolved conditional branch to 0x822089F8 from 0x82208AF0
[error] [codegen] [t169443] Unresolved conditional branch to 0x822089F8 from 0x82208B10
[error] [codegen] [t169443] Unresolved conditional branch to 0x822089F8 from 0x82208B30
[error] [codegen] [t169443] Unresolved conditional branch to 0x822089F8 from 0x82208B50
[error] [codegen] [t169443] Unresolved conditional branch to 0x822089F8 from 0x82208B70
[error] [codegen] [t169443] Unresolved conditional branch to 0x822089F8 from 0x82208B90
[error] [codegen] [t169443] Unresolved conditional branch to 0x8220A6BC from 0x8220A710
[error] [codegen] [t169443] Unresolved conditional branch to 0x8220ADB8 from 0x8220ADF0
[error] [codegen] [t169443] Unresolved conditional branch to 0x8220B094 from 0x8220B0D4
[error] [codegen] [t169443] Unresolved conditional branch to 0x8220B620 from 0x8220B64C
[error] [codegen] [t169443] Unresolved conditional branch to 0x8220B75C from 0x8220B788
[error] [codegen] [t169443] Unresolved conditional branch to 0x8220BB40 from 0x8220BB6C
[error] [codegen] [t169443] Unresolved conditional branch to 0x8220BB40 from 0x8220BB90
[error] [codegen] [t169443] Unresolved conditional branch to 0x8220BC60 from 0x8220BC70
[error] [codegen] [t169443] Unresolved conditional branch to 0x8220C9AC from 0x8220CA58
[error] [codegen] [t169443] Unresolved conditional branch to 0x8220D798 from 0x8220D7B4
[error] [codegen] [t169443] Unresolved conditional branch to 0x8220DC74 from 0x8220DCBC
[error] [codegen] [t169443] Unresolved conditional branch to 0x8220DE7C from 0x8220DE98
[error] [codegen] [t169443] Unresolved conditional branch to 0x82210128 from 0x8221015C
[error] [codegen] [t169443] Unresolved conditional branch to 0x82210400 from 0x82210420
[error] [codegen] [t169443] Unresolved conditional branch to 0x82210400 from 0x82210420
[error] [codegen] [t169443] Unresolved conditional branch to 0x82210CA8 from 0x82210D20
[error] [codegen] [t169443] Unresolved conditional branch to 0x82211B58 from 0x82211C04
[error] [codegen] [t169443] Unresolved conditional branch to 0x82211E1C from 0x82211E30
[error] [codegen] [t169443] Unresolved conditional branch to 0x822125FC from 0x8221262C
[error] [codegen] [t169443] Unresolved conditional branch to 0x82214768 from 0x822147A0
[error] [codegen] [t169443] Unresolved conditional branch to 0x82214AC0 from 0x82214AFC
[error] [codegen] [t169443] Unresolved conditional branch to 0x82214BC8 from 0x82214BF4
[error] [codegen] [t169443] Unresolved conditional branch to 0x82214C24 from 0x82214C50
[error] [codegen] [t169443] Unresolved conditional branch to 0x82214C90 from 0x82214CB8
[error] [codegen] [t169443] Unresolved conditional branch to 0x822154F4 from 0x82215594
[error] [codegen] [t169443] Unresolved conditional branch to 0x82216180 from 0x822161DC
[error] [codegen] [t169443] Unresolved conditional branch to 0x8221EE80 from 0x8221EEE8
[error] [codegen] [t169443] Unresolved conditional branch to 0x82222184 from 0x822221C8
[error] [codegen] [t169443] Unresolved conditional branch to 0x82222724 from 0x82222760
[error] [codegen] [t169443] Unresolved conditional branch to 0x82222DEC from 0x82222E18
[error] [codegen] [t169443] Unresolved conditional branch to 0x82222DEC from 0x82222E24
[warning] [codegen] [t169443] bdnz at 8222303C branches outside function to 82223034
[error] [codegen] [t169443] Unresolved conditional branch to 0x82223C30 from 0x82223C54
[error] [codegen] [t169443] Unresolved conditional branch to 0x82223C04 from 0x82223C64
[error] [codegen] [t169443] Unresolved conditional branch to 0x82223DA4 from 0x82223E3C
[error] [codegen] [t169443] Unresolved conditional branch to 0x82223DA4 from 0x82223E3C
[error] [codegen] [t169443] Unresolved conditional branch to 0x82223F40 from 0x82223FB8
[error] [codegen] [t169443] Unresolved conditional branch to 0x82223F10 from 0x82223FC8
[error] [codegen] [t169443] Unresolved conditional branch to 0x8222432C from 0x82224398
[error] [codegen] [t169443] Unresolved conditional branch to 0x82224890 from 0x822248D4
[error] [codegen] [t169443] Unresolved conditional branch to 0x82224944 from 0x82224980
[error] [codegen] [t169443] Unresolved conditional branch to 0x822256DC from 0x8222571C
[error] [codegen] [t169443] Unresolved conditional branch to 0x82225754 from 0x82225798
[error] [codegen] [t169443] Unresolved conditional branch to 0x82226F1C from 0x82226F4C
[error] [codegen] [t169443] Unresolved conditional branch to 0x82227BC4 from 0x82227BD4
[error] [codegen] [t169443] Unresolved conditional branch to 0x8222905C from 0x822290CC
[error] [codegen] [t169443] Unresolved conditional branch to 0x8222C0C8 from 0x8222C0F8
[error] [codegen] [t169443] Unresolved conditional branch to 0x8222CDF4 from 0x8222CEC4
[error] [codegen] [t169443] Unresolved conditional branch to 0x8222CEF8 from 0x8222CF4C
[error] [codegen] [t169443] Unresolved conditional branch to 0x8222D09C from 0x8222D0C0
[error] [codegen] [t169443] Unresolved conditional branch to 0x82232034 from 0x8223233C
[error] [codegen] [t169443] Unresolved conditional branch to 0x82234CDC from 0x82234DC0
[error] [codegen] [t169443] Unresolved conditional branch to 0x82234CDC from 0x82234DC0
[error] [codegen] [t169443] Unresolved conditional branch to 0x82234CDC from 0x82234DC0
[error] [codegen] [t169443] Unresolved conditional branch to 0x82234CDC from 0x82234DC0
[error] [codegen] [t169443] Unresolved conditional branch to 0x82234CDC from 0x82234DC0
[error] [codegen] [t169443] Unresolved conditional branch to 0x82234CDC from 0x82234DC0
[error] [codegen] [t169443] Unresolved conditional branch to 0x82235040 from 0x8223518C
[error] [codegen] [t169443] Unresolved conditional branch to 0x82235248 from 0x82235328
[error] [codegen] [t169443] Unresolved conditional branch to 0x82235248 from 0x82235328
[error] [codegen] [t169443] Unresolved conditional branch to 0x82235BF4 from 0x82235C48
[error] [codegen] [t169443] Unresolved conditional branch to 0x82235FE0 from 0x822360C8
[error] [codegen] [t169443] Unresolved conditional branch to 0x822360F8 from 0x822361E0
[error] [codegen] [t169443] Unresolved conditional branch to 0x82236208 from 0x82236270
[error] [codegen] [t169443] Unresolved conditional branch to 0x82236234 from 0x8223624C
[error] [codegen] [t169443] Unresolved conditional branch to 0x82236208 from 0x82236270
[error] [codegen] [t169443] Unresolved conditional branch to 0x8223634C from 0x82236368
[error] [codegen] [t169443] Unresolved conditional branch to 0x822381D4 from 0x82238290
[error] [codegen] [t169443] Unresolved conditional branch to 0x822385D8 from 0x822386E8
[error] [codegen] [t169443] Unresolved conditional branch to 0x8223922C from 0x822392F4
[error] [codegen] [t169443] Unresolved conditional branch to 0x8223B82C from 0x8223B864
[error] [codegen] [t169443] Unresolved conditional branch to 0x8223BBB8 from 0x8223C034
[warning] [codegen] [t169443] Unresolved b target 0x8223DD60 from 0x8223DEE0
[error] [codegen] [t169443] Unresolved function 0x8223DD60 from 0x8223DEE0 (no CallTarget in FunctionNode)
[error] [codegen] [t169443] Unresolved conditional branch to 0x82240E70 from 0x82241130
[error] [codegen] [t169443] Unresolved conditional branch to 0x82241D14 from 0x82241DA0
[error] [codegen] [t169443] Unresolved conditional branch to 0x82241D14 from 0x82241DA0
[error] [codegen] [t169443] Unresolved conditional branch to 0x82242014 from 0x822421D8
[error] [codegen] [t169443] Unresolved conditional branch to 0x82243FD0 from 0x82244064
[error] [codegen] [t169443] Unresolved conditional branch to 0x82246D48 from 0x82247010
[error] [codegen] [t169443] Unresolved conditional branch to 0x822476E4 from 0x82247738
[error] [codegen] [t169443] Unresolved conditional branch to 0x82249BE0 from 0x82249D08
[error] [codegen] [t169443] Unresolved conditional branch to 0x8224C320 from 0x8224C348
[error] [codegen] [t169443] Unresolved conditional branch to 0x8224D740 from 0x8224D80C
[error] [codegen] [t169443] Unresolved conditional branch to 0x8224E3AC from 0x8224E498
[error] [codegen] [t169443] Unresolved conditional branch to 0x8224E56C from 0x8224E678
[error] [codegen] [t169443] Unresolved conditional branch to 0x8224E56C from 0x8224E678
[error] [codegen] [t169443] Unresolved conditional branch to 0x8224E56C from 0x8224E678
[error] [codegen] [t169443] Unresolved conditional branch to 0x8224E56C from 0x8224E678
[error] [codegen] [t169443] Unresolved conditional branch to 0x8224E56C from 0x8224E678
[error] [codegen] [t169443] Unresolved conditional branch to 0x8224E56C from 0x8224E678
[error] [codegen] [t169443] Unresolved conditional branch to 0x8224E56C from 0x8224E678
[error] [codegen] [t169443] Unresolved conditional branch to 0x8224EBF8 from 0x8224ECF4
[error] [codegen] [t169443] Unresolved conditional branch to 0x8224EBF8 from 0x8224ECF4
[error] [codegen] [t169443] Unresolved conditional branch to 0x8224F038 from 0x8224F140
[error] [codegen] [t169443] Unresolved conditional branch to 0x8224F1D4 from 0x8224F25C
[error] [codegen] [t169443] Unresolved conditional branch to 0x8224F1D4 from 0x8224F25C
[error] [codegen] [t169443] Unresolved conditional branch to 0x8224F528 from 0x8224F58C
[error] [codegen] [t169443] Unresolved conditional branch to 0x8224F528 from 0x8224F58C
[error] [codegen] [t169443] Unresolved conditional branch to 0x82250BD4 from 0x82250C8C
[error] [codegen] [t169443] Unresolved conditional branch to 0x82250BD4 from 0x82250DDC
[error] [codegen] [t169443] Unresolved conditional branch to 0x82250BD4 from 0x82250DDC
[error] [codegen] [t169443] Unresolved conditional branch to 0x82250CB0 from 0x82250DF8
[error] [codegen] [t169443] Unresolved conditional branch to 0x82250CB0 from 0x82250DF8
[error] [codegen] [t169443] Unresolved conditional branch to 0x82250BD4 from 0x82250DDC
[error] [codegen] [t169443] Unresolved conditional branch to 0x82250CB0 from 0x82250DF8
[error] [codegen] [t169443] Unresolved conditional branch to 0x82251350 from 0x82251370
[error] [codegen] [t169443] Unresolved conditional branch to 0x82251748 from 0x822517A4
[error] [codegen] [t169443] Unresolved conditional branch to 0x82251E04 from 0x82252108
[error] [codegen] [t169443] Unresolved conditional branch to 0x82251E04 from 0x82252108
[error] [codegen] [t169443] Unresolved conditional branch to 0x82252FDC from 0x82252FFC
[error] [codegen] [t169443] Unresolved conditional branch to 0x822531FC from 0x82253334
[error] [codegen] [t169443] Unresolved conditional branch to 0x8225351C from 0x82253538
[error] [codegen] [t169443] Unresolved conditional branch to 0x82253B7C from 0x822540B8
[error] [codegen] [t169443] Unresolved conditional branch to 0x8225458C from 0x822545D8
[error] [codegen] [t169443] Unresolved conditional branch to 0x82254678 from 0x82254698
[error] [codegen] [t169443] Unresolved conditional branch to 0x82254638 from 0x822546C0
[error] [codegen] [t169443] Unresolved conditional branch to 0x82254CC8 from 0x82254D0C
[error] [codegen] [t169443] Unresolved conditional branch to 0x82254CC8 from 0x82254D58
[error] [codegen] [t169443] Unresolved conditional branch to 0x82254CC8 from 0x82254DB0
[error] [codegen] [t169443] Unresolved conditional branch to 0x82254CC8 from 0x82254DBC
[error] [codegen] [t169443] Unresolved conditional branch to 0x82254CC8 from 0x82254DE8
[error] [codegen] [t169443] Unresolved conditional branch to 0x82254CC8 from 0x82254E08
[error] [codegen] [t169443] Unresolved conditional branch to 0x82254CC8 from 0x82254E14
[error] [codegen] [t169443] Unresolved conditional branch to 0x82254CC8 from 0x82254DB0
[error] [codegen] [t169443] Unresolved conditional branch to 0x82254CC8 from 0x82254DBC
[error] [codegen] [t169443] Unresolved conditional branch to 0x82254CC8 from 0x82254DE8
[error] [codegen] [t169443] Unresolved conditional branch to 0x82254CC8 from 0x82254E08
[error] [codegen] [t169443] Unresolved conditional branch to 0x82254CC8 from 0x82254E14
[error] [codegen] [t169443] Unresolved conditional branch to 0x82255024 from 0x822551B0
[error] [codegen] [t169443] Unresolved conditional branch to 0x82255024 from 0x822551B0
[error] [codegen] [t169443] Unresolved conditional branch to 0x82255314 from 0x822556C8
[error] [codegen] [t169443] Unresolved conditional branch to 0x82255280 from 0x822556E0
[error] [codegen] [t169443] Unresolved conditional branch to 0x82256168 from 0x8225619C
[error] [codegen] [t169443] Unresolved conditional branch to 0x822563BC from 0x822563D0
[error] [codegen] [t169443] Unresolved conditional branch to 0x822563BC from 0x822563D0
[error] [codegen] [t169443] Unresolved conditional branch to 0x822566E8 from 0x8225672C
[error] [codegen] [t169443] Unresolved conditional branch to 0x822569E0 from 0x82256AE0
[error] [codegen] [t169443] Unresolved conditional branch to 0x822569E0 from 0x82256AE0
[error] [codegen] [t169443] Unresolved conditional branch to 0x822569E0 from 0x82256AE0
[error] [codegen] [t169443] Unresolved conditional branch to 0x82257EF8 from 0x82257FE4
[error] [codegen] [t169443] Unresolved conditional branch to 0x8225804C from 0x822580A8
[error] [codegen] [t169443] Unresolved conditional branch to 0x82258518 from 0x822585D8
[error] [codegen] [t169443] Unresolved conditional branch to 0x8225A2EC from 0x8225A368
[error] [codegen] [t169443] Unresolved conditional branch to 0x8225A2EC from 0x8225A368
[error] [codegen] [t169443] Unresolved conditional branch to 0x8225A450 from 0x8225A498
[error] [codegen] [t169443] Unresolved conditional branch to 0x8225A680 from 0x8225B034
[error] [codegen] [t169443] Unresolved conditional branch to 0x8225A680 from 0x8225B034
[error] [codegen] [t169443] Unresolved conditional branch to 0x8225AF28 from 0x8225AF44
[error] [codegen] [t169443] Unresolved conditional branch to 0x8225A680 from 0x8225B034
[error] [codegen] [t169443] Unresolved conditional branch to 0x8225A680 from 0x8225B034
[error] [codegen] [t169443] Unresolved conditional branch to 0x8225A680 from 0x8225B034
[error] [codegen] [t169443] Unresolved conditional branch to 0x8225A680 from 0x8225B034
[error] [codegen] [t169443] Unresolved conditional branch to 0x8225BD84 from 0x8225BE80
[error] [codegen] [t169443] Unresolved conditional branch to 0x8225BE94 from 0x8225BEF0
[error] [codegen] [t169443] Unresolved conditional branch to 0x8225C2B8 from 0x8225C350
[error] [codegen] [t169443] Unresolved conditional branch to 0x8225C2B8 from 0x8225C350
[error] [codegen] [t169443] Unresolved conditional branch to 0x8225C360 from 0x8225C38C
[error] [codegen] [t169443] Unresolved conditional branch to 0x8225E320 from 0x8225E3C0
[error] [codegen] [t169443] Unresolved conditional branch to 0x82265F84 from 0x82266048
[error] [codegen] [t169443] Unresolved conditional branch to 0x82265F84 from 0x82266048
[error] [codegen] [t169443] Unresolved conditional branch to 0x822660A4 from 0x8226617C
[error] [codegen] [t169443] Unresolved conditional branch to 0x822662B0 from 0x82266300
[error] [codegen] [t169443] Unresolved conditional branch to 0x822664C0 from 0x822664F4
[error] [codegen] [t169443] Unresolved conditional branch to 0x82266A20 from 0x82266A94
[warning] [codegen] [t169443] Unresolved b target 0x82266B24 from 0x82266BB0
[error] [codegen] [t169443] Unresolved function 0x82266B24 from 0x82266BB0 (no CallTarget in FunctionNode)
[error] [codegen] [t169443] Unresolved conditional branch to 0x822681A0 from 0x822681B8
[error] [codegen] [t169443] Unresolved conditional branch to 0x82268364 from 0x82268380
[error] [codegen] [t169443] Unresolved conditional branch to 0x82268DC4 from 0x82268DE8
[error] [codegen] [t169443] Unresolved conditional branch to 0x82269A90 from 0x82269AB0
[error] [codegen] [t169443] Unresolved conditional branch to 0x8226AF68 from 0x8226B000
[error] [codegen] [t169443] Unresolved conditional branch to 0x8226AF68 from 0x8226B000
[error] [codegen] [t169443] Unresolved conditional branch to 0x8226AEBC from 0x8226B27C
[error] [codegen] [t169443] Unresolved conditional branch to 0x8226AEBC from 0x8226B27C
[error] [codegen] [t169443] Unresolved conditional branch to 0x8226B0EC from 0x8226B138
[error] [codegen] [t169443] Unresolved conditional branch to 0x8226AEBC from 0x8226B27C
[warning] [codegen] [t169443] Unresolved b target 0x8226C8E8 from 0x8226CC9C
[error] [codegen] [t169443] Unresolved function 0x8226C8E8 from 0x8226CC9C (no CallTarget in FunctionNode)
[warning] [codegen] [t169443] Unresolved b target 0x8226C8E8 from 0x8226CCB8
[error] [codegen] [t169443] Unresolved function 0x8226C8E8 from 0x8226CCB8 (no CallTarget in FunctionNode)
[warning] [codegen] [t169443] Unresolved b target 0x8226C8E8 from 0x8226CCD4
[error] [codegen] [t169443] Unresolved function 0x8226C8E8 from 0x8226CCD4 (no CallTarget in FunctionNode)
[warning] [codegen] [t169443] Unresolved b target 0x8226C8E8 from 0x8226CCE8
[error] [codegen] [t169443] Unresolved function 0x8226C8E8 from 0x8226CCE8 (no CallTarget in FunctionNode)
[warning] [codegen] [t169443] Unresolved b target 0x8226C8E8 from 0x8226CDEC
[error] [codegen] [t169443] Unresolved function 0x8226C8E8 from 0x8226CDEC (no CallTarget in FunctionNode)
[warning] [codegen] [t169443] Unresolved b target 0x8226C8E8 from 0x8226CEA0
[error] [codegen] [t169443] Unresolved function 0x8226C8E8 from 0x8226CEA0 (no CallTarget in FunctionNode)
[error] [codegen] [t169443] Unresolved conditional branch to 0x8226E7D8 from 0x8226E864
[error] [codegen] [t169443] Unresolved conditional branch to 0x8226E810 from 0x8226E8EC
[error] [codegen] [t169443] Unresolved conditional branch to 0x8226E89C from 0x8226E8B8
[error] [codegen] [t169443] Unresolved conditional branch to 0x8226E810 from 0x8226E8EC
[error] [codegen] [t169443] Unresolved conditional branch to 0x8226E980 from 0x8226E9B0
[error] [codegen] [t169443] Unresolved conditional branch to 0x8226EA80 from 0x8226EAC8
[warning] [codegen] [t169443] bdnz at 8226EBB0 branches outside function to 8226EBA8
[error] [codegen] [t169443] Unresolved conditional branch to 0x8226EBF8 from 0x8226EC38
[error] [codegen] [t169443] Unresolved conditional branch to 0x8226ECDC from 0x8226EDD4
[error] [codegen] [t169443] Unresolved conditional branch to 0x8226EEFC from 0x8226EF28
[error] [codegen] [t169443] Unresolved conditional branch to 0x8226F39C from 0x8226F5E4
[error] [codegen] [t169443] Unresolved conditional branch to 0x8226F39C from 0x8226F5E4
[error] [codegen] [t169443] Unresolved conditional branch to 0x8226F39C from 0x8226F5E4
[error] [codegen] [t169443] Unresolved conditional branch to 0x8226F944 from 0x8226F9AC
[error] [codegen] [t169443] Unresolved conditional branch to 0x8226FB74 from 0x8226FC70
[error] [codegen] [t169443] Unresolved conditional branch to 0x8226FB74 from 0x8226FC70
[error] [codegen] [t169443] Unresolved conditional branch to 0x8226FF84 from 0x82270024
[error] [codegen] [t169443] Unresolved conditional branch to 0x82270090 from 0x822701DC
[error] [codegen] [t169443] Unresolved conditional branch to 0x82270894 from 0x822708E0
[error] [codegen] [t169443] Unresolved conditional branch to 0x82270894 from 0x822708E0
[error] [codegen] [t169443] Unresolved conditional branch to 0x82270894 from 0x822708E0
[error] [codegen] [t169443] Unresolved conditional branch to 0x82270920 from 0x82270978
[error] [codegen] [t169443] Unresolved conditional branch to 0x82270920 from 0x82270978
[error] [codegen] [t169443] Unresolved conditional branch to 0x82270920 from 0x82270978
[error] [codegen] [t169443] Unresolved conditional branch to 0x82270A00 from 0x82270A48
[error] [codegen] [t169443] Unresolved conditional branch to 0x82270B20 from 0x82270B74
[error] [codegen] [t169443] Unresolved conditional branch to 0x82270AA8 from 0x82270B88
[error] [codegen] [t169443] Unresolved conditional branch to 0x82270CC0 from 0x82270CF0
[warning] [codegen] [t169443] bdnz at 82270D18 branches outside function to 82270D10
[error] [codegen] [t169443] Unresolved conditional branch to 0x82271558 from 0x8227156C
[error] [codegen] [t169443] Unresolved conditional branch to 0x822715B8 from 0x822715E0
[error] [codegen] [t169443] Unresolved conditional branch to 0x82271730 from 0x822717BC
[error] [codegen] [t169443] Unresolved conditional branch to 0x822727DC from 0x822727EC
[error] [codegen] [t169443] Unresolved conditional branch to 0x82273C94 from 0x82273D04
[error] [codegen] [t169443] Unresolved conditional branch to 0x82275718 from 0x82275770
[error] [codegen] [t169443] Unresolved conditional branch to 0x82275B78 from 0x82275BDC
[error] [codegen] [t169443] Unresolved conditional branch to 0x82277FB8 from 0x82278138
[error] [codegen] [t169443] Unresolved conditional branch to 0x82277F80 from 0x8227814C
[error] [codegen] [t169443] Unresolved conditional branch to 0x82277FB8 from 0x82278138
[error] [codegen] [t169443] Unresolved conditional branch to 0x82277F80 from 0x8227814C
[error] [codegen] [t169443] Unresolved conditional branch to 0x822796E4 from 0x82279764
[warning] [codegen] [t169443] Unresolved b target 0x822796F0 from 0x82279A64
[error] [codegen] [t169443] Unresolved function 0x822796F0 from 0x82279A64 (no CallTarget in FunctionNode)
[warning] [codegen] [t169443] Unresolved b target 0x822796F0 from 0x82279A64
[error] [codegen] [t169443] Unresolved function 0x822796F0 from 0x82279A64 (no CallTarget in FunctionNode)
[warning] [codegen] [t169443] Unresolved b target 0x822796F0 from 0x82279A64
[error] [codegen] [t169443] Unresolved function 0x822796F0 from 0x82279A64 (no CallTarget in FunctionNode)
[error] [codegen] [t169443] Unresolved conditional branch to 0x8227B1C0 from 0x8227B560
[error] [codegen] [t169443] Unresolved conditional branch to 0x8227B188 from 0x8227B574
[error] [codegen] [t169443] Unresolved conditional branch to 0x8227BA40 from 0x8227BAC8
[error] [codegen] [t169443] Unresolved conditional branch to 0x8227BA40 from 0x8227BAE4
[error] [codegen] [t169443] Unresolved conditional branch to 0x8227BA40 from 0x8227BB0C
[error] [codegen] [t169443] Unresolved conditional branch to 0x8227BA40 from 0x8227BB40
[error] [codegen] [t169443] Unresolved conditional branch to 0x8227BA40 from 0x8227BB4C
[error] [codegen] [t169443] Unresolved conditional branch to 0x8227BA40 from 0x8227BB60
[error] [codegen] [t169443] Unresolved conditional branch to 0x8227BA40 from 0x8227BBAC
[error] [codegen] [t169443] Unresolved conditional branch to 0x8227BFF4 from 0x8227C0B0
[error] [codegen] [t169443] Unresolved conditional branch to 0x8227BFF4 from 0x8227C0E4
[error] [codegen] [t169443] Unresolved conditional branch to 0x8227BFF4 from 0x8227C0F0
[error] [codegen] [t169443] Unresolved conditional branch to 0x8227BFF4 from 0x8227C104
[error] [codegen] [t169443] Unresolved conditional branch to 0x8227BFF4 from 0x8227C15C
[error] [codegen] [t169443] Unresolved conditional branch to 0x8227DB80 from 0x8227DCF0
[error] [codegen] [t169443] Unresolved conditional branch to 0x8228021C from 0x82280568
[error] [codegen] [t169443] Unresolved conditional branch to 0x8228021C from 0x82280568
[error] [codegen] [t169443] Unresolved conditional branch to 0x8228021C from 0x82280568
[error] [codegen] [t169443] Unresolved conditional branch to 0x8228021C from 0x82280568
[error] [codegen] [t169443] Unresolved conditional branch to 0x8228021C from 0x82280568
[error] [codegen] [t169443] Unresolved conditional branch to 0x8228021C from 0x82280568
[error] [codegen] [t169443] Unresolved conditional branch to 0x82280E0C from 0x82280E5C
[error] [codegen] [t169443] Unresolved conditional branch to 0x82280E0C from 0x82280E5C
[error] [codegen] [t169443] Unresolved conditional branch to 0x82280E80 from 0x82280ED8
[error] [codegen] [t169443] Unresolved conditional branch to 0x82280E80 from 0x82280ED8
[error] [codegen] [t169443] Unresolved conditional branch to 0x82283498 from 0x822834C8
[error] [codegen] [t169443] Unresolved conditional branch to 0x82283EC8 from 0x82283EE8
[error] [codegen] [t169443] Unresolved conditional branch to 0x82283FA0 from 0x82283FC0
[error] [codegen] [t169443] Unresolved conditional branch to 0x8228434C from 0x82284374
[error] [codegen] [t169443] Unresolved conditional branch to 0x82284558 from 0x82284664
[error] [codegen] [t169443] Unresolved conditional branch to 0x82284558 from 0x82284664
[error] [codegen] [t169443] Unresolved conditional branch to 0x82284990 from 0x822849A0
[error] [codegen] [t169443] Unresolved conditional branch to 0x8228500C from 0x8228527C
[error] [codegen] [t169443] Unresolved conditional branch to 0x822851B0 from 0x822851C0
[error] [codegen] [t169443] Unresolved conditional branch to 0x8228500C from 0x8228527C
[error] [codegen] [t169443] Unresolved conditional branch to 0x82285CFC from 0x82285D14
[error] [codegen] [t169443] Unresolved conditional branch to 0x8228665C from 0x8228666C
[error] [codegen] [t169443] Unresolved conditional branch to 0x8228648C from 0x8228673C
[error] [codegen] [t169443] Unresolved conditional branch to 0x82286D78 from 0x82286DC0
[error] [codegen] [t169443] Unresolved conditional branch to 0x822871B0 from 0x82287240
[error] [codegen] [t169443] Unresolved conditional branch to 0x82287874 from 0x8228789C
[error] [codegen] [t169443] Unresolved conditional branch to 0x8228777C from 0x82287AA4
[error] [codegen] [t169443] Unresolved conditional branch to 0x8228777C from 0x82287AA4
[error] [codegen] [t169443] Unresolved conditional branch to 0x82287B40 from 0x82287B68
[error] [codegen] [t169443] Unresolved conditional branch to 0x82287B98 from 0x82287C40
[error] [codegen] [t169443] Unresolved conditional branch to 0x82287C5C from 0x82287C84
[error] [codegen] [t169443] Unresolved conditional branch to 0x82288258 from 0x82288298
[error] [codegen] [t169443] Unresolved conditional branch to 0x8228845C from 0x822884E8
[error] [codegen] [t169443] Unresolved conditional branch to 0x82288A88 from 0x82288A9C
[error] [codegen] [t169443] Unresolved conditional branch to 0x82288B98 from 0x82288BD8
[error] [codegen] [t169443] Unresolved conditional branch to 0x822893F8 from 0x822894B4
[error] [codegen] [t169443] Unresolved conditional branch to 0x8228951C from 0x8228960C
[error] [codegen] [t169443] Unresolved conditional branch to 0x82289628 from 0x822896D4
[error] [codegen] [t169443] Unresolved conditional branch to 0x82289628 from 0x822896D4
[error] [codegen] [t169443] Unresolved conditional branch to 0x8228A11C from 0x8228ACE0
[error] [codegen] [t169443] Unresolved conditional branch to 0x8228A11C from 0x8228ACE0
[error] [codegen] [t169443] Unresolved conditional branch to 0x8228A11C from 0x8228ACE0
[error] [codegen] [t169443] Unresolved conditional branch to 0x8228ACF4 from 0x8228AD4C
[error] [codegen] [t169443] Unresolved conditional branch to 0x8228B3CC from 0x8228B3F4
[error] [codegen] [t169443] Unresolved conditional branch to 0x8228B4F4 from 0x8228B5B8
[error] [codegen] [t169443] Unresolved conditional branch to 0x8228B4F4 from 0x8228B5B8
[error] [codegen] [t169443] Unresolved conditional branch to 0x8228B4F4 from 0x8228B5B8
[error] [codegen] [t169443] Unresolved conditional branch to 0x8228B4F4 from 0x8228B5B8
[error] [codegen] [t169443] Unresolved conditional branch to 0x8228B4F4 from 0x8228B5B8
[error] [codegen] [t169443] Unresolved conditional branch to 0x8228B4F4 from 0x8228B5B8
[error] [codegen] [t169443] Unresolved conditional branch to 0x8228B4F4 from 0x8228B5B8
[error] [codegen] [t169443] Unresolved conditional branch to 0x8228B7E4 from 0x8228B7F8
[error] [codegen] [t169443] Unresolved conditional branch to 0x8228BABC from 0x8228BAD0
[error] [codegen] [t169443] Unresolved conditional branch to 0x8228BD14 from 0x8228BD30
[error] [codegen] [t169443] Unresolved conditional branch to 0x8228BE1C from 0x8228BEC0
[error] [codegen] [t169443] Unresolved conditional branch to 0x8228BE1C from 0x8228BEC0
[error] [codegen] [t169443] Unresolved conditional branch to 0x8228C834 from 0x8228C984
[error] [codegen] [t169443] Unresolved conditional branch to 0x8228C834 from 0x8228C984
[error] [codegen] [t169443] Unresolved conditional branch to 0x8228DA3C from 0x8228DA58
[error] [codegen] [t169443] Unresolved conditional branch to 0x8228DAE0 from 0x8228DB2C
[error] [codegen] [t169443] Unresolved conditional branch to 0x8228DBB0 from 0x8228DC20
[error] [codegen] [t169443] Unresolved conditional branch to 0x8228DBA4 from 0x8228DC50
[error] [codegen] [t169443] Unresolved conditional branch to 0x8228DBA4 from 0x8228DC50
[error] [codegen] [t169443] Unresolved conditional branch to 0x8228EA48 from 0x8228EAA0
[error] [codegen] [t169443] Unresolved conditional branch to 0x8228FFB4 from 0x82290114
[error] [codegen] [t169443] Unresolved conditional branch to 0x82294500 from 0x8229453C
[error] [codegen] [t169443] Unresolved conditional branch to 0x82294B74 from 0x82294D40
[error] [codegen] [t169443] Unresolved conditional branch to 0x82294B74 from 0x82294D40
[error] [codegen] [t169443] Unresolved conditional branch to 0x82294B74 from 0x82294D40
[error] [codegen] [t169443] Unresolved conditional branch to 0x82294DEC from 0x82294E94
[error] [codegen] [t169443] Unresolved conditional branch to 0x82294DEC from 0x82294E94
[error] [codegen] [t169443] Unresolved conditional branch to 0x82294F7C from 0x82295018
[error] [codegen] [t169443] Unresolved conditional branch to 0x82295BC4 from 0x822961AC
[error] [codegen] [t169443] Unresolved conditional branch to 0x82295BC4 from 0x822961AC
[error] [codegen] [t169443] Unresolved conditional branch to 0x82296D84 from 0x82296DCC
[error] [codegen] [t169443] Unresolved conditional branch to 0x82297074 from 0x822970B8
[error] [codegen] [t169443] Unresolved conditional branch to 0x82297984 from 0x822979E0
[error] [codegen] [t169443] Unresolved conditional branch to 0x82297BA8 from 0x82297C84
[error] [codegen] [t169443] Unresolved conditional branch to 0x822981E4 from 0x82298254
[error] [codegen] [t169443] Unresolved conditional branch to 0x82298C7C from 0x82298E3C
[warning] [codegen] [t169443] Unresolved b target 0x82299078 from 0x822990F0
[error] [codegen] [t169443] Unresolved function 0x82299078 from 0x822990F0 (no CallTarget in FunctionNode)
[warning] [codegen] [t169443] Unresolved b target 0x82299078 from 0x82299118
[error] [codegen] [t169443] Unresolved function 0x82299078 from 0x82299118 (no CallTarget in FunctionNode)
[warning] [codegen] [t169443] Unresolved b target 0x82299078 from 0x82299240
[error] [codegen] [t169443] Unresolved function 0x82299078 from 0x82299240 (no CallTarget in FunctionNode)
[error] [codegen] [t169443] Unresolved conditional branch to 0x82299078 from 0x82299248
[warning] [codegen] [t169443] Unresolved b target 0x82299078 from 0x82299240
[error] [codegen] [t169443] Unresolved function 0x82299078 from 0x82299240 (no CallTarget in FunctionNode)
[error] [codegen] [t169443] Unresolved conditional branch to 0x82299078 from 0x82299248
[error] [codegen] [t169443] Unresolved conditional branch to 0x8229A10C from 0x8229A248
[error] [codegen] [t169443] Unresolved conditional branch to 0x8229ABF0 from 0x8229ACD4
[error] [codegen] [t169443] Unresolved conditional branch to 0x8229ABF0 from 0x8229AD10
[error] [codegen] [t169443] Unresolved conditional branch to 0x8229B5D0 from 0x8229B774
[error] [codegen] [t169443] Unresolved conditional branch to 0x8229B5D0 from 0x8229B774
[error] [codegen] [t169443] Unresolved conditional branch to 0x8229E8EC from 0x8229E920
[error] [codegen] [t169443] Unresolved conditional branch to 0x822A07D8 from 0x822A0A20
[error] [codegen] [t169443] Unresolved conditional branch to 0x822A0BEC from 0x822A0D68
[error] [codegen] [t169443] Unresolved conditional branch to 0x822A1484 from 0x822A14CC
[error] [codegen] [t169443] Unresolved conditional branch to 0x822A2D8C from 0x822A2E50
[error] [codegen] [t169443] Unresolved conditional branch to 0x822A2D8C from 0x822A2E50
[error] [codegen] [t169443] Unresolved conditional branch to 0x822A51C4 from 0x822A54D0
[error] [codegen] [t169443] Unresolved conditional branch to 0x822A52E4 from 0x822A54B0
[error] [codegen] [t169443] Unresolved conditional branch to 0x822A51C4 from 0x822A54D0
[error] [codegen] [t169443] Unresolved conditional branch to 0x822A598C from 0x822A5F90
[error] [codegen] [t169443] Unresolved conditional branch to 0x822A598C from 0x822A5F90
[error] [codegen] [t169443] Unresolved conditional branch to 0x822A598C from 0x822A5F90
[error] [codegen] [t169443] Unresolved conditional branch to 0x822A598C from 0x822A5F90
[error] [codegen] [t169443] Unresolved conditional branch to 0x822A598C from 0x822A5F90
[error] [codegen] [t169443] Unresolved conditional branch to 0x822A5EA8 from 0x822A5F48
[error] [codegen] [t169443] Unresolved conditional branch to 0x822A598C from 0x822A5F90
[error] [codegen] [t169443] Unresolved conditional branch to 0x822A5EA8 from 0x822A5F48
[error] [codegen] [t169443] Unresolved conditional branch to 0x822A598C from 0x822A5F90
[error] [codegen] [t169443] Unresolved conditional branch to 0x822A6620 from 0x822A66C0
[error] [codegen] [t169443] Unresolved conditional branch to 0x822A688C from 0x822A6958
[error] [codegen] [t169443] Unresolved conditional branch to 0x822A83B0 from 0x822A8440
[error] [codegen] [t169443] Unresolved conditional branch to 0x822A89B0 from 0x822A8A10
[error] [codegen] [t169443] Unresolved conditional branch to 0x822AA968 from 0x822AACA4
[error] [codegen] [t169443] Unresolved conditional branch to 0x822AA968 from 0x822AACA4
[error] [codegen] [t169443] Unresolved conditional branch to 0x822AA968 from 0x822AACA4
[error] [codegen] [t169443] Unresolved conditional branch to 0x822AB084 from 0x822AB0E0
[error] [codegen] [t169443] Unresolved conditional branch to 0x822AB18C from 0x822AB1D4
[error] [codegen] [t169443] Unresolved conditional branch to 0x822AB180 from 0x822AB1E4
[error] [codegen] [t169443] Unresolved conditional branch to 0x822AB4A4 from 0x822AB4B8
[error] [codegen] [t169443] Unresolved conditional branch to 0x822AB6DC from 0x822AB834
[error] [codegen] [t169443] Unresolved conditional branch to 0x822ABA24 from 0x822ABA70
[error] [codegen] [t169443] Unresolved conditional branch to 0x822ABA18 from 0x822ABA84
[error] [codegen] [t169443] Unresolved conditional branch to 0x822ABA08 from 0x822ABA90
[error] [codegen] [t169443] Unresolved conditional branch to 0x822ABAA4 from 0x822ABAD8
[error] [codegen] [t169443] Unresolved conditional branch to 0x822ABD10 from 0x822ABD4C
[error] [codegen] [t169443] Unresolved conditional branch to 0x822AC4D0 from 0x822AC53C
[error] [codegen] [t169443] Unresolved conditional branch to 0x822ACB20 from 0x822ACBA8
[error] [codegen] [t169443] Unresolved conditional branch to 0x822ACB00 from 0x822ACBB8
[error] [codegen] [t169443] Unresolved conditional branch to 0x822ACB20 from 0x822ACBA8
[error] [codegen] [t169443] Unresolved conditional branch to 0x822ACB00 from 0x822ACBB8
[error] [codegen] [t169443] Unresolved conditional branch to 0x822ACB20 from 0x822ACBA8
[error] [codegen] [t169443] Unresolved conditional branch to 0x822ACB00 from 0x822ACBB8
[error] [codegen] [t169443] Unresolved conditional branch to 0x822AEA08 from 0x822AEA44
[error] [codegen] [t169443] Unresolved conditional branch to 0x822AEA00 from 0x822AEA54
[error] [codegen] [t169443] Unresolved conditional branch to 0x822AEB2C from 0x822AEBD8
[error] [codegen] [t169443] Unresolved conditional branch to 0x822AECC4 from 0x822AED30
[error] [codegen] [t169443] Unresolved conditional branch to 0x822AEDE4 from 0x822AEE3C
[error] [codegen] [t169443] Unresolved conditional branch to 0x822AEF8C from 0x822AEFD4
[error] [codegen] [t169443] Unresolved conditional branch to 0x822AF4B0 from 0x822AF538
[error] [codegen] [t169443] Unresolved conditional branch to 0x822AF71C from 0x822AF794
[error] [codegen] [t169443] Unresolved conditional branch to 0x822AF71C from 0x822AF794
[error] [codegen] [t169443] Unresolved conditional branch to 0x822AF71C from 0x822AF794
[error] [codegen] [t169443] Unresolved conditional branch to 0x822AF71C from 0x822AF794
[error] [codegen] [t169443] Unresolved conditional branch to 0x822B07B8 from 0x822B07EC
[error] [codegen] [t169443] Unresolved conditional branch to 0x822B0CC4 from 0x822B0D2C
[error] [codegen] [t169443] Unresolved conditional branch to 0x822B1160 from 0x822B11B0
[error] [codegen] [t169443] Unresolved conditional branch to 0x822B11F0 from 0x822B1240
[error] [codegen] [t169443] Unresolved conditional branch to 0x822B1280 from 0x822B12D0
[error] [codegen] [t169443] Unresolved conditional branch to 0x822B1F1C from 0x822B1F74
[error] [codegen] [t169443] Unresolved conditional branch to 0x822B211C from 0x822B2184
[error] [codegen] [t169443] Unresolved conditional branch to 0x822B37CC from 0x822B3B0C
[error] [codegen] [t169443] Unresolved conditional branch to 0x822B42F0 from 0x822B48A0
[error] [codegen] [t169443] Unresolved conditional branch to 0x822B42F0 from 0x822B48AC
[error] [codegen] [t169443] Unresolved conditional branch to 0x822B40A0 from 0x822B4CC4
[error] [codegen] [t169443] Unresolved conditional branch to 0x822B7150 from 0x822B7174
[error] [codegen] [t169443] Unresolved conditional branch to 0x822B713C from 0x822B7188
[error] [codegen] [t169443] Unresolved conditional branch to 0x822B7CAC from 0x822B82E0
[error] [codegen] [t169443] Unresolved conditional branch to 0x822B7CAC from 0x822B82E0
[error] [codegen] [t169443] Unresolved conditional branch to 0x822B7CAC from 0x822B82E0
[error] [codegen] [t169443] Unresolved conditional branch to 0x822BA310 from 0x822BA3F0
[error] [codegen] [t169443] Unresolved conditional branch to 0x822BA310 from 0x822BA3F0
[error] [codegen] [t169443] Unresolved conditional branch to 0x822BBD68 from 0x822BBEE8
[error] [codegen] [t169443] Unresolved conditional branch to 0x822BCE10 from 0x822BCEB4
[error] [codegen] [t169443] Unresolved conditional branch to 0x822BD02C from 0x822BD100
[error] [codegen] [t169443] Unresolved conditional branch to 0x822BE164 from 0x822BE1B8
[error] [codegen] [t169443] Unresolved conditional branch to 0x822C0A04 from 0x822C0C1C
[error] [codegen] [t169443] Unresolved conditional branch to 0x822C0A04 from 0x822C0C1C
[error] [codegen] [t169443] Unresolved conditional branch to 0x822C15EC from 0x822C163C
[error] [codegen] [t169443] Unresolved conditional branch to 0x822C15E8 from 0x822C1648
[error] [codegen] [t169443] Unresolved conditional branch to 0x822C1C44 from 0x822C1CB0
[error] [codegen] [t169443] Unresolved conditional branch to 0x822C2A38 from 0x822C3114
[error] [codegen] [t169443] Unresolved conditional branch to 0x822C2A38 from 0x822C3114
[error] [codegen] [t169443] Unresolved conditional branch to 0x822C2A38 from 0x822C3114
[error] [codegen] [t169443] Unresolved conditional branch to 0x822C2A38 from 0x822C3114
[error] [codegen] [t169443] Unresolved conditional branch to 0x822C2A38 from 0x822C3114
[error] [codegen] [t169443] Unresolved conditional branch to 0x822C2A38 from 0x822C3114
[error] [codegen] [t169443] Unresolved conditional branch to 0x822C2A38 from 0x822C3114
[error] [codegen] [t169443] Unresolved conditional branch to 0x822C2A38 from 0x822C3114
[error] [codegen] [t169443] Unresolved conditional branch to 0x822C2A38 from 0x822C3114
[error] [codegen] [t169443] Unresolved conditional branch to 0x822C2D50 from 0x822C3008
[error] [codegen] [t169443] Unresolved conditional branch to 0x822C2A38 from 0x822C3114
[error] [codegen] [t169443] Unresolved conditional branch to 0x822C2D50 from 0x822C3008
[error] [codegen] [t169443] Unresolved conditional branch to 0x822C2A38 from 0x822C3114
[error] [codegen] [t169443] Unresolved conditional branch to 0x822C2D50 from 0x822C3008
[error] [codegen] [t169443] Unresolved conditional branch to 0x822C2A38 from 0x822C3114
[error] [codegen] [t169443] Unresolved conditional branch to 0x822C2D50 from 0x822C3008
[error] [codegen] [t169443] Unresolved conditional branch to 0x822C2A38 from 0x822C3114
[error] [codegen] [t169443] Unresolved conditional branch to 0x822C2D50 from 0x822C3008
[error] [codegen] [t169443] Unresolved conditional branch to 0x822C2A38 from 0x822C3114
[error] [codegen] [t169443] Unresolved conditional branch to 0x822C2D50 from 0x822C3008
[error] [codegen] [t169443] Unresolved conditional branch to 0x822C2A38 from 0x822C3114
[error] [codegen] [t169443] Unresolved conditional branch to 0x822C2D50 from 0x822C3008
[error] [codegen] [t169443] Unresolved conditional branch to 0x822C2A38 from 0x822C3114
[error] [codegen] [t169443] Unresolved conditional branch to 0x822C2EC0 from 0x822C2FF0
[error] [codegen] [t169443] Unresolved conditional branch to 0x822C2D50 from 0x822C3008
[error] [codegen] [t169443] Unresolved conditional branch to 0x822C2A38 from 0x822C3114
[error] [codegen] [t169443] Unresolved conditional branch to 0x822C2A38 from 0x822C3114
[error] [codegen] [t169443] Unresolved conditional branch to 0x822C3264 from 0x822C32D4
[error] [codegen] [t169443] Unresolved conditional branch to 0x822C33F8 from 0x822C343C
[error] [codegen] [t169443] Unresolved conditional branch to 0x822C3500 from 0x822C3544
[error] [codegen] [t169443] Unresolved conditional branch to 0x822C37A8 from 0x822C3844
[error] [codegen] [t169443] Unresolved conditional branch to 0x822C38B4 from 0x822C398C
[error] [codegen] [t169443] Unresolved conditional branch to 0x822C4280 from 0x822C4394
[error] [codegen] [t169443] Unresolved conditional branch to 0x822C4404 from 0x822C4740
[error] [codegen] [t169443] Unresolved conditional branch to 0x822C4404 from 0x822C4740
[error] [codegen] [t169443] Unresolved conditional branch to 0x822C4404 from 0x822C4740
[error] [codegen] [t169443] Unresolved conditional branch to 0x822C496C from 0x822C4C30
[error] [codegen] [t169443] Unresolved conditional branch to 0x822C492C from 0x822C4C50
[error] [codegen] [t169443] Unresolved conditional branch to 0x822C496C from 0x822C4C30
[error] [codegen] [t169443] Unresolved conditional branch to 0x822C492C from 0x822C4C50
[error] [codegen] [t169443] Unresolved conditional branch to 0x822C496C from 0x822C4C30
[error] [codegen] [t169443] Unresolved conditional branch to 0x822C492C from 0x822C4C50
[error] [codegen] [t169443] Unresolved conditional branch to 0x822C4BF8 from 0x822C4C10
[error] [codegen] [t169443] Unresolved conditional branch to 0x822C496C from 0x822C4C30
[error] [codegen] [t169443] Unresolved conditional branch to 0x822C492C from 0x822C4C50
[error] [codegen] [t169443] Unresolved conditional branch to 0x822C5480 from 0x822C5500
[error] [codegen] [t169443] Unresolved conditional branch to 0x822C5454 from 0x822C5514
[error] [codegen] [t169443] Unresolved conditional branch to 0x822C5434 from 0x822C5528
[error] [codegen] [t169443] Unresolved conditional branch to 0x822C5914 from 0x822C59C4
[error] [codegen] [t169443] Unresolved conditional branch to 0x822C5914 from 0x822C59C4
[error] [codegen] [t169443] Unresolved conditional branch to 0x822C59D4 from 0x822C5A84
[error] [codegen] [t169443] Unresolved conditional branch to 0x822C59D4 from 0x822C5A84
[warning] [codegen] [t169443] Unresolved b target 0x822C6E00 from 0x822C7034
[error] [codegen] [t169443] Unresolved function 0x822C6E00 from 0x822C7034 (no CallTarget in FunctionNode)
[warning] [codegen] [t169443] Unresolved b target 0x822C7148 from 0x822C73B8
[error] [codegen] [t169443] Unresolved function 0x822C7148 from 0x822C73B8 (no CallTarget in FunctionNode)
[warning] [codegen] [t169443] Unresolved b target 0x822C7148 from 0x822C73B8
[error] [codegen] [t169443] Unresolved function 0x822C7148 from 0x822C73B8 (no CallTarget in FunctionNode)
[warning] [codegen] [t169443] Unresolved b target 0x822C7148 from 0x822C73B8
[error] [codegen] [t169443] Unresolved function 0x822C7148 from 0x822C73B8 (no CallTarget in FunctionNode)
[warning] [codegen] [t169443] Unresolved b target 0x822C7148 from 0x822C73B8
[error] [codegen] [t169443] Unresolved function 0x822C7148 from 0x822C73B8 (no CallTarget in FunctionNode)
[warning] [codegen] [t169443] Unresolved b target 0x822C7148 from 0x822C73B8
[error] [codegen] [t169443] Unresolved function 0x822C7148 from 0x822C73B8 (no CallTarget in FunctionNode)
[warning] [codegen] [t169443] Unresolved b target 0x822C7148 from 0x822C73B8
[error] [codegen] [t169443] Unresolved function 0x822C7148 from 0x822C73B8 (no CallTarget in FunctionNode)
[error] [codegen] [t169443] Unresolved conditional branch to 0x822C8A28 from 0x822C8A48
[error] [codegen] [t169443] Unresolved conditional branch to 0x822C8A28 from 0x822C8A48
[error] [codegen] [t169443] Unresolved conditional branch to 0x822C8BBC from 0x822C8BDC
[error] [codegen] [t169443] Unresolved conditional branch to 0x822C93A8 from 0x822C940C
[warning] [codegen] [t169443] bdnz at 822C9B18 branches outside function to 822C9B10
[error] [codegen] [t169443] Unresolved conditional branch to 0x822C9C8C from 0x822C9CA8
[error] [codegen] [t169443] Unresolved conditional branch to 0x822CB524 from 0x822CB638
[error] [codegen] [t169443] Unresolved conditional branch to 0x822CBC34 from 0x822CBC84
[error] [codegen] [t169443] Unresolved conditional branch to 0x822CBC30 from 0x822CBC98
[error] [codegen] [t169443] Unresolved conditional branch to 0x822CC4A8 from 0x822CC594
[error] [codegen] [t169443] Unresolved conditional branch to 0x822CCA94 from 0x822CCB48
[error] [codegen] [t169443] Unresolved conditional branch to 0x822CD05C from 0x822CD074
[error] [codegen] [t169443] Unresolved conditional branch to 0x822CD024 from 0x822CD094
[error] [codegen] [t169443] Unresolved conditional branch to 0x822CD67C from 0x822CD75C
[error] [codegen] [t169443] Unresolved conditional branch to 0x822CDB24 from 0x822CDB38
[error] [codegen] [t169443] Unresolved conditional branch to 0x822CDDE8 from 0x822CDE54
[error] [codegen] [t169443] Unresolved conditional branch to 0x822CDBE8 from 0x822CDF00
[error] [codegen] [t169443] Unresolved conditional branch to 0x822CF008 from 0x822CF058
[error] [codegen] [t169443] Unresolved conditional branch to 0x822CEF90 from 0x822CF150
[error] [codegen] [t169443] Unresolved conditional branch to 0x822CEF90 from 0x822CF1D8
[error] [codegen] [t169443] Unresolved conditional branch to 0x822CEF90 from 0x822CF150
[error] [codegen] [t169443] Unresolved conditional branch to 0x822CEF90 from 0x822CF1D8
[error] [codegen] [t169443] Unresolved conditional branch to 0x822CEF90 from 0x822CF1D8
[error] [codegen] [t169443] Unresolved conditional branch to 0x822CEF90 from 0x822CF228
[error] [codegen] [t169443] Unresolved conditional branch to 0x822CEF90 from 0x822CF2BC
[error] [codegen] [t169443] Unresolved conditional branch to 0x822CEF90 from 0x822CF338
[error] [codegen] [t169443] Unresolved conditional branch to 0x822CF0DC from 0x822CF1A8
[error] [codegen] [t169443] Unresolved conditional branch to 0x822CEF90 from 0x822CF1D8
[error] [codegen] [t169443] Unresolved conditional branch to 0x822CEF90 from 0x822CF228
[error] [codegen] [t169443] Unresolved conditional branch to 0x822CEF90 from 0x822CF2BC
[error] [codegen] [t169443] Unresolved conditional branch to 0x822CEF90 from 0x822CF338
[error] [codegen] [t169443] Unresolved conditional branch to 0x822CF084 from 0x822CF3A8
[error] [codegen] [t169443] Unresolved conditional branch to 0x822CF084 from 0x822CF3A8
[error] [codegen] [t169443] Unresolved conditional branch to 0x822CF084 from 0x822CF3A8
[error] [codegen] [t169443] Unresolved conditional branch to 0x822CF084 from 0x822CF3A8
[error] [codegen] [t169443] Unresolved conditional branch to 0x822CF084 from 0x822CF3A8
[error] [codegen] [t169443] Unresolved conditional branch to 0x822CFA98 from 0x822CFAAC
[error] [codegen] [t169443] Unresolved conditional branch to 0x822D119C from 0x822D1210
[error] [codegen] [t169443] Unresolved conditional branch to 0x822D4CA4 from 0x822D56FC
[error] [codegen] [t169443] Unresolved conditional branch to 0x822D4CA4 from 0x822D56FC
[error] [codegen] [t169443] Unresolved conditional branch to 0x822D4CA4 from 0x822D56FC
[error] [codegen] [t169443] Unresolved conditional branch to 0x822D4CA4 from 0x822D56FC
[error] [codegen] [t169443] Unresolved conditional branch to 0x822D4CA4 from 0x822D56FC
[error] [codegen] [t169443] Unresolved conditional branch to 0x822D5E10 from 0x822D5E9C
[error] [codegen] [t169443] Unresolved conditional branch to 0x822D663C from 0x822D66F4
[error] [codegen] [t169443] Unresolved conditional branch to 0x822DADC8 from 0x822DAE98
[error] [codegen] [t169443] Unresolved conditional branch to 0x822DD030 from 0x822DD878
[error] [codegen] [t169443] Unresolved conditional branch to 0x822DD030 from 0x822DD878
[error] [codegen] [t169443] Unresolved conditional branch to 0x822DD030 from 0x822DD878
[error] [codegen] [t169443] Unresolved conditional branch to 0x822DF194 from 0x822DF754
[error] [codegen] [t169443] Unresolved conditional branch to 0x822DF194 from 0x822DF754
[error] [codegen] [t169443] Unresolved conditional branch to 0x822DF194 from 0x822DF754
[error] [codegen] [t169443] Unresolved conditional branch to 0x822DF194 from 0x822DF754
[error] [codegen] [t169443] Unresolved conditional branch to 0x822DF194 from 0x822DF754
[error] [codegen] [t169443] Unresolved conditional branch to 0x822E1114 from 0x822E1134
[error] [codegen] [t169443] Unresolved conditional branch to 0x822E3178 from 0x822E323C
[error] [codegen] [t169443] Unresolved conditional branch to 0x822E3178 from 0x822E323C
[error] [codegen] [t169443] Unresolved conditional branch to 0x822E3A50 from 0x822E3FB8
[error] [codegen] [t169443] Unresolved conditional branch to 0x822E3A50 from 0x822E3FB8
[error] [codegen] [t169443] Unresolved conditional branch to 0x822E3DE0 from 0x822E3E84
[error] [codegen] [t169443] Unresolved conditional branch to 0x822E3DE0 from 0x822E3E84
[error] [codegen] [t169443] Unresolved conditional branch to 0x822E3A50 from 0x822E3FB8
[error] [codegen] [t169443] Unresolved conditional branch to 0x822E3A50 from 0x822E3FB8
[error] [codegen] [t169443] Unresolved conditional branch to 0x822E3EA4 from 0x822E3F5C
[error] [codegen] [t169443] Unresolved conditional branch to 0x822E3EA4 from 0x822E3F5C
[error] [codegen] [t169443] Unresolved conditional branch to 0x822E3A50 from 0x822E3FB8
[error] [codegen] [t169443] Unresolved conditional branch to 0x822E3A50 from 0x822E3FB8
[error] [codegen] [t169443] Unresolved conditional branch to 0x822E407C from 0x822E41A0
[error] [codegen] [t169443] Unresolved conditional branch to 0x822E407C from 0x822E41A0
[error] [codegen] [t169443] Unresolved conditional branch to 0x822E407C from 0x822E41A0
[error] [codegen] [t169443] Unresolved conditional branch to 0x822E5AB0 from 0x822E5D00
[warning] [codegen] [t169443] Unresolved b target 0x822E9494 from 0x822E96B8
[error] [codegen] [t169443] Unresolved function 0x822E9494 from 0x822E96B8 (no CallTarget in FunctionNode)
[warning] [codegen] [t169443] Unresolved b target 0x822E9494 from 0x822E9718
[error] [codegen] [t169443] Unresolved function 0x822E9494 from 0x822E9718 (no CallTarget in FunctionNode)
[error] [codegen] [t169443] Unresolved conditional branch to 0x822EEF5C from 0x822EEF90
[error] [codegen] [t169443] Unresolved conditional branch to 0x822F000C from 0x822F0034
[error] [codegen] [t169443] Unresolved conditional branch to 0x822F07EC from 0x822F0854
[error] [codegen] [t169443] Unresolved conditional branch to 0x822F0C60 from 0x822F0CFC
[error] [codegen] [t169443] Unresolved conditional branch to 0x822F0DDC from 0x822F0F90
[error] [codegen] [t169443] Unresolved conditional branch to 0x822F20C8 from 0x822F2198
[error] [codegen] [t169443] Unresolved conditional branch to 0x822F2E1C from 0x822F2E40
[warning] [codegen] [t169443] Unresolved b target 0x822F8684 from 0x822F8A88
[error] [codegen] [t169443] Unresolved function 0x822F8684 from 0x822F8A88 (no CallTarget in FunctionNode)
[error] [codegen] [t169443] Unresolved conditional branch to 0x822F9914 from 0x822F996C
[error] [codegen] [t169443] Unresolved conditional branch to 0x822FBE5C from 0x822FBE98
[error] [codegen] [t169443] Unresolved conditional branch to 0x822FC414 from 0x822FC540
[error] [codegen] [t169443] Unresolved conditional branch to 0x822FD83C from 0x822FD8BC
[error] [codegen] [t169443] Unresolved conditional branch to 0x822FF644 from 0x822FF868
[error] [codegen] [t169443] Unresolved conditional branch to 0x8230236C from 0x82302A74
[error] [codegen] [t169443] Unresolved conditional branch to 0x8230236C from 0x82302A74
[error] [codegen] [t169443] Unresolved conditional branch to 0x8230236C from 0x82302A74
[error] [codegen] [t169443] Unresolved conditional branch to 0x82306DB4 from 0x82306E78
[error] [codegen] [t169443] Unresolved conditional branch to 0x82306DB4 from 0x82306E78
[error] [codegen] [t169443] Unresolved conditional branch to 0x82306DC0 from 0x82306DF4
[error] [codegen] [t169443] Unresolved conditional branch to 0x82306DB4 from 0x82306E78
[error] [codegen] [t169443] Unresolved conditional branch to 0x82306DB4 from 0x82306E78
[error] [codegen] [t169443] Unresolved conditional branch to 0x82306DB4 from 0x82306E78
[error] [codegen] [t169443] Unresolved conditional branch to 0x82306DB4 from 0x82306E78
[error] [codegen] [t169443] Unresolved conditional branch to 0x82306DB4 from 0x82306E78
[error] [codegen] [t169443] Unresolved conditional branch to 0x82306E88 from 0x82306EB0
[error] [codegen] [t169443] Unresolved conditional branch to 0x82309084 from 0x82309110
[error] [codegen] [t169443] Unresolved conditional branch to 0x823091BC from 0x82309220
[error] [codegen] [t169443] Unresolved conditional branch to 0x8230946C from 0x823094BC
[error] [codegen] [t169443] Unresolved conditional branch to 0x823099D8 from 0x82309A74
[error] [codegen] [t169443] Unresolved conditional branch to 0x82309C6C from 0x82309D0C
[error] [codegen] [t169443] Unresolved conditional branch to 0x8230A9E4 from 0x8230AA04
[error] [codegen] [t169443] Unresolved conditional branch to 0x8230B0F8 from 0x8230B304
[error] [codegen] [t169443] Unresolved conditional branch to 0x8230B0F8 from 0x8230B304
[error] [codegen] [t169443] Unresolved conditional branch to 0x8230B0F8 from 0x8230B304
[error] [codegen] [t169443] Unresolved conditional branch to 0x8230D758 from 0x8230D7C0
[error] [codegen] [t169443] Unresolved conditional branch to 0x8230FE7C from 0x8230FF28
[warning] [codegen] [t169443] Unresolved b target 0x8230FE88 from 0x82310078
[error] [codegen] [t169443] Unresolved function 0x8230FE88 from 0x82310078 (no CallTarget in FunctionNode)
[error] [codegen] [t169443] Unresolved conditional branch to 0x82310B54 from 0x82310D30
[error] [codegen] [t169443] Unresolved conditional branch to 0x82310B1C from 0x82310D44
[error] [codegen] [t169443] Unresolved conditional branch to 0x82310B54 from 0x82310D30
[error] [codegen] [t169443] Unresolved conditional branch to 0x82310B1C from 0x82310D44
[error] [codegen] [t169443] Unresolved conditional branch to 0x823180FC from 0x82318180
[error] [codegen] [t169443] Unresolved conditional branch to 0x82318050 from 0x82318190
[error] [codegen] [t169443] Unresolved conditional branch to 0x823180FC from 0x82318180
[error] [codegen] [t169443] Unresolved conditional branch to 0x82318050 from 0x82318190
[error] [codegen] [t169443] Unresolved conditional branch to 0x82319528 from 0x823195A4
[error] [codegen] [t169443] Unresolved conditional branch to 0x82319D88 from 0x82319DA8
[warning] [codegen] [t169443] Unresolved b target 0x8231A570 from 0x8231A784
[error] [codegen] [t169443] Unresolved function 0x8231A570 from 0x8231A784 (no CallTarget in FunctionNode)
[warning] [codegen] [t169443] Unresolved b target 0x8231A570 from 0x8231A81C
[error] [codegen] [t169443] Unresolved function 0x8231A570 from 0x8231A81C (no CallTarget in FunctionNode)
[error] [codegen] [t169443] Unresolved conditional branch to 0x8231A574 from 0x8231A828
[error] [codegen] [t169443] Unresolved conditional branch to 0x8231A574 from 0x8231A830
[warning] [codegen] [t169443] Unresolved b target 0x8231A570 from 0x8231A8B0
[error] [codegen] [t169443] Unresolved function 0x8231A570 from 0x8231A8B0 (no CallTarget in FunctionNode)
[warning] [codegen] [t169443] Unresolved b target 0x8231A570 from 0x8231A92C
[error] [codegen] [t169443] Unresolved function 0x8231A570 from 0x8231A92C (no CallTarget in FunctionNode)
[warning] [codegen] [t169443] Unresolved b target 0x8231A570 from 0x8231A934
[error] [codegen] [t169443] Unresolved function 0x8231A570 from 0x8231A934 (no CallTarget in FunctionNode)
[warning] [codegen] [t169443] Unresolved b target 0x8231A570 from 0x8231A93C
[error] [codegen] [t169443] Unresolved function 0x8231A570 from 0x8231A93C (no CallTarget in FunctionNode)
[warning] [codegen] [t169443] Unresolved b target 0x8231A570 from 0x8231A944
[error] [codegen] [t169443] Unresolved function 0x8231A570 from 0x8231A944 (no CallTarget in FunctionNode)
[warning] [codegen] [t169443] Unresolved b target 0x8231A570 from 0x8231A94C
[error] [codegen] [t169443] Unresolved function 0x8231A570 from 0x8231A94C (no CallTarget in FunctionNode)
[warning] [codegen] [t169443] Unresolved b target 0x8231A570 from 0x8231A954
[error] [codegen] [t169443] Unresolved function 0x8231A570 from 0x8231A954 (no CallTarget in FunctionNode)
[warning] [codegen] [t169443] Unresolved b target 0x8231A570 from 0x8231A95C
[error] [codegen] [t169443] Unresolved function 0x8231A570 from 0x8231A95C (no CallTarget in FunctionNode)
[warning] [codegen] [t169443] Unresolved b target 0x8231A570 from 0x8231A964
[error] [codegen] [t169443] Unresolved function 0x8231A570 from 0x8231A964 (no CallTarget in FunctionNode)
[warning] [codegen] [t169443] Unresolved b target 0x8231A570 from 0x8231A96C
[error] [codegen] [t169443] Unresolved function 0x8231A570 from 0x8231A96C (no CallTarget in FunctionNode)
[warning] [codegen] [t169443] Unresolved b target 0x8231A570 from 0x8231A974
[error] [codegen] [t169443] Unresolved function 0x8231A570 from 0x8231A974 (no CallTarget in FunctionNode)
[warning] [codegen] [t169443] Unresolved b target 0x8231A570 from 0x8231A97C
[error] [codegen] [t169443] Unresolved function 0x8231A570 from 0x8231A97C (no CallTarget in FunctionNode)
[warning] [codegen] [t169443] Unresolved b target 0x8231A570 from 0x8231A984
[error] [codegen] [t169443] Unresolved function 0x8231A570 from 0x8231A984 (no CallTarget in FunctionNode)
[warning] [codegen] [t169443] Unresolved b target 0x8231A570 from 0x8231A98C
[error] [codegen] [t169443] Unresolved function 0x8231A570 from 0x8231A98C (no CallTarget in FunctionNode)
[warning] [codegen] [t169443] Unresolved b target 0x8231A570 from 0x8231A994
[error] [codegen] [t169443] Unresolved function 0x8231A570 from 0x8231A994 (no CallTarget in FunctionNode)
[warning] [codegen] [t169443] Unresolved b target 0x8231A570 from 0x8231A99C
[error] [codegen] [t169443] Unresolved function 0x8231A570 from 0x8231A99C (no CallTarget in FunctionNode)
[warning] [codegen] [t169443] Unresolved b target 0x8231A570 from 0x8231A9A4
[error] [codegen] [t169443] Unresolved function 0x8231A570 from 0x8231A9A4 (no CallTarget in FunctionNode)
[error] [codegen] [t169443] Unresolved conditional branch to 0x8231B1D8 from 0x8231B30C
[error] [codegen] [t169443] Unresolved conditional branch to 0x8231CD2C from 0x8231CD9C
[error] [codegen] [t169443] Unresolved conditional branch to 0x82321F14 from 0x823220C0
[error] [codegen] [t169443] Unresolved conditional branch to 0x82321F14 from 0x823220C0
[error] [codegen] [t169443] Unresolved conditional branch to 0x82322090 from 0x823220B0
[error] [codegen] [t169443] Unresolved conditional branch to 0x82321F14 from 0x823220C0
[error] [codegen] [t169443] Unresolved conditional branch to 0x82322944 from 0x82322A10
[error] [codegen] [t169443] Unresolved conditional branch to 0x82322944 from 0x82322A48
[error] [codegen] [t169443] Unresolved conditional branch to 0x82322944 from 0x82322A80
[error] [codegen] [t169443] Unresolved conditional branch to 0x82322944 from 0x82322A80
[error] [codegen] [t169443] Unresolved conditional branch to 0x823230CC from 0x823230F4
[error] [codegen] [t169443] Unresolved conditional branch to 0x823230CC from 0x82323110
[error] [codegen] [t169443] Unresolved conditional branch to 0x823243FC from 0x82324778
[error] [codegen] [t169443] Unresolved conditional branch to 0x823243FC from 0x82324778
[error] [codegen] [t169443] Unresolved conditional branch to 0x823243FC from 0x82324778
[error] [codegen] [t169443] Unresolved conditional branch to 0x823243FC from 0x82324778
[error] [codegen] [t169443] Unresolved conditional branch to 0x82324AEC from 0x82324BE0
[error] [codegen] [t169443] Unresolved conditional branch to 0x8232A730 from 0x8232A760
[error] [codegen] [t169443] Unresolved conditional branch to 0x8232ABD0 from 0x8232AC28
[error] [codegen] [t169443] Unresolved conditional branch to 0x8232B928 from 0x8232B960
[error] [codegen] [t169443] Unresolved conditional branch to 0x8232B928 from 0x8232B9B8
[error] [codegen] [t169443] Unresolved conditional branch to 0x8232B928 from 0x8232B9D4
[error] [codegen] [t169443] Unresolved conditional branch to 0x8232BBCC from 0x8232BC58
[error] [codegen] [t169443] Unresolved conditional branch to 0x8232EC7C from 0x8232ECF0
[error] [codegen] [t169443] Unresolved conditional branch to 0x8232ED9C from 0x8232EDE8
[error] [codegen] [t169443] Unresolved conditional branch to 0x8232EE08 from 0x8232EE80
[error] [codegen] [t169443] Unresolved conditional branch to 0x8232F410 from 0x8232F4C0
[error] [codegen] [t169443] Unresolved conditional branch to 0x8232F6C4 from 0x8232F750
[error] [codegen] [t169443] Unresolved conditional branch to 0x823309AC from 0x82330A24
[error] [codegen] [t169443] Unresolved conditional branch to 0x823318EC from 0x82331A2C
[error] [codegen] [t169443] Unresolved conditional branch to 0x823318EC from 0x82331A2C
[error] [codegen] [t169443] Unresolved conditional branch to 0x823318EC from 0x82331A2C
[error] [codegen] [t169443] Unresolved conditional branch to 0x82331A4C from 0x82331A74
[error] [codegen] [t169443] Unresolved conditional branch to 0x82331A4C from 0x82331A80
[error] [codegen] [t169443] Unresolved conditional branch to 0x82331A4C from 0x82331AA0
[error] [codegen] [t169443] Unresolved conditional branch to 0x82331CD0 from 0x82331D4C
[error] [codegen] [t169443] Unresolved conditional branch to 0x82331CD0 from 0x82331D4C
[error] [codegen] [t169443] Unresolved conditional branch to 0x82331CD0 from 0x82331D4C
[error] [codegen] [t169443] Unresolved conditional branch to 0x82331E0C from 0x82331E6C
[error] [codegen] [t169443] Unresolved conditional branch to 0x82332EB0 from 0x82332ED4
[error] [codegen] [t169443] Unresolved conditional branch to 0x82332F14 from 0x82332F98
[error] [codegen] [t169443] Unresolved conditional branch to 0x82332EF4 from 0x82332FD4
[error] [codegen] [t169443] Unresolved conditional branch to 0x82332F14 from 0x82332F98
[error] [codegen] [t169443] Unresolved conditional branch to 0x82332EF4 from 0x82332FD4
[error] [codegen] [t169443] Unresolved conditional branch to 0x82332F14 from 0x82332F98
[error] [codegen] [t169443] Unresolved conditional branch to 0x82332EF4 from 0x82332FD4
[error] [codegen] [t169443] Unresolved conditional branch to 0x82333024 from 0x823330B4
[error] [codegen] [t169443] Unresolved conditional branch to 0x82333024 from 0x823330B4
[error] [codegen] [t169443] Unresolved conditional branch to 0x82333004 from 0x823330DC
[error] [codegen] [t169443] Unresolved conditional branch to 0x82333024 from 0x823330B4
[error] [codegen] [t169443] Unresolved conditional branch to 0x82333004 from 0x823330DC
[error] [codegen] [t169443] Unresolved conditional branch to 0x82333114 from 0x82333190
[error] [codegen] [t169443] Unresolved conditional branch to 0x82333114 from 0x82333190
[error] [codegen] [t169443] Unresolved conditional branch to 0x82333114 from 0x82333190
[warning] [codegen] [t169443] Unresolved b target 0x82333158 from 0x8233317C
[error] [codegen] [t169443] Unresolved function 0x82333158 from 0x8233317C (no CallTarget in FunctionNode)
[error] [codegen] [t169443] Unresolved conditional branch to 0x82333114 from 0x82333190
[error] [codegen] [t169443] Unresolved conditional branch to 0x82333114 from 0x82333190
[error] [codegen] [t169443] Unresolved conditional branch to 0x82333FDC from 0x8233400C
[error] [codegen] [t169443] Unresolved conditional branch to 0x823340F0 from 0x82334160
[error] [codegen] [t169443] Unresolved conditional branch to 0x82334850 from 0x82334898
[error] [codegen] [t169443] Unresolved conditional branch to 0x82334BA8 from 0x82334BC0
[error] [codegen] [t169443] Unresolved conditional branch to 0x82334B8C from 0x82334C0C
[error] [codegen] [t169443] Unresolved conditional branch to 0x82335200 from 0x82335218
[error] [codegen] [t169443] Unresolved conditional branch to 0x823352FC from 0x8233535C
[error] [codegen] [t169443] Unresolved conditional branch to 0x82335A88 from 0x82335AF4
[error] [codegen] [t169443] Unresolved conditional branch to 0x82335B54 from 0x82335EA8
[error] [codegen] [t169443] Unresolved conditional branch to 0x82335B54 from 0x82335EA8
[error] [codegen] [t169443] Unresolved conditional branch to 0x82335B54 from 0x82335EA8
[error] [codegen] [t169443] Unresolved conditional branch to 0x82335B54 from 0x82335EA8
[error] [codegen] [t169443] Unresolved conditional branch to 0x82335B54 from 0x82335EA8
[error] [codegen] [t169443] Unresolved conditional branch to 0x82335B54 from 0x82335EA8
[error] [codegen] [t169443] Unresolved conditional branch to 0x82335B54 from 0x82335EA8
[error] [codegen] [t169443] Unresolved conditional branch to 0x82335B54 from 0x82335EA8
[error] [codegen] [t169443] Unresolved conditional branch to 0x82335B54 from 0x82335EA8
[error] [codegen] [t169443] Unresolved conditional branch to 0x823360C8 from 0x823360F4
[error] [codegen] [t169443] Unresolved conditional branch to 0x82336D68 from 0x82336DD8
[error] [codegen] [t169443] Unresolved conditional branch to 0x82336E5C from 0x82336F5C
[warning] [codegen] [t169443] Unresolved b target 0x82337104 from 0x823371B8
[error] [codegen] [t169443] Unresolved function 0x82337104 from 0x823371B8 (no CallTarget in FunctionNode)
[error] [codegen] [t169443] Unresolved conditional branch to 0x82337528 from 0x82337610
[error] [codegen] [t169443] Unresolved conditional branch to 0x82337528 from 0x82337610
[error] [codegen] [t169443] Unresolved conditional branch to 0x82337718 from 0x8233777C
[warning] [codegen] [t169443] Unresolved b target 0x82337760 from 0x82337788
[error] [codegen] [t169443] Unresolved function 0x82337760 from 0x82337788 (no CallTarget in FunctionNode)
[warning] [codegen] [t169443] Unresolved b target 0x82337760 from 0x82337788
[error] [codegen] [t169443] Unresolved function 0x82337760 from 0x82337788 (no CallTarget in FunctionNode)
[warning] [codegen] [t169443] Unresolved b target 0x82337764 from 0x82337858
[error] [codegen] [t169443] Unresolved function 0x82337764 from 0x82337858 (no CallTarget in FunctionNode)
[warning] [codegen] [t169443] Unresolved b target 0x823377C4 from 0x82337874
[error] [codegen] [t169443] Unresolved function 0x823377C4 from 0x82337874 (no CallTarget in FunctionNode)
[warning] [codegen] [t169443] Unresolved b target 0x82337764 from 0x82337858
[error] [codegen] [t169443] Unresolved function 0x82337764 from 0x82337858 (no CallTarget in FunctionNode)
[warning] [codegen] [t169443] Unresolved b target 0x823377C4 from 0x82337874
[error] [codegen] [t169443] Unresolved function 0x823377C4 from 0x82337874 (no CallTarget in FunctionNode)
[warning] [codegen] [t169443] Unresolved b target 0x8233892C from 0x82338960
[error] [codegen] [t169443] Unresolved function 0x8233892C from 0x82338960 (no CallTarget in FunctionNode)
[error] [codegen] [t169443] Unresolved conditional branch to 0x8233901C from 0x82339078
[error] [codegen] [t169443] Unresolved conditional branch to 0x82339158 from 0x82339214
[error] [codegen] [t169443] Unresolved conditional branch to 0x82339158 from 0x82339214
[error] [codegen] [t169443] Unresolved conditional branch to 0x82339354 from 0x823393E4
[warning] [codegen] [t169443] bdnz at 8233A460 branches outside function to 8233A458
[error] [codegen] [t169443] Unresolved conditional branch to 0x8233AD2C from 0x8233AD58
[error] [codegen] [t169443] Unresolved conditional branch to 0x8233BBD8 from 0x8233BBEC
[error] [codegen] [t169443] Unresolved conditional branch to 0x8233BC74 from 0x8233BCEC
[error] [codegen] [t169443] Unresolved conditional branch to 0x8233C080 from 0x8233C0A0
[warning] [codegen] [t169443] Unresolved b target 0x8233C600 from 0x8233C644
[error] [codegen] [t169443] Unresolved function 0x8233C600 from 0x8233C644 (no CallTarget in FunctionNode)
[error] [codegen] [t169443] Unresolved conditional branch to 0x8233CE78 from 0x8233CE90
[error] [codegen] [t169443] Unresolved conditional branch to 0x8233CE78 from 0x8233CED4
[error] [codegen] [t169443] Unresolved conditional branch to 0x8233CF28 from 0x8233CF84
[error] [codegen] [t169443] Unresolved conditional branch to 0x8233EDCC from 0x8233EE34
[error] [codegen] [t169443] Unresolved conditional branch to 0x8233EDCC from 0x8233EE34
[error] [codegen] [t169443] Unresolved conditional branch to 0x8234002C from 0x82340058
[error] [codegen] [t169443] Unresolved conditional branch to 0x82340690 from 0x823406B0
[error] [codegen] [t169443] Unresolved conditional branch to 0x82340710 from 0x82340724
[error] [codegen] [t169443] Unresolved conditional branch to 0x8234076C from 0x82340784
[error] [codegen] [t169443] Unresolved conditional branch to 0x8234073C from 0x82340790
[error] [codegen] [t169443] Unresolved conditional branch to 0x8234076C from 0x82340784
[error] [codegen] [t169443] Unresolved conditional branch to 0x8234073C from 0x82340790
[error] [codegen] [t169443] Unresolved conditional branch to 0x8234289C from 0x8234291C
[error] [codegen] [t169443] Unresolved conditional branch to 0x8234289C from 0x8234291C
[warning] [codegen] [t169443] Unresolved b target 0x82342AC0 from 0x82342AE4
[error] [codegen] [t169443] Unresolved function 0x82342AC0 from 0x82342AE4 (no CallTarget in FunctionNode)
[error] [codegen] [t169443] Unresolved conditional branch to 0x82342C1C from 0x82342CD4
[error] [codegen] [t169443] Unresolved conditional branch to 0x82342C1C from 0x82342CD4
[error] [codegen] [t169443] Unresolved conditional branch to 0x82342F3C from 0x82342F5C
[error] [codegen] [t169443] Unresolved conditional branch to 0x82343054 from 0x8234308C
[warning] [codegen] [t169443] Unresolved b target 0x823435D0 from 0x82343644
[error] [codegen] [t169443] Unresolved function 0x823435D0 from 0x82343644 (no CallTarget in FunctionNode)
[warning] [codegen] [t169443] Unresolved b target 0x823435D0 from 0x82343644
[error] [codegen] [t169443] Unresolved function 0x823435D0 from 0x82343644 (no CallTarget in FunctionNode)
[error] [codegen] [t169443] Unresolved conditional branch to 0x82343B00 from 0x82343B28
[error] [codegen] [t169443] Unresolved conditional branch to 0x82343C40 from 0x82343C50
[warning] [codegen] [t169443] Unresolved b target 0x82343DF0 from 0x82343E4C
[error] [codegen] [t169443] Unresolved function 0x82343DF0 from 0x82343E4C (no CallTarget in FunctionNode)
[warning] [codegen] [t169443] Unresolved b target 0x823441D4 from 0x823442A4
[error] [codegen] [t169443] Unresolved function 0x823441D4 from 0x823442A4 (no CallTarget in FunctionNode)
[warning] [codegen] [t169443] Unresolved b target 0x823441D4 from 0x823442A4
[error] [codegen] [t169443] Unresolved function 0x823441D4 from 0x823442A4 (no CallTarget in FunctionNode)
[error] [codegen] [t169443] Unresolved conditional branch to 0x823447D8 from 0x82344810
[error] [codegen] [t169443] Unresolved conditional branch to 0x82345394 from 0x823453B0
[error] [codegen] [t169443] Unresolved conditional branch to 0x82345390 from 0x823453B8
[error] [codegen] [t169443] Unresolved conditional branch to 0x8234538C from 0x823453C0
[error] [codegen] [t169443] Unresolved conditional branch to 0x82346224 from 0x82346250
[warning] [codegen] [t169443] Unresolved b target 0x823468DC from 0x82346998
[error] [codegen] [t169443] Unresolved function 0x823468DC from 0x82346998 (no CallTarget in FunctionNode)
[warning] [codegen] [t169443] Unresolved b target 0x823468DC from 0x82346998
[error] [codegen] [t169443] Unresolved function 0x823468DC from 0x82346998 (no CallTarget in FunctionNode)
[warning] [codegen] [t169443] Unresolved b target 0x823468BC from 0x823469B8
[error] [codegen] [t169443] Unresolved function 0x823468BC from 0x823469B8 (no CallTarget in FunctionNode)
[error] [codegen] [t169443] Unresolved conditional branch to 0x82347338 from 0x82347358
[error] [codegen] [t169443] Unresolved conditional branch to 0x82347A84 from 0x82347AA8
[error] [codegen] [t169443] Unresolved conditional branch to 0x82347A7C from 0x82347AB8
[warning] [codegen] [t169443] Unresolved b target 0x823488D0 from 0x82348928
[error] [codegen] [t169443] Unresolved function 0x823488D0 from 0x82348928 (no CallTarget in FunctionNode)
[warning] [codegen] [t169443] Unresolved b target 0x823488D4 from 0x82348960
[error] [codegen] [t169443] Unresolved function 0x823488D4 from 0x82348960 (no CallTarget in FunctionNode)
[warning] [codegen] [t169443] Unresolved b target 0x823488E0 from 0x823489B0
[error] [codegen] [t169443] Unresolved function 0x823488E0 from 0x823489B0 (no CallTarget in FunctionNode)
[warning] [codegen] [t169443] Unresolved b target 0x823488E0 from 0x823489BC
[error] [codegen] [t169443] Unresolved function 0x823488E0 from 0x823489BC (no CallTarget in FunctionNode)
[warning] [codegen] [t169443] Unresolved b target 0x823488E0 from 0x823489B0
[error] [codegen] [t169443] Unresolved function 0x823488E0 from 0x823489B0 (no CallTarget in FunctionNode)
[warning] [codegen] [t169443] Unresolved b target 0x823488E0 from 0x823489BC
[error] [codegen] [t169443] Unresolved function 0x823488E0 from 0x823489BC (no CallTarget in FunctionNode)
[warning] [codegen] [t169443] Unresolved b target 0x823493F8 from 0x823494C8
[error] [codegen] [t169443] Unresolved function 0x823493F8 from 0x823494C8 (no CallTarget in FunctionNode)
[error] [codegen] [t169443] Unresolved conditional branch to 0x8234A0D0 from 0x8234A0E8
[error] [codegen] [t169443] Unresolved conditional branch to 0x8234A0C8 from 0x8234A0F0
[error] [codegen] [t169443] Unresolved conditional branch to 0x8234A0B0 from 0x8234A0F8
[error] [codegen] [t169443] Unresolved conditional branch to 0x8234A4D8 from 0x8234A538
[error] [codegen] [t169443] Unresolved conditional branch to 0x8234A8D0 from 0x8234A938
[error] [codegen] [t169443] Unresolved conditional branch to 0x8234AACC from 0x8234AAE0
[error] [codegen] [t169443] Unresolved conditional branch to 0x8234AACC from 0x8234AAE0
[error] [codegen] [t169443] Unresolved conditional branch to 0x8234AACC from 0x8234AAE0
[error] [codegen] [t169443] Unresolved conditional branch to 0x8234AB1C from 0x8234AB30
[error] [codegen] [t169443] Unresolved conditional branch to 0x8234AB1C from 0x8234AB30
[error] [codegen] [t169443] Unresolved conditional branch to 0x8234B218 from 0x8234B234
[error] [codegen] [t169443] Unresolved conditional branch to 0x8234B210 from 0x8234B250
[error] [codegen] [t169443] Unresolved conditional branch to 0x8234B478 from 0x8234B4BC
[warning] [codegen] [t169443] Unresolved b target 0x8234B788 from 0x8234B794
[error] [codegen] [t169443] Unresolved function 0x8234B788 from 0x8234B794 (no CallTarget in FunctionNode)
[warning] [codegen] [t169443] Unresolved b target 0x8234B85C from 0x8234B86C
[error] [codegen] [t169443] Unresolved function 0x8234B85C from 0x8234B86C (no CallTarget in FunctionNode)
[error] [codegen] [t169443] Unresolved conditional branch to 0x8234B8B8 from 0x8234B8D8
[error] [codegen] [t169443] Unresolved conditional branch to 0x8234B9A0 from 0x8234B9C0
[error] [codegen] [t169443] Unresolved conditional branch to 0x8234BAEC from 0x8234BB10
[warning] [codegen] [t169443] Unresolved b target 0x8234BF44 from 0x8234BF94
[error] [codegen] [t169443] Unresolved function 0x8234BF44 from 0x8234BF94 (no CallTarget in FunctionNode)
[error] [codegen] [t169443] Unresolved conditional branch to 0x8234CD64 from 0x8234CD90
[error] [codegen] [t169443] Unresolved conditional branch to 0x8234CDD4 from 0x8234CE30
[error] [codegen] [t169443] Unresolved conditional branch to 0x8234CDD4 from 0x8234CE40
[error] [codegen] [t169443] Unresolved conditional branch to 0x8234CDD4 from 0x8234CE30
[error] [codegen] [t169443] Unresolved conditional branch to 0x8234CDD4 from 0x8234CE40
[error] [codegen] [t169443] Unresolved conditional branch to 0x8234CDD4 from 0x8234CE30
[error] [codegen] [t169443] Unresolved conditional branch to 0x8234CDD4 from 0x8234CE40
[error] [codegen] [t169443] Unresolved conditional branch to 0x8234CDD4 from 0x8234CE30
[error] [codegen] [t169443] Unresolved conditional branch to 0x8234CDD4 from 0x8234CE40
[error] [codegen] [t169443] Unresolved conditional branch to 0x8234CDD4 from 0x8234CE40
[error] [codegen] [t169443] Unresolved conditional branch to 0x8234CE98 from 0x8234CEB8
[error] [codegen] [t169443] Unresolved conditional branch to 0x8234D6BC from 0x8234D760
[error] [codegen] [t169443] Unresolved conditional branch to 0x8234D818 from 0x8234D830
[error] [codegen] [t169443] Unresolved conditional branch to 0x8234D7F4 from 0x8234D934
[error] [codegen] [t169443] Unresolved conditional branch to 0x8234D7F4 from 0x8234D934
[error] [codegen] [t169443] Unresolved conditional branch to 0x8234D900 from 0x8234D928
[error] [codegen] [t169443] Unresolved conditional branch to 0x8234D7F4 from 0x8234D934
[error] [codegen] [t169443] Unresolved conditional branch to 0x8234E104 from 0x8234E124
[error] [codegen] [t169443] Unresolved conditional branch to 0x8234E378 from 0x8234E39C
[error] [codegen] [t169443] Unresolved conditional branch to 0x8234E38C from 0x8234E3AC
[error] [codegen] [t169443] Unresolved conditional branch to 0x8234E634 from 0x8234E7A4
[error] [codegen] [t169443] Unresolved conditional branch to 0x8234E634 from 0x8234E7A4
[error] [codegen] [t169443] Unresolved conditional branch to 0x8234E698 from 0x8234E6D8
[error] [codegen] [t169443] Unresolved conditional branch to 0x8234E698 from 0x8234E6F0
[error] [codegen] [t169443] Unresolved conditional branch to 0x8234E698 from 0x8234E760
[error] [codegen] [t169443] Unresolved conditional branch to 0x8234E698 from 0x8234E760
[error] [codegen] [t169443] Unresolved conditional branch to 0x8234E698 from 0x8234E794
[error] [codegen] [t169443] Unresolved conditional branch to 0x8234E634 from 0x8234E7A4
[error] [codegen] [t169443] Unresolved conditional branch to 0x8234E698 from 0x8234E6D8
[error] [codegen] [t169443] Unresolved conditional branch to 0x8234E698 from 0x8234E6F0
[error] [codegen] [t169443] Unresolved conditional branch to 0x8234E698 from 0x8234E760
[error] [codegen] [t169443] Unresolved conditional branch to 0x8234E698 from 0x8234E760
[error] [codegen] [t169443] Unresolved conditional branch to 0x8234E698 from 0x8234E794
[error] [codegen] [t169443] Unresolved conditional branch to 0x8234E634 from 0x8234E7A4
[error] [codegen] [t169443] Unresolved conditional branch to 0x8234E6C0 from 0x8234E744
[error] [codegen] [t169443] Unresolved conditional branch to 0x8234E698 from 0x8234E760
[error] [codegen] [t169443] Unresolved conditional branch to 0x8234E698 from 0x8234E794
[error] [codegen] [t169443] Unresolved conditional branch to 0x8234E634 from 0x8234E7A4
[error] [codegen] [t169443] Unresolved conditional branch to 0x8234E698 from 0x8234E760
[error] [codegen] [t169443] Unresolved conditional branch to 0x8234E698 from 0x8234E794
[error] [codegen] [t169443] Unresolved conditional branch to 0x8234E634 from 0x8234E7A4
[error] [codegen] [t169443] Unresolved conditional branch to 0x82350800 from 0x8235083C
[error] [codegen] [t169443] Unresolved conditional branch to 0x823527C4 from 0x82352858
[error] [codegen] [t169443] Unresolved conditional branch to 0x823527C4 from 0x82352858
[warning] [codegen] [t169443] Unresolved b target 0x82352890 from 0x823528DC
[error] [codegen] [t169443] Unresolved function 0x82352890 from 0x823528DC (no CallTarget in FunctionNode)
[error] [codegen] [t169443] Unresolved conditional branch to 0x8235447C from 0x82354584
[error] [codegen] [t169443] Unresolved conditional branch to 0x823546E4 from 0x8235480C
[error] [codegen] [t169443] Unresolved conditional branch to 0x823546E4 from 0x8235480C
[error] [codegen] [t169443] Unresolved conditional branch to 0x82354828 from 0x82354970
[error] [codegen] [t169443] Unresolved conditional branch to 0x82354828 from 0x82354970
[error] [codegen] [t169443] Unresolved conditional branch to 0x82354828 from 0x82354970
[error] [codegen] [t169443] Unresolved conditional branch to 0x82354BFC from 0x82354C1C
[error] [codegen] [t169443] Unresolved conditional branch to 0x82354D94 from 0x82354E10
[error] [codegen] [t169443] Unresolved conditional branch to 0x823551E8 from 0x82355200
[error] [codegen] [t169443] Unresolved conditional branch to 0x823551D8 from 0x8235520C
[error] [codegen] [t169443] Unresolved conditional branch to 0x82355220 from 0x82355238
[error] [codegen] [t169443] Unresolved conditional branch to 0x82355498 from 0x823554B4
[error] [codegen] [t169443] Unresolved conditional branch to 0x8235574C from 0x8235575C
[error] [codegen] [t169443] Unresolved conditional branch to 0x82355974 from 0x82355988
[error] [codegen] [t169443] Unresolved conditional branch to 0x82356258 from 0x8235626C
[error] [codegen] [t169443] Unresolved conditional branch to 0x8235646C from 0x823564B0
[error] [codegen] [t169443] Unresolved conditional branch to 0x823565C4 from 0x82356618
[error] [codegen] [t169443] Unresolved conditional branch to 0x82356BD0 from 0x82356BE4
[error] [codegen] [t169443] Unresolved conditional branch to 0x82356BBC from 0x82356BF4
[error] [codegen] [t169443] Unresolved conditional branch to 0x82356D34 from 0x82356D6C
[error] [codegen] [t169443] Unresolved conditional branch to 0x82357684 from 0x823577A0
[error] [codegen] [t169443] Unresolved conditional branch to 0x82357C78 from 0x82357CB4
[warning] [codegen] [t169443] Unresolved b target 0x82357C28 from 0x82357CB8
[error] [codegen] [t169443] Unresolved function 0x82357C28 from 0x82357CB8 (no CallTarget in FunctionNode)
[error] [codegen] [t169443] Unresolved conditional branch to 0x82357C28 from 0x82357CCC
[error] [codegen] [t169443] Unresolved conditional branch to 0x82357E1C from 0x82357F0C
[error] [codegen] [t169443] Unresolved conditional branch to 0x82357E1C from 0x82357F14
[error] [codegen] [t169443] Unresolved conditional branch to 0x82357E38 from 0x82357F24
[warning] [codegen] [t169443] Unresolved b target 0x82358198 from 0x82358258
[error] [codegen] [t169443] Unresolved function 0x82358198 from 0x82358258 (no CallTarget in FunctionNode)
[error] [codegen] [t169443] Unresolved conditional branch to 0x8235886C from 0x82358950
[warning] [codegen] [t169443] Unresolved b target 0x82358CD4 from 0x82358D74
[error] [codegen] [t169443] Unresolved function 0x82358CD4 from 0x82358D74 (no CallTarget in FunctionNode)
[error] [codegen] [t169443] Unresolved conditional branch to 0x82358F74 from 0x82359080
[error] [codegen] [t169443] Unresolved conditional branch to 0x82358F94 from 0x823590F0
[warning] [codegen] [t169443] Unresolved b target 0x82358DDC from 0x823590F4
[error] [codegen] [t169443] Unresolved function 0x82358DDC from 0x823590F4 (no CallTarget in FunctionNode)
[error] [codegen] [t169443] Unresolved conditional branch to 0x82359430 from 0x82359550
[warning] [codegen] [t169443] Unresolved b target 0x823593A8 from 0x82359558
[error] [codegen] [t169443] Unresolved function 0x823593A8 from 0x82359558 (no CallTarget in FunctionNode)
[warning] [codegen] [t169443] Unresolved b target 0x823593A8 from 0x82359558
[error] [codegen] [t169443] Unresolved function 0x823593A8 from 0x82359558 (no CallTarget in FunctionNode)
[error] [codegen] [t169443] Unresolved conditional branch to 0x823595DC from 0x82359694
[error] [codegen] [t169443] Unresolved conditional branch to 0x823595DC from 0x8235969C
[warning] [codegen] [t169443] Unresolved b target 0x823595E0 from 0x823596A4
[error] [codegen] [t169443] Unresolved function 0x823595E0 from 0x823596A4 (no CallTarget in FunctionNode)
[error] [codegen] [t169443] Unresolved conditional branch to 0x823595DC from 0x823596E4
[error] [codegen] [t169443] Unresolved conditional branch to 0x82359654 from 0x823596EC
[error] [codegen] [t169443] Unresolved conditional branch to 0x823595DC from 0x82359708
[error] [codegen] [t169443] Unresolved conditional branch to 0x82359654 from 0x8235971C
[error] [codegen] [t169443] Unresolved conditional branch to 0x823595DC from 0x82359738
[error] [codegen] [t169443] Unresolved conditional branch to 0x82359654 from 0x8235974C
[error] [codegen] [t169443] Unresolved conditional branch to 0x823595DC from 0x82359768
[error] [codegen] [t169443] Unresolved conditional branch to 0x823595DC from 0x82359784
[error] [codegen] [t169443] Unresolved conditional branch to 0x823595DC from 0x8235978C
[warning] [codegen] [t169443] Unresolved b target 0x82359C98 from 0x82359D30
[error] [codegen] [t169443] Unresolved function 0x82359C98 from 0x82359D30 (no CallTarget in FunctionNode)
[warning] [codegen] [t169443] Unresolved b target 0x82359DE4 from 0x82359E60
[error] [codegen] [t169443] Unresolved function 0x82359DE4 from 0x82359E60 (no CallTarget in FunctionNode)
[error] [codegen] [t169443] Unresolved conditional branch to 0x82359DDC from 0x82359EA4
[error] [codegen] [t169443] Unresolved conditional branch to 0x82359DDC from 0x82359F8C
[error] [codegen] [t169443] Unresolved conditional branch to 0x82359DDC from 0x82359F8C
[error] [codegen] [t169443] Unresolved conditional branch to 0x82359DDC from 0x8235A058
[error] [codegen] [t169443] Unresolved conditional branch to 0x82359DDC from 0x8235A088
[error] [codegen] [t169443] Unresolved conditional branch to 0x82359DDC from 0x8235A0B8
[warning] [codegen] [t169443] Unresolved b target 0x82359DE4 from 0x8235A0D0
[error] [codegen] [t169443] Unresolved function 0x82359DE4 from 0x8235A0D0 (no CallTarget in FunctionNode)
[warning] [codegen] [t169443] Unresolved b target 0x82359DE4 from 0x8235A0D0
[error] [codegen] [t169443] Unresolved function 0x82359DE4 from 0x8235A0D0 (no CallTarget in FunctionNode)
[error] [codegen] [t169443] Unresolved conditional branch to 0x82359DDC from 0x8235A0B8
[error] [codegen] [t169443] Unresolved conditional branch to 0x82359F78 from 0x8235A0C8
[warning] [codegen] [t169443] Unresolved b target 0x82359DE4 from 0x8235A0D0
[error] [codegen] [t169443] Unresolved function 0x82359DE4 from 0x8235A0D0 (no CallTarget in FunctionNode)
[warning] [codegen] [t169443] Unresolved b target 0x8235A5CC from 0x8235A7AC
[error] [codegen] [t169443] Unresolved function 0x8235A5CC from 0x8235A7AC (no CallTarget in FunctionNode)
[error] [codegen] [t169443] Unresolved conditional branch to 0x8235AE94 from 0x8235B050
[error] [codegen] [t169443] Unresolved conditional branch to 0x8235B0FC from 0x8235B2B8
[error] [codegen] [t169443] Unresolved conditional branch to 0x8235B0FC from 0x8235B2B8
[warning] [codegen] [t169443] Unresolved b target 0x8235B720 from 0x8235B858
[error] [codegen] [t169443] Unresolved function 0x8235B720 from 0x8235B858 (no CallTarget in FunctionNode)
[warning] [codegen] [t169443] Unresolved b target 0x8235B720 from 0x8235B858
[error] [codegen] [t169443] Unresolved function 0x8235B720 from 0x8235B858 (no CallTarget in FunctionNode)
[error] [codegen] [t169443] Unresolved conditional branch to 0x8235B720 from 0x8235B8A8
[error] [codegen] [t169443] Unresolved conditional branch to 0x8235B720 from 0x8235B91C
[error] [codegen] [t169443] Unresolved conditional branch to 0x8235B720 from 0x8235B984
[warning] [codegen] [t169443] Unresolved b target 0x8235B720 from 0x8235B9F0
[error] [codegen] [t169443] Unresolved function 0x8235B720 from 0x8235B9F0 (no CallTarget in FunctionNode)
[error] [codegen] [t169443] Unresolved conditional branch to 0x8235B720 from 0x8235B984
[error] [codegen] [t169443] Unresolved conditional branch to 0x8235B8B0 from 0x8235B9EC
[warning] [codegen] [t169443] Unresolved b target 0x8235B720 from 0x8235B9F0
[error] [codegen] [t169443] Unresolved function 0x8235B720 from 0x8235B9F0 (no CallTarget in FunctionNode)
[error] [codegen] [t169443] Unresolved conditional branch to 0x8235BA74 from 0x8235BB00
[warning] [codegen] [t169443] Unresolved b target 0x8235BA50 from 0x8235BB28
[error] [codegen] [t169443] Unresolved function 0x8235BA50 from 0x8235BB28 (no CallTarget in FunctionNode)
[warning] [codegen] [t169443] Unresolved b target 0x8235BA50 from 0x8235BB78
[error] [codegen] [t169443] Unresolved function 0x8235BA50 from 0x8235BB78 (no CallTarget in FunctionNode)
[warning] [codegen] [t169443] Unresolved b target 0x8235BC98 from 0x8235BDA4
[error] [codegen] [t169443] Unresolved function 0x8235BC98 from 0x8235BDA4 (no CallTarget in FunctionNode)
[warning] [codegen] [t169443] Unresolved b target 0x8235BC98 from 0x8235BDA4
[error] [codegen] [t169443] Unresolved function 0x8235BC98 from 0x8235BDA4 (no CallTarget in FunctionNode)
[warning] [codegen] [t169443] Unresolved b target 0x8235BC98 from 0x8235BDA4
[error] [codegen] [t169443] Unresolved function 0x8235BC98 from 0x8235BDA4 (no CallTarget in FunctionNode)
[warning] [codegen] [t169443] Unresolved b target 0x8235BC98 from 0x8235BE10
[error] [codegen] [t169443] Unresolved function 0x8235BC98 from 0x8235BE10 (no CallTarget in FunctionNode)
[warning] [codegen] [t169443] Unresolved b target 0x8235BC98 from 0x8235BE10
[error] [codegen] [t169443] Unresolved function 0x8235BC98 from 0x8235BE10 (no CallTarget in FunctionNode)
[error] [codegen] [t169443] Unresolved conditional branch to 0x8235C084 from 0x8235C10C
[warning] [codegen] [t169443] Unresolved b target 0x8235C008 from 0x8235C110
[error] [codegen] [t169443] Unresolved function 0x8235C008 from 0x8235C110 (no CallTarget in FunctionNode)
[error] [codegen] [t169443] Unresolved conditional branch to 0x8235C2F8 from 0x8235C54C
[error] [codegen] [t169443] Unresolved conditional branch to 0x8235C1C8 from 0x8235C558
[error] [codegen] [t169443] Unresolved conditional branch to 0x8235C7B8 from 0x8235C9D4
[error] [codegen] [t169443] Unresolved conditional branch to 0x8235C7B8 from 0x8235C9E0
[warning] [codegen] [t169443] Unresolved b target 0x8235C944 from 0x8235C9E8
[error] [codegen] [t169443] Unresolved function 0x8235C944 from 0x8235C9E8 (no CallTarget in FunctionNode)
[error] [codegen] [t169443] Unresolved conditional branch to 0x8235CB34 from 0x8235CB5C
[warning] [codegen] [t169443] Unresolved b target 0x8235CB14 from 0x8235CCD0
[error] [codegen] [t169443] Unresolved function 0x8235CB14 from 0x8235CCD0 (no CallTarget in FunctionNode)
[warning] [codegen] [t169443] Unresolved b target 0x8235CB14 from 0x8235CCD0
[error] [codegen] [t169443] Unresolved function 0x8235CB14 from 0x8235CCD0 (no CallTarget in FunctionNode)
[warning] [codegen] [t169443] Unresolved b target 0x8235CB14 from 0x8235CCD0
[error] [codegen] [t169443] Unresolved function 0x8235CB14 from 0x8235CCD0 (no CallTarget in FunctionNode)
[error] [codegen] [t169443] Unresolved conditional branch to 0x8235CBA4 from 0x8235CCC8
[warning] [codegen] [t169443] Unresolved b target 0x8235CB14 from 0x8235CCD0
[error] [codegen] [t169443] Unresolved function 0x8235CB14 from 0x8235CCD0 (no CallTarget in FunctionNode)
[error] [codegen] [t169443] Unresolved conditional branch to 0x8235D1E8 from 0x8235D284
[error] [codegen] [t169443] Unresolved conditional branch to 0x8235D1E8 from 0x8235D3F4
[error] [codegen] [t169443] Unresolved conditional branch to 0x8235D1E8 from 0x8235D5DC
[error] [codegen] [t169443] Unresolved conditional branch to 0x8235D338 from 0x8235D38C
[warning] [codegen] [t169443] Unresolved b target 0x8235D2E8 from 0x8235D394
[error] [codegen] [t169443] Unresolved function 0x8235D2E8 from 0x8235D394 (no CallTarget in FunctionNode)
[error] [codegen] [t169443] Unresolved conditional branch to 0x8235D2E4 from 0x8235D4B4
[warning] [codegen] [t169443] Unresolved b target 0x8235D2E8 from 0x8235D4BC
[error] [codegen] [t169443] Unresolved function 0x8235D2E8 from 0x8235D4BC (no CallTarget in FunctionNode)
[error] [codegen] [t169443] Unresolved conditional branch to 0x8235D2E4 from 0x8235D670
[warning] [codegen] [t169443] Unresolved b target 0x8235D4F4 from 0x8235D674
[error] [codegen] [t169443] Unresolved function 0x8235D4F4 from 0x8235D674 (no CallTarget in FunctionNode)
[error] [codegen] [t169443] Unresolved conditional branch to 0x8235D714 from 0x8235D794
[warning] [codegen] [t169443] Unresolved b target 0x8235D700 from 0x8235D7A0
[error] [codegen] [t169443] Unresolved function 0x8235D700 from 0x8235D7A0 (no CallTarget in FunctionNode)
[warning] [codegen] [t169443] Unresolved b target 0x8235DA48 from 0x8235DB50
[error] [codegen] [t169443] Unresolved function 0x8235DA48 from 0x8235DB50 (no CallTarget in FunctionNode)
[warning] [codegen] [t169443] Unresolved b target 0x8235DC74 from 0x8235DE7C
[error] [codegen] [t169443] Unresolved function 0x8235DC74 from 0x8235DE7C (no CallTarget in FunctionNode)
[warning] [codegen] [t169443] Unresolved b target 0x8235DC74 from 0x8235DE7C
[error] [codegen] [t169443] Unresolved function 0x8235DC74 from 0x8235DE7C (no CallTarget in FunctionNode)
[error] [codegen] [t169443] Unresolved conditional branch to 0x8235DDB0 from 0x8235DE28
[warning] [codegen] [t169443] Unresolved b target 0x8235DDB0 from 0x8235DE54
[error] [codegen] [t169443] Unresolved function 0x8235DDB0 from 0x8235DE54 (no CallTarget in FunctionNode)
[warning] [codegen] [t169443] Unresolved b target 0x8235DC74 from 0x8235DE7C
[error] [codegen] [t169443] Unresolved function 0x8235DC74 from 0x8235DE7C (no CallTarget in FunctionNode)
[error] [codegen] [t169443] Unresolved conditional branch to 0x8235E054 from 0x8235E138
[warning] [codegen] [t169443] Unresolved b target 0x8235E2AC from 0x8235E2EC
[error] [codegen] [t169443] Unresolved function 0x8235E2AC from 0x8235E2EC (no CallTarget in FunctionNode)
[error] [codegen] [t169443] Unresolved conditional branch to 0x8235E5E8 from 0x8235E62C
[error] [codegen] [t169443] Unresolved conditional branch to 0x8235E604 from 0x8235E658
[warning] [codegen] [t169443] Unresolved b target 0x8235E59C from 0x8235E65C
[error] [codegen] [t169443] Unresolved function 0x8235E59C from 0x8235E65C (no CallTarget in FunctionNode)
[error] [codegen] [t169443] Unresolved conditional branch to 0x8235E5E8 from 0x8235E664
[error] [codegen] [t169443] Unresolved conditional branch to 0x8235E59C from 0x8235E670
[error] [codegen] [t169443] Unresolved conditional branch to 0x8235E5E8 from 0x8235E6A4
[error] [codegen] [t169443] Unresolved conditional branch to 0x8235E5E8 from 0x8235E6AC
[error] [codegen] [t169443] Unresolved conditional branch to 0x8235E5E8 from 0x8235E6B4
[warning] [codegen] [t169443] Unresolved b target 0x8235E5EC from 0x8235E6BC
[error] [codegen] [t169443] Unresolved function 0x8235E5EC from 0x8235E6BC (no CallTarget in FunctionNode)
[warning] [codegen] [t169443] Unresolved b target 0x8235E5EC from 0x8235E6BC
[error] [codegen] [t169443] Unresolved function 0x8235E5EC from 0x8235E6BC (no CallTarget in FunctionNode)
[warning] [codegen] [t169443] Unresolved b target 0x8235E7E0 from 0x8235E920
[error] [codegen] [t169443] Unresolved function 0x8235E7E0 from 0x8235E920 (no CallTarget in FunctionNode)
[warning] [codegen] [t169443] Unresolved b target 0x8235E7E0 from 0x8235E920
[error] [codegen] [t169443] Unresolved function 0x8235E7E0 from 0x8235E920 (no CallTarget in FunctionNode)
[error] [codegen] [t169443] Unresolved conditional branch to 0x8235E7E0 from 0x8235E970
[error] [codegen] [t169443] Unresolved conditional branch to 0x8235E7E0 from 0x8235E9E4
[error] [codegen] [t169443] Unresolved conditional branch to 0x8235E7E0 from 0x8235EA4C
[warning] [codegen] [t169443] Unresolved b target 0x8235E7E0 from 0x8235EAB8
[error] [codegen] [t169443] Unresolved function 0x8235E7E0 from 0x8235EAB8 (no CallTarget in FunctionNode)
[error] [codegen] [t169443] Unresolved conditional branch to 0x8235E7E0 from 0x8235EA4C
[error] [codegen] [t169443] Unresolved conditional branch to 0x8235E978 from 0x8235EAB4
[warning] [codegen] [t169443] Unresolved b target 0x8235E7E0 from 0x8235EAB8
[error] [codegen] [t169443] Unresolved function 0x8235E7E0 from 0x8235EAB8 (no CallTarget in FunctionNode)
[error] [codegen] [t169443] Unresolved conditional branch to 0x8235EB3C from 0x8235EBC8
[warning] [codegen] [t169443] Unresolved b target 0x8235EB18 from 0x8235EBF0
[error] [codegen] [t169443] Unresolved function 0x8235EB18 from 0x8235EBF0 (no CallTarget in FunctionNode)
[warning] [codegen] [t169443] Unresolved b target 0x8235EB18 from 0x8235EC40
[error] [codegen] [t169443] Unresolved function 0x8235EB18 from 0x8235EC40 (no CallTarget in FunctionNode)
[warning] [codegen] [t169443] Unresolved b target 0x8235ED60 from 0x8235EE70
[error] [codegen] [t169443] Unresolved function 0x8235ED60 from 0x8235EE70 (no CallTarget in FunctionNode)
[warning] [codegen] [t169443] Unresolved b target 0x8235ED60 from 0x8235EE70
[error] [codegen] [t169443] Unresolved function 0x8235ED60 from 0x8235EE70 (no CallTarget in FunctionNode)
[warning] [codegen] [t169443] Unresolved b target 0x8235ED60 from 0x8235EE70
[error] [codegen] [t169443] Unresolved function 0x8235ED60 from 0x8235EE70 (no CallTarget in FunctionNode)
[warning] [codegen] [t169443] Unresolved b target 0x8235ED60 from 0x8235EEDC
[error] [codegen] [t169443] Unresolved function 0x8235ED60 from 0x8235EEDC (no CallTarget in FunctionNode)
[warning] [codegen] [t169443] Unresolved b target 0x8235ED60 from 0x8235EEDC
[error] [codegen] [t169443] Unresolved function 0x8235ED60 from 0x8235EEDC (no CallTarget in FunctionNode)
[error] [codegen] [t169443] Unresolved conditional branch to 0x8235F14C from 0x8235F1D8
[warning] [codegen] [t169443] Unresolved b target 0x8235F0D0 from 0x8235F1DC
[error] [codegen] [t169443] Unresolved function 0x8235F0D0 from 0x8235F1DC (no CallTarget in FunctionNode)
[error] [codegen] [t169443] Unresolved conditional branch to 0x8235F3CC from 0x8235F620
[error] [codegen] [t169443] Unresolved conditional branch to 0x8235F298 from 0x8235F62C
[error] [codegen] [t169443] Unresolved conditional branch to 0x8235F88C from 0x8235FAB8
[warning] [codegen] [t169443] Unresolved b target 0x8235FA1C from 0x8235FAC0
[error] [codegen] [t169443] Unresolved function 0x8235FA1C from 0x8235FAC0 (no CallTarget in FunctionNode)
[warning] [codegen] [t169443] Unresolved b target 0x8235FBEC from 0x8235FDA8
[error] [codegen] [t169443] Unresolved function 0x8235FBEC from 0x8235FDA8 (no CallTarget in FunctionNode)
[warning] [codegen] [t169443] Unresolved b target 0x8235FBEC from 0x8235FDA8
[error] [codegen] [t169443] Unresolved function 0x8235FBEC from 0x8235FDA8 (no CallTarget in FunctionNode)
[warning] [codegen] [t169443] Unresolved b target 0x8235FBEC from 0x8235FDA8
[error] [codegen] [t169443] Unresolved function 0x8235FBEC from 0x8235FDA8 (no CallTarget in FunctionNode)
[error] [codegen] [t169443] Unresolved conditional branch to 0x8235FC7C from 0x8235FDA0
[warning] [codegen] [t169443] Unresolved b target 0x8235FBEC from 0x8235FDA8
[error] [codegen] [t169443] Unresolved function 0x8235FBEC from 0x8235FDA8 (no CallTarget in FunctionNode)
[error] [codegen] [t169443] Unresolved conditional branch to 0x823602C8 from 0x82360368
[error] [codegen] [t169443] Unresolved conditional branch to 0x823602C8 from 0x823604D8
[error] [codegen] [t169443] Unresolved conditional branch to 0x823602C8 from 0x823606D4
[error] [codegen] [t169443] Unresolved conditional branch to 0x8236041C from 0x82360470
[warning] [codegen] [t169443] Unresolved b target 0x823603CC from 0x82360478
[error] [codegen] [t169443] Unresolved function 0x823603CC from 0x82360478 (no CallTarget in FunctionNode)
[warning] [codegen] [t169443] Unresolved b target 0x82360490 from 0x823605A8
[error] [codegen] [t169443] Unresolved function 0x82360490 from 0x823605A8 (no CallTarget in FunctionNode)
[error] [codegen] [t169443] Unresolved conditional branch to 0x823603C8 from 0x8236076C
[warning] [codegen] [t169443] Unresolved b target 0x823605D8 from 0x82360770
[error] [codegen] [t169443] Unresolved function 0x823605D8 from 0x82360770 (no CallTarget in FunctionNode)
[error] [codegen] [t169443] Unresolved conditional branch to 0x8236080C from 0x8236088C
[warning] [codegen] [t169443] Unresolved b target 0x823607F8 from 0x82360898
[error] [codegen] [t169443] Unresolved function 0x823607F8 from 0x82360898 (no CallTarget in FunctionNode)
[warning] [codegen] [t169443] Unresolved b target 0x82360B40 from 0x82360C48
[error] [codegen] [t169443] Unresolved function 0x82360B40 from 0x82360C48 (no CallTarget in FunctionNode)
[warning] [codegen] [t169443] Unresolved b target 0x82360D6C from 0x82360F74
[error] [codegen] [t169443] Unresolved function 0x82360D6C from 0x82360F74 (no CallTarget in FunctionNode)
[warning] [codegen] [t169443] Unresolved b target 0x82360E58 from 0x82360E9C
[error] [codegen] [t169443] Unresolved function 0x82360E58 from 0x82360E9C (no CallTarget in FunctionNode)
[error] [codegen] [t169443] Unresolved conditional branch to 0x82360EA8 from 0x82360F20
[warning] [codegen] [t169443] Unresolved b target 0x82360EA8 from 0x82360F4C
[error] [codegen] [t169443] Unresolved function 0x82360EA8 from 0x82360F4C (no CallTarget in FunctionNode)
[warning] [codegen] [t169443] Unresolved b target 0x82360D6C from 0x82360F74
[error] [codegen] [t169443] Unresolved function 0x82360D6C from 0x82360F74 (no CallTarget in FunctionNode)
[error] [codegen] [t169443] Unresolved conditional branch to 0x8236114C from 0x8236122C
[warning] [codegen] [t169443] Unresolved b target 0x82361308 from 0x82361360
[error] [codegen] [t169443] Unresolved function 0x82361308 from 0x82361360 (no CallTarget in FunctionNode)
[warning] [codegen] [t169443] Unresolved b target 0x82361308 from 0x82361368
[error] [codegen] [t169443] Unresolved function 0x82361308 from 0x82361368 (no CallTarget in FunctionNode)
[warning] [codegen] [t169443] Unresolved b target 0x82361308 from 0x82361370
[error] [codegen] [t169443] Unresolved function 0x82361308 from 0x82361370 (no CallTarget in FunctionNode)
[warning] [codegen] [t169443] Unresolved b target 0x82361308 from 0x82361370
[error] [codegen] [t169443] Unresolved function 0x82361308 from 0x82361370 (no CallTarget in FunctionNode)
[warning] [codegen] [t169443] Unresolved b target 0x8236139C from 0x823613DC
[error] [codegen] [t169443] Unresolved function 0x8236139C from 0x823613DC (no CallTarget in FunctionNode)
[error] [codegen] [t169443] Unresolved conditional branch to 0x82361418 from 0x823614EC
[error] [codegen] [t169443] Unresolved conditional branch to 0x82361418 from 0x823614EC
[error] [codegen] [t169443] Unresolved conditional branch to 0x82361578 from 0x823615F0
[error] [codegen] [t169443] Unresolved conditional branch to 0x82361600 from 0x82361628
[error] [codegen] [t169443] Unresolved conditional branch to 0x82361650 from 0x823616E8
[error] [codegen] [t169443] Unresolved conditional branch to 0x823616EC from 0x82361738
[warning] [codegen] [t169443] Unresolved b target 0x823616F4 from 0x82361740
[error] [codegen] [t169443] Unresolved conditional branch to 0x82361ADC from 0x82361AF8
[error] [codegen] [t169443] Unresolved conditional branch to 0x823624C4 from 0x823625D0
[error] [codegen] [t169443] Unresolved conditional branch to 0x82362E94 from 0x82362EA8
[error] [codegen] [t169443] Unresolved conditional branch to 0x8236308C from 0x82363184
[error] [codegen] [t169443] Unresolved conditional branch to 0x8236308C from 0x82363184
[error] [codegen] [t169443] Unresolved conditional branch to 0x823636B8 from 0x82363720
[error] [codegen] [t169443] Unresolved conditional branch to 0x82363770 from 0x823637F8
[error] [codegen] [t169443] Unresolved conditional branch to 0x82363DF8 from 0x82363E80
[error] [codegen] [t169443] Unresolved conditional branch to 0x82364EF8 from 0x82365044
[error] [codegen] [t169443] Unresolved conditional branch to 0x82364EF8 from 0x82365044
[error] [codegen] [t169443] Unresolved conditional branch to 0x823651D0 from 0x8236531C
[error] [codegen] [t169443] Unresolved conditional branch to 0x823653A0 from 0x823653C4
[error] [codegen] [t169443] Unresolved conditional branch to 0x82365390 from 0x823653FC
[error] [codegen] [t169443] Unresolved conditional branch to 0x823656D4 from 0x823657E8
[error] [codegen] [t169443] Unresolved conditional branch to 0x823658D8 from 0x82365938
[error] [codegen] [t169443] Unresolved conditional branch to 0x82365990 from 0x82365A24
[error] [codegen] [t169443] Unresolved conditional branch to 0x82365A78 from 0x82365B40
[error] [codegen] [t169443] Unresolved conditional branch to 0x82365B98 from 0x82365C94
[error] [codegen] [t169443] Unresolved conditional branch to 0x82365B98 from 0x82365C94
[error] [codegen] [t169443] Unresolved conditional branch to 0x82365B98 from 0x82365C94
[error] [codegen] [t169443] Unresolved conditional branch to 0x82366370 from 0x8236638C
[error] [codegen] [t169443] Unresolved conditional branch to 0x8236649C from 0x823664C8
[error] [codegen] [t169443] Unresolved conditional branch to 0x8236653C from 0x823665C0
[error] [codegen] [t169443] Unresolved conditional branch to 0x82366514 from 0x823665C8
[warning] [codegen] [t169443] Unresolved b target 0x82366518 from 0x82366640
[error] [codegen] [t169443] Unresolved function 0x82366518 from 0x82366640 (no CallTarget in FunctionNode)
[warning] [codegen] [t169443] Unresolved b target 0x82366518 from 0x82366640
[error] [codegen] [t169443] Unresolved function 0x82366518 from 0x82366640 (no CallTarget in FunctionNode)
[warning] [codegen] [t169443] Unresolved b target 0x82366518 from 0x82366640
[error] [codegen] [t169443] Unresolved function 0x82366518 from 0x82366640 (no CallTarget in FunctionNode)
[error] [codegen] [t169443] Unresolved conditional branch to 0x823674C0 from 0x823674EC
[error] [codegen] [t169443] Unresolved conditional branch to 0x82367538 from 0x82367564
[error] [codegen] [t169443] Unresolved conditional branch to 0x82367538 from 0x82367564
[error] [codegen] [t169443] Unresolved conditional branch to 0x82367D38 from 0x82367EDC
[error] [codegen] [t169443] Unresolved conditional branch to 0x82367DDC from 0x82367EC4
[error] [codegen] [t169443] Unresolved conditional branch to 0x82367D38 from 0x82367EDC
[error] [codegen] [t169443] Unresolved conditional branch to 0x82367DDC from 0x82367EC4
[error] [codegen] [t169443] Unresolved conditional branch to 0x82367D38 from 0x82367EDC
[error] [codegen] [t169443] Unresolved conditional branch to 0x82367E50 from 0x82367EB0
[error] [codegen] [t169443] Unresolved conditional branch to 0x82367DDC from 0x82367EC4
[error] [codegen] [t169443] Unresolved conditional branch to 0x82367D38 from 0x82367EDC
[error] [codegen] [t169443] Unresolved conditional branch to 0x823680A8 from 0x82368144
[error] [codegen] [t169443] Unresolved conditional branch to 0x823683E0 from 0x82368444
[error] [codegen] [t169443] Unresolved conditional branch to 0x823683E0 from 0x82368444
[error] [codegen] [t169443] Unresolved conditional branch to 0x823683E0 from 0x82368444
[error] [codegen] [t169443] Unresolved conditional branch to 0x823683E0 from 0x82368444
[error] [codegen] [t169443] Unresolved conditional branch to 0x823683E0 from 0x82368444
[error] [codegen] [t169443] Unresolved conditional branch to 0x823689BC from 0x823689E4
[error] [codegen] [t169443] Unresolved conditional branch to 0x82368A78 from 0x82368AA0
[error] [codegen] [t169443] Unresolved conditional branch to 0x82368BEC from 0x82368C18
[error] [codegen] [t169443] Unresolved conditional branch to 0x82368EA4 from 0x82368EC4
[error] [codegen] [t169443] Unresolved conditional branch to 0x82368E7C from 0x82368EE0
[error] [codegen] [t169443] Unresolved conditional branch to 0x82368E7C from 0x82368EE0
[error] [codegen] [t169443] Unresolved conditional branch to 0x823690BC from 0x823690F8
[error] [codegen] [t169443] Unresolved conditional branch to 0x823692A8 from 0x823692C4
[error] [codegen] [t169443] Unresolved conditional branch to 0x82369208 from 0x823692F4
[warning] [codegen] [t169443] Unresolved b target 0x82369208 from 0x82369300
[error] [codegen] [t169443] Unresolved function 0x82369208 from 0x82369300 (no CallTarget in FunctionNode)
[error] [codegen] [t169443] Unresolved conditional branch to 0x8236951C from 0x82369550
[error] [codegen] [t169443] Unresolved conditional branch to 0x82369680 from 0x8236977C
[error] [codegen] [t169443] Unresolved conditional branch to 0x82369734 from 0x82369764
[error] [codegen] [t169443] Unresolved conditional branch to 0x82369680 from 0x8236977C
[error] [codegen] [t169443] Unresolved conditional branch to 0x823697E8 from 0x8236991C
[error] [codegen] [t169443] Unresolved conditional branch to 0x82369960 from 0x82369970
[error] [codegen] [t169443] Unresolved conditional branch to 0x82369B30 from 0x82369B54
[error] [codegen] [t169443] Unresolved conditional branch to 0x82369DE8 from 0x82369E24
[error] [codegen] [t169443] Unresolved conditional branch to 0x82369F94 from 0x82369FAC
[error] [codegen] [t169443] Unresolved conditional branch to 0x8236A50C from 0x8236A530
[error] [codegen] [t169443] Unresolved conditional branch to 0x8236A7FC from 0x8236A80C
[error] [codegen] [t169443] Unresolved conditional branch to 0x8236A8E8 from 0x8236A918
[error] [codegen] [t169443] Unresolved conditional branch to 0x8236A8E8 from 0x8236A918
[error] [codegen] [t169443] Unresolved conditional branch to 0x8236A8E8 from 0x8236A918
[error] [codegen] [t169443] Unresolved conditional branch to 0x8236AB24 from 0x8236AB60
[error] [codegen] [t169443] Unresolved conditional branch to 0x8236AC94 from 0x8236ACD0
[warning] [codegen] [t169443] Unresolved b target 0x8236AEC4 from 0x8236AF98
[error] [codegen] [t169443] Unresolved function 0x8236AEC4 from 0x8236AF98 (no CallTarget in FunctionNode)
[error] [codegen] [t169443] Unresolved conditional branch to 0x8236B0B0 from 0x8236B0E8
[error] [codegen] [t169443] Unresolved conditional branch to 0x8236B12C from 0x8236B14C
[error] [codegen] [t169443] Unresolved conditional branch to 0x8236B124 from 0x8236B164
[error] [codegen] [t169443] Unresolved conditional branch to 0x8236B1A8 from 0x8236B1C0
[warning] [codegen] [t169443] Unresolved b target 0x8236B18C from 0x8236B1C4
[error] [codegen] [t169443] Unresolved function 0x8236B18C from 0x8236B1C4 (no CallTarget in FunctionNode)
[error] [codegen] [t169443] Unresolved conditional branch to 0x8236B1EC from 0x8236B200
[warning] [codegen] [t169443] Unresolved b target 0x8236B1EC from 0x8236B224
[error] [codegen] [t169443] Unresolved function 0x8236B1EC from 0x8236B224 (no CallTarget in FunctionNode)
[error] [codegen] [t169443] Unresolved conditional branch to 0x8236B24C from 0x8236B260
[warning] [codegen] [t169443] Unresolved b target 0x8236B24C from 0x8236B284
[error] [codegen] [t169443] Unresolved function 0x8236B24C from 0x8236B284 (no CallTarget in FunctionNode)
[error] [codegen] [t169443] Unresolved conditional branch to 0x8236B2AC from 0x8236B2C0
[warning] [codegen] [t169443] Unresolved b target 0x8236B2AC from 0x8236B2E4
[error] [codegen] [t169443] Unresolved function 0x8236B2AC from 0x8236B2E4 (no CallTarget in FunctionNode)
[error] [codegen] [t169443] Unresolved conditional branch to 0x8236B858 from 0x8236B884
[error] [codegen] [t169443] Unresolved conditional branch to 0x8236BAD0 from 0x8236BBA4
[error] [codegen] [t169443] Unresolved conditional branch to 0x8236BC0C from 0x8236BC38
[error] [codegen] [t169443] Unresolved conditional branch to 0x8236BF34 from 0x8236BF5C
[error] [codegen] [t169443] Unresolved conditional branch to 0x8236C0A8 from 0x8236C0D4
[error] [codegen] [t169443] Unresolved conditional branch to 0x8236C18C from 0x8236C238
[error] [codegen] [t169443] Unresolved conditional branch to 0x8236C18C from 0x8236C238
[error] [codegen] [t169443] Unresolved conditional branch to 0x8236C18C from 0x8236C238
[error] [codegen] [t169443] Unresolved conditional branch to 0x8236C2F4 from 0x8236C33C
[error] [codegen] [t169443] Unresolved conditional branch to 0x8236C80C from 0x8236C840
[error] [codegen] [t169443] Unresolved conditional branch to 0x8236C968 from 0x8236C98C
[error] [codegen] [t169443] Unresolved conditional branch to 0x8236D838 from 0x8236D98C
[error] [codegen] [t169443] Unresolved conditional branch to 0x8236D838 from 0x8236D98C
[error] [codegen] [t169443] Unresolved conditional branch to 0x8236D95C from 0x8236D978
[error] [codegen] [t169443] Unresolved conditional branch to 0x8236D838 from 0x8236D98C
[warning] [codegen] [t169443] bdnz at 8236DE48 branches outside function to 8236DE40
[error] [codegen] [t169443] Unresolved conditional branch to 0x8236E3B4 from 0x8236E410
[error] [codegen] [t169443] Unresolved conditional branch to 0x8236E5E4 from 0x8236E664
[error] [codegen] [t169443] Unresolved conditional branch to 0x82370090 from 0x823700E0
[warning] [codegen] [t169443] Unresolved b target 0x82371198 from 0x8237126C
[error] [codegen] [t169443] Unresolved function 0x82371198 from 0x8237126C (no CallTarget in FunctionNode)
[warning] [codegen] [t169443] Unresolved b target 0x82371198 from 0x8237126C
[error] [codegen] [t169443] Unresolved function 0x82371198 from 0x8237126C (no CallTarget in FunctionNode)
[error] [codegen] [t169443] Unresolved conditional branch to 0x823711F8 from 0x82371238
[warning] [codegen] [t169443] Unresolved b target 0x82371198 from 0x8237126C
[error] [codegen] [t169443] Unresolved function 0x82371198 from 0x8237126C (no CallTarget in FunctionNode)
[error] [codegen] [t169443] Unresolved conditional branch to 0x82371F70 from 0x82371FC0
[error] [codegen] [t169443] Unresolved conditional branch to 0x82372038 from 0x823720E4
[error] [codegen] [t169443] Unresolved conditional branch to 0x82372038 from 0x823720E4
[error] [codegen] [t169443] Unresolved conditional branch to 0x82372038 from 0x823720E4
[error] [codegen] [t169443] Unresolved conditional branch to 0x82372038 from 0x823720E4
[error] [codegen] [t169443] Unresolved conditional branch to 0x823725CC from 0x823725F8
[error] [codegen] [t169443] Unresolved conditional branch to 0x8237290C from 0x823729D4
[error] [codegen] [t169443] Unresolved conditional branch to 0x82372C54 from 0x82372CBC
[error] [codegen] [t169443] Unresolved conditional branch to 0x82372C54 from 0x82372CBC
[warning] [codegen] [t169443] bdnz at 82372CE0 branches outside function to 82372CD8
[error] [codegen] [t169443] Unresolved conditional branch to 0x82373F8C from 0x82373FAC
[error] [codegen] [t169443] Unresolved conditional branch to 0x82373F60 from 0x823743C0
[error] [codegen] [t169443] Unresolved conditional branch to 0x82373F60 from 0x823743C0
[error] [codegen] [t169443] Unresolved conditional branch to 0x82373F60 from 0x823743C0
[error] [codegen] [t169443] Unresolved conditional branch to 0x8237407C from 0x823740E0
[error] [codegen] [t169443] Unresolved conditional branch to 0x82373F60 from 0x823743C0
[error] [codegen] [t169443] Unresolved conditional branch to 0x82373F60 from 0x823743C0
[error] [codegen] [t169443] Unresolved conditional branch to 0x82373F60 from 0x823743C0
[error] [codegen] [t169443] Unresolved conditional branch to 0x82373F60 from 0x823743C0
[error] [codegen] [t169443] Unresolved conditional branch to 0x82373F60 from 0x823743C0
[error] [codegen] [t169443] Unresolved conditional branch to 0x82373F60 from 0x823743C0
[warning] [codegen] [t169443] Unresolved b target 0x823744B8 from 0x8237451C
[error] [codegen] [t169443] Unresolved function 0x823744B8 from 0x8237451C (no CallTarget in FunctionNode)
[error] [codegen] [t169443] Unresolved conditional branch to 0x82374684 from 0x82374694
[error] [codegen] [t169443] Unresolved conditional branch to 0x82374668 from 0x823746C8
[error] [codegen] [t169443] Unresolved conditional branch to 0x823747C0 from 0x823747DC
[warning] [codegen] [t169443] Unresolved b target 0x82374824 from 0x82374888
[error] [codegen] [t169443] Unresolved function 0x82374824 from 0x82374888 (no CallTarget in FunctionNode)
[error] [codegen] [t169443] Unresolved conditional branch to 0x82374DFC from 0x82374E14
[error] [codegen] [t169443] Unresolved conditional branch to 0x82375328 from 0x82375388
[error] [codegen] [t169443] Unresolved conditional branch to 0x823755E4 from 0x82375758
[error] [codegen] [t169443] Unresolved conditional branch to 0x823755E4 from 0x82375758
[error] [codegen] [t169443] Unresolved conditional branch to 0x823755E4 from 0x82375758
[error] [codegen] [t169443] Unresolved conditional branch to 0x82376D80 from 0x82376E40
[error] [codegen] [t169443] Unresolved conditional branch to 0x82376D80 from 0x82376E40
[error] [codegen] [t169443] Unresolved conditional branch to 0x823773A4 from 0x82377484
[error] [codegen] [t169443] Unresolved conditional branch to 0x8237739C from 0x82377494
[warning] [codegen] [t169443] Unresolved b target 0x8237758C from 0x823775A8
[error] [codegen] [t169443] Unresolved function 0x8237758C from 0x823775A8 (no CallTarget in FunctionNode)
[error] [codegen] [t169443] Unresolved conditional branch to 0x82377D20 from 0x82377D38
[error] [codegen] [t169443] Unresolved conditional branch to 0x82377D9C from 0x82377E58
[error] [codegen] [t169443] Unresolved conditional branch to 0x82377E7C from 0x82378044
[error] [codegen] [t169443] Unresolved conditional branch to 0x82377E7C from 0x82378044
[error] [codegen] [t169443] Unresolved conditional branch to 0x82377E7C from 0x82378044
[error] [codegen] [t169443] Unresolved conditional branch to 0x82377F48 from 0x82377F7C
[error] [codegen] [t169443] Unresolved conditional branch to 0x82377E7C from 0x82378044
[error] [codegen] [t169443] Unresolved conditional branch to 0x82377E7C from 0x82378044
[error] [codegen] [t169443] Unresolved conditional branch to 0x82377F48 from 0x82377F7C
[error] [codegen] [t169443] Unresolved conditional branch to 0x82377E7C from 0x82378044
[error] [codegen] [t169443] Unresolved conditional branch to 0x82377E7C from 0x82378044
[error] [codegen] [t169443] Unresolved conditional branch to 0x82377E7C from 0x82378044
[error] [codegen] [t169443] Unresolved conditional branch to 0x82378078 from 0x823780B4
[error] [codegen] [t169443] Unresolved conditional branch to 0x82378060 from 0x823780C8
[error] [codegen] [t169443] Unresolved conditional branch to 0x823781BC from 0x823781D4
[warning] [codegen] [t169443] Unresolved b target 0x82378464 from 0x82378480
[error] [codegen] [t169443] Unresolved function 0x82378464 from 0x82378480 (no CallTarget in FunctionNode)
[warning] [codegen] [t169443] Unresolved b target 0x823784F4 from 0x82378510
[error] [codegen] [t169443] Unresolved function 0x823784F4 from 0x82378510 (no CallTarget in FunctionNode)
[warning] [codegen] [t169443] Unresolved b target 0x82378E80 from 0x82378F3C
[error] [codegen] [t169443] Unresolved function 0x82378E80 from 0x82378F3C (no CallTarget in FunctionNode)
[warning] [codegen] [t169443] Unresolved b target 0x82378E80 from 0x82379274
[error] [codegen] [t169443] Unresolved function 0x82378E80 from 0x82379274 (no CallTarget in FunctionNode)
[error] [codegen] [t169443] Unresolved conditional branch to 0x823797B0 from 0x823798D4
[warning] [codegen] [t169443] Unresolved b target 0x823797B8 from 0x823798E4
[error] [codegen] [t169443] Unresolved function 0x823797B8 from 0x823798E4 (no CallTarget in FunctionNode)
[error] [codegen] [t169443] Unresolved conditional branch to 0x82379BF0 from 0x82379C0C
[error] [codegen] [t169443] Unresolved conditional branch to 0x82379E78 from 0x82379E94
[error] [codegen] [t169443] Unresolved conditional branch to 0x82379E58 from 0x82379EA8
[error] [codegen] [t169443] Unresolved conditional branch to 0x82379E58 from 0x82379EA8
[error] [codegen] [t169443] Unresolved conditional branch to 0x82379E58 from 0x82379EA8
[error] [codegen] [t169443] Unresolved conditional branch to 0x82379E58 from 0x82379EA8
[error] [codegen] [t169443] Unresolved conditional branch to 0x82379EE8 from 0x82379F2C
[error] [codegen] [t169443] Unresolved conditional branch to 0x8237A154 from 0x8237A170
[error] [codegen] [t169443] Unresolved conditional branch to 0x8237A154 from 0x8237A1DC
[error] [codegen] [t169443] Unresolved conditional branch to 0x8237A154 from 0x8237A1DC
[error] [codegen] [t169443] Unresolved conditional branch to 0x8237A154 from 0x8237A1DC
[error] [codegen] [t169443] Unresolved conditional branch to 0x8237A154 from 0x8237A1DC
[error] [codegen] [t169443] Unresolved conditional branch to 0x8237A788 from 0x8237A86C
[error] [codegen] [t169443] Unresolved conditional branch to 0x8237A83C from 0x8237A860
[error] [codegen] [t169443] Unresolved conditional branch to 0x8237A788 from 0x8237A86C
[error] [codegen] [t169443] Unresolved conditional branch to 0x8237B560 from 0x8237B60C
[error] [codegen] [t169443] Unresolved conditional branch to 0x8237B560 from 0x8237B60C
[error] [codegen] [t169443] Unresolved conditional branch to 0x8237B560 from 0x8237B60C
[warning] [codegen] [t169443] bdnz at 8237B8B0 branches outside function to 8237B8A8
[warning] [codegen] [t169443] bdnz at 8237BA6C branches outside function to 8237BA5C
[error] [codegen] [t169443] Unresolved conditional branch to 0x8237BAD4 from 0x8237BB08
[error] [codegen] [t169443] Unresolved conditional branch to 0x8237BD9C from 0x8237BDAC
[error] [codegen] [t169443] Unresolved conditional branch to 0x8237C758 from 0x8237C778
[error] [codegen] [t169443] Unresolved conditional branch to 0x8237CE18 from 0x8237D008
[error] [codegen] [t169443] Unresolved conditional branch to 0x8237CE18 from 0x8237D008
[error] [codegen] [t169443] Unresolved conditional branch to 0x8237CF04 from 0x8237CF24
[error] [codegen] [t169443] Unresolved conditional branch to 0x8237CE18 from 0x8237D008
[error] [codegen] [t169443] Unresolved conditional branch to 0x8237CE18 from 0x8237D008
[error] [codegen] [t169443] Unresolved conditional branch to 0x8237D5A0 from 0x8237D5E0
[error] [codegen] [t169443] Unresolved conditional branch to 0x8237DA4C from 0x8237DA8C
[error] [codegen] [t169443] Unresolved conditional branch to 0x8237DA4C from 0x8237DA8C
[error] [codegen] [t169443] Unresolved conditional branch to 0x8237DDC8 from 0x8237DDE0
[error] [codegen] [t169443] Unresolved conditional branch to 0x8237E0D8 from 0x8237E154
[warning] [codegen] [t169443] Unresolved b target 0x8237E4C4 from 0x8237E584
[error] [codegen] [t169443] Unresolved function 0x8237E4C4 from 0x8237E584 (no CallTarget in FunctionNode)
[error] [codegen] [t169443] Unresolved conditional branch to 0x8237F43C from 0x8237F494
[error] [codegen] [t169443] Unresolved conditional branch to 0x8237F970 from 0x8237F990
[error] [codegen] [t169443] Unresolved conditional branch to 0x8237FBCC from 0x8237FC14
[error] [codegen] [t169443] Unresolved conditional branch to 0x8237FCE8 from 0x8237FD28
[warning] [codegen] [t169443] Unresolved b target 0x82380B08 from 0x82380BCC
[error] [codegen] [t169443] Unresolved function 0x82380B08 from 0x82380BCC (no CallTarget in FunctionNode)
[error] [codegen] [t169443] Unresolved conditional branch to 0x82380B00 from 0x82380E24
[error] [codegen] [t169443] Unresolved conditional branch to 0x82380B18 from 0x82380E2C
[error] [codegen] [t169443] Unresolved conditional branch to 0x82380B00 from 0x82380D78
[error] [codegen] [t169443] Unresolved conditional branch to 0x82380B18 from 0x82380D84
[error] [codegen] [t169443] Unresolved conditional branch to 0x82380B00 from 0x82380E24
[error] [codegen] [t169443] Unresolved conditional branch to 0x82380B18 from 0x82380E2C
[error] [codegen] [t169443] Unresolved conditional branch to 0x82380B00 from 0x82380D78
[error] [codegen] [t169443] Unresolved conditional branch to 0x82380B18 from 0x82380D84
[error] [codegen] [t169443] Unresolved conditional branch to 0x82380B00 from 0x82380E24
[error] [codegen] [t169443] Unresolved conditional branch to 0x82380B18 from 0x82380E2C
[error] [codegen] [t169443] Unresolved conditional branch to 0x82380B00 from 0x82380D78
[error] [codegen] [t169443] Unresolved conditional branch to 0x82380B18 from 0x82380D84
[error] [codegen] [t169443] Unresolved conditional branch to 0x82380B00 from 0x82380E24
[error] [codegen] [t169443] Unresolved conditional branch to 0x82380B18 from 0x82380E2C
[error] [codegen] [t169443] Unresolved conditional branch to 0x82380B00 from 0x82380D78
[error] [codegen] [t169443] Unresolved conditional branch to 0x82380B18 from 0x82380D84
[error] [codegen] [t169443] Unresolved conditional branch to 0x82380B00 from 0x82380E24
[error] [codegen] [t169443] Unresolved conditional branch to 0x82380B18 from 0x82380E2C
[error] [codegen] [t169443] Unresolved conditional branch to 0x82380B00 from 0x82380D78
[error] [codegen] [t169443] Unresolved conditional branch to 0x82380B18 from 0x82380D84
[error] [codegen] [t169443] Unresolved conditional branch to 0x82380B00 from 0x82380E24
[error] [codegen] [t169443] Unresolved conditional branch to 0x82380B18 from 0x82380E2C
[error] [codegen] [t169443] Unresolved conditional branch to 0x82381248 from 0x82381288
[warning] [codegen] [t169443] Unresolved b target 0x82381248 from 0x82381294
[error] [codegen] [t169443] Unresolved function 0x82381248 from 0x82381294 (no CallTarget in FunctionNode)
[error] [codegen] [t169443] Unresolved conditional branch to 0x82381248 from 0x823812DC
[error] [codegen] [t169443] Unresolved conditional branch to 0x82381330 from 0x82381358
[warning] [codegen] [t169443] Unresolved b target 0x82381428 from 0x8238146C
[error] [codegen] [t169443] Unresolved function 0x82381428 from 0x8238146C (no CallTarget in FunctionNode)
[error] [codegen] [t169443] Unresolved conditional branch to 0x82381968 from 0x82381A54
[error] [codegen] [t169443] Unresolved conditional branch to 0x823819E0 from 0x82381A00
[error] [codegen] [t169443] Unresolved conditional branch to 0x82381968 from 0x82381A54
[warning] [codegen] [t169443] Unresolved b target 0x82381F64 from 0x82381FA8
[error] [codegen] [t169443] Unresolved function 0x82381F64 from 0x82381FA8 (no CallTarget in FunctionNode)
[warning] [codegen] [t169443] Unresolved b target 0x82381F64 from 0x82381FA8
[error] [codegen] [t169443] Unresolved function 0x82381F64 from 0x82381FA8 (no CallTarget in FunctionNode)
[warning] [codegen] [t169443] Unresolved b target 0x82382074 from 0x82382128
[error] [codegen] [t169443] Unresolved function 0x82382074 from 0x82382128 (no CallTarget in FunctionNode)
[warning] [codegen] [t169443] bdnz at 82383198 branches outside function to 8238310C
[warning] [codegen] [t169443] Unresolved b target 0x82382FFC from 0x8238319C
[error] [codegen] [t169443] Unresolved function 0x82382FFC from 0x8238319C (no CallTarget in FunctionNode)
[warning] [codegen] [t169443] bdnz at 823831B0 branches outside function to 8238310C
[warning] [codegen] [t169443] Unresolved b target 0x82382FFC from 0x823831B4
[error] [codegen] [t169443] Unresolved function 0x82382FFC from 0x823831B4 (no CallTarget in FunctionNode)
[warning] [codegen] [t169443] bdnz at 823831E8 branches outside function to 823831E0
[warning] [codegen] [t169443] Unresolved b target 0x823831C8 from 0x823832CC
[error] [codegen] [t169443] Unresolved function 0x823831C8 from 0x823832CC (no CallTarget in FunctionNode)
[warning] [codegen] [t169443] Unresolved b target 0x823831C8 from 0x823832E4
[error] [codegen] [t169443] Unresolved function 0x823831C8 from 0x823832E4 (no CallTarget in FunctionNode)
[warning] [codegen] [t169443] Unresolved b target 0x823832F8 from 0x823833DC
[error] [codegen] [t169443] Unresolved function 0x823832F8 from 0x823833DC (no CallTarget in FunctionNode)
[warning] [codegen] [t169443] Unresolved b target 0x823832F8 from 0x823833F4
[error] [codegen] [t169443] Unresolved function 0x823832F8 from 0x823833F4 (no CallTarget in FunctionNode)
[error] [codegen] [t169443] Unresolved conditional branch to 0x82383398 from 0x823833C8
[warning] [codegen] [t169443] bdnz at 823833D8 branches outside function to 82383394
[warning] [codegen] [t169443] Unresolved b target 0x823832F8 from 0x823833DC
[error] [codegen] [t169443] Unresolved function 0x823832F8 from 0x823833DC (no CallTarget in FunctionNode)
[warning] [codegen] [t169443] bdnz at 823833F0 branches outside function to 82383394
[warning] [codegen] [t169443] Unresolved b target 0x823832F8 from 0x823833F4
[error] [codegen] [t169443] Unresolved function 0x823832F8 from 0x823833F4 (no CallTarget in FunctionNode)
[error] [codegen] [t169443] Unresolved conditional branch to 0x82383398 from 0x823833C8
[warning] [codegen] [t169443] bdnz at 823833D8 branches outside function to 82383394
[warning] [codegen] [t169443] Unresolved b target 0x823832F8 from 0x823833DC
[error] [codegen] [t169443] Unresolved function 0x823832F8 from 0x823833DC (no CallTarget in FunctionNode)
[warning] [codegen] [t169443] bdnz at 823833F0 branches outside function to 82383394
[warning] [codegen] [t169443] Unresolved b target 0x823832F8 from 0x823833F4
[error] [codegen] [t169443] Unresolved function 0x823832F8 from 0x823833F4 (no CallTarget in FunctionNode)
[warning] [codegen] [t169443] bdnz at 823833D8 branches outside function to 82383394
[warning] [codegen] [t169443] Unresolved b target 0x823832F8 from 0x823833DC
[error] [codegen] [t169443] Unresolved function 0x823832F8 from 0x823833DC (no CallTarget in FunctionNode)
[warning] [codegen] [t169443] bdnz at 823833F0 branches outside function to 82383394
[warning] [codegen] [t169443] Unresolved b target 0x823832F8 from 0x823833F4
[error] [codegen] [t169443] Unresolved function 0x823832F8 from 0x823833F4 (no CallTarget in FunctionNode)
[warning] [codegen] [t169443] bdnz at 82383498 branches outside function to 82383470
[warning] [codegen] [t169443] Unresolved b target 0x8238344C from 0x8238349C
[error] [codegen] [t169443] Unresolved function 0x8238344C from 0x8238349C (no CallTarget in FunctionNode)
[error] [codegen] [t169443] Unresolved conditional branch to 0x82383578 from 0x823835BC
[error] [codegen] [t169443] Unresolved conditional branch to 0x82383F88 from 0x823841F0
[error] [codegen] [t169443] Unresolved conditional branch to 0x82383F88 from 0x8238421C
[error] [codegen] [t169443] Unresolved conditional branch to 0x823840D4 from 0x823840F4
[error] [codegen] [t169443] Unresolved conditional branch to 0x823840A0 from 0x82384158
[warning] [codegen] [t169443] Unresolved b target 0x823840A0 from 0x82384160
[error] [codegen] [t169443] Unresolved function 0x823840A0 from 0x82384160 (no CallTarget in FunctionNode)
[error] [codegen] [t169443] Unresolved conditional branch to 0x82383F88 from 0x823841F0
[error] [codegen] [t169443] Unresolved conditional branch to 0x82383F88 from 0x8238421C
[error] [codegen] [t169443] Unresolved conditional branch to 0x823840A0 from 0x82384158
[warning] [codegen] [t169443] Unresolved b target 0x823840A0 from 0x82384160
[error] [codegen] [t169443] Unresolved function 0x823840A0 from 0x82384160 (no CallTarget in FunctionNode)
[error] [codegen] [t169443] Unresolved conditional branch to 0x82383F88 from 0x823841F0
[error] [codegen] [t169443] Unresolved conditional branch to 0x82383F88 from 0x8238421C
[error] [codegen] [t169443] Unresolved conditional branch to 0x82384134 from 0x82384150
[error] [codegen] [t169443] Unresolved conditional branch to 0x823840A0 from 0x82384158
[warning] [codegen] [t169443] Unresolved b target 0x823840A0 from 0x82384160
[error] [codegen] [t169443] Unresolved function 0x823840A0 from 0x82384160 (no CallTarget in FunctionNode)
[error] [codegen] [t169443] Unresolved conditional branch to 0x82383F88 from 0x823841F0
[error] [codegen] [t169443] Unresolved conditional branch to 0x82383F88 from 0x8238421C
[error] [codegen] [t169443] Unresolved conditional branch to 0x823847B0 from 0x82384878
[error] [codegen] [t169443] Unresolved conditional branch to 0x823847B0 from 0x823848CC
[error] [codegen] [t169443] Unresolved conditional branch to 0x82385090 from 0x823850B4
[warning] [codegen] [t169443] Unresolved b target 0x82385C18 from 0x82385C5C
[error] [codegen] [t169443] Unresolved function 0x82385C18 from 0x82385C5C (no CallTarget in FunctionNode)
[warning] [codegen] [t169443] Unresolved b target 0x82386A1C from 0x82386C4C
[error] [codegen] [t169443] Unresolved function 0x82386A1C from 0x82386C4C (no CallTarget in FunctionNode)
[warning] [codegen] [t169443] Unresolved b target 0x82386A1C from 0x82386C4C
[error] [codegen] [t169443] Unresolved function 0x82386A1C from 0x82386C4C (no CallTarget in FunctionNode)
[warning] [codegen] [t169443] Unresolved b target 0x82386674 from 0x82386FF4
[error] [codegen] [t169443] Unresolved function 0x82386674 from 0x82386FF4 (no CallTarget in FunctionNode)
[warning] [codegen] [t169443] Unresolved b target 0x82386674 from 0x82386FF4
[error] [codegen] [t169443] Unresolved function 0x82386674 from 0x82386FF4 (no CallTarget in FunctionNode)
[warning] [codegen] [t169443] Unresolved b target 0x82386674 from 0x82386FF4
[error] [codegen] [t169443] Unresolved function 0x82386674 from 0x82386FF4 (no CallTarget in FunctionNode)
[warning] [codegen] [t169443] Unresolved b target 0x82386674 from 0x82386FF4
[error] [codegen] [t169443] Unresolved function 0x82386674 from 0x82386FF4 (no CallTarget in FunctionNode)
[warning] [codegen] [t169443] Unresolved b target 0x82386674 from 0x82386FF4
[error] [codegen] [t169443] Unresolved function 0x82386674 from 0x82386FF4 (no CallTarget in FunctionNode)
[warning] [codegen] [t169443] Unresolved b target 0x82386674 from 0x82386FF4
[error] [codegen] [t169443] Unresolved function 0x82386674 from 0x82386FF4 (no CallTarget in FunctionNode)
[warning] [codegen] [t169443] Unresolved b target 0x82386674 from 0x82386FF4
[error] [codegen] [t169443] Unresolved function 0x82386674 from 0x82386FF4 (no CallTarget in FunctionNode)
[warning] [codegen] [t169443] Unresolved b target 0x82386674 from 0x82386FF4
[error] [codegen] [t169443] Unresolved function 0x82386674 from 0x82386FF4 (no CallTarget in FunctionNode)
[warning] [codegen] [t169443] Unresolved b target 0x82386D7C from 0x82386DCC
[error] [codegen] [t169443] Unresolved function 0x82386D7C from 0x82386DCC (no CallTarget in FunctionNode)
[warning] [codegen] [t169443] Unresolved b target 0x82386674 from 0x82386FF4
[error] [codegen] [t169443] Unresolved function 0x82386674 from 0x82386FF4 (no CallTarget in FunctionNode)
[warning] [codegen] [t169443] Unresolved b target 0x82386674 from 0x82386FF4
[error] [codegen] [t169443] Unresolved function 0x82386674 from 0x82386FF4 (no CallTarget in FunctionNode)
[warning] [codegen] [t169443] Unresolved b target 0x82386D7C from 0x82386DCC
[error] [codegen] [t169443] Unresolved function 0x82386D7C from 0x82386DCC (no CallTarget in FunctionNode)
[warning] [codegen] [t169443] Unresolved b target 0x82386674 from 0x82386FF4
[error] [codegen] [t169443] Unresolved function 0x82386674 from 0x82386FF4 (no CallTarget in FunctionNode)
[warning] [codegen] [t169443] Unresolved b target 0x82386674 from 0x82386FF4
[error] [codegen] [t169443] Unresolved function 0x82386674 from 0x82386FF4 (no CallTarget in FunctionNode)
[error] [codegen] [t169443] Unresolved conditional branch to 0x82386F20 from 0x82386F64
[warning] [codegen] [t169443] Unresolved b target 0x82386674 from 0x82386FF4
[error] [codegen] [t169443] Unresolved function 0x82386674 from 0x82386FF4 (no CallTarget in FunctionNode)
[warning] [codegen] [t169443] Unresolved b target 0x82387A90 from 0x82387CC0
[error] [codegen] [t169443] Unresolved function 0x82387A90 from 0x82387CC0 (no CallTarget in FunctionNode)
[warning] [codegen] [t169443] Unresolved b target 0x823876E4 from 0x82388068
[error] [codegen] [t169443] Unresolved function 0x823876E4 from 0x82388068 (no CallTarget in FunctionNode)
[warning] [codegen] [t169443] Unresolved b target 0x823876E4 from 0x82388068
[error] [codegen] [t169443] Unresolved function 0x823876E4 from 0x82388068 (no CallTarget in FunctionNode)
[error] [codegen] [t169443] Unresolved conditional branch to 0x8238756C from 0x8238807C
[warning] [codegen] [t169443] Unresolved b target 0x823876E4 from 0x82388068
[error] [codegen] [t169443] Unresolved function 0x823876E4 from 0x82388068 (no CallTarget in FunctionNode)
[warning] [codegen] [t169443] Unresolved b target 0x823876E4 from 0x82388068
[error] [codegen] [t169443] Unresolved function 0x823876E4 from 0x82388068 (no CallTarget in FunctionNode)
[error] [codegen] [t169443] Unresolved conditional branch to 0x8238756C from 0x8238807C
[warning] [codegen] [t169443] Unresolved b target 0x823876E4 from 0x82388068
[error] [codegen] [t169443] Unresolved function 0x823876E4 from 0x82388068 (no CallTarget in FunctionNode)
[warning] [codegen] [t169443] Unresolved b target 0x823876E4 from 0x82388068
[error] [codegen] [t169443] Unresolved function 0x823876E4 from 0x82388068 (no CallTarget in FunctionNode)
[error] [codegen] [t169443] Unresolved conditional branch to 0x8238756C from 0x8238807C
[warning] [codegen] [t169443] Unresolved b target 0x823886C0 from 0x82388914
[error] [codegen] [t169443] Unresolved function 0x823886C0 from 0x82388914 (no CallTarget in FunctionNode)
[warning] [codegen] [t169443] Unresolved b target 0x82388A3C from 0x82388A88
[error] [codegen] [t169443] Unresolved function 0x82388A3C from 0x82388A88 (no CallTarget in FunctionNode)
[warning] [codegen] [t169443] Unresolved b target 0x82388360 from 0x82388D80
[error] [codegen] [t169443] Unresolved function 0x82388360 from 0x82388D80 (no CallTarget in FunctionNode)
[warning] [codegen] [t169443] Unresolved b target 0x82388360 from 0x82388D80
[error] [codegen] [t169443] Unresolved function 0x82388360 from 0x82388D80 (no CallTarget in FunctionNode)
[warning] [codegen] [t169443] Unresolved b target 0x82388360 from 0x82388D80
[error] [codegen] [t169443] Unresolved function 0x82388360 from 0x82388D80 (no CallTarget in FunctionNode)
[warning] [codegen] [t169443] Unresolved b target 0x82388360 from 0x82388D80
[error] [codegen] [t169443] Unresolved function 0x82388360 from 0x82388D80 (no CallTarget in FunctionNode)
[warning] [codegen] [t169443] Unresolved b target 0x82388360 from 0x82388D80
[error] [codegen] [t169443] Unresolved function 0x82388360 from 0x82388D80 (no CallTarget in FunctionNode)
[warning] [codegen] [t169443] Unresolved b target 0x82388360 from 0x82388D80
[error] [codegen] [t169443] Unresolved function 0x82388360 from 0x82388D80 (no CallTarget in FunctionNode)
[warning] [codegen] [t169443] Unresolved b target 0x82388360 from 0x82388D80
[error] [codegen] [t169443] Unresolved function 0x82388360 from 0x82388D80 (no CallTarget in FunctionNode)
[warning] [codegen] [t169443] Unresolved b target 0x82388360 from 0x82388D80
[error] [codegen] [t169443] Unresolved function 0x82388360 from 0x82388D80 (no CallTarget in FunctionNode)
[error] [codegen] [t169443] Unresolved conditional branch to 0x82389584 from 0x823895D8
[warning] [codegen] [t169443] Unresolved b target 0x8238AC98 from 0x8238AD4C
[error] [codegen] [t169443] Unresolved function 0x8238AC98 from 0x8238AD4C (no CallTarget in FunctionNode)
[error] [codegen] [t169443] Unresolved conditional branch to 0x8238B0F8 from 0x8238B130
[error] [codegen] [t169443] Unresolved conditional branch to 0x8238B3E8 from 0x8238B468
[warning] [codegen] [t169443] Unresolved b target 0x8238B418 from 0x8238B5A8
[error] [codegen] [t169443] Unresolved function 0x8238B418 from 0x8238B5A8 (no CallTarget in FunctionNode)
[warning] [codegen] [t169443] Unresolved b target 0x8238B418 from 0x8238B5B4
[error] [codegen] [t169443] Unresolved function 0x8238B418 from 0x8238B5B4 (no CallTarget in FunctionNode)
[error] [codegen] [t169443] Unresolved conditional branch to 0x8238B3D8 from 0x8238B5D4
[error] [codegen] [t169443] Unresolved conditional branch to 0x8238B3E8 from 0x8238B468
[warning] [codegen] [t169443] Unresolved b target 0x8238B418 from 0x8238B5A8
[error] [codegen] [t169443] Unresolved function 0x8238B418 from 0x8238B5A8 (no CallTarget in FunctionNode)
[warning] [codegen] [t169443] Unresolved b target 0x8238B418 from 0x8238B5B4
[error] [codegen] [t169443] Unresolved function 0x8238B418 from 0x8238B5B4 (no CallTarget in FunctionNode)
[error] [codegen] [t169443] Unresolved conditional branch to 0x8238B3D8 from 0x8238B5D4
[error] [codegen] [t169443] Unresolved conditional branch to 0x8238B4A8 from 0x8238B53C
[warning] [codegen] [t169443] Unresolved b target 0x8238B418 from 0x8238B5A8
[error] [codegen] [t169443] Unresolved function 0x8238B418 from 0x8238B5A8 (no CallTarget in FunctionNode)
[warning] [codegen] [t169443] Unresolved b target 0x8238B418 from 0x8238B5B4
[error] [codegen] [t169443] Unresolved function 0x8238B418 from 0x8238B5B4 (no CallTarget in FunctionNode)
[error] [codegen] [t169443] Unresolved conditional branch to 0x8238B3D8 from 0x8238B5D4
[warning] [codegen] [t169443] Unresolved b target 0x8238B418 from 0x8238B5A8
[error] [codegen] [t169443] Unresolved function 0x8238B418 from 0x8238B5A8 (no CallTarget in FunctionNode)
[warning] [codegen] [t169443] Unresolved b target 0x8238B418 from 0x8238B5B4
[error] [codegen] [t169443] Unresolved function 0x8238B418 from 0x8238B5B4 (no CallTarget in FunctionNode)
[error] [codegen] [t169443] Unresolved conditional branch to 0x8238B3D8 from 0x8238B5D4
[warning] [codegen] [t169443] Unresolved b target 0x8238B418 from 0x8238B5A8
[error] [codegen] [t169443] Unresolved function 0x8238B418 from 0x8238B5A8 (no CallTarget in FunctionNode)
[warning] [codegen] [t169443] Unresolved b target 0x8238B418 from 0x8238B5B4
[error] [codegen] [t169443] Unresolved function 0x8238B418 from 0x8238B5B4 (no CallTarget in FunctionNode)
[error] [codegen] [t169443] Unresolved conditional branch to 0x8238B3D8 from 0x8238B5D4
[error] [codegen] [t169443] Unresolved conditional branch to 0x8238CF08 from 0x8238CF20
[warning] [codegen] [t169443] Unresolved b target 0x8238CE58 from 0x8238CF24
[error] [codegen] [t169443] Unresolved function 0x8238CE58 from 0x8238CF24 (no CallTarget in FunctionNode)
[error] [codegen] [t169443] Unresolved conditional branch to 0x8238CFE0 from 0x8238D358
[error] [codegen] [t169443] Unresolved conditional branch to 0x8238CFE0 from 0x8238D358
[error] [codegen] [t169443] Unresolved conditional branch to 0x8238D078 from 0x8238D0F0
[error] [codegen] [t169443] Unresolved conditional branch to 0x8238CFE0 from 0x8238D358
[error] [codegen] [t169443] Unresolved conditional branch to 0x8238D20C from 0x8238D264
[error] [codegen] [t169443] Unresolved conditional branch to 0x8238CFE0 from 0x8238D358
[error] [codegen] [t169443] Unresolved conditional branch to 0x8238CFE0 from 0x8238D358
[error] [codegen] [t169443] Unresolved conditional branch to 0x8238CFE0 from 0x8238D358
[error] [codegen] [t169443] Unresolved conditional branch to 0x8238E660 from 0x8238E684
[error] [codegen] [t169443] Unresolved conditional branch to 0x8238E7AC from 0x8238E7D4
[error] [codegen] [t169443] Unresolved conditional branch to 0x8238E7AC from 0x8238E7D4
[warning] [codegen] [t169443] Function 0x8238ECE8 has no blocks - generating stub
[warning] [codegen] [t169443] Unresolved b target 0x8238EF0C from 0x8238EF5C
[error] [codegen] [t169443] Unresolved function 0x8238EF0C from 0x8238EF5C (no CallTarget in FunctionNode)
[error] [codegen] [t169443] Unresolved conditional branch to 0x8238EF78 from 0x8238EF9C
[error] [codegen] [t169443] Unresolved conditional branch to 0x8238F0D0 from 0x8238F108
[error] [codegen] [t169443] Unresolved bl target 0x8238F434 from 0x8238F3F4
[warning] [codegen] [t169443] Unresolved b target 0x8238FE58 from 0x82390738
[error] [codegen] [t169443] Unresolved function 0x8238FE58 from 0x82390738 (no CallTarget in FunctionNode)
[warning] [codegen] [t169443] Unresolved b target 0x8238FE58 from 0x82390738
[error] [codegen] [t169443] Unresolved function 0x8238FE58 from 0x82390738 (no CallTarget in FunctionNode)
[warning] [codegen] [t169443] Unresolved b target 0x8238FE58 from 0x82390738
[error] [codegen] [t169443] Unresolved function 0x8238FE58 from 0x82390738 (no CallTarget in FunctionNode)
[error] [codegen] [t169443] Unresolved conditional branch to 0x82390764 from 0x82390784
[error] [codegen] [t169443] Unresolved conditional branch to 0x823907A8 from 0x823907E0
[error] [codegen] [t169443] Unresolved conditional branch to 0x8239080C from 0x82390900
[error] [codegen] [t169443] Unresolved conditional branch to 0x8239080C from 0x82390900
[error] [codegen] [t169443] Unresolved conditional branch to 0x82390920 from 0x8239093C
[warning] [codegen] [t169443] Unresolved b target 0x82392008 from 0x82392054
[error] [codegen] [t169443] Unresolved function 0x82392008 from 0x82392054 (no CallTarget in FunctionNode)
[warning] [codegen] [t169443] Unresolved b target 0x82392570 from 0x823925CC
[error] [codegen] [t169443] Unresolved function 0x82392570 from 0x823925CC (no CallTarget in FunctionNode)
[warning] [codegen] [t169443] Unresolved b target 0x82392574 from 0x82392878
[error] [codegen] [t169443] Unresolved function 0x82392574 from 0x82392878 (no CallTarget in FunctionNode)
[warning] [codegen] [t169443] Unresolved b target 0x82392574 from 0x82392878
[error] [codegen] [t169443] Unresolved function 0x82392574 from 0x82392878 (no CallTarget in FunctionNode)
[error] [codegen] [t169443] Unresolved conditional branch to 0x823925FC from 0x82392660
[warning] [codegen] [t169443] Unresolved b target 0x82392574 from 0x82392878
[error] [codegen] [t169443] Unresolved function 0x82392574 from 0x82392878 (no CallTarget in FunctionNode)
[warning] [codegen] [t169443] Unresolved b target 0x82392574 from 0x82392878
[error] [codegen] [t169443] Unresolved function 0x82392574 from 0x82392878 (no CallTarget in FunctionNode)
[warning] [codegen] [t169443] Unresolved b target 0x82392574 from 0x82392878
[error] [codegen] [t169443] Unresolved function 0x82392574 from 0x82392878 (no CallTarget in FunctionNode)
[warning] [codegen] [t169443] Unresolved b target 0x82392574 from 0x82392878
[error] [codegen] [t169443] Unresolved function 0x82392574 from 0x82392878 (no CallTarget in FunctionNode)
[error] [codegen] [t169443] Unresolved conditional branch to 0x823926E0 from 0x823927C0
[error] [codegen] [t169443] Unresolved conditional branch to 0x823926E0 from 0x823927C0
[warning] [codegen] [t169443] Unresolved b target 0x82392574 from 0x82392878
[error] [codegen] [t169443] Unresolved function 0x82392574 from 0x82392878 (no CallTarget in FunctionNode)
[warning] [codegen] [t169443] Unresolved b target 0x82392574 from 0x82392878
[error] [codegen] [t169443] Unresolved function 0x82392574 from 0x82392878 (no CallTarget in FunctionNode)
[error] [codegen] [t169443] Unresolved conditional branch to 0x823926E0 from 0x823927C0
[error] [codegen] [t169443] Unresolved conditional branch to 0x823926E0 from 0x823927C0
[warning] [codegen] [t169443] Unresolved b target 0x82392574 from 0x82392878
[error] [codegen] [t169443] Unresolved function 0x82392574 from 0x82392878 (no CallTarget in FunctionNode)
[warning] [codegen] [t169443] Unresolved b target 0x82392574 from 0x82392878
[error] [codegen] [t169443] Unresolved function 0x82392574 from 0x82392878 (no CallTarget in FunctionNode)
[warning] [codegen] [t169443] Unresolved b target 0x82392574 from 0x82392878
[error] [codegen] [t169443] Unresolved function 0x82392574 from 0x82392878 (no CallTarget in FunctionNode)
[warning] [codegen] [t169443] Unresolved b target 0x82392574 from 0x82392878
[error] [codegen] [t169443] Unresolved function 0x82392574 from 0x82392878 (no CallTarget in FunctionNode)
[error] [codegen] [t169443] Unresolved conditional branch to 0x82392E44 from 0x82392E78
[error] [codegen] [t169443] Unresolved conditional branch to 0x82392E44 from 0x82392E78
[error] [codegen] [t169443] Unresolved conditional branch to 0x82392FF0 from 0x8239300C
[error] [codegen] [t169443] Unresolved conditional branch to 0x82393C3C from 0x82393C64
[warning] [codegen] [t169443] Unresolved b target 0x82395140 from 0x82395360
[error] [codegen] [t169443] Unresolved function 0x82395140 from 0x82395360 (no CallTarget in FunctionNode)
[error] [codegen] [t169443] Unresolved conditional branch to 0x82396DB0 from 0x82396DE4
[error] [codegen] [t169443] Unresolved conditional branch to 0x82396E10 from 0x82396FD0
[error] [codegen] [t169443] Unresolved conditional branch to 0x82396E10 from 0x82396FD0
[error] [codegen] [t169443] Unresolved conditional branch to 0x82396E10 from 0x82396FD0
[error] [codegen] [t169443] Unresolved conditional branch to 0x82396F38 from 0x82396FA0
[error] [codegen] [t169443] Unresolved conditional branch to 0x82396E10 from 0x82396FD0
[warning] [codegen] [t169443] Unresolved b target 0x82396FD8 from 0x8239700C
[error] [codegen] [t169443] Unresolved function 0x82396FD8 from 0x8239700C (no CallTarget in FunctionNode)
[error] [codegen] [t169443] Unresolved conditional branch to 0x82397070 from 0x82397128
[error] [codegen] [t169443] Unresolved conditional branch to 0x82397180 from 0x82397210
[error] [codegen] [t169443] Unresolved conditional branch to 0x82397180 from 0x82397210
[error] [codegen] [t169443] Unresolved conditional branch to 0x823976FC from 0x82397798
[warning] [codegen] [t169443] Unresolved b target 0x82397754 from 0x8239779C
[error] [codegen] [t169443] Unresolved function 0x82397754 from 0x8239779C (no CallTarget in FunctionNode)
[error] [codegen] [t169443] Unresolved conditional branch to 0x823984C8 from 0x82398570
[error] [codegen] [t169443] Unresolved conditional branch to 0x823984C8 from 0x82398600
[error] [codegen] [t169443] Unresolved conditional branch to 0x823984C8 from 0x82398698
[warning] [codegen] [t169443] Unresolved b target 0x823984C8 from 0x823986AC
[error] [codegen] [t169443] Unresolved function 0x823984C8 from 0x823986AC (no CallTarget in FunctionNode)
[error] [codegen] [t169443] Unresolved conditional branch to 0x823984C8 from 0x82398708
[error] [codegen] [t169443] Unresolved conditional branch to 0x823984A4 from 0x823987C4
[error] [codegen] [t169443] Unresolved conditional branch to 0x823984A4 from 0x823987D0
[error] [codegen] [t169443] Unresolved conditional branch to 0x823984A4 from 0x823987DC
[error] [codegen] [t169443] Unresolved conditional branch to 0x823984A4 from 0x823987DC
[warning] [codegen] [t169443] Unresolved b target 0x823985C4 from 0x82398804
[error] [codegen] [t169443] Unresolved function 0x823985C4 from 0x82398804 (no CallTarget in FunctionNode)
[warning] [codegen] [t169443] Unresolved b target 0x823985C4 from 0x8239883C
[error] [codegen] [t169443] Unresolved function 0x823985C4 from 0x8239883C (no CallTarget in FunctionNode)
[error] [codegen] [t169443] Unresolved conditional branch to 0x823985C4 from 0x82398878
[error] [codegen] [t169443] Unresolved conditional branch to 0x823985C4 from 0x823988B4
[error] [codegen] [t169443] Unresolved conditional branch to 0x823985C4 from 0x8239890C
[warning] [codegen] [t169443] Unresolved b target 0x823985D4 from 0x82398964
[error] [codegen] [t169443] Unresolved function 0x823985D4 from 0x82398964 (no CallTarget in FunctionNode)
[warning] [codegen] [t169443] Unresolved b target 0x823994CC from 0x82399524
[error] [codegen] [t169443] Unresolved function 0x823994CC from 0x82399524 (no CallTarget in FunctionNode)
[warning] [codegen] [t169443] Unresolved b target 0x823994CC from 0x823995B0
[error] [codegen] [t169443] Unresolved function 0x823994CC from 0x823995B0 (no CallTarget in FunctionNode)
[warning] [codegen] [t169443] Unresolved b target 0x823994CC from 0x82399790
[error] [codegen] [t169443] Unresolved function 0x823994CC from 0x82399790 (no CallTarget in FunctionNode)
[warning] [codegen] [t169443] Unresolved b target 0x823994CC from 0x82399790
[error] [codegen] [t169443] Unresolved function 0x823994CC from 0x82399790 (no CallTarget in FunctionNode)
[error] [codegen] [t169443] Unresolved conditional branch to 0x82399634 from 0x82399684
[warning] [codegen] [t169443] Unresolved b target 0x823994CC from 0x82399790
[error] [codegen] [t169443] Unresolved function 0x823994CC from 0x82399790 (no CallTarget in FunctionNode)
[error] [codegen] [t169443] Unresolved conditional branch to 0x82399730 from 0x8239977C
[warning] [codegen] [t169443] Unresolved b target 0x823994CC from 0x82399790
[error] [codegen] [t169443] Unresolved function 0x823994CC from 0x82399790 (no CallTarget in FunctionNode)
[error] [codegen] [t169443] Unresolved conditional branch to 0x82399A70 from 0x82399AE8
[error] [codegen] [t169443] Unresolved conditional branch to 0x8239AEE8 from 0x8239AF18
[error] [codegen] [t169443] Unresolved conditional branch to 0x8239AEDC from 0x8239AF28
[error] [codegen] [t169443] Unresolved conditional branch to 0x8239AED0 from 0x8239AF34
[error] [codegen] [t169443] Unresolved conditional branch to 0x8239B174 from 0x8239B1B8
[error] [codegen] [t169443] Unresolved conditional branch to 0x8239B160 from 0x8239B1C4
[error] [codegen] [t169443] Unresolved conditional branch to 0x8239B200 from 0x8239B264
[error] [codegen] [t169443] Unresolved conditional branch to 0x8239B3E0 from 0x8239B44C
[error] [codegen] [t169443] Unresolved conditional branch to 0x8239B530 from 0x8239B594
[error] [codegen] [t169443] Unresolved conditional branch to 0x8239B7BC from 0x8239B7D4
[error] [codegen] [t169443] Unresolved conditional branch to 0x8239B79C from 0x8239B808
[error] [codegen] [t169443] Unresolved conditional branch to 0x8239B9A8 from 0x8239B9D8
[error] [codegen] [t169443] Unresolved conditional branch to 0x8239B99C from 0x8239B9E8
[error] [codegen] [t169443] Unresolved conditional branch to 0x8239B990 from 0x8239B9F4
[error] [codegen] [t169443] Unresolved conditional branch to 0x8239BBAC from 0x8239BBC0
[error] [codegen] [t169443] Unresolved conditional branch to 0x8239BB5C from 0x8239BBC8
[error] [codegen] [t169443] Unresolved conditional branch to 0x8239BCC8 from 0x8239BD0C
[error] [codegen] [t169443] Unresolved conditional branch to 0x8239BCB4 from 0x8239BD18
[error] [codegen] [t169443] Unresolved conditional branch to 0x8239BD4C from 0x8239BDC0
[error] [codegen] [t169443] Unresolved conditional branch to 0x8239BEBC from 0x8239BEEC
[error] [codegen] [t169443] Unresolved conditional branch to 0x8239BEB0 from 0x8239BEF8
[error] [codegen] [t169443] Unresolved conditional branch to 0x8239C18C from 0x8239C1F0
[error] [codegen] [t169443] Unresolved conditional branch to 0x8239C23C from 0x8239C2C8
[error] [codegen] [t169443] Unresolved conditional branch to 0x8239C3B4 from 0x8239C410
[error] [codegen] [t169443] Unresolved conditional branch to 0x8239C3A4 from 0x8239C41C
[error] [codegen] [t169443] Unresolved conditional branch to 0x8239C5EC from 0x8239C658
[error] [codegen] [t169443] Unresolved conditional branch to 0x8239C81C from 0x8239C894
[error] [codegen] [t169443] Unresolved conditional branch to 0x8239C81C from 0x8239C894
[error] [codegen] [t169443] Unresolved conditional branch to 0x8239C81C from 0x8239C894
[error] [codegen] [t169443] Unresolved conditional branch to 0x8239C8DC from 0x8239C938
[error] [codegen] [t169443] Unresolved conditional branch to 0x8239C8C4 from 0x8239C944
[error] [codegen] [t169443] Unresolved conditional branch to 0x8239CB5C from 0x8239CB74
[error] [codegen] [t169443] Unresolved conditional branch to 0x8239CB3C from 0x8239CBA8
[error] [codegen] [t169443] Unresolved conditional branch to 0x8239CD90 from 0x8239CDEC
[error] [codegen] [t169443] Unresolved conditional branch to 0x8239CD80 from 0x8239CDF8
[error] [codegen] [t169443] Unresolved conditional branch to 0x8239CD90 from 0x8239CDEC
[error] [codegen] [t169443] Unresolved conditional branch to 0x8239CD80 from 0x8239CDF8
[error] [codegen] [t169443] Unresolved conditional branch to 0x8239CE44 from 0x8239CED0
[error] [codegen] [t169443] Unresolved conditional branch to 0x8239CFA0 from 0x8239CFE0
[error] [codegen] [t169443] Unresolved conditional branch to 0x8239CF94 from 0x8239CFEC
[error] [codegen] [t169443] Unresolved conditional branch to 0x8239D31C from 0x8239D360
[error] [codegen] [t169443] Unresolved conditional branch to 0x8239D308 from 0x8239D36C
[error] [codegen] [t169443] Unresolved conditional branch to 0x8239D44C from 0x8239D4C4
[error] [codegen] [t169443] Unresolved conditional branch to 0x8239D44C from 0x8239D4C4
[error] [codegen] [t169443] Unresolved conditional branch to 0x8239D44C from 0x8239D4C4
[error] [codegen] [t169443] Unresolved conditional branch to 0x8239D4F4 from 0x8239D550
[error] [codegen] [t169443] Unresolved conditional branch to 0x8239E1DC from 0x8239E328
[error] [codegen] [t169443] Unresolved conditional branch to 0x8239E270 from 0x8239E3B8
[error] [codegen] [t169443] Unresolved conditional branch to 0x8239E270 from 0x8239E3B8
[error] [codegen] [t169443] Unresolved conditional branch to 0x8239E3EC from 0x8239E598
[error] [codegen] [t169443] Unresolved conditional branch to 0x8239E3EC from 0x8239E598
[warning] [codegen] [t169443] Unresolved b target 0x8239EA5C from 0x8239EAE0
[error] [codegen] [t169443] Unresolved function 0x8239EA5C from 0x8239EAE0 (no CallTarget in FunctionNode)
[warning] [codegen] [t169443] Unresolved b target 0x8239E9E0 from 0x8239EB08
[error] [codegen] [t169443] Unresolved function 0x8239E9E0 from 0x8239EB08 (no CallTarget in FunctionNode)
[error] [codegen] [t169443] Unresolved conditional branch to 0x8239EB98 from 0x8239EC58
[warning] [codegen] [t169443] Unresolved b target 0x8239EC2C from 0x8239EC64
[error] [codegen] [t169443] Unresolved function 0x8239EC2C from 0x8239EC64 (no CallTarget in FunctionNode)
[error] [codegen] [t169443] Unresolved conditional branch to 0x8239ECCC from 0x8239EDA0
[error] [codegen] [t169443] Unresolved conditional branch to 0x8239ECCC from 0x8239EE2C
[warning] [codegen] [t169443] Unresolved b target 0x8239ECCC from 0x8239EEBC
[error] [codegen] [t169443] Unresolved function 0x8239ECCC from 0x8239EEBC (no CallTarget in FunctionNode)
[error] [codegen] [t169443] Unresolved conditional branch to 0x8239ECCC from 0x8239EE2C
[warning] [codegen] [t169443] Unresolved b target 0x8239ECCC from 0x8239EEBC
[error] [codegen] [t169443] Unresolved function 0x8239ECCC from 0x8239EEBC (no CallTarget in FunctionNode)
[error] [codegen] [t169443] Unresolved conditional branch to 0x8239EE38 from 0x8239EEB8
[warning] [codegen] [t169443] Unresolved b target 0x8239ECCC from 0x8239EEBC
[error] [codegen] [t169443] Unresolved function 0x8239ECCC from 0x8239EEBC (no CallTarget in FunctionNode)
[warning] [codegen] [t169443] Unresolved b target 0x8239EF04 from 0x8239EF20
[error] [codegen] [t169443] Unresolved function 0x8239EF04 from 0x8239EF20 (no CallTarget in FunctionNode)
[error] [codegen] [t169443] Unresolved conditional branch to 0x8239F20C from 0x8239F3EC
[error] [codegen] [t169443] Unresolved conditional branch to 0x8239F20C from 0x8239F3EC
[error] [codegen] [t169443] Unresolved conditional branch to 0x8239F20C from 0x8239F3EC
[error] [codegen] [t169443] Unresolved conditional branch to 0x8239F428 from 0x8239F4E4
[error] [codegen] [t169443] Unresolved conditional branch to 0x8239F428 from 0x8239F528
[error] [codegen] [t169443] Unresolved conditional branch to 0x8239F428 from 0x8239F528
[error] [codegen] [t169443] Unresolved conditional branch to 0x8239F5EC from 0x8239F8F8
[error] [codegen] [t169443] Unresolved conditional branch to 0x8239F5EC from 0x8239F948
[error] [codegen] [t169443] Unresolved conditional branch to 0x8239F5EC from 0x8239F8F8
[error] [codegen] [t169443] Unresolved conditional branch to 0x8239F5EC from 0x8239F948
[error] [codegen] [t169443] Unresolved conditional branch to 0x8239F7B4 from 0x8239F828
[error] [codegen] [t169443] Unresolved conditional branch to 0x8239F5EC from 0x8239F8F8
[error] [codegen] [t169443] Unresolved conditional branch to 0x8239F5EC from 0x8239F948
[error] [codegen] [t169443] Unresolved conditional branch to 0x8239F5EC from 0x8239F8F8
[error] [codegen] [t169443] Unresolved conditional branch to 0x8239F5EC from 0x8239F948
[error] [codegen] [t169443] Unresolved conditional branch to 0x8239F5EC from 0x8239F8F8
[error] [codegen] [t169443] Unresolved conditional branch to 0x8239F5EC from 0x8239F948
[error] [codegen] [t169443] Unresolved conditional branch to 0x8239FA10 from 0x8239FCCC
[error] [codegen] [t169443] Unresolved conditional branch to 0x8239FA10 from 0x8239FDEC
[error] [codegen] [t169443] Unresolved conditional branch to 0x8239FA10 from 0x8239FDEC
[warning] [codegen] [t169443] Unresolved b target 0x8239FA10 from 0x8239FE1C
[error] [codegen] [t169443] Unresolved function 0x8239FA10 from 0x8239FE1C (no CallTarget in FunctionNode)
[error] [codegen] [t169443] Unresolved conditional branch to 0x8239FA10 from 0x8239FCCC
[error] [codegen] [t169443] Unresolved conditional branch to 0x8239FA10 from 0x8239FDEC
[error] [codegen] [t169443] Unresolved conditional branch to 0x8239FA10 from 0x8239FDEC
[warning] [codegen] [t169443] Unresolved b target 0x8239FA10 from 0x8239FE1C
[error] [codegen] [t169443] Unresolved function 0x8239FA10 from 0x8239FE1C (no CallTarget in FunctionNode)
[error] [codegen] [t169443] Unresolved conditional branch to 0x8239FA10 from 0x8239FCCC
[error] [codegen] [t169443] Unresolved conditional branch to 0x8239FA10 from 0x8239FDEC
[error] [codegen] [t169443] Unresolved conditional branch to 0x8239FA10 from 0x8239FDEC
[error] [codegen] [t169443] Unresolved conditional branch to 0x823A0098 from 0x823A0144
[error] [codegen] [t169443] Unresolved conditional branch to 0x823A02BC from 0x823A031C
[error] [codegen] [t169443] Unresolved conditional branch to 0x823A0514 from 0x823A0A08
[error] [codegen] [t169443] Unresolved conditional branch to 0x823A0514 from 0x823A0A08
[warning] [codegen] [t169443] Unresolved b target 0x823A0794 from 0x823A08B0
[error] [codegen] [t169443] Unresolved function 0x823A0794 from 0x823A08B0 (no CallTarget in FunctionNode)
[warning] [codegen] [t169443] Unresolved b target 0x823A07AC from 0x823A08B8
[error] [codegen] [t169443] Unresolved function 0x823A07AC from 0x823A08B8 (no CallTarget in FunctionNode)
[warning] [codegen] [t169443] Unresolved b target 0x823A0794 from 0x823A09A8
[error] [codegen] [t169443] Unresolved function 0x823A0794 from 0x823A09A8 (no CallTarget in FunctionNode)
[error] [codegen] [t169443] Unresolved conditional branch to 0x823A0514 from 0x823A0A08
[warning] [codegen] [t169443] Unresolved b target 0x823A0794 from 0x823A08B0
[error] [codegen] [t169443] Unresolved function 0x823A0794 from 0x823A08B0 (no CallTarget in FunctionNode)
[error] [codegen] [t169443] Unresolved conditional branch to 0x823A0CE4 from 0x823A105C
[error] [codegen] [t169443] Unresolved conditional branch to 0x823A0CE4 from 0x823A105C
[error] [codegen] [t169443] Unresolved conditional branch to 0x823A1144 from 0x823A1188
[error] [codegen] [t169443] Unresolved conditional branch to 0x823A1FF8 from 0x823A2088
[error] [codegen] [t169443] Unresolved conditional branch to 0x823A1FD4 from 0x823A209C
[error] [codegen] [t169443] Unresolved conditional branch to 0x823A20F0 from 0x823A216C
[error] [codegen] [t169443] Unresolved conditional branch to 0x823A20CC from 0x823A2180
[error] [codegen] [t169443] Unresolved conditional branch to 0x823A6E30 from 0x823A70B8
[error] [codegen] [t169443] Unresolved conditional branch to 0x823A78C0 from 0x823A79C4
[error] [codegen] [t169443] Unresolved conditional branch to 0x823A9330 from 0x823A9380
[error] [codegen] [t169443] Unresolved conditional branch to 0x823ACCE8 from 0x823ACCFC
[error] [codegen] [t169443] Unresolved conditional branch to 0x823AD810 from 0x823AD864
[error] [codegen] [t169443] Unresolved conditional branch to 0x823ADB9C from 0x823ADBF4
[error] [codegen] [t169443] Unresolved conditional branch to 0x823ADB9C from 0x823ADBF4
[error] [codegen] [t169443] Unresolved conditional branch to 0x823AE06C from 0x823AE1A8
[error] [codegen] [t169443] Unresolved conditional branch to 0x823AE06C from 0x823AE1A8
[error] [codegen] [t169443] Unresolved conditional branch to 0x823AE06C from 0x823AE1A8
[error] [codegen] [t169443] Unresolved conditional branch to 0x823AE06C from 0x823AE1A8
[error] [codegen] [t169443] Unresolved conditional branch to 0x823AE1F8 from 0x823AE2C0
[error] [codegen] [t169443] Unresolved conditional branch to 0x823AF60C from 0x823AF688
[error] [codegen] [t169443] Unresolved conditional branch to 0x823AFD60 from 0x823AFE54
[error] [codegen] [t169443] Unresolved conditional branch to 0x823AFE9C from 0x823AFEE8
[error] [codegen] [t169443] Unresolved conditional branch to 0x823B0234 from 0x823B0274
[error] [codegen] [t169443] Unresolved conditional branch to 0x823B0560 from 0x823B0674
[error] [codegen] [t169443] Unresolved conditional branch to 0x823B0688 from 0x823B0798
[error] [codegen] [t169443] Unresolved conditional branch to 0x823B0688 from 0x823B0798
[error] [codegen] [t169443] Unresolved conditional branch to 0x823B0688 from 0x823B0798
[error] [codegen] [t169443] Unresolved conditional branch to 0x823B0688 from 0x823B0798
[error] [codegen] [t169443] Unresolved conditional branch to 0x823B0804 from 0x823B085C
[error] [codegen] [t169443] Unresolved conditional branch to 0x823B08BC from 0x823B09CC
[error] [codegen] [t169443] Unresolved conditional branch to 0x823B0A24 from 0x823B0B34
[error] [codegen] [t169443] Unresolved conditional branch to 0x823B0B8C from 0x823B0CA0
[error] [codegen] [t169443] Unresolved conditional branch to 0x823B0E08 from 0x823B0EFC
[error] [codegen] [t169443] Unresolved conditional branch to 0x823B0E08 from 0x823B0EFC
[error] [codegen] [t169443] Unresolved conditional branch to 0x823B0E08 from 0x823B0EFC
[error] [codegen] [t169443] Unresolved conditional branch to 0x823B0E08 from 0x823B0EFC
[error] [codegen] [t169443] Unresolved conditional branch to 0x823B0F44 from 0x823B0F90
[error] [codegen] [t169443] Unresolved conditional branch to 0x823B1748 from 0x823B19D8
[error] [codegen] [t169443] Unresolved conditional branch to 0x823B1D30 from 0x823B27A8
[error] [codegen] [t169443] Unresolved conditional branch to 0x823B1D30 from 0x823B27A8
[error] [codegen] [t169443] Unresolved conditional branch to 0x823B1D30 from 0x823B27A8
[error] [codegen] [t169443] Unresolved conditional branch to 0x823B1D30 from 0x823B27A8
[error] [codegen] [t169443] Unresolved conditional branch to 0x823B1D30 from 0x823B27A8
[error] [codegen] [t169443] Unresolved conditional branch to 0x823B1D30 from 0x823B27A8
[error] [codegen] [t169443] Unresolved conditional branch to 0x823B1D30 from 0x823B27A8
[error] [codegen] [t169443] Unresolved conditional branch to 0x823B1D30 from 0x823B27A8
[error] [codegen] [t169443] Unresolved conditional branch to 0x823B1D30 from 0x823B27A8
[error] [codegen] [t169443] Unresolved conditional branch to 0x823B1D30 from 0x823B27A8
[error] [codegen] [t169443] Unresolved conditional branch to 0x823B1D30 from 0x823B27A8
[error] [codegen] [t169443] Unresolved conditional branch to 0x823B1D30 from 0x823B27A8
[error] [codegen] [t169443] Unresolved conditional branch to 0x823B1D30 from 0x823B27A8
[error] [codegen] [t169443] Unresolved conditional branch to 0x823B1D30 from 0x823B27A8
[error] [codegen] [t169443] Unresolved conditional branch to 0x823B1D30 from 0x823B27A8
[error] [codegen] [t169443] Unresolved conditional branch to 0x823B1D30 from 0x823B27A8
[error] [codegen] [t169443] Unresolved conditional branch to 0x823B1D30 from 0x823B27A8
[error] [codegen] [t169443] Unresolved conditional branch to 0x823B2894 from 0x823B2934
[error] [codegen] [t169443] Unresolved conditional branch to 0x823B339C from 0x823B3450
[error] [codegen] [t169443] Unresolved conditional branch to 0x823B3B98 from 0x823B3BCC
[error] [codegen] [t169443] Unresolved conditional branch to 0x823B4600 from 0x823B4648
[error] [codegen] [t169443] Unresolved conditional branch to 0x823B4664 from 0x823B47CC
[error] [codegen] [t169443] Unresolved conditional branch to 0x823B4664 from 0x823B47CC
[error] [codegen] [t169443] Unresolved conditional branch to 0x823B4664 from 0x823B47CC
[error] [codegen] [t169443] Unresolved conditional branch to 0x823B4664 from 0x823B47CC
[error] [codegen] [t169443] Unresolved conditional branch to 0x823B4860 from 0x823B48B0
[error] [codegen] [t169443] Unresolved conditional branch to 0x823B4860 from 0x823B48B0
[error] [codegen] [t169443] Unresolved conditional branch to 0x823B4AF8 from 0x823B4BD4
[error] [codegen] [t169443] Unresolved conditional branch to 0x823B4AF8 from 0x823B4BD4
[error] [codegen] [t169443] Unresolved conditional branch to 0x823B57A8 from 0x823B57C0
[error] [codegen] [t169443] Unresolved conditional branch to 0x823B5860 from 0x823B5900
[error] [codegen] [t169443] Unresolved conditional branch to 0x823B5A00 from 0x823B5A38
[error] [codegen] [t169443] Unresolved conditional branch to 0x823B5C70 from 0x823B5CA0
[error] [codegen] [t169443] Unresolved conditional branch to 0x823B5C48 from 0x823B5CE0
[error] [codegen] [t169443] Unresolved conditional branch to 0x823B84C4 from 0x823B850C
[error] [codegen] [t169443] Unresolved conditional branch to 0x823B8530 from 0x823B855C
[error] [codegen] [t169443] Unresolved conditional branch to 0x823B85A4 from 0x823B85D0
[error] [codegen] [t169443] Unresolved conditional branch to 0x823B8604 from 0x823B8624
[error] [codegen] [t169443] Unresolved conditional branch to 0x823B8BE4 from 0x823B8C58
[error] [codegen] [t169443] Unresolved conditional branch to 0x823B8D30 from 0x823B8DA4
[error] [codegen] [t169443] Unresolved conditional branch to 0x823B8E6C from 0x823B8FBC
[error] [codegen] [t169443] Unresolved conditional branch to 0x823B94B4 from 0x823B94F0
[error] [codegen] [t169443] Unresolved conditional branch to 0x823B9558 from 0x823B9D48
[error] [codegen] [t169443] Unresolved conditional branch to 0x823B9558 from 0x823B9D48
[error] [codegen] [t169443] Unresolved conditional branch to 0x823B9558 from 0x823B9D48
[error] [codegen] [t169443] Unresolved conditional branch to 0x823B9558 from 0x823B9D48
[error] [codegen] [t169443] Unresolved conditional branch to 0x823B9558 from 0x823B9D48
[error] [codegen] [t169443] Unresolved conditional branch to 0x823B9558 from 0x823B9D48
[error] [codegen] [t169443] Unresolved conditional branch to 0x823B9558 from 0x823B9D48
[error] [codegen] [t169443] Unresolved conditional branch to 0x823B9558 from 0x823B9D48
[error] [codegen] [t169443] Unresolved conditional branch to 0x823B9558 from 0x823B9D48
[error] [codegen] [t169443] Unresolved conditional branch to 0x823B9558 from 0x823B9D48
[error] [codegen] [t169443] Unresolved conditional branch to 0x823B9558 from 0x823B9D48
[error] [codegen] [t169443] Unresolved conditional branch to 0x823B9558 from 0x823B9D48
[error] [codegen] [t169443] Unresolved conditional branch to 0x823B9558 from 0x823B9D48
[error] [codegen] [t169443] Unresolved conditional branch to 0x823B9558 from 0x823B9D48
[error] [codegen] [t169443] Unresolved conditional branch to 0x823B9558 from 0x823B9D48
[error] [codegen] [t169443] Unresolved conditional branch to 0x823B9558 from 0x823B9D48
[error] [codegen] [t169443] Unresolved conditional branch to 0x823B9558 from 0x823B9D48
[error] [codegen] [t169443] Unresolved conditional branch to 0x823B9558 from 0x823B9D48
[error] [codegen] [t169443] Unresolved conditional branch to 0x823B96C8 from 0x823B98DC
[error] [codegen] [t169443] Unresolved conditional branch to 0x823B9558 from 0x823B9D48
[error] [codegen] [t169443] Unresolved conditional branch to 0x823B9558 from 0x823B9D48
[error] [codegen] [t169443] Unresolved conditional branch to 0x823B9558 from 0x823B9D48
[error] [codegen] [t169443] Unresolved conditional branch to 0x823B9558 from 0x823B9D48
[error] [codegen] [t169443] Unresolved conditional branch to 0x823B9558 from 0x823B9D48
[error] [codegen] [t169443] Unresolved conditional branch to 0x823B9558 from 0x823B9D48
[error] [codegen] [t169443] Unresolved conditional branch to 0x823B96C8 from 0x823B98DC
[error] [codegen] [t169443] Unresolved conditional branch to 0x823B9558 from 0x823B9D48
[error] [codegen] [t169443] Unresolved conditional branch to 0x823B9558 from 0x823B9D48
[error] [codegen] [t169443] Unresolved conditional branch to 0x823B9558 from 0x823B9D48
[error] [codegen] [t169443] Unresolved conditional branch to 0x823B9558 from 0x823B9D48
[error] [codegen] [t169443] Unresolved conditional branch to 0x823B9558 from 0x823B9D48
[error] [codegen] [t169443] Unresolved conditional branch to 0x823B9558 from 0x823B9D48
[error] [codegen] [t169443] Unresolved conditional branch to 0x823B9A08 from 0x823B9C48
[error] [codegen] [t169443] Unresolved conditional branch to 0x823B99C4 from 0x823B9C64
[error] [codegen] [t169443] Unresolved conditional branch to 0x823B9558 from 0x823B9D48
[error] [codegen] [t169443] Unresolved conditional branch to 0x823B9F20 from 0x823B9F98
[error] [codegen] [t169443] Unresolved conditional branch to 0x823BA994 from 0x823BA9D8
[error] [codegen] [t169443] Unresolved conditional branch to 0x823BA714 from 0x823BAB24
[error] [codegen] [t169443] Unresolved conditional branch to 0x823BA714 from 0x823BAB30
[error] [codegen] [t169443] Unresolved conditional branch to 0x823BA714 from 0x823BAB40
[warning] [codegen] [t169443] Unresolved b target 0x823BA714 from 0x823BAB64
[error] [codegen] [t169443] Unresolved function 0x823BA714 from 0x823BAB64 (no CallTarget in FunctionNode)
[error] [codegen] [t169443] Unresolved conditional branch to 0x823BA714 from 0x823BAB24
[error] [codegen] [t169443] Unresolved conditional branch to 0x823BA714 from 0x823BAB30
[error] [codegen] [t169443] Unresolved conditional branch to 0x823BA714 from 0x823BAB40
[warning] [codegen] [t169443] Unresolved b target 0x823BA714 from 0x823BAB64
[error] [codegen] [t169443] Unresolved function 0x823BA714 from 0x823BAB64 (no CallTarget in FunctionNode)
[warning] [codegen] [t169443] Unresolved b target 0x823BA5AC from 0x823BAC2C
[error] [codegen] [t169443] Unresolved function 0x823BA5AC from 0x823BAC2C (no CallTarget in FunctionNode)
[error] [codegen] [t169443] Unresolved conditional branch to 0x823BAD60 from 0x823BAED0
[error] [codegen] [t169443] Unresolved conditional branch to 0x823BA5AC from 0x823BAF48
[error] [codegen] [t169443] Unresolved conditional branch to 0x823BBD6C from 0x823BBD8C
[error] [codegen] [t169443] Unresolved conditional branch to 0x823BF67C from 0x823BF6C0
[error] [codegen] [t169443] Unresolved conditional branch to 0x823C0BD4 from 0x823C0CA4
[error] [codegen] [t169443] Unresolved conditional branch to 0x823C1544 from 0x823C15C8
[error] [codegen] [t169443] Unresolved conditional branch to 0x823C1540 from 0x823C17F4
[error] [codegen] [t169443] Unresolved conditional branch to 0x823C1FCC from 0x823C2024
[error] [codegen] [t169443] Unresolved conditional branch to 0x823C1FC8 from 0x823C20B0
[error] [codegen] [t169443] Unresolved conditional branch to 0x823C2298 from 0x823C23D8
[error] [codegen] [t169443] Unresolved conditional branch to 0x823C3310 from 0x823C3850
[error] [codegen] [t169443] Unresolved conditional branch to 0x823C3310 from 0x823C3850
[error] [codegen] [t169443] Unresolved conditional branch to 0x823C3310 from 0x823C3850
[error] [codegen] [t169443] Unresolved conditional branch to 0x823C3A18 from 0x823C3AE8
[error] [codegen] [t169443] Unresolved conditional branch to 0x823C3FE4 from 0x823C41A8
[error] [codegen] [t169443] Unresolved conditional branch to 0x823C4F20 from 0x823C4FE0
[error] [codegen] [t169443] Unresolved conditional branch to 0x823C5720 from 0x823C58AC
[error] [codegen] [t169443] Unresolved conditional branch to 0x823C659C from 0x823C6674
[error] [codegen] [t169443] Unresolved conditional branch to 0x823C6BD0 from 0x823C6DBC
[error] [codegen] [t169443] Unresolved conditional branch to 0x823C7CC8 from 0x823C7E40
[error] [codegen] [t169443] Unresolved conditional branch to 0x823C80F4 from 0x823C8248
[error] [codegen] [t169443] Unresolved conditional branch to 0x823C80F4 from 0x823C8248
[error] [codegen] [t169443] Unresolved conditional branch to 0x823C826C from 0x823C8478
[error] [codegen] [t169443] Unresolved conditional branch to 0x823C826C from 0x823C8478
[error] [codegen] [t169443] Unresolved conditional branch to 0x823C826C from 0x823C8478
[error] [codegen] [t169443] Unresolved conditional branch to 0x823C879C from 0x823C87DC
[error] [codegen] [t169443] Unresolved conditional branch to 0x823C875C from 0x823C87F8
[error] [codegen] [t169443] Unresolved conditional branch to 0x823C8870 from 0x823C88B8
[error] [codegen] [t169443] Unresolved conditional branch to 0x823C8818 from 0x823C8904
[error] [codegen] [t169443] Unresolved conditional branch to 0x823C8E84 from 0x823C8F24
[error] [codegen] [t169443] Unresolved conditional branch to 0x823C93A8 from 0x823C9514
[error] [codegen] [t169443] Unresolved conditional branch to 0x823C993C from 0x823C9B58
[error] [codegen] [t169443] Unresolved conditional branch to 0x823CAD60 from 0x823CADBC
[error] [codegen] [t169443] Unresolved conditional branch to 0x823CAEB8 from 0x823CAF5C
[error] [codegen] [t169443] Unresolved conditional branch to 0x823CAEB8 from 0x823CAF5C
[error] [codegen] [t169443] Unresolved conditional branch to 0x823CB064 from 0x823CB150
[error] [codegen] [t169443] Unresolved conditional branch to 0x823CB228 from 0x823CB290
[error] [codegen] [t169443] Unresolved conditional branch to 0x823CB23C from 0x823CB278
[error] [codegen] [t169443] Unresolved conditional branch to 0x823CB228 from 0x823CB290
[error] [codegen] [t169443] Unresolved conditional branch to 0x823CB4CC from 0x823CB538
[error] [codegen] [t169443] Unresolved conditional branch to 0x823CB4CC from 0x823CB538
[error] [codegen] [t169443] Unresolved conditional branch to 0x823CB62C from 0x823CB6F0
[error] [codegen] [t169443] Unresolved conditional branch to 0x823CB7B0 from 0x823CB7C0
[error] [codegen] [t169443] Unresolved conditional branch to 0x823CB7EC from 0x823CB908
[error] [codegen] [t169443] Unresolved conditional branch to 0x823CB7EC from 0x823CB908
[error] [codegen] [t169443] Unresolved conditional branch to 0x823CB7EC from 0x823CB908
[error] [codegen] [t169443] Unresolved conditional branch to 0x823CB7EC from 0x823CB908
[error] [codegen] [t169443] Unresolved conditional branch to 0x823CB7EC from 0x823CB908
[error] [codegen] [t169443] Unresolved conditional branch to 0x823CBA34 from 0x823CBA68
[error] [codegen] [t169443] Unresolved conditional branch to 0x823CBA18 from 0x823CBA80
[error] [codegen] [t169443] Unresolved conditional branch to 0x823CBA18 from 0x823CBA80
[error] [codegen] [t169443] Unresolved conditional branch to 0x823CBA18 from 0x823CBA80
[error] [codegen] [t169443] Unresolved conditional branch to 0x823CBAE8 from 0x823CBAF4
[error] [codegen] [t169443] Unresolved conditional branch to 0x823CBBB8 from 0x823CBBF4
[error] [codegen] [t169443] Unresolved conditional branch to 0x823CBBB8 from 0x823CBBF4
[error] [codegen] [t169443] Unresolved conditional branch to 0x823CBD04 from 0x823CBD10
[error] [codegen] [t169443] Unresolved conditional branch to 0x823CBD1C from 0x823CBD7C
[error] [codegen] [t169443] Unresolved conditional branch to 0x823CBDD4 from 0x823CBDE0
[error] [codegen] [t169443] Unresolved conditional branch to 0x823CBE9C from 0x823CBEA8
[error] [codegen] [t169443] Unresolved conditional branch to 0x823CBEB4 from 0x823CBF5C
[error] [codegen] [t169443] Unresolved conditional branch to 0x823CBEB4 from 0x823CBF5C
[error] [codegen] [t169443] Unresolved conditional branch to 0x823CC09C from 0x823CC18C
[error] [codegen] [t169443] Unresolved conditional branch to 0x823CC3D0 from 0x823CC418
[error] [codegen] [t169443] Unresolved conditional branch to 0x823CC3D0 from 0x823CC418
[error] [codegen] [t169443] Unresolved conditional branch to 0x823CC3D0 from 0x823CC418
[error] [codegen] [t169443] Unresolved conditional branch to 0x823CC4F8 from 0x823CC54C
[error] [codegen] [t169443] Unresolved conditional branch to 0x823CC6AC from 0x823CC6D8
[error] [codegen] [t169443] Unresolved conditional branch to 0x823CC6E4 from 0x823CC774
[error] [codegen] [t169443] Unresolved conditional branch to 0x823CC6E4 from 0x823CC774
[error] [codegen] [t169443] Unresolved conditional branch to 0x823CC6E4 from 0x823CC774
[error] [codegen] [t169443] Unresolved conditional branch to 0x823CC6E4 from 0x823CC774
[error] [codegen] [t169443] Unresolved conditional branch to 0x823CC6E4 from 0x823CC774
[error] [codegen] [t169443] Unresolved conditional branch to 0x823CC6E4 from 0x823CC774
[error] [codegen] [t169443] Unresolved conditional branch to 0x823CC7E4 from 0x823CC82C
[error] [codegen] [t169443] Unresolved conditional branch to 0x823CC7E4 from 0x823CC82C
[error] [codegen] [t169443] Unresolved conditional branch to 0x823CC8F4 from 0x823CC920
[error] [codegen] [t169443] Unresolved conditional branch to 0x823CC8F4 from 0x823CC920
[error] [codegen] [t169443] Unresolved conditional branch to 0x823CC8F4 from 0x823CC920
[error] [codegen] [t169443] Unresolved conditional branch to 0x823CC92C from 0x823CCA34
[error] [codegen] [t169443] Unresolved conditional branch to 0x823CC92C from 0x823CCA34
[error] [codegen] [t169443] Unresolved conditional branch to 0x823CC92C from 0x823CCA34
[error] [codegen] [t169443] Unresolved conditional branch to 0x823CC92C from 0x823CCA34
[error] [codegen] [t169443] Unresolved conditional branch to 0x823CC92C from 0x823CCA34
[error] [codegen] [t169443] Unresolved conditional branch to 0x823CC92C from 0x823CCA34
[error] [codegen] [t169443] Unresolved conditional branch to 0x823CC92C from 0x823CCA34
[error] [codegen] [t169443] Unresolved conditional branch to 0x823CC92C from 0x823CCA34
[error] [codegen] [t169443] Unresolved conditional branch to 0x823CC92C from 0x823CCA34
[error] [codegen] [t169443] Unresolved conditional branch to 0x823CC92C from 0x823CCA34
[error] [codegen] [t169443] Unresolved conditional branch to 0x823CC92C from 0x823CCA34
[error] [codegen] [t169443] Unresolved conditional branch to 0x823CC92C from 0x823CCA34
[error] [codegen] [t169443] Unresolved conditional branch to 0x823CC92C from 0x823CCA34
[error] [codegen] [t169443] Unresolved conditional branch to 0x823CC92C from 0x823CCA34
[error] [codegen] [t169443] Unresolved conditional branch to 0x823CC92C from 0x823CCA34
[error] [codegen] [t169443] Unresolved conditional branch to 0x823CC92C from 0x823CCA34
[error] [codegen] [t169443] Unresolved conditional branch to 0x823CC92C from 0x823CCA34
[error] [codegen] [t169443] Unresolved conditional branch to 0x823CCA9C from 0x823CCAE4
[error] [codegen] [t169443] Unresolved conditional branch to 0x823CCA9C from 0x823CCAE4
[error] [codegen] [t169443] Unresolved conditional branch to 0x823CCA9C from 0x823CCAE4
[error] [codegen] [t169443] Unresolved conditional branch to 0x823CCA9C from 0x823CCAE4
[error] [codegen] [t169443] Unresolved conditional branch to 0x823CCA9C from 0x823CCAE4
[error] [codegen] [t169443] Unresolved conditional branch to 0x823CCA9C from 0x823CCAE4
[error] [codegen] [t169443] Unresolved conditional branch to 0x823CCA9C from 0x823CCAE4
[error] [codegen] [t169443] Unresolved conditional branch to 0x823CCBB4 from 0x823CCBE0
[error] [codegen] [t169443] Unresolved conditional branch to 0x823CCBB4 from 0x823CCBE0
[error] [codegen] [t169443] Unresolved conditional branch to 0x823CCBB4 from 0x823CCBE0
[error] [codegen] [t169443] Unresolved conditional branch to 0x823CCBEC from 0x823CCD6C
[error] [codegen] [t169443] Unresolved conditional branch to 0x823CCBEC from 0x823CCD6C
[error] [codegen] [t169443] Unresolved conditional branch to 0x823CCBEC from 0x823CCD6C
[error] [codegen] [t169443] Unresolved conditional branch to 0x823CCBEC from 0x823CCD6C
[error] [codegen] [t169443] Unresolved conditional branch to 0x823CCBEC from 0x823CCD6C
[error] [codegen] [t169443] Unresolved conditional branch to 0x823CCBEC from 0x823CCD6C
[error] [codegen] [t169443] Unresolved conditional branch to 0x823CCBEC from 0x823CCD6C
[error] [codegen] [t169443] Unresolved conditional branch to 0x823CCBEC from 0x823CCD6C
[error] [codegen] [t169443] Unresolved conditional branch to 0x823CCBEC from 0x823CCD6C
[error] [codegen] [t169443] Unresolved conditional branch to 0x823CCBEC from 0x823CCD6C
[error] [codegen] [t169443] Unresolved conditional branch to 0x823CCBEC from 0x823CCD6C
[error] [codegen] [t169443] Unresolved conditional branch to 0x823CCBEC from 0x823CCD6C
[error] [codegen] [t169443] Unresolved conditional branch to 0x823CCDD4 from 0x823CCE1C
[error] [codegen] [t169443] Unresolved conditional branch to 0x823CCDD4 from 0x823CCE1C
[error] [codegen] [t169443] Unresolved conditional branch to 0x823CCED0 from 0x823CCEFC
[error] [codegen] [t169443] Unresolved conditional branch to 0x823CCF24 from 0x823CCF70
[error] [codegen] [t169443] Unresolved conditional branch to 0x823CCF0C from 0x823CCF88
[error] [codegen] [t169443] Unresolved conditional branch to 0x823CCF24 from 0x823CCF70
[error] [codegen] [t169443] Unresolved conditional branch to 0x823CCF0C from 0x823CCF88
[error] [codegen] [t169443] Unresolved conditional branch to 0x823CCF24 from 0x823CCF70
[error] [codegen] [t169443] Unresolved conditional branch to 0x823CCF0C from 0x823CCF88
[error] [codegen] [t169443] Unresolved conditional branch to 0x823CCF24 from 0x823CCF70
[error] [codegen] [t169443] Unresolved conditional branch to 0x823CCF0C from 0x823CCF88
[error] [codegen] [t169443] Unresolved conditional branch to 0x823CCF0C from 0x823CCF88
[error] [codegen] [t169443] Unresolved conditional branch to 0x823CCF0C from 0x823CCF88
[error] [codegen] [t169443] Unresolved conditional branch to 0x823CCFF4 from 0x823CD040
[error] [codegen] [t169443] Unresolved conditional branch to 0x823CD128 from 0x823CD17C
[error] [codegen] [t169443] Unresolved conditional branch to 0x823CD2E8 from 0x823CD314
[error] [codegen] [t169443] Unresolved conditional branch to 0x823CD320 from 0x823CD3B0
[error] [codegen] [t169443] Unresolved conditional branch to 0x823CD320 from 0x823CD3B0
[error] [codegen] [t169443] Unresolved conditional branch to 0x823CD418 from 0x823CD464
[error] [codegen] [t169443] Unresolved conditional branch to 0x823CD418 from 0x823CD464
[error] [codegen] [t169443] Unresolved conditional branch to 0x823CD570 from 0x823CD678
[error] [codegen] [t169443] Unresolved conditional branch to 0x823CD570 from 0x823CD678
[error] [codegen] [t169443] Unresolved conditional branch to 0x823CD570 from 0x823CD678
[error] [codegen] [t169443] Unresolved conditional branch to 0x823CD570 from 0x823CD678
[error] [codegen] [t169443] Unresolved conditional branch to 0x823CD570 from 0x823CD678
[error] [codegen] [t169443] Unresolved conditional branch to 0x823CD6D8 from 0x823CD724
[error] [codegen] [t169443] Unresolved conditional branch to 0x823CD6D8 from 0x823CD724
[error] [codegen] [t169443] Unresolved conditional branch to 0x823CD838 from 0x823CD9B8
[error] [codegen] [t169443] Unresolved conditional branch to 0x823CD838 from 0x823CD9B8
[error] [codegen] [t169443] Unresolved conditional branch to 0x823CD838 from 0x823CD9B8
[error] [codegen] [t169443] Unresolved conditional branch to 0x823CD838 from 0x823CD9B8
[error] [codegen] [t169443] Unresolved conditional branch to 0x823CD838 from 0x823CD9B8
[error] [codegen] [t169443] Unresolved conditional branch to 0x823CD838 from 0x823CD9B8
[error] [codegen] [t169443] Unresolved conditional branch to 0x823CDA18 from 0x823CDA64
[error] [codegen] [t169443] Unresolved conditional branch to 0x823CDA18 from 0x823CDA64
[error] [codegen] [t169443] Unresolved conditional branch to 0x823CDB58 from 0x823CDBE4
[error] [codegen] [t169443] Unresolved conditional branch to 0x823CDB74 from 0x823CDBCC
[error] [codegen] [t169443] Unresolved conditional branch to 0x823CDB58 from 0x823CDBE4
[error] [codegen] [t169443] Unresolved conditional branch to 0x823CDC5C from 0x823CDCB0
[error] [codegen] [t169443] Unresolved conditional branch to 0x823CDC5C from 0x823CDCB0
[error] [codegen] [t169443] Unresolved conditional branch to 0x823CDC5C from 0x823CDCB0
[error] [codegen] [t169443] Unresolved conditional branch to 0x823CDD9C from 0x823CDDF8
[error] [codegen] [t169443] Unresolved conditional branch to 0x823CDD9C from 0x823CDDF8
[error] [codegen] [t169443] Unresolved conditional branch to 0x823CDFAC from 0x823CE04C
[error] [codegen] [t169443] Unresolved conditional branch to 0x823CDFAC from 0x823CE04C
[error] [codegen] [t169443] Unresolved conditional branch to 0x823CE0B8 from 0x823CE10C
[error] [codegen] [t169443] Unresolved conditional branch to 0x823CE1B4 from 0x823CE1C4
[error] [codegen] [t169443] Unresolved conditional branch to 0x823CE1D8 from 0x823CE20C
[error] [codegen] [t169443] Unresolved conditional branch to 0x823CE218 from 0x823CE340
[error] [codegen] [t169443] Unresolved conditional branch to 0x823CE218 from 0x823CE340
[error] [codegen] [t169443] Unresolved conditional branch to 0x823CE218 from 0x823CE340
[error] [codegen] [t169443] Unresolved conditional branch to 0x823CE218 from 0x823CE340
[error] [codegen] [t169443] Unresolved conditional branch to 0x823CE218 from 0x823CE340
[error] [codegen] [t169443] Unresolved conditional branch to 0x823CE4D8 from 0x823CE50C
[error] [codegen] [t169443] Unresolved conditional branch to 0x823CE4D8 from 0x823CE50C
[error] [codegen] [t169443] Unresolved conditional branch to 0x823CE518 from 0x823CE6C8
[error] [codegen] [t169443] Unresolved conditional branch to 0x823CE518 from 0x823CE6C8
[error] [codegen] [t169443] Unresolved conditional branch to 0x823CE734 from 0x823CE788
[error] [codegen] [t169443] Unresolved conditional branch to 0x823CFAF8 from 0x823CFC0C
[error] [codegen] [t169443] Unresolved conditional branch to 0x823D0D90 from 0x823D0E6C
[error] [codegen] [t169443] Unresolved conditional branch to 0x823D4F24 from 0x823D4F5C
[error] [codegen] [t169443] Unresolved conditional branch to 0x823D58D8 from 0x823D58FC
[error] [codegen] [t169443] Unresolved conditional branch to 0x823D5F18 from 0x823D5F28
[warning] [codegen] [t169443] Unable to decode instruction 8B020002 at 823D6820
[warning] [codegen] [t169443] Unable to decode instruction CC030002 at 823D6830
[warning] [codegen] [t169443] Unable to decode instruction 8C020002 at 823D6840
[warning] [codegen] [t169443] Unable to decode instruction F7010002 at 823D6850
[warning] [codegen] [t169443] Unable to decode instruction E020002 at 823D6860
[warning] [codegen] [t169443] Unable to decode instruction 10020002 at 823D6870
[warning] [codegen] [t169443] Unable to decode instruction 13020002 at 823D6880
[warning] [codegen] [t169443] Unable to decode instruction 12020002 at 823D6890
[warning] [codegen] [t169443] Unable to decode instruction 82020002 at 823D68A0
[warning] [codegen] [t169443] Unable to decode instruction F7020002 at 823D68B0
[warning] [codegen] [t169443] Unable to decode instruction F0020002 at 823D68C0
[warning] [codegen] [t169443] Unable to decode instruction EE020002 at 823D68D0
[warning] [codegen] [t169443] Unable to decode instruction 3000102 at 823D6CE0
[warning] [codegen] [t169443] Unable to decode instruction 6C000102 at 823D6F90
[error] [codegen] [t169443] Unresolved conditional branch to 0x823DA480 from 0x823DA598
[error] [codegen] [t169443] Unresolved conditional branch to 0x823DA3B8 from 0x823DA5AC
[error] [codegen] [t169443] Unresolved conditional branch to 0x823DAB08 from 0x823DABA4
[error] [codegen] [t169443] Unresolved conditional branch to 0x823DAFBC from 0x823DAFE4
[error] [codegen] [t169443] Unresolved conditional branch to 0x823DB0F4 from 0x823DB114
[error] [codegen] [t169443] Unresolved conditional branch to 0x823DB188 from 0x823DB1A8
[error] [codegen] [t169443] Unresolved conditional branch to 0x823DB844 from 0x823DB880
[error] [codegen] [t169443] Unresolved conditional branch to 0x823DB7C0 from 0x823DB8D8
[warning] [codegen] [t169443] Unresolved b target 0x823DB75C from 0x823DB8DC
[error] [codegen] [t169443] Unresolved function 0x823DB75C from 0x823DB8DC (no CallTarget in FunctionNode)
[error] [codegen] [t169443] Unresolved conditional branch to 0x823DCF68 from 0x823DD1A4
[error] [codegen] [t169443] Unresolved conditional branch to 0x823DCF68 from 0x823DD2CC
[error] [codegen] [t169443] Unresolved conditional branch to 0x823DCF68 from 0x823DD1A4
[error] [codegen] [t169443] Unresolved conditional branch to 0x823DD344 from 0x823DD390
[error] [codegen] [t169443] Unresolved conditional branch to 0x823DDF04 from 0x823DE014
[error] [codegen] [t169443] Unresolved conditional branch to 0x823DDF04 from 0x823DE014
[error] [codegen] [t169443] Unresolved conditional branch to 0x823DE500 from 0x823DE594
[error] [codegen] [t169443] Unresolved conditional branch to 0x823DE500 from 0x823DE594
[error] [codegen] [t169443] Unresolved conditional branch to 0x823DE494 from 0x823DE5F4
[error] [codegen] [t169443] Unresolved conditional branch to 0x823DED2C from 0x823DED50
[error] [codegen] [t169443] Unresolved conditional branch to 0x823DECA4 from 0x823DED58
[error] [codegen] [t169443] Unresolved conditional branch to 0x823DEA9C from 0x823E09A0
[error] [codegen] [t169443] Unresolved conditional branch to 0x823DE9C4 from 0x823E09F0
[error] [codegen] [t169443] Unresolved conditional branch to 0x823DF284 from 0x823DF59C
[error] [codegen] [t169443] Unresolved conditional branch to 0x823DEA9C from 0x823E09A0
[error] [codegen] [t169443] Unresolved conditional branch to 0x823DE9C4 from 0x823E09F0
[error] [codegen] [t169443] Unresolved conditional branch to 0x823DF284 from 0x823DF59C
[error] [codegen] [t169443] Unresolved conditional branch to 0x823DEA9C from 0x823E09A0
[error] [codegen] [t169443] Unresolved conditional branch to 0x823DE9C4 from 0x823E09F0
[error] [codegen] [t169443] Unresolved conditional branch to 0x823DF61C from 0x823DF6E4
[error] [codegen] [t169443] Unresolved conditional branch to 0x823DEA9C from 0x823E09A0
[error] [codegen] [t169443] Unresolved conditional branch to 0x823DE9C4 from 0x823E09F0
[error] [codegen] [t169443] Unresolved conditional branch to 0x823DF6F4 from 0x823DF930
[error] [codegen] [t169443] Unresolved conditional branch to 0x823DEA9C from 0x823E09A0
[error] [codegen] [t169443] Unresolved conditional branch to 0x823DE9C4 from 0x823E09F0
[error] [codegen] [t169443] Unresolved conditional branch to 0x823DEA9C from 0x823E09A0
[error] [codegen] [t169443] Unresolved conditional branch to 0x823DE9C4 from 0x823E09F0
[error] [codegen] [t169443] Unresolved conditional branch to 0x823DEA9C from 0x823E09A0
[error] [codegen] [t169443] Unresolved conditional branch to 0x823DE9C4 from 0x823E09F0
[error] [codegen] [t169443] Unresolved conditional branch to 0x823DEA9C from 0x823E09A0
[error] [codegen] [t169443] Unresolved conditional branch to 0x823DE9C4 from 0x823E09F0
[error] [codegen] [t169443] Unresolved conditional branch to 0x823DEA9C from 0x823E09A0
[error] [codegen] [t169443] Unresolved conditional branch to 0x823DE9C4 from 0x823E09F0
[error] [codegen] [t169443] Unresolved conditional branch to 0x823DEA9C from 0x823E09A0
[error] [codegen] [t169443] Unresolved conditional branch to 0x823DE9C4 from 0x823E09F0
[error] [codegen] [t169443] Unresolved conditional branch to 0x823DEA9C from 0x823E09A0
[error] [codegen] [t169443] Unresolved conditional branch to 0x823DE9C4 from 0x823E09F0
[error] [codegen] [t169443] Unresolved conditional branch to 0x823E0E68 from 0x823E0F54
[error] [codegen] [t169443] Unresolved conditional branch to 0x823E0D14 from 0x823E0F5C
[error] [codegen] [t169443] Unresolved conditional branch to 0x823E1028 from 0x823E13CC
[error] [codegen] [t169443] Unresolved conditional branch to 0x823E1144 from 0x823E12DC
[error] [codegen] [t169443] Unresolved conditional branch to 0x823E1028 from 0x823E13CC
[error] [codegen] [t169443] Unresolved conditional branch to 0x823E12F8 from 0x823E1360
[error] [codegen] [t169443] Unresolved conditional branch to 0x823E1028 from 0x823E13CC
[info] [codegen] [t169443] Recompilation complete.
[info] [core] [t169443] Operation completed successfully in 14.139s
