[2026-07-31 07:43:49.361] [info] [gpu] [t3978552] [ac6-draw] prim=1 verts=4 idx_count=1 vs=C049A8C9E556F129 ps=0000000000000000
[2026-07-31 07:43:49.361] [info] [gpu] [t3978552] [ac6-draw] prim=1 verts=4 idx_count=1 vs=C049A8C9E556F129 ps=0000000000000000
[2026-07-31 07:43:49.361] [info] [gpu] [t3978552] [ac6-draw] prim=1 verts=4 idx_count=1 vs=C049A8C9E556F129 ps=0000000000000000
[2026-07-31 07:43:49.361] [info] [gpu] [t3978552] [ac6-draw] prim=1 verts=4 idx_count=1 vs=C049A8C9E556F129 ps=0000000000000000
[2026-07-31 07:43:49.361] [info] [gpu] [t3978552] [ac6-draw] prim=1 verts=4 idx_count=1 vs=C049A8C9E556F129 ps=0000000000000000
[2026-07-31 07:43:49.361] [info] [gpu] [t3978552] [ac6-draw] prim=1 verts=4 idx_count=1 vs=C049A8C9E556F129 ps=0000000000000000
[2026-07-31 07:43:49.361] [info] [gpu] [t3978552] [ac6-draw] prim=1 verts=4 idx_count=1 vs=C049A8C9E556F129 ps=0000000000000000
[2026-07-31 07:43:49.361] [info] [gpu] [t3978552] [ac6-draw] prim=1 verts=4 idx_count=1 vs=C049A8C9E556F129 ps=0000000000000000
[2026-07-31 07:43:49.361] [info] [gpu] [t3978552] [ac6-draw] prim=1 verts=4 idx_count=1 vs=C049A8C9E556F129 ps=0000000000000000
[2026-07-31 07:43:49.361] [info] [gpu] [t3978552] [ac6-draw] prim=1 verts=4 idx_count=1 vs=C049A8C9E556F129 ps=0000000000000000
[2026-07-31 07:43:49.361] [info] [gpu] [t3978552] [ac6-draw] prim=1 verts=4 idx_count=1 vs=C049A8C9E556F129 ps=0000000000000000
[2026-07-31 07:43:49.361] [info] [gpu] [t3978552] [ac6-draw] prim=1 verts=4 idx_count=1 vs=C049A8C9E556F129 ps=0000000000000000
[2026-07-31 07:43:49.361] [info] [gpu] [t3978552] [ac6-draw] prim=1 verts=4 idx_count=1 vs=C049A8C9E556F129 ps=0000000000000000
[2026-07-31 07:43:49.361] [info] [gpu] [t3978552] [ac6-draw] prim=1 verts=4 idx_count=1 vs=C049A8C9E556F129 ps=0000000000000000
[2026-07-31 07:43:49.361] [info] [gpu] [t3978552] [ac6-draw] prim=1 verts=4 idx_count=1 vs=C049A8C9E556F129 ps=0000000000000000
[2026-07-31 07:43:49.362] [info] [gpu] [t3978552] [ac6-draw] prim=1 verts=4 idx_count=1 vs=C049A8C9E556F129 ps=0000000000000000
[2026-07-31 07:43:49.362] [info] [gpu] [t3978552] [ac6-draw] prim=1 verts=4 idx_count=1 vs=C049A8C9E556F129 ps=0000000000000000
[2026-07-31 07:43:49.362] [info] [gpu] [t3978552] [ac6-draw] prim=1 verts=4 idx_count=1 vs=C049A8C9E556F129 ps=0000000000000000
[2026-07-31 07:43:49.362] [info] [gpu] [t3978552] [ac6-draw] prim=1 verts=4 idx_count=1 vs=C049A8C9E556F129 ps=0000000000000000
[2026-07-31 07:43:49.362] [info] [gpu] [t3978552] [ac6-draw] prim=1 verts=4 idx_count=1 vs=C049A8C9E556F129 ps=0000000000000000
[2026-07-31 07:43:49.362] [info] [gpu] [t3978552] [ac6-draw] prim=1 verts=4 idx_count=1 vs=C049A8C9E556F129 ps=0000000000000000
[2026-07-31 07:43:49.362] [info] [gpu] [t3978552] [ac6-draw] prim=1 verts=4 idx_count=1 vs=C049A8C9E556F129 ps=0000000000000000
[2026-07-31 07:43:49.362] [info] [gpu] [t3978552] [ac6-draw] prim=1 verts=4 idx_count=1 vs=C049A8C9E556F129 ps=0000000000000000
[2026-07-31 07:43:49.362] [info] [gpu] [t3978552] [ac6-draw] prim=1 verts=4 idx_count=1 vs=C049A8C9E556F129 ps=0000000000000000
[2026-07-31 07:43:49.362] [info] [gpu] [t3978552] [ac6-draw] prim=8 verts=3 idx_count=3 vs=0A6D1DD7767FDF27 ps=2E372EA28CC404B7
[2026-07-31 07:43:49.362] [info] [gpu] [t3978552] [ac6-draw] prim=13 verts=4 idx_count=4 vs=472913F460D4B446 ps=8F1C48BA92C8E43E
[2026-07-31 07:43:49.362] [info] [gpu] [t3978552] [ac6-draw] prim=13 verts=64 idx_count=64 vs=472913F460D4B446 ps=8F1C48BA92C8E43E
[2026-07-31 07:43:49.362] [info] [gpu] [t3978552] [ac6-draw] prim=13 verts=4 idx_count=4 vs=472913F460D4B446 ps=8F1C48BA92C8E43E
[2026-07-31 07:43:49.362] [info] [gpu] [t3978552] [ac6-draw] prim=13 verts=4 idx_count=4 vs=472913F460D4B446 ps=8F1C48BA92C8E43E
[2026-07-31 07:43:49.362] [info] [gpu] [t3978552] [ac6-draw] prim=13 verts=8 idx_count=8 vs=472913F460D4B446 ps=8F1C48BA92C8E43E
[2026-07-31 07:43:49.362] [info] [gpu] [t3978552] [ac6-draw] prim=13 verts=4 idx_count=4 vs=472913F460D4B446 ps=8F1C48BA92C8E43E
[2026-07-31 07:43:49.363] [info] [gpu] [t3978552] [ac6-draw] prim=13 verts=20 idx_count=20 vs=472913F460D4B446 ps=8F1C48BA92C8E43E
[2026-07-31 07:43:49.363] [info] [gpu] [t3978552] [ac6-draw] prim=1 verts=4 idx_count=1 vs=C049A8C9E556F129 ps=0000000000000000
[2026-07-31 07:43:49.363] [info] [gpu] [t3978552] [ac6-draw] prim=1 verts=4 idx_count=1 vs=C049A8C9E556F129 ps=0000000000000000
[2026-07-31 07:43:49.363] [info] [gpu] [t3978552] [ac6-draw] prim=1 verts=4 idx_count=1 vs=C049A8C9E556F129 ps=0000000000000000
[2026-07-31 07:43:49.363] [info] [gpu] [t3978552] [ac6-draw] prim=1 verts=4 idx_count=1 vs=C049A8C9E556F129 ps=0000000000000000
[2026-07-31 07:43:49.363] [info] [gpu] [t3978552] [ac6-draw] prim=1 verts=4 idx_count=1 vs=C049A8C9E556F129 ps=0000000000000000
[2026-07-31 07:43:49.363] [info] [gpu] [t3978552] [ac6-draw] prim=1 verts=4 idx_count=1 vs=C049A8C9E556F129 ps=0000000000000000
[2026-07-31 07:43:49.363] [info] [gpu] [t3978552] [ac6-draw] prim=1 verts=4 idx_count=1 vs=C049A8C9E556F129 ps=0000000000000000
[2026-07-31 07:43:49.363] [info] [gpu] [t3978552] [ac6-draw] prim=1 verts=4 idx_count=1 vs=C049A8C9E556F129 ps=0000000000000000
[2026-07-31 07:43:49.363] [info] [gpu] [t3978552] [ac6-draw] prim=1 verts=4 idx_count=1 vs=C049A8C9E556F129 ps=0000000000000000
[2026-07-31 07:43:49.363] [info] [gpu] [t3978552] [ac6-draw] prim=1 verts=4 idx_count=1 vs=C049A8C9E556F129 ps=0000000000000000
[2026-07-31 07:43:49.363] [info] [gpu] [t3978552] [ac6-draw] prim=1 verts=4 idx_count=1 vs=C049A8C9E556F129 ps=0000000000000000
[2026-07-31 07:43:49.363] [info] [gpu] [t3978552] [ac6-draw] prim=1 verts=4 idx_count=1 vs=C049A8C9E556F129 ps=0000000000000000
[2026-07-31 07:43:49.363] [info] [gpu] [t3978552] [ac6-draw] prim=1 verts=4 idx_count=1 vs=C049A8C9E556F129 ps=0000000000000000
[2026-07-31 07:43:49.363] [info] [gpu] [t3978552] [ac6-draw] prim=1 verts=4 idx_count=1 vs=C049A8C9E556F129 ps=0000000000000000
[2026-07-31 07:43:49.363] [info] [gpu] [t3978552] [ac6-draw] prim=1 verts=4 idx_count=1 vs=C049A8C9E556F129 ps=0000000000000000
[2026-07-31 07:43:49.363] [info] [gpu] [t3978552] [ac6-draw] prim=1 verts=4 idx_count=1 vs=C049A8C9E556F129 ps=0000000000000000
[2026-07-31 07:43:49.363] [info] [gpu] [t3978552] [ac6-draw] prim=1 verts=4 idx_count=1 vs=C049A8C9E556F129 ps=0000000000000000
[2026-07-31 07:43:49.363] [info] [gpu] [t3978552] [ac6-draw] prim=1 verts=4 idx_count=1 vs=C049A8C9E556F129 ps=0000000000000000
[2026-07-31 07:43:49.363] [info] [gpu] [t3978552] [ac6-draw] prim=1 verts=4 idx_count=1 vs=C049A8C9E556F129 ps=0000000000000000
[2026-07-31 07:43:49.363] [info] [gpu] [t3978552] [ac6-draw] prim=1 verts=4 idx_count=1 vs=C049A8C9E556F129 ps=0000000000000000
[2026-07-31 07:43:49.363] [info] [gpu] [t3978552] [ac6-draw] prim=1 verts=4 idx_count=1 vs=C049A8C9E556F129 ps=0000000000000000
[2026-07-31 07:43:49.363] [info] [gpu] [t3978552] [ac6-draw] prim=1 verts=4 idx_count=1 vs=C049A8C9E556F129 ps=0000000000000000
[2026-07-31 07:43:49.363] [info] [gpu] [t3978552] [ac6-draw] prim=1 verts=4 idx_count=1 vs=C049A8C9E556F129 ps=0000000000000000
[2026-07-31 07:43:49.363] [info] [gpu] [t3978552] [ac6-draw] prim=1 verts=4 idx_count=1 vs=C049A8C9E556F129 ps=0000000000000000
[2026-07-31 07:43:49.376] [debug] [gpu] [t3978552] XELOG_GPU PRESENT: swap_texture_view=0x76d00d838060 packet_size=1280x720 src_size=1280x720 src_unscaled=1280x720 guest_output_size=1280x720 format=6
[2026-07-31 07:43:49.376] [info] [gpu] [t3978552] [ac6-draw] prim=1 verts=4 idx_count=1 vs=C049A8C9E556F129 ps=0000000000000000
[2026-07-31 07:43:49.376] [info] [gpu] [t3978552] [ac6-draw] prim=1 verts=4 idx_count=1 vs=C049A8C9E556F129 ps=0000000000000000
[2026-07-31 07:43:49.376] [info] [gpu] [t3978552] [ac6-draw] prim=1 verts=4 idx_count=1 vs=C049A8C9E556F129 ps=0000000000000000
[2026-07-31 07:43:49.376] [info] [gpu] [t3978552] [ac6-draw] prim=1 verts=4 idx_count=1 vs=C049A8C9E556F129 ps=0000000000000000
[2026-07-31 07:43:49.376] [info] [gpu] [t3978552] [ac6-draw] prim=1 verts=4 idx_count=1 vs=C049A8C9E556F129 ps=0000000000000000
[2026-07-31 07:43:49.376] [info] [gpu] [t3978552] [ac6-draw] prim=1 verts=4 idx_count=1 vs=C049A8C9E556F129 ps=0000000000000000
[2026-07-31 07:43:49.376] [info] [gpu] [t3978552] [ac6-draw] prim=1 verts=4 idx_count=1 vs=C049A8C9E556F129 ps=0000000000000000
[2026-07-31 07:43:49.376] [info] [gpu] [t3978552] [ac6-draw] prim=1 verts=4 idx_count=1 vs=C049A8C9E556F129 ps=0000000000000000
[2026-07-31 07:43:49.376] [info] [gpu] [t3978552] [ac6-draw] prim=1 verts=4 idx_count=1 vs=C049A8C9E556F129 ps=0000000000000000
[2026-07-31 07:43:49.376] [info] [gpu] [t3978552] [ac6-draw] prim=1 verts=4 idx_count=1 vs=C049A8C9E556F129 ps=0000000000000000
[2026-07-31 07:43:49.377] [info] [gpu] [t3978552] [ac6-draw] prim=1 verts=4 idx_count=1 vs=C049A8C9E556F129 ps=0000000000000000
[2026-07-31 07:43:49.377] [info] [gpu] [t3978552] [ac6-draw] prim=1 verts=4 idx_count=1 vs=C049A8C9E556F129 ps=0000000000000000
[2026-07-31 07:43:49.377] [info] [gpu] [t3978552] [ac6-draw] prim=1 verts=4 idx_count=1 vs=C049A8C9E556F129 ps=0000000000000000
[2026-07-31 07:43:49.377] [info] [gpu] [t3978552] [ac6-draw] prim=1 verts=4 idx_count=1 vs=C049A8C9E556F129 ps=0000000000000000
[2026-07-31 07:43:49.377] [info] [gpu] [t3978552] [ac6-draw] prim=1 verts=4 idx_count=1 vs=C049A8C9E556F129 ps=0000000000000000
[2026-07-31 07:43:49.377] [info] [gpu] [t3978552] [ac6-draw] prim=1 verts=4 idx_count=1 vs=C049A8C9E556F129 ps=0000000000000000
[2026-07-31 07:43:49.377] [info] [gpu] [t3978552] [ac6-draw] prim=1 verts=4 idx_count=1 vs=C049A8C9E556F129 ps=0000000000000000
[2026-07-31 07:43:49.377] [info] [gpu] [t3978552] [ac6-draw] prim=1 verts=4 idx_count=1 vs=C049A8C9E556F129 ps=0000000000000000
[2026-07-31 07:43:49.377] [info] [gpu] [t3978552] [ac6-draw] prim=1 verts=4 idx_count=1 vs=C049A8C9E556F129 ps=0000000000000000
[2026-07-31 07:43:49.377] [info] [gpu] [t3978552] [ac6-draw] prim=1 verts=4 idx_count=1 vs=C049A8C9E556F129 ps=0000000000000000
[2026-07-31 07:43:49.377] [info] [gpu] [t3978552] [ac6-draw] prim=1 verts=4 idx_count=1 vs=C049A8C9E556F129 ps=0000000000000000
[2026-07-31 07:43:49.377] [info] [gpu] [t3978552] [ac6-draw] prim=1 verts=4 idx_count=1 vs=C049A8C9E556F129 ps=0000000000000000
[2026-07-31 07:43:49.377] [info] [gpu] [t3978552] [ac6-draw] prim=1 verts=4 idx_count=1 vs=C049A8C9E556F129 ps=0000000000000000
[2026-07-31 07:43:49.377] [info] [gpu] [t3978552] [ac6-draw] prim=1 verts=4 idx_count=1 vs=C049A8C9E556F129 ps=0000000000000000
[2026-07-31 07:43:49.377] [info] [gpu] [t3978552] [ac6-draw] prim=8 verts=3 idx_count=3 vs=0A6D1DD7767FDF27 ps=2E372EA28CC404B7
[2026-07-31 07:43:49.377] [info] [gpu] [t3978552] [ac6-draw] prim=13 verts=4 idx_count=4 vs=472913F460D4B446 ps=8F1C48BA92C8E43E
[2026-07-31 07:43:49.377] [info] [gpu] [t3978552] [ac6-draw] prim=13 verts=64 idx_count=64 vs=472913F460D4B446 ps=8F1C48BA92C8E43E
[2026-07-31 07:43:49.377] [info] [gpu] [t3978552] [ac6-draw] prim=13 verts=4 idx_count=4 vs=472913F460D4B446 ps=8F1C48BA92C8E43E
[2026-07-31 07:43:49.377] [info] [gpu] [t3978552] [ac6-draw] prim=13 verts=4 idx_count=4 vs=472913F460D4B446 ps=8F1C48BA92C8E43E
[2026-07-31 07:43:49.377] [info] [gpu] [t3978552] [ac6-draw] prim=13 verts=8 idx_count=8 vs=472913F460D4B446 ps=8F1C48BA92C8E43E
[2026-07-31 07:43:49.377] [info] [gpu] [t3978552] [ac6-draw] prim=13 verts=4 idx_count=4 vs=472913F460D4B446 ps=8F1C48BA92C8E43E
[2026-07-31 07:43:49.377] [info] [gpu] [t3978552] [ac6-draw] prim=13 verts=20 idx_count=20 vs=472913F460D4B446 ps=8F1C48BA92C8E43E
[2026-07-31 07:43:49.377] [info] [gpu] [t3978552] [ac6-draw] prim=1 verts=4 idx_count=1 vs=C049A8C9E556F129 ps=0000000000000000
[2026-07-31 07:43:49.377] [info] [gpu] [t3978552] [ac6-draw] prim=1 verts=4 idx_count=1 vs=C049A8C9E556F129 ps=0000000000000000
[2026-07-31 07:43:49.377] [info] [gpu] [t3978552] [ac6-draw] prim=1 verts=4 idx_count=1 vs=C049A8C9E556F129 ps=0000000000000000
[2026-07-31 07:43:49.377] [info] [gpu] [t3978552] [ac6-draw] prim=1 verts=4 idx_count=1 vs=C049A8C9E556F129 ps=0000000000000000
[2026-07-31 07:43:49.377] [info] [gpu] [t3978552] [ac6-draw] prim=1 verts=4 idx_count=1 vs=C049A8C9E556F129 ps=0000000000000000
[2026-07-31 07:43:49.377] [info] [gpu] [t3978552] [ac6-draw] prim=1 verts=4 idx_count=1 vs=C049A8C9E556F129 ps=0000000000000000
[2026-07-31 07:43:49.377] [info] [gpu] [t3978552] [ac6-draw] prim=1 verts=4 idx_count=1 vs=C049A8C9E556F129 ps=0000000000000000
[2026-07-31 07:43:49.377] [info] [gpu] [t3978552] [ac6-draw] prim=1 verts=4 idx_count=1 vs=C049A8C9E556F129 ps=0000000000000000
[2026-07-31 07:43:49.377] [info] [gpu] [t3978552] [ac6-draw] prim=1 verts=4 idx_count=1 vs=C049A8C9E556F129 ps=0000000000000000
[2026-07-31 07:43:49.377] [info] [gpu] [t3978552] [ac6-draw] prim=1 verts=4 idx_count=1 vs=C049A8C9E556F129 ps=0000000000000000
[2026-07-31 07:43:49.377] [info] [gpu] [t3978552] [ac6-draw] prim=1 verts=4 idx_count=1 vs=C049A8C9E556F129 ps=0000000000000000
[2026-07-31 07:43:49.377] [info] [gpu] [t3978552] [ac6-draw] prim=1 verts=4 idx_count=1 vs=C049A8C9E556F129 ps=0000000000000000
[2026-07-31 07:43:49.377] [info] [gpu] [t3978552] [ac6-draw] prim=1 verts=4 idx_count=1 vs=C049A8C9E556F129 ps=0000000000000000
[2026-07-31 07:43:49.377] [info] [gpu] [t3978552] [ac6-draw] prim=1 verts=4 idx_count=1 vs=C049A8C9E556F129 ps=0000000000000000
[2026-07-31 07:43:49.377] [info] [gpu] [t3978552] [ac6-draw] prim=1 verts=4 idx_count=1 vs=C049A8C9E556F129 ps=0000000000000000
[2026-07-31 07:43:49.377] [info] [gpu] [t3978552] [ac6-draw] prim=1 verts=4 idx_count=1 vs=C049A8C9E556F129 ps=0000000000000000
[2026-07-31 07:43:49.377] [info] [gpu] [t3978552] [ac6-draw] prim=1 verts=4 idx_count=1 vs=C049A8C9E556F129 ps=0000000000000000
[2026-07-31 07:43:49.378] [info] [gpu] [t3978552] [ac6-draw] prim=1 verts=4 idx_count=1 vs=C049A8C9E556F129 ps=0000000000000000
[2026-07-31 07:43:49.378] [info] [gpu] [t3978552] [ac6-draw] prim=1 verts=4 idx_count=1 vs=C049A8C9E556F129 ps=0000000000000000
[2026-07-31 07:43:49.378] [info] [gpu] [t3978552] [ac6-draw] prim=1 verts=4 idx_count=1 vs=C049A8C9E556F129 ps=0000000000000000
[2026-07-31 07:43:49.378] [info] [gpu] [t3978552] [ac6-draw] prim=1 verts=4 idx_count=1 vs=C049A8C9E556F129 ps=0000000000000000
[2026-07-31 07:43:49.378] [info] [gpu] [t3978552] [ac6-draw] prim=1 verts=4 idx_count=1 vs=C049A8C9E556F129 ps=0000000000000000
[2026-07-31 07:43:49.378] [info] [gpu] [t3978552] [ac6-draw] prim=1 verts=4 idx_count=1 vs=C049A8C9E556F129 ps=0000000000000000
[2026-07-31 07:43:49.378] [info] [gpu] [t3978552] [ac6-draw] prim=1 verts=4 idx_count=1 vs=C049A8C9E556F129 ps=0000000000000000
[2026-07-31 07:43:49.394] [debug] [gpu] [t3978552] XELOG_GPU PRESENT: swap_texture_view=0x76d00d838060 packet_size=1280x720 src_size=1280x720 src_unscaled=1280x720 guest_output_size=1280x720 format=6
[2026-07-31 07:43:49.394] [info] [gpu] [t3978552] [ac6-draw] prim=1 verts=4 idx_count=1 vs=C049A8C9E556F129 ps=0000000000000000
[2026-07-31 07:43:49.394] [info] [gpu] [t3978552] [ac6-draw] prim=1 verts=4 idx_count=1 vs=C049A8C9E556F129 ps=0000000000000000
[2026-07-31 07:43:49.394] [info] [gpu] [t3978552] [ac6-draw] prim=1 verts=4 idx_count=1 vs=C049A8C9E556F129 ps=0000000000000000
[2026-07-31 07:43:49.394] [info] [gpu] [t3978552] [ac6-draw] prim=1 verts=4 idx_count=1 vs=C049A8C9E556F129 ps=0000000000000000
[2026-07-31 07:43:49.394] [info] [gpu] [t3978552] [ac6-draw] prim=1 verts=4 idx_count=1 vs=C049A8C9E556F129 ps=0000000000000000
[2026-07-31 07:43:49.394] [info] [gpu] [t3978552] [ac6-draw] prim=1 verts=4 idx_count=1 vs=C049A8C9E556F129 ps=0000000000000000
[2026-07-31 07:43:49.394] [info] [gpu] [t3978552] [ac6-draw] prim=1 verts=4 idx_count=1 vs=C049A8C9E556F129 ps=0000000000000000
[2026-07-31 07:43:49.394] [info] [gpu] [t3978552] [ac6-draw] prim=1 verts=4 idx_count=1 vs=C049A8C9E556F129 ps=0000000000000000
[2026-07-31 07:43:49.395] [info] [gpu] [t3978552] [ac6-draw] prim=1 verts=4 idx_count=1 vs=C049A8C9E556F129 ps=0000000000000000
[2026-07-31 07:43:49.395] [info] [gpu] [t3978552] [ac6-draw] prim=1 verts=4 idx_count=1 vs=C049A8C9E556F129 ps=0000000000000000
[2026-07-31 07:43:49.395] [info] [gpu] [t3978552] [ac6-draw] prim=1 verts=4 idx_count=1 vs=C049A8C9E556F129 ps=0000000000000000
[2026-07-31 07:43:49.395] [info] [gpu] [t3978552] [ac6-draw] prim=1 verts=4 idx_count=1 vs=C049A8C9E556F129 ps=0000000000000000
[2026-07-31 07:43:49.395] [info] [gpu] [t3978552] [ac6-draw] prim=1 verts=4 idx_count=1 vs=C049A8C9E556F129 ps=0000000000000000
[2026-07-31 07:43:49.395] [info] [gpu] [t3978552] [ac6-draw] prim=1 verts=4 idx_count=1 vs=C049A8C9E556F129 ps=0000000000000000
[2026-07-31 07:43:49.395] [info] [gpu] [t3978552] [ac6-draw] prim=1 verts=4 idx_count=1 vs=C049A8C9E556F129 ps=0000000000000000
[2026-07-31 07:43:49.395] [info] [gpu] [t3978552] [ac6-draw] prim=1 verts=4 idx_count=1 vs=C049A8C9E556F129 ps=0000000000000000
[2026-07-31 07:43:49.395] [info] [gpu] [t3978552] [ac6-draw] prim=1 verts=4 idx_count=1 vs=C049A8C9E556F129 ps=0000000000000000
[2026-07-31 07:43:49.395] [info] [gpu] [t3978552] [ac6-draw] prim=1 verts=4 idx_count=1 vs=C049A8C9E556F129 ps=0000000000000000
[2026-07-31 07:43:49.395] [info] [gpu] [t3978552] [ac6-draw] prim=1 verts=4 idx_count=1 vs=C049A8C9E556F129 ps=0000000000000000
[2026-07-31 07:43:49.395] [info] [gpu] [t3978552] [ac6-draw] prim=1 verts=4 idx_count=1 vs=C049A8C9E556F129 ps=0000000000000000
[2026-07-31 07:43:49.395] [info] [gpu] [t3978552] [ac6-draw] prim=1 verts=4 idx_count=1 vs=C049A8C9E556F129 ps=0000000000000000
[2026-07-31 07:43:49.395] [info] [gpu] [t3978552] [ac6-draw] prim=1 verts=4 idx_count=1 vs=C049A8C9E556F129 ps=0000000000000000
[2026-07-31 07:43:49.395] [info] [gpu] [t3978552] [ac6-draw] prim=1 verts=4 idx_count=1 vs=C049A8C9E556F129 ps=0000000000000000
[2026-07-31 07:43:49.395] [info] [gpu] [t3978552] [ac6-draw] prim=1 verts=4 idx_count=1 vs=C049A8C9E556F129 ps=0000000000000000
[2026-07-31 07:43:49.395] [info] [gpu] [t3978552] [ac6-draw] prim=8 verts=3 idx_count=3 vs=0A6D1DD7767FDF27 ps=2E372EA28CC404B7
[2026-07-31 07:43:49.396] [info] [gpu] [t3978552] [ac6-draw] prim=13 verts=4 idx_count=4 vs=472913F460D4B446 ps=8F1C48BA92C8E43E
[2026-07-31 07:43:49.396] [info] [gpu] [t3978552] [ac6-draw] prim=13 verts=64 idx_count=64 vs=472913F460D4B446 ps=8F1C48BA92C8E43E
[2026-07-31 07:43:49.396] [info] [gpu] [t3978552] [ac6-draw] prim=13 verts=4 idx_count=4 vs=472913F460D4B446 ps=8F1C48BA92C8E43E
[2026-07-31 07:43:49.396] [info] [gpu] [t3978552] [ac6-draw] prim=13 verts=4 idx_count=4 vs=472913F460D4B446 ps=8F1C48BA92C8E43E
[2026-07-31 07:43:49.396] [info] [gpu] [t3978552] [ac6-draw] prim=13 verts=8 idx_count=8 vs=472913F460D4B446 ps=8F1C48BA92C8E43E
[2026-07-31 07:43:49.396] [info] [gpu] [t3978552] [ac6-draw] prim=13 verts=4 idx_count=4 vs=472913F460D4B446 ps=8F1C48BA92C8E43E
[2026-07-31 07:43:49.396] [info] [gpu] [t3978552] [ac6-draw] prim=13 verts=20 idx_count=20 vs=472913F460D4B446 ps=8F1C48BA92C8E43E
[2026-07-31 07:43:49.396] [info] [gpu] [t3978552] [ac6-draw] prim=1 verts=4 idx_count=1 vs=C049A8C9E556F129 ps=0000000000000000
[2026-07-31 07:43:49.396] [info] [gpu] [t3978552] [ac6-draw] prim=1 verts=4 idx_count=1 vs=C049A8C9E556F129 ps=0000000000000000
[2026-07-31 07:43:49.396] [info] [gpu] [t3978552] [ac6-draw] prim=1 verts=4 idx_count=1 vs=C049A8C9E556F129 ps=0000000000000000
[2026-07-31 07:43:49.396] [info] [gpu] [t3978552] [ac6-draw] prim=1 verts=4 idx_count=1 vs=C049A8C9E556F129 ps=0000000000000000
[2026-07-31 07:43:49.396] [info] [gpu] [t3978552] [ac6-draw] prim=1 verts=4 idx_count=1 vs=C049A8C9E556F129 ps=0000000000000000
[2026-07-31 07:43:49.396] [info] [gpu] [t3978552] [ac6-draw] prim=1 verts=4 idx_count=1 vs=C049A8C9E556F129 ps=0000000000000000
[2026-07-31 07:43:49.396] [info] [gpu] [t3978552] [ac6-draw] prim=1 verts=4 idx_count=1 vs=C049A8C9E556F129 ps=0000000000000000
[2026-07-31 07:43:49.396] [info] [gpu] [t3978552] [ac6-draw] prim=1 verts=4 idx_count=1 vs=C049A8C9E556F129 ps=0000000000000000
[2026-07-31 07:43:49.396] [info] [gpu] [t3978552] [ac6-draw] prim=1 verts=4 idx_count=1 vs=C049A8C9E556F129 ps=0000000000000000
[2026-07-31 07:43:49.396] [info] [gpu] [t3978552] [ac6-draw] prim=1 verts=4 idx_count=1 vs=C049A8C9E556F129 ps=0000000000000000
[2026-07-31 07:43:49.396] [info] [gpu] [t3978552] [ac6-draw] prim=1 verts=4 idx_count=1 vs=C049A8C9E556F129 ps=0000000000000000
[2026-07-31 07:43:49.396] [info] [gpu] [t3978552] [ac6-draw] prim=1 verts=4 idx_count=1 vs=C049A8C9E556F129 ps=0000000000000000
[2026-07-31 07:43:49.396] [info] [gpu] [t3978552] [ac6-draw] prim=1 verts=4 idx_count=1 vs=C049A8C9E556F129 ps=0000000000000000
[2026-07-31 07:43:49.396] [info] [gpu] [t3978552] [ac6-draw] prim=1 verts=4 idx_count=1 vs=C049A8C9E556F129 ps=0000000000000000
[2026-07-31 07:43:49.396] [info] [gpu] [t3978552] [ac6-draw] prim=1 verts=4 idx_count=1 vs=C049A8C9E556F129 ps=0000000000000000
[2026-07-31 07:43:49.396] [info] [gpu] [t3978552] [ac6-draw] prim=1 verts=4 idx_count=1 vs=C049A8C9E556F129 ps=0000000000000000
[2026-07-31 07:43:49.396] [info] [gpu] [t3978552] [ac6-draw] prim=1 verts=4 idx_count=1 vs=C049A8C9E556F129 ps=0000000000000000
[2026-07-31 07:43:49.396] [info] [gpu] [t3978552] [ac6-draw] prim=1 verts=4 idx_count=1 vs=C049A8C9E556F129 ps=0000000000000000
[2026-07-31 07:43:49.396] [info] [gpu] [t3978552] [ac6-draw] prim=1 verts=4 idx_count=1 vs=C049A8C9E556F129 ps=0000000000000000
[2026-07-31 07:43:49.396] [info] [gpu] [t3978552] [ac6-draw] prim=1 verts=4 idx_count=1 vs=C049A8C9E556F129 ps=0000000000000000
[2026-07-31 07:43:49.396] [info] [gpu] [t3978552] [ac6-draw] prim=1 verts=4 idx_count=1 vs=C049A8C9E556F129 ps=0000000000000000
[2026-07-31 07:43:49.396] [info] [gpu] [t3978552] [ac6-draw] prim=1 verts=4 idx_count=1 vs=C049A8C9E556F129 ps=0000000000000000
[2026-07-31 07:43:49.396] [info] [gpu] [t3978552] [ac6-draw] prim=1 verts=4 idx_count=1 vs=C049A8C9E556F129 ps=0000000000000000
[2026-07-31 07:43:49.396] [info] [gpu] [t3978552] [ac6-draw] prim=1 verts=4 idx_count=1 vs=C049A8C9E556F129 ps=0000000000000000
[2026-07-31 07:43:49.410] [debug] [gpu] [t3978552] XELOG_GPU PRESENT: swap_texture_view=0x76d00d838060 packet_size=1280x720 src_size=1280x720 src_unscaled=1280x720 guest_output_size=1280x720 format=6
[2026-07-31 07:43:49.411] [info] [gpu] [t3978552] [ac6-draw] prim=1 verts=4 idx_count=1 vs=C049A8C9E556F129 ps=0000000000000000
[2026-07-31 07:43:49.411] [info] [gpu] [t3978552] [ac6-draw] prim=1 verts=4 idx_count=1 vs=C049A8C9E556F129 ps=0000000000000000
[2026-07-31 07:43:49.411] [info] [gpu] [t3978552] [ac6-draw] prim=1 verts=4 idx_count=1 vs=C049A8C9E556F129 ps=0000000000000000
[2026-07-31 07:43:49.411] [info] [gpu] [t3978552] [ac6-draw] prim=1 verts=4 idx_count=1 vs=C049A8C9E556F129 ps=0000000000000000
[2026-07-31 07:43:49.411] [info] [gpu] [t3978552] [ac6-draw] prim=1 verts=4 idx_count=1 vs=C049A8C9E556F129 ps=0000000000000000
[2026-07-31 07:43:49.411] [info] [gpu] [t3978552] [ac6-draw] prim=1 verts=4 idx_count=1 vs=C049A8C9E556F129 ps=0000000000000000
[2026-07-31 07:43:49.411] [info] [gpu] [t3978552] [ac6-draw] prim=1 verts=4 idx_count=1 vs=C049A8C9E556F129 ps=0000000000000000
[2026-07-31 07:43:49.411] [info] [gpu] [t3978552] [ac6-draw] prim=1 verts=4 idx_count=1 vs=C049A8C9E556F129 ps=0000000000000000
[2026-07-31 07:43:49.411] [info] [gpu] [t3978552] [ac6-draw] prim=1 verts=4 idx_count=1 vs=C049A8C9E556F129 ps=0000000000000000
[2026-07-31 07:43:49.411] [info] [gpu] [t3978552] [ac6-draw] prim=1 verts=4 idx_count=1 vs=C049A8C9E556F129 ps=0000000000000000
[2026-07-31 07:43:49.411] [info] [gpu] [t3978552] [ac6-draw] prim=1 verts=4 idx_count=1 vs=C049A8C9E556F129 ps=0000000000000000
[2026-07-31 07:43:49.411] [info] [gpu] [t3978552] [ac6-draw] prim=1 verts=4 idx_count=1 vs=C049A8C9E556F129 ps=0000000000000000
[2026-07-31 07:43:49.411] [info] [gpu] [t3978552] [ac6-draw] prim=1 verts=4 idx_count=1 vs=C049A8C9E556F129 ps=0000000000000000
[2026-07-31 07:43:49.411] [info] [gpu] [t3978552] [ac6-draw] prim=1 verts=4 idx_count=1 vs=C049A8C9E556F129 ps=0000000000000000
[2026-07-31 07:43:49.411] [info] [gpu] [t3978552] [ac6-draw] prim=1 verts=4 idx_count=1 vs=C049A8C9E556F129 ps=0000000000000000
[2026-07-31 07:43:49.411] [info] [gpu] [t3978552] [ac6-draw] prim=1 verts=4 idx_count=1 vs=C049A8C9E556F129 ps=0000000000000000
[2026-07-31 07:43:49.411] [info] [gpu] [t3978552] [ac6-draw] prim=1 verts=4 idx_count=1 vs=C049A8C9E556F129 ps=0000000000000000
[2026-07-31 07:43:49.411] [info] [gpu] [t3978552] [ac6-draw] prim=1 verts=4 idx_count=1 vs=C049A8C9E556F129 ps=0000000000000000
[2026-07-31 07:43:49.411] [info] [gpu] [t3978552] [ac6-draw] prim=1 verts=4 idx_count=1 vs=C049A8C9E556F129 ps=0000000000000000
[2026-07-31 07:43:49.411] [info] [gpu] [t3978552] [ac6-draw] prim=1 verts=4 idx_count=1 vs=C049A8C9E556F129 ps=0000000000000000
[2026-07-31 07:43:49.411] [info] [gpu] [t3978552] [ac6-draw] prim=1 verts=4 idx_count=1 vs=C049A8C9E556F129 ps=0000000000000000
[2026-07-31 07:43:49.411] [info] [gpu] [t3978552] [ac6-draw] prim=1 verts=4 idx_count=1 vs=C049A8C9E556F129 ps=0000000000000000
[2026-07-31 07:43:49.411] [info] [gpu] [t3978552] [ac6-draw] prim=1 verts=4 idx_count=1 vs=C049A8C9E556F129 ps=0000000000000000
[2026-07-31 07:43:49.411] [info] [gpu] [t3978552] [ac6-draw] prim=1 verts=4 idx_count=1 vs=C049A8C9E556F129 ps=0000000000000000
[2026-07-31 07:43:49.412] [info] [gpu] [t3978552] [ac6-draw] prim=8 verts=3 idx_count=3 vs=0A6D1DD7767FDF27 ps=2E372EA28CC404B7
[2026-07-31 07:43:49.412] [info] [gpu] [t3978552] [ac6-draw] prim=13 verts=4 idx_count=4 vs=472913F460D4B446 ps=8F1C48BA92C8E43E
[2026-07-31 07:43:49.412] [info] [gpu] [t3978552] [ac6-draw] prim=13 verts=64 idx_count=64 vs=472913F460D4B446 ps=8F1C48BA92C8E43E
[2026-07-31 07:43:49.412] [info] [gpu] [t3978552] [ac6-draw] prim=13 verts=4 idx_count=4 vs=472913F460D4B446 ps=8F1C48BA92C8E43E
[2026-07-31 07:43:49.412] [info] [gpu] [t3978552] [ac6-draw] prim=13 verts=4 idx_count=4 vs=472913F460D4B446 ps=8F1C48BA92C8E43E
[2026-07-31 07:43:49.412] [info] [gpu] [t3978552] [ac6-draw] prim=13 verts=8 idx_count=8 vs=472913F460D4B446 ps=8F1C48BA92C8E43E
[2026-07-31 07:43:49.412] [info] [gpu] [t3978552] [ac6-draw] prim=13 verts=4 idx_count=4 vs=472913F460D4B446 ps=8F1C48BA92C8E43E
[2026-07-31 07:43:49.412] [info] [gpu] [t3978552] [ac6-draw] prim=13 verts=20 idx_count=20 vs=472913F460D4B446 ps=8F1C48BA92C8E43E
[2026-07-31 07:43:49.412] [info] [gpu] [t3978552] [ac6-draw] prim=1 verts=4 idx_count=1 vs=C049A8C9E556F129 ps=0000000000000000
[2026-07-31 07:43:49.412] [info] [gpu] [t3978552] [ac6-draw] prim=1 verts=4 idx_count=1 vs=C049A8C9E556F129 ps=0000000000000000
[2026-07-31 07:43:49.412] [info] [gpu] [t3978552] [ac6-draw] prim=1 verts=4 idx_count=1 vs=C049A8C9E556F129 ps=0000000000000000
[2026-07-31 07:43:49.412] [info] [gpu] [t3978552] [ac6-draw] prim=1 verts=4 idx_count=1 vs=C049A8C9E556F129 ps=0000000000000000
[2026-07-31 07:43:49.412] [info] [gpu] [t3978552] [ac6-draw] prim=1 verts=4 idx_count=1 vs=C049A8C9E556F129 ps=0000000000000000
[2026-07-31 07:43:49.412] [info] [gpu] [t3978552] [ac6-draw] prim=1 verts=4 idx_count=1 vs=C049A8C9E556F129 ps=0000000000000000
[2026-07-31 07:43:49.412] [info] [gpu] [t3978552] [ac6-draw] prim=1 verts=4 idx_count=1 vs=C049A8C9E556F129 ps=0000000000000000
[2026-07-31 07:43:49.412] [info] [gpu] [t3978552] [ac6-draw] prim=1 verts=4 idx_count=1 vs=C049A8C9E556F129 ps=0000000000000000
[2026-07-31 07:43:49.412] [info] [gpu] [t3978552] [ac6-draw] prim=1 verts=4 idx_count=1 vs=C049A8C9E556F129 ps=0000000000000000
[2026-07-31 07:43:49.412] [info] [gpu] [t3978552] [ac6-draw] prim=1 verts=4 idx_count=1 vs=C049A8C9E556F129 ps=0000000000000000
[2026-07-31 07:43:49.412] [info] [gpu] [t3978552] [ac6-draw] prim=1 verts=4 idx_count=1 vs=C049A8C9E556F129 ps=0000000000000000
[2026-07-31 07:43:49.412] [info] [gpu] [t3978552] [ac6-draw] prim=1 verts=4 idx_count=1 vs=C049A8C9E556F129 ps=0000000000000000
[2026-07-31 07:43:49.412] [info] [gpu] [t3978552] [ac6-draw] prim=1 verts=4 idx_count=1 vs=C049A8C9E556F129 ps=0000000000000000
[2026-07-31 07:43:49.412] [info] [gpu] [t3978552] [ac6-draw] prim=1 verts=4 idx_count=1 vs=C049A8C9E556F129 ps=0000000000000000
[2026-07-31 07:43:49.412] [info] [gpu] [t3978552] [ac6-draw] prim=1 verts=4 idx_count=1 vs=C049A8C9E556F129 ps=0000000000000000
[2026-07-31 07:43:49.412] [info] [gpu] [t3978552] [ac6-draw] prim=1 verts=4 idx_count=1 vs=C049A8C9E556F129 ps=0000000000000000
[2026-07-31 07:43:49.412] [info] [gpu] [t3978552] [ac6-draw] prim=1 verts=4 idx_count=1 vs=C049A8C9E556F129 ps=0000000000000000
[2026-07-31 07:43:49.412] [info] [gpu] [t3978552] [ac6-draw] prim=1 verts=4 idx_count=1 vs=C049A8C9E556F129 ps=0000000000000000
[2026-07-31 07:43:49.412] [info] [gpu] [t3978552] [ac6-draw] prim=1 verts=4 idx_count=1 vs=C049A8C9E556F129 ps=0000000000000000
[2026-07-31 07:43:49.412] [info] [gpu] [t3978552] [ac6-draw] prim=1 verts=4 idx_count=1 vs=C049A8C9E556F129 ps=0000000000000000
[2026-07-31 07:43:49.412] [info] [gpu] [t3978552] [ac6-draw] prim=1 verts=4 idx_count=1 vs=C049A8C9E556F129 ps=0000000000000000
[2026-07-31 07:43:49.412] [info] [gpu] [t3978552] [ac6-draw] prim=1 verts=4 idx_count=1 vs=C049A8C9E556F129 ps=0000000000000000
[2026-07-31 07:43:49.412] [info] [gpu] [t3978552] [ac6-draw] prim=1 verts=4 idx_count=1 vs=C049A8C9E556F129 ps=0000000000000000
[2026-07-31 07:43:49.412] [info] [gpu] [t3978552] [ac6-draw] prim=1 verts=4 idx_count=1 vs=C049A8C9E556F129 ps=0000000000000000
[2026-07-31 07:43:49.427] [debug] [gpu] [t3978552] XELOG_GPU PRESENT: swap_texture_view=0x76d00d838060 packet_size=1280x720 src_size=1280x720 src_unscaled=1280x720 guest_output_size=1280x720 format=6
[2026-07-31 07:43:49.427] [info] [gpu] [t3978552] [ac6-draw] prim=1 verts=4 idx_count=1 vs=C049A8C9E556F129 ps=0000000000000000
[2026-07-31 07:43:49.427] [info] [gpu] [t3978552] [ac6-draw] prim=1 verts=4 idx_count=1 vs=C049A8C9E556F129 ps=0000000000000000
[2026-07-31 07:43:49.427] [info] [gpu] [t3978552] [ac6-draw] prim=1 verts=4 idx_count=1 vs=C049A8C9E556F129 ps=0000000000000000
[2026-07-31 07:43:49.427] [info] [gpu] [t3978552] [ac6-draw] prim=1 verts=4 idx_count=1 vs=C049A8C9E556F129 ps=0000000000000000
[2026-07-31 07:43:49.427] [info] [gpu] [t3978552] [ac6-draw] prim=1 verts=4 idx_count=1 vs=C049A8C9E556F129 ps=0000000000000000
[2026-07-31 07:43:49.427] [info] [gpu] [t3978552] [ac6-draw] prim=1 verts=4 idx_count=1 vs=C049A8C9E556F129 ps=0000000000000000
[2026-07-31 07:43:49.427] [info] [gpu] [t3978552] [ac6-draw] prim=1 verts=4 idx_count=1 vs=C049A8C9E556F129 ps=0000000000000000
[2026-07-31 07:43:49.427] [info] [gpu] [t3978552] [ac6-draw] prim=1 verts=4 idx_count=1 vs=C049A8C9E556F129 ps=0000000000000000
[2026-07-31 07:43:49.427] [info] [gpu] [t3978552] [ac6-draw] prim=1 verts=4 idx_count=1 vs=C049A8C9E556F129 ps=0000000000000000
[2026-07-31 07:43:49.427] [info] [gpu] [t3978552] [ac6-draw] prim=1 verts=4 idx_count=1 vs=C049A8C9E556F129 ps=0000000000000000
[2026-07-31 07:43:49.427] [info] [gpu] [t3978552] [ac6-draw] prim=1 verts=4 idx_count=1 vs=C049A8C9E556F129 ps=0000000000000000
[2026-07-31 07:43:49.427] [info] [gpu] [t3978552] [ac6-draw] prim=1 verts=4 idx_count=1 vs=C049A8C9E556F129 ps=0000000000000000
[2026-07-31 07:43:49.427] [info] [gpu] [t3978552] [ac6-draw] prim=1 verts=4 idx_count=1 vs=C049A8C9E556F129 ps=0000000000000000
[2026-07-31 07:43:49.427] [info] [gpu] [t3978552] [ac6-draw] prim=1 verts=4 idx_count=1 vs=C049A8C9E556F129 ps=0000000000000000
[2026-07-31 07:43:49.427] [info] [gpu] [t3978552] [ac6-draw] prim=1 verts=4 idx_count=1 vs=C049A8C9E556F129 ps=0000000000000000
[2026-07-31 07:43:49.427] [info] [gpu] [t3978552] [ac6-draw] prim=1 verts=4 idx_count=1 vs=C049A8C9E556F129 ps=0000000000000000
[2026-07-31 07:43:49.427] [info] [gpu] [t3978552] [ac6-draw] prim=1 verts=4 idx_count=1 vs=C049A8C9E556F129 ps=0000000000000000
[2026-07-31 07:43:49.427] [info] [gpu] [t3978552] [ac6-draw] prim=1 verts=4 idx_count=1 vs=C049A8C9E556F129 ps=0000000000000000
[2026-07-31 07:43:49.427] [info] [gpu] [t3978552] [ac6-draw] prim=1 verts=4 idx_count=1 vs=C049A8C9E556F129 ps=0000000000000000
[2026-07-31 07:43:49.427] [info] [gpu] [t3978552] [ac6-draw] prim=1 verts=4 idx_count=1 vs=C049A8C9E556F129 ps=0000000000000000
[2026-07-31 07:43:49.427] [info] [gpu] [t3978552] [ac6-draw] prim=1 verts=4 idx_count=1 vs=C049A8C9E556F129 ps=0000000000000000
[2026-07-31 07:43:49.427] [info] [gpu] [t3978552] [ac6-draw] prim=1 verts=4 idx_count=1 vs=C049A8C9E556F129 ps=0000000000000000
[2026-07-31 07:43:49.427] [info] [gpu] [t3978552] [ac6-draw] prim=1 verts=4 idx_count=1 vs=C049A8C9E556F129 ps=0000000000000000
[2026-07-31 07:43:49.427] [info] [gpu] [t3978552] [ac6-draw] prim=1 verts=4 idx_count=1 vs=C049A8C9E556F129 ps=0000000000000000
[2026-07-31 07:43:49.428] [info] [gpu] [t3978552] [ac6-draw] prim=8 verts=3 idx_count=3 vs=0A6D1DD7767FDF27 ps=2E372EA28CC404B7
[2026-07-31 07:43:49.428] [info] [gpu] [t3978552] [ac6-draw] prim=13 verts=4 idx_count=4 vs=472913F460D4B446 ps=8F1C48BA92C8E43E
[2026-07-31 07:43:49.428] [info] [gpu] [t3978552] [ac6-draw] prim=13 verts=64 idx_count=64 vs=472913F460D4B446 ps=8F1C48BA92C8E43E
[2026-07-31 07:43:49.428] [info] [gpu] [t3978552] [ac6-draw] prim=13 verts=4 idx_count=4 vs=472913F460D4B446 ps=8F1C48BA92C8E43E
[2026-07-31 07:43:49.428] [info] [gpu] [t3978552] [ac6-draw] prim=13 verts=4 idx_count=4 vs=472913F460D4B446 ps=8F1C48BA92C8E43E
[2026-07-31 07:43:49.428] [info] [gpu] [t3978552] [ac6-draw] prim=13 verts=8 idx_count=8 vs=472913F460D4B446 ps=8F1C48BA92C8E43E
[2026-07-31 07:43:49.428] [info] [gpu] [t3978552] [ac6-draw] prim=13 verts=4 idx_count=4 vs=472913F460D4B446 ps=8F1C48BA92C8E43E
[2026-07-31 07:43:49.428] [info] [gpu] [t3978552] [ac6-draw] prim=13 verts=20 idx_count=20 vs=472913F460D4B446 ps=8F1C48BA92C8E43E
[2026-07-31 07:43:49.428] [info] [gpu] [t3978552] [ac6-draw] prim=1 verts=4 idx_count=1 vs=C049A8C9E556F129 ps=0000000000000000
[2026-07-31 07:43:49.428] [info] [gpu] [t3978552] [ac6-draw] prim=1 verts=4 idx_count=1 vs=C049A8C9E556F129 ps=0000000000000000
[2026-07-31 07:43:49.428] [info] [gpu] [t3978552] [ac6-draw] prim=1 verts=4 idx_count=1 vs=C049A8C9E556F129 ps=0000000000000000
[2026-07-31 07:43:49.428] [info] [gpu] [t3978552] [ac6-draw] prim=1 verts=4 idx_count=1 vs=C049A8C9E556F129 ps=0000000000000000
[2026-07-31 07:43:49.428] [info] [gpu] [t3978552] [ac6-draw] prim=1 verts=4 idx_count=1 vs=C049A8C9E556F129 ps=0000000000000000
[2026-07-31 07:43:49.428] [info] [gpu] [t3978552] [ac6-draw] prim=1 verts=4 idx_count=1 vs=C049A8C9E556F129 ps=0000000000000000
[2026-07-31 07:43:49.428] [info] [gpu] [t3978552] [ac6-draw] prim=1 verts=4 idx_count=1 vs=C049A8C9E556F129 ps=0000000000000000
[2026-07-31 07:43:49.428] [info] [gpu] [t3978552] [ac6-draw] prim=1 verts=4 idx_count=1 vs=C049A8C9E556F129 ps=0000000000000000
[2026-07-31 07:43:49.428] [info] [gpu] [t3978552] [ac6-draw] prim=1 verts=4 idx_count=1 vs=C049A8C9E556F129 ps=0000000000000000
[2026-07-31 07:43:49.428] [info] [gpu] [t3978552] [ac6-draw] prim=1 verts=4 idx_count=1 vs=C049A8C9E556F129 ps=0000000000000000
[2026-07-31 07:43:49.428] [info] [gpu] [t3978552] [ac6-draw] prim=1 verts=4 idx_count=1 vs=C049A8C9E556F129 ps=0000000000000000
[2026-07-31 07:43:49.428] [info] [gpu] [t3978552] [ac6-draw] prim=1 verts=4 idx_count=1 vs=C049A8C9E556F129 ps=0000000000000000
[2026-07-31 07:43:49.428] [info] [gpu] [t3978552] [ac6-draw] prim=1 verts=4 idx_count=1 vs=C049A8C9E556F129 ps=0000000000000000
[2026-07-31 07:43:49.428] [info] [gpu] [t3978552] [ac6-draw] prim=1 verts=4 idx_count=1 vs=C049A8C9E556F129 ps=0000000000000000
[2026-07-31 07:43:49.428] [info] [gpu] [t3978552] [ac6-draw] prim=1 verts=4 idx_count=1 vs=C049A8C9E556F129 ps=0000000000000000
[2026-07-31 07:43:49.428] [info] [gpu] [t3978552] [ac6-draw] prim=1 verts=4 idx_count=1 vs=C049A8C9E556F129 ps=0000000000000000
[2026-07-31 07:43:49.428] [info] [gpu] [t3978552] [ac6-draw] prim=1 verts=4 idx_count=1 vs=C049A8C9E556F129 ps=0000000000000000
[2026-07-31 07:43:49.428] [info] [gpu] [t3978552] [ac6-draw] prim=1 verts=4 idx_count=1 vs=C049A8C9E556F129 ps=0000000000000000
[2026-07-31 07:43:49.428] [info] [gpu] [t3978552] [ac6-draw] prim=1 verts=4 idx_count=1 vs=C049A8C9E556F129 ps=0000000000000000
[2026-07-31 07:43:49.428] [info] [gpu] [t3978552] [ac6-draw] prim=1 verts=4 idx_count=1 vs=C049A8C9E556F129 ps=0000000000000000
[2026-07-31 07:43:49.428] [info] [gpu] [t3978552] [ac6-draw] prim=1 verts=4 idx_count=1 vs=C049A8C9E556F129 ps=0000000000000000
[2026-07-31 07:43:49.428] [info] [gpu] [t3978552] [ac6-draw] prim=1 verts=4 idx_count=1 vs=C049A8C9E556F129 ps=0000000000000000
[2026-07-31 07:43:49.428] [info] [gpu] [t3978552] [ac6-draw] prim=1 verts=4 idx_count=1 vs=C049A8C9E556F129 ps=0000000000000000
[2026-07-31 07:43:49.428] [info] [gpu] [t3978552] [ac6-draw] prim=1 verts=4 idx_count=1 vs=C049A8C9E556F129 ps=0000000000000000
[2026-07-31 07:43:49.443] [debug] [gpu] [t3978552] XELOG_GPU PRESENT: swap_texture_view=0x76d00d838060 packet_size=1280x720 src_size=1280x720 src_unscaled=1280x720 guest_output_size=1280x720 format=6
[2026-07-31 07:43:49.443] [info] [gpu] [t3978552] [ac6-draw] prim=1 verts=4 idx_count=1 vs=C049A8C9E556F129 ps=0000000000000000
[2026-07-31 07:43:49.443] [info] [gpu] [t3978552] [ac6-draw] prim=1 verts=4 idx_count=1 vs=C049A8C9E556F129 ps=0000000000000000
[2026-07-31 07:43:49.443] [info] [gpu] [t3978552] [ac6-draw] prim=1 verts=4 idx_count=1 vs=C049A8C9E556F129 ps=0000000000000000
[2026-07-31 07:43:49.443] [info] [gpu] [t3978552] [ac6-draw] prim=1 verts=4 idx_count=1 vs=C049A8C9E556F129 ps=0000000000000000
[2026-07-31 07:43:49.443] [info] [gpu] [t3978552] [ac6-draw] prim=1 verts=4 idx_count=1 vs=C049A8C9E556F129 ps=0000000000000000
[2026-07-31 07:43:49.444] [info] [gpu] [t3978552] [ac6-draw] prim=1 verts=4 idx_count=1 vs=C049A8C9E556F129 ps=0000000000000000
[2026-07-31 07:43:49.444] [info] [gpu] [t3978552] [ac6-draw] prim=1 verts=4 idx_count=1 vs=C049A8C9E556F129 ps=0000000000000000
[2026-07-31 07:43:49.444] [info] [gpu] [t3978552] [ac6-draw] prim=1 verts=4 idx_count=1 vs=C049A8C9E556F129 ps=0000000000000000
[2026-07-31 07:43:49.444] [info] [gpu] [t3978552] [ac6-draw] prim=1 verts=4 idx_count=1 vs=C049A8C9E556F129 ps=0000000000000000
[2026-07-31 07:43:49.444] [info] [gpu] [t3978552] [ac6-draw] prim=1 verts=4 idx_count=1 vs=C049A8C9E556F129 ps=0000000000000000
[2026-07-31 07:43:49.444] [info] [gpu] [t3978552] [ac6-draw] prim=1 verts=4 idx_count=1 vs=C049A8C9E556F129 ps=0000000000000000
[2026-07-31 07:43:49.444] [info] [gpu] [t3978552] [ac6-draw] prim=1 verts=4 idx_count=1 vs=C049A8C9E556F129 ps=0000000000000000
[2026-07-31 07:43:49.444] [info] [gpu] [t3978552] [ac6-draw] prim=1 verts=4 idx_count=1 vs=C049A8C9E556F129 ps=0000000000000000
[2026-07-31 07:43:49.444] [info] [gpu] [t3978552] [ac6-draw] prim=1 verts=4 idx_count=1 vs=C049A8C9E556F129 ps=0000000000000000
[2026-07-31 07:43:49.444] [info] [gpu] [t3978552] [ac6-draw] prim=1 verts=4 idx_count=1 vs=C049A8C9E556F129 ps=0000000000000000
[2026-07-31 07:43:49.444] [info] [gpu] [t3978552] [ac6-draw] prim=1 verts=4 idx_count=1 vs=C049A8C9E556F129 ps=0000000000000000
[2026-07-31 07:43:49.444] [info] [gpu] [t3978552] [ac6-draw] prim=1 verts=4 idx_count=1 vs=C049A8C9E556F129 ps=0000000000000000
[2026-07-31 07:43:49.444] [info] [gpu] [t3978552] [ac6-draw] prim=1 verts=4 idx_count=1 vs=C049A8C9E556F129 ps=0000000000000000
[2026-07-31 07:43:49.444] [info] [gpu] [t3978552] [ac6-draw] prim=1 verts=4 idx_count=1 vs=C049A8C9E556F129 ps=0000000000000000
[2026-07-31 07:43:49.444] [info] [gpu] [t3978552] [ac6-draw] prim=1 verts=4 idx_count=1 vs=C049A8C9E556F129 ps=0000000000000000
[2026-07-31 07:43:49.444] [info] [gpu] [t3978552] [ac6-draw] prim=1 verts=4 idx_count=1 vs=C049A8C9E556F129 ps=0000000000000000
[2026-07-31 07:43:49.444] [info] [gpu] [t3978552] [ac6-draw] prim=1 verts=4 idx_count=1 vs=C049A8C9E556F129 ps=0000000000000000
[2026-07-31 07:43:49.444] [info] [gpu] [t3978552] [ac6-draw] prim=1 verts=4 idx_count=1 vs=C049A8C9E556F129 ps=0000000000000000
[2026-07-31 07:43:49.444] [info] [gpu] [t3978552] [ac6-draw] prim=1 verts=4 idx_count=1 vs=C049A8C9E556F129 ps=0000000000000000
[2026-07-31 07:43:49.444] [info] [gpu] [t3978552] [ac6-draw] prim=8 verts=3 idx_count=3 vs=0A6D1DD7767FDF27 ps=2E372EA28CC404B7
[2026-07-31 07:43:49.444] [info] [gpu] [t3978552] [ac6-draw] prim=13 verts=4 idx_count=4 vs=472913F460D4B446 ps=8F1C48BA92C8E43E
[2026-07-31 07:43:49.445] [info] [gpu] [t3978552] [ac6-draw] prim=13 verts=64 idx_count=64 vs=472913F460D4B446 ps=8F1C48BA92C8E43E
[2026-07-31 07:43:49.445] [info] [gpu] [t3978552] [ac6-draw] prim=13 verts=4 idx_count=4 vs=472913F460D4B446 ps=8F1C48BA92C8E43E
[2026-07-31 07:43:49.445] [info] [gpu] [t3978552] [ac6-draw] prim=13 verts=4 idx_count=4 vs=472913F460D4B446 ps=8F1C48BA92C8E43E
[2026-07-31 07:43:49.445] [info] [gpu] [t3978552] [ac6-draw] prim=13 verts=8 idx_count=8 vs=472913F460D4B446 ps=8F1C48BA92C8E43E
[2026-07-31 07:43:49.445] [info] [gpu] [t3978552] [ac6-draw] prim=13 verts=4 idx_count=4 vs=472913F460D4B446 ps=8F1C48BA92C8E43E
[2026-07-31 07:43:49.445] [info] [gpu] [t3978552] [ac6-draw] prim=13 verts=20 idx_count=20 vs=472913F460D4B446 ps=8F1C48BA92C8E43E
[2026-07-31 07:43:49.445] [info] [gpu] [t3978552] [ac6-draw] prim=1 verts=4 idx_count=1 vs=C049A8C9E556F129 ps=0000000000000000
[2026-07-31 07:43:49.445] [info] [gpu] [t3978552] [ac6-draw] prim=1 verts=4 idx_count=1 vs=C049A8C9E556F129 ps=0000000000000000
[2026-07-31 07:43:49.445] [info] [gpu] [t3978552] [ac6-draw] prim=1 verts=4 idx_count=1 vs=C049A8C9E556F129 ps=0000000000000000
[2026-07-31 07:43:49.445] [info] [gpu] [t3978552] [ac6-draw] prim=1 verts=4 idx_count=1 vs=C049A8C9E556F129 ps=0000000000000000
[2026-07-31 07:43:49.445] [info] [gpu] [t3978552] [ac6-draw] prim=1 verts=4 idx_count=1 vs=C049A8C9E556F129 ps=0000000000000000
[2026-07-31 07:43:49.445] [info] [gpu] [t3978552] [ac6-draw] prim=1 verts=4 idx_count=1 vs=C049A8C9E556F129 ps=0000000000000000
[2026-07-31 07:43:49.445] [info] [gpu] [t3978552] [ac6-draw] prim=1 verts=4 idx_count=1 vs=C049A8C9E556F129 ps=0000000000000000
[2026-07-31 07:43:49.445] [info] [gpu] [t3978552] [ac6-draw] prim=1 verts=4 idx_count=1 vs=C049A8C9E556F129 ps=0000000000000000
[2026-07-31 07:43:49.445] [info] [gpu] [t3978552] [ac6-draw] prim=1 verts=4 idx_count=1 vs=C049A8C9E556F129 ps=0000000000000000
[2026-07-31 07:43:49.445] [info] [gpu] [t3978552] [ac6-draw] prim=1 verts=4 idx_count=1 vs=C049A8C9E556F129 ps=0000000000000000
[2026-07-31 07:43:49.445] [info] [gpu] [t3978552] [ac6-draw] prim=1 verts=4 idx_count=1 vs=C049A8C9E556F129 ps=0000000000000000
[2026-07-31 07:43:49.445] [info] [gpu] [t3978552] [ac6-draw] prim=1 verts=4 idx_count=1 vs=C049A8C9E556F129 ps=0000000000000000
[2026-07-31 07:43:49.445] [info] [gpu] [t3978552] [ac6-draw] prim=1 verts=4 idx_count=1 vs=C049A8C9E556F129 ps=0000000000000000
[2026-07-31 07:43:49.445] [info] [gpu] [t3978552] [ac6-draw] prim=1 verts=4 idx_count=1 vs=C049A8C9E556F129 ps=0000000000000000
[2026-07-31 07:43:49.445] [info] [gpu] [t3978552] [ac6-draw] prim=1 verts=4 idx_count=1 vs=C049A8C9E556F129 ps=0000000000000000
[2026-07-31 07:43:49.445] [info] [gpu] [t3978552] [ac6-draw] prim=1 verts=4 idx_count=1 vs=C049A8C9E556F129 ps=0000000000000000
[2026-07-31 07:43:49.445] [info] [gpu] [t3978552] [ac6-draw] prim=1 verts=4 idx_count=1 vs=C049A8C9E556F129 ps=0000000000000000
[2026-07-31 07:43:49.445] [info] [gpu] [t3978552] [ac6-draw] prim=1 verts=4 idx_count=1 vs=C049A8C9E556F129 ps=0000000000000000
[2026-07-31 07:43:49.445] [info] [gpu] [t3978552] [ac6-draw] prim=1 verts=4 idx_count=1 vs=C049A8C9E556F129 ps=0000000000000000
[2026-07-31 07:43:49.445] [info] [gpu] [t3978552] [ac6-draw] prim=1 verts=4 idx_count=1 vs=C049A8C9E556F129 ps=0000000000000000
[2026-07-31 07:43:49.445] [info] [gpu] [t3978552] [ac6-draw] prim=1 verts=4 idx_count=1 vs=C049A8C9E556F129 ps=0000000000000000
[2026-07-31 07:43:49.445] [info] [gpu] [t3978552] [ac6-draw] prim=1 verts=4 idx_count=1 vs=C049A8C9E556F129 ps=0000000000000000
[2026-07-31 07:43:49.445] [info] [gpu] [t3978552] [ac6-draw] prim=1 verts=4 idx_count=1 vs=C049A8C9E556F129 ps=0000000000000000
[2026-07-31 07:43:49.445] [info] [gpu] [t3978552] [ac6-draw] prim=1 verts=4 idx_count=1 vs=C049A8C9E556F129 ps=0000000000000000
[2026-07-31 07:43:49.460] [debug] [gpu] [t3978552] XELOG_GPU PRESENT: swap_texture_view=0x76d00d838060 packet_size=1280x720 src_size=1280x720 src_unscaled=1280x720 guest_output_size=1280x720 format=6
[2026-07-31 07:43:49.461] [info] [gpu] [t3978552] [ac6-draw] prim=1 verts=4 idx_count=1 vs=C049A8C9E556F129 ps=0000000000000000
[2026-07-31 07:43:49.461] [info] [gpu] [t3978552] [ac6-draw] prim=1 verts=4 idx_count=1 vs=C049A8C9E556F129 ps=0000000000000000
[2026-07-31 07:43:49.461] [info] [gpu] [t3978552] [ac6-draw] prim=1 verts=4 idx_count=1 vs=C049A8C9E556F129 ps=0000000000000000
[2026-07-31 07:43:49.461] [info] [gpu] [t3978552] [ac6-draw] prim=1 verts=4 idx_count=1 vs=C049A8C9E556F129 ps=0000000000000000
[2026-07-31 07:43:49.461] [info] [gpu] [t3978552] [ac6-draw] prim=1 verts=4 idx_count=1 vs=C049A8C9E556F129 ps=0000000000000000
[2026-07-31 07:43:49.461] [info] [gpu] [t3978552] [ac6-draw] prim=1 verts=4 idx_count=1 vs=C049A8C9E556F129 ps=0000000000000000
[2026-07-31 07:43:49.461] [info] [gpu] [t3978552] [ac6-draw] prim=1 verts=4 idx_count=1 vs=C049A8C9E556F129 ps=0000000000000000
[2026-07-31 07:43:49.461] [info] [gpu] [t3978552] [ac6-draw] prim=1 verts=4 idx_count=1 vs=C049A8C9E556F129 ps=0000000000000000
[2026-07-31 07:43:49.461] [info] [gpu] [t3978552] [ac6-draw] prim=1 verts=4 idx_count=1 vs=C049A8C9E556F129 ps=0000000000000000
[2026-07-31 07:43:49.461] [info] [gpu] [t3978552] [ac6-draw] prim=1 verts=4 idx_count=1 vs=C049A8C9E556F129 ps=0000000000000000
[2026-07-31 07:43:49.461] [info] [gpu] [t3978552] [ac6-draw] prim=1 verts=4 idx_count=1 vs=C049A8C9E556F129 ps=0000000000000000
[2026-07-31 07:43:49.461] [info] [gpu] [t3978552] [ac6-draw] prim=1 verts=4 idx_count=1 vs=C049A8C9E556F129 ps=0000000000000000
[2026-07-31 07:43:49.461] [info] [gpu] [t3978552] [ac6-draw] prim=1 verts=4 idx_count=1 vs=C049A8C9E556F129 ps=0000000000000000
[2026-07-31 07:43:49.461] [info] [gpu] [t3978552] [ac6-draw] prim=1 verts=4 idx_count=1 vs=C049A8C9E556F129 ps=0000000000000000
[2026-07-31 07:43:49.461] [info] [gpu] [t3978552] [ac6-draw] prim=1 verts=4 idx_count=1 vs=C049A8C9E556F129 ps=0000000000000000
[2026-07-31 07:43:49.461] [info] [gpu] [t3978552] [ac6-draw] prim=1 verts=4 idx_count=1 vs=C049A8C9E556F129 ps=0000000000000000
[2026-07-31 07:43:49.461] [info] [gpu] [t3978552] [ac6-draw] prim=1 verts=4 idx_count=1 vs=C049A8C9E556F129 ps=0000000000000000
[2026-07-31 07:43:49.461] [info] [gpu] [t3978552] [ac6-draw] prim=1 verts=4 idx_count=1 vs=C049A8C9E556F129 ps=0000000000000000
[2026-07-31 07:43:49.461] [info] [gpu] [t3978552] [ac6-draw] prim=1 verts=4 idx_count=1 vs=C049A8C9E556F129 ps=0000000000000000
[2026-07-31 07:43:49.461] [info] [gpu] [t3978552] [ac6-draw] prim=1 verts=4 idx_count=1 vs=C049A8C9E556F129 ps=0000000000000000
[2026-07-31 07:43:49.461] [info] [gpu] [t3978552] [ac6-draw] prim=1 verts=4 idx_count=1 vs=C049A8C9E556F129 ps=0000000000000000
[2026-07-31 07:43:49.461] [info] [gpu] [t3978552] [ac6-draw] prim=1 verts=4 idx_count=1 vs=C049A8C9E556F129 ps=0000000000000000
[2026-07-31 07:43:49.461] [info] [gpu] [t3978552] [ac6-draw] prim=1 verts=4 idx_count=1 vs=C049A8C9E556F129 ps=0000000000000000
[2026-07-31 07:43:49.461] [info] [gpu] [t3978552] [ac6-draw] prim=1 verts=4 idx_count=1 vs=C049A8C9E556F129 ps=0000000000000000
[2026-07-31 07:43:49.461] [info] [gpu] [t3978552] [ac6-draw] prim=8 verts=3 idx_count=3 vs=0A6D1DD7767FDF27 ps=2E372EA28CC404B7
[2026-07-31 07:43:49.462] [info] [gpu] [t3978552] [ac6-draw] prim=13 verts=4 idx_count=4 vs=472913F460D4B446 ps=8F1C48BA92C8E43E
[2026-07-31 07:43:49.462] [info] [gpu] [t3978552] [ac6-draw] prim=13 verts=64 idx_count=64 vs=472913F460D4B446 ps=8F1C48BA92C8E43E
[2026-07-31 07:43:49.462] [info] [gpu] [t3978552] [ac6-draw] prim=13 verts=4 idx_count=4 vs=472913F460D4B446 ps=8F1C48BA92C8E43E
[2026-07-31 07:43:49.462] [info] [gpu] [t3978552] [ac6-draw] prim=13 verts=4 idx_count=4 vs=472913F460D4B446 ps=8F1C48BA92C8E43E
[2026-07-31 07:43:49.462] [info] [gpu] [t3978552] [ac6-draw] prim=13 verts=8 idx_count=8 vs=472913F460D4B446 ps=8F1C48BA92C8E43E
[2026-07-31 07:43:49.462] [info] [gpu] [t3978552] [ac6-draw] prim=13 verts=4 idx_count=4 vs=472913F460D4B446 ps=8F1C48BA92C8E43E
[2026-07-31 07:43:49.462] [info] [gpu] [t3978552] [ac6-draw] prim=13 verts=20 idx_count=20 vs=472913F460D4B446 ps=8F1C48BA92C8E43E
[2026-07-31 07:43:49.462] [info] [gpu] [t3978552] [ac6-draw] prim=1 verts=4 idx_count=1 vs=C049A8C9E556F129 ps=0000000000000000
[2026-07-31 07:43:49.462] [info] [gpu] [t3978552] [ac6-draw] prim=1 verts=4 idx_count=1 vs=C049A8C9E556F129 ps=0000000000000000
[2026-07-31 07:43:49.462] [info] [gpu] [t3978552] [ac6-draw] prim=1 verts=4 idx_count=1 vs=C049A8C9E556F129 ps=0000000000000000
[2026-07-31 07:43:49.462] [info] [gpu] [t3978552] [ac6-draw] prim=1 verts=4 idx_count=1 vs=C049A8C9E556F129 ps=0000000000000000
[2026-07-31 07:43:49.462] [info] [gpu] [t3978552] [ac6-draw] prim=1 verts=4 idx_count=1 vs=C049A8C9E556F129 ps=0000000000000000
[2026-07-31 07:43:49.462] [info] [gpu] [t3978552] [ac6-draw] prim=1 verts=4 idx_count=1 vs=C049A8C9E556F129 ps=0000000000000000
[2026-07-31 07:43:49.462] [info] [gpu] [t3978552] [ac6-draw] prim=1 verts=4 idx_count=1 vs=C049A8C9E556F129 ps=0000000000000000
[2026-07-31 07:43:49.462] [info] [gpu] [t3978552] [ac6-draw] prim=1 verts=4 idx_count=1 vs=C049A8C9E556F129 ps=0000000000000000
[2026-07-31 07:43:49.462] [info] [gpu] [t3978552] [ac6-draw] prim=1 verts=4 idx_count=1 vs=C049A8C9E556F129 ps=0000000000000000
[2026-07-31 07:43:49.462] [info] [gpu] [t3978552] [ac6-draw] prim=1 verts=4 idx_count=1 vs=C049A8C9E556F129 ps=0000000000000000
[2026-07-31 07:43:49.462] [info] [gpu] [t3978552] [ac6-draw] prim=1 verts=4 idx_count=1 vs=C049A8C9E556F129 ps=0000000000000000
[2026-07-31 07:43:49.462] [info] [gpu] [t3978552] [ac6-draw] prim=1 verts=4 idx_count=1 vs=C049A8C9E556F129 ps=0000000000000000
[2026-07-31 07:43:49.462] [info] [gpu] [t3978552] [ac6-draw] prim=1 verts=4 idx_count=1 vs=C049A8C9E556F129 ps=0000000000000000
[2026-07-31 07:43:49.462] [info] [gpu] [t3978552] [ac6-draw] prim=1 verts=4 idx_count=1 vs=C049A8C9E556F129 ps=0000000000000000
[2026-07-31 07:43:49.462] [info] [gpu] [t3978552] [ac6-draw] prim=1 verts=4 idx_count=1 vs=C049A8C9E556F129 ps=0000000000000000
[2026-07-31 07:43:49.462] [info] [gpu] [t3978552] [ac6-draw] prim=1 verts=4 idx_count=1 vs=C049A8C9E556F129 ps=0000000000000000
[2026-07-31 07:43:49.462] [info] [gpu] [t3978552] [ac6-draw] prim=1 verts=4 idx_count=1 vs=C049A8C9E556F129 ps=0000000000000000
[2026-07-31 07:43:49.462] [info] [gpu] [t3978552] [ac6-draw] prim=1 verts=4 idx_count=1 vs=C049A8C9E556F129 ps=0000000000000000
[2026-07-31 07:43:49.462] [info] [gpu] [t3978552] [ac6-draw] prim=1 verts=4 idx_count=1 vs=C049A8C9E556F129 ps=0000000000000000
[2026-07-31 07:43:49.462] [info] [gpu] [t3978552] [ac6-draw] prim=1 verts=4 idx_count=1 vs=C049A8C9E556F129 ps=0000000000000000
[2026-07-31 07:43:49.462] [info] [gpu] [t3978552] [ac6-draw] prim=1 verts=4 idx_count=1 vs=C049A8C9E556F129 ps=0000000000000000
[2026-07-31 07:43:49.462] [info] [gpu] [t3978552] [ac6-draw] prim=1 verts=4 idx_count=1 vs=C049A8C9E556F129 ps=0000000000000000
[2026-07-31 07:43:49.462] [info] [gpu] [t3978552] [ac6-draw] prim=1 verts=4 idx_count=1 vs=C049A8C9E556F129 ps=0000000000000000
[2026-07-31 07:43:49.462] [info] [gpu] [t3978552] [ac6-draw] prim=1 verts=4 idx_count=1 vs=C049A8C9E556F129 ps=0000000000000000
[2026-07-31 07:43:49.476] [debug] [gpu] [t3978552] XELOG_GPU PRESENT: swap_texture_view=0x76d00d838060 packet_size=1280x720 src_size=1280x720 src_unscaled=1280x720 guest_output_size=1280x720 format=6
[2026-07-31 07:43:49.477] [info] [gpu] [t3978552] [ac6-draw] prim=1 verts=4 idx_count=1 vs=C049A8C9E556F129 ps=0000000000000000
[2026-07-31 07:43:49.477] [info] [gpu] [t3978552] [ac6-draw] prim=1 verts=4 idx_count=1 vs=C049A8C9E556F129 ps=0000000000000000
[2026-07-31 07:43:49.477] [info] [gpu] [t3978552] [ac6-draw] prim=1 verts=4 idx_count=1 vs=C049A8C9E556F129 ps=0000000000000000
[2026-07-31 07:43:49.477] [info] [gpu] [t3978552] [ac6-draw] prim=1 verts=4 idx_count=1 vs=C049A8C9E556F129 ps=0000000000000000
[2026-07-31 07:43:49.477] [info] [gpu] [t3978552] [ac6-draw] prim=1 verts=4 idx_count=1 vs=C049A8C9E556F129 ps=0000000000000000
[2026-07-31 07:43:49.477] [info] [gpu] [t3978552] [ac6-draw] prim=1 verts=4 idx_count=1 vs=C049A8C9E556F129 ps=0000000000000000
[2026-07-31 07:43:49.477] [info] [gpu] [t3978552] [ac6-draw] prim=1 verts=4 idx_count=1 vs=C049A8C9E556F129 ps=0000000000000000
[2026-07-31 07:43:49.477] [info] [gpu] [t3978552] [ac6-draw] prim=1 verts=4 idx_count=1 vs=C049A8C9E556F129 ps=0000000000000000
[2026-07-31 07:43:49.477] [info] [gpu] [t3978552] [ac6-draw] prim=1 verts=4 idx_count=1 vs=C049A8C9E556F129 ps=0000000000000000
[2026-07-31 07:43:49.477] [info] [gpu] [t3978552] [ac6-draw] prim=1 verts=4 idx_count=1 vs=C049A8C9E556F129 ps=0000000000000000
[2026-07-31 07:43:49.477] [info] [gpu] [t3978552] [ac6-draw] prim=1 verts=4 idx_count=1 vs=C049A8C9E556F129 ps=0000000000000000
[2026-07-31 07:43:49.477] [info] [gpu] [t3978552] [ac6-draw] prim=1 verts=4 idx_count=1 vs=C049A8C9E556F129 ps=0000000000000000
[2026-07-31 07:43:49.477] [info] [gpu] [t3978552] [ac6-draw] prim=1 verts=4 idx_count=1 vs=C049A8C9E556F129 ps=0000000000000000
[2026-07-31 07:43:49.477] [info] [gpu] [t3978552] [ac6-draw] prim=1 verts=4 idx_count=1 vs=C049A8C9E556F129 ps=0000000000000000
[2026-07-31 07:43:49.477] [info] [gpu] [t3978552] [ac6-draw] prim=1 verts=4 idx_count=1 vs=C049A8C9E556F129 ps=0000000000000000
[2026-07-31 07:43:49.477] [info] [gpu] [t3978552] [ac6-draw] prim=1 verts=4 idx_count=1 vs=C049A8C9E556F129 ps=0000000000000000
[2026-07-31 07:43:49.477] [info] [gpu] [t3978552] [ac6-draw] prim=1 verts=4 idx_count=1 vs=C049A8C9E556F129 ps=0000000000000000
[2026-07-31 07:43:49.477] [info] [gpu] [t3978552] [ac6-draw] prim=1 verts=4 idx_count=1 vs=C049A8C9E556F129 ps=0000000000000000
[2026-07-31 07:43:49.477] [info] [gpu] [t3978552] [ac6-draw] prim=1 verts=4 idx_count=1 vs=C049A8C9E556F129 ps=0000000000000000
[2026-07-31 07:43:49.477] [info] [gpu] [t3978552] [ac6-draw] prim=1 verts=4 idx_count=1 vs=C049A8C9E556F129 ps=0000000000000000
[2026-07-31 07:43:49.477] [info] [gpu] [t3978552] [ac6-draw] prim=1 verts=4 idx_count=1 vs=C049A8C9E556F129 ps=0000000000000000
[2026-07-31 07:43:49.477] [info] [gpu] [t3978552] [ac6-draw] prim=1 verts=4 idx_count=1 vs=C049A8C9E556F129 ps=0000000000000000
[2026-07-31 07:43:49.477] [info] [gpu] [t3978552] [ac6-draw] prim=1 verts=4 idx_count=1 vs=C049A8C9E556F129 ps=0000000000000000
[2026-07-31 07:43:49.477] [info] [gpu] [t3978552] [ac6-draw] prim=1 verts=4 idx_count=1 vs=C049A8C9E556F129 ps=0000000000000000
[2026-07-31 07:43:49.478] [info] [gpu] [t3978552] [ac6-draw] prim=8 verts=3 idx_count=3 vs=0A6D1DD7767FDF27 ps=2E372EA28CC404B7
[2026-07-31 07:43:49.478] [info] [gpu] [t3978552] [ac6-draw] prim=13 verts=4 idx_count=4 vs=472913F460D4B446 ps=8F1C48BA92C8E43E
[2026-07-31 07:43:49.478] [info] [gpu] [t3978552] [ac6-draw] prim=13 verts=64 idx_count=64 vs=472913F460D4B446 ps=8F1C48BA92C8E43E
[2026-07-31 07:43:49.478] [info] [gpu] [t3978552] [ac6-draw] prim=13 verts=4 idx_count=4 vs=472913F460D4B446 ps=8F1C48BA92C8E43E
[2026-07-31 07:43:49.478] [info] [gpu] [t3978552] [ac6-draw] prim=13 verts=4 idx_count=4 vs=472913F460D4B446 ps=8F1C48BA92C8E43E
[2026-07-31 07:43:49.478] [info] [gpu] [t3978552] [ac6-draw] prim=13 verts=8 idx_count=8 vs=472913F460D4B446 ps=8F1C48BA92C8E43E
[2026-07-31 07:43:49.478] [info] [gpu] [t3978552] [ac6-draw] prim=13 verts=4 idx_count=4 vs=472913F460D4B446 ps=8F1C48BA92C8E43E
[2026-07-31 07:43:49.478] [info] [gpu] [t3978552] [ac6-draw] prim=13 verts=20 idx_count=20 vs=472913F460D4B446 ps=8F1C48BA92C8E43E
[2026-07-31 07:43:49.478] [info] [gpu] [t3978552] [ac6-draw] prim=1 verts=4 idx_count=1 vs=C049A8C9E556F129 ps=0000000000000000
[2026-07-31 07:43:49.478] [info] [gpu] [t3978552] [ac6-draw] prim=1 verts=4 idx_count=1 vs=C049A8C9E556F129 ps=0000000000000000
[2026-07-31 07:43:49.478] [info] [gpu] [t3978552] [ac6-draw] prim=1 verts=4 idx_count=1 vs=C049A8C9E556F129 ps=0000000000000000
[2026-07-31 07:43:49.478] [info] [gpu] [t3978552] [ac6-draw] prim=1 verts=4 idx_count=1 vs=C049A8C9E556F129 ps=0000000000000000
[2026-07-31 07:43:49.478] [info] [gpu] [t3978552] [ac6-draw] prim=1 verts=4 idx_count=1 vs=C049A8C9E556F129 ps=0000000000000000
[2026-07-31 07:43:49.478] [info] [gpu] [t3978552] [ac6-draw] prim=1 verts=4 idx_count=1 vs=C049A8C9E556F129 ps=0000000000000000
[2026-07-31 07:43:49.478] [info] [gpu] [t3978552] [ac6-draw] prim=1 verts=4 idx_count=1 vs=C049A8C9E556F129 ps=0000000000000000
[2026-07-31 07:43:49.478] [info] [gpu] [t3978552] [ac6-draw] prim=1 verts=4 idx_count=1 vs=C049A8C9E556F129 ps=0000000000000000
[2026-07-31 07:43:49.478] [info] [gpu] [t3978552] [ac6-draw] prim=1 verts=4 idx_count=1 vs=C049A8C9E556F129 ps=0000000000000000
[2026-07-31 07:43:49.478] [info] [gpu] [t3978552] [ac6-draw] prim=1 verts=4 idx_count=1 vs=C049A8C9E556F129 ps=0000000000000000
[2026-07-31 07:43:49.478] [info] [gpu] [t3978552] [ac6-draw] prim=1 verts=4 idx_count=1 vs=C049A8C9E556F129 ps=0000000000000000
[2026-07-31 07:43:49.478] [info] [gpu] [t3978552] [ac6-draw] prim=1 verts=4 idx_count=1 vs=C049A8C9E556F129 ps=0000000000000000
[2026-07-31 07:43:49.478] [info] [gpu] [t3978552] [ac6-draw] prim=1 verts=4 idx_count=1 vs=C049A8C9E556F129 ps=0000000000000000
[2026-07-31 07:43:49.478] [info] [gpu] [t3978552] [ac6-draw] prim=1 verts=4 idx_count=1 vs=C049A8C9E556F129 ps=0000000000000000
[2026-07-31 07:43:49.478] [info] [gpu] [t3978552] [ac6-draw] prim=1 verts=4 idx_count=1 vs=C049A8C9E556F129 ps=0000000000000000
[2026-07-31 07:43:49.478] [info] [gpu] [t3978552] [ac6-draw] prim=1 verts=4 idx_count=1 vs=C049A8C9E556F129 ps=0000000000000000
[2026-07-31 07:43:49.478] [info] [gpu] [t3978552] [ac6-draw] prim=1 verts=4 idx_count=1 vs=C049A8C9E556F129 ps=0000000000000000
[2026-07-31 07:43:49.478] [info] [gpu] [t3978552] [ac6-draw] prim=1 verts=4 idx_count=1 vs=C049A8C9E556F129 ps=0000000000000000
[2026-07-31 07:43:49.478] [info] [gpu] [t3978552] [ac6-draw] prim=1 verts=4 idx_count=1 vs=C049A8C9E556F129 ps=0000000000000000
[2026-07-31 07:43:49.478] [info] [gpu] [t3978552] [ac6-draw] prim=1 verts=4 idx_count=1 vs=C049A8C9E556F129 ps=0000000000000000
[2026-07-31 07:43:49.478] [info] [gpu] [t3978552] [ac6-draw] prim=1 verts=4 idx_count=1 vs=C049A8C9E556F129 ps=0000000000000000
[2026-07-31 07:43:49.478] [info] [gpu] [t3978552] [ac6-draw] prim=1 verts=4 idx_count=1 vs=C049A8C9E556F129 ps=0000000000000000
[2026-07-31 07:43:49.478] [info] [gpu] [t3978552] [ac6-draw] prim=1 verts=4 idx_count=1 vs=C049A8C9E556F129 ps=0000000000000000
[2026-07-31 07:43:49.478] [info] [gpu] [t3978552] [ac6-draw] prim=1 verts=4 idx_count=1 vs=C049A8C9E556F129 ps=0000000000000000
[2026-07-31 07:43:49.494] [debug] [gpu] [t3978552] XELOG_GPU PRESENT: swap_texture_view=0x76d00d838060 packet_size=1280x720 src_size=1280x720 src_unscaled=1280x720 guest_output_size=1280x720 format=6
[2026-07-31 07:43:49.494] [info] [gpu] [t3978552] [ac6-draw] prim=1 verts=4 idx_count=1 vs=C049A8C9E556F129 ps=0000000000000000
[2026-07-31 07:43:49.494] [info] [gpu] [t3978552] [ac6-draw] prim=1 verts=4 idx_count=1 vs=C049A8C9E556F129 ps=0000000000000000
[2026-07-31 07:43:49.494] [info] [gpu] [t3978552] [ac6-draw] prim=1 verts=4 idx_count=1 vs=C049A8C9E556F129 ps=0000000000000000
[2026-07-31 07:43:49.494] [info] [gpu] [t3978552] [ac6-draw] prim=1 verts=4 idx_count=1 vs=C049A8C9E556F129 ps=0000000000000000
[2026-07-31 07:43:49.494] [info] [gpu] [t3978552] [ac6-draw] prim=1 verts=4 idx_count=1 vs=C049A8C9E556F129 ps=0000000000000000
[2026-07-31 07:43:49.494] [info] [gpu] [t3978552] [ac6-draw] prim=1 verts=4 idx_count=1 vs=C049A8C9E556F129 ps=0000000000000000
[2026-07-31 07:43:49.494] [info] [gpu] [t3978552] [ac6-draw] prim=1 verts=4 idx_count=1 vs=C049A8C9E556F129 ps=0000000000000000
[2026-07-31 07:43:49.494] [info] [gpu] [t3978552] [ac6-draw] prim=1 verts=4 idx_count=1 vs=C049A8C9E556F129 ps=0000000000000000
[2026-07-31 07:43:49.494] [info] [gpu] [t3978552] [ac6-draw] prim=1 verts=4 idx_count=1 vs=C049A8C9E556F129 ps=0000000000000000
[2026-07-31 07:43:49.494] [info] [gpu] [t3978552] [ac6-draw] prim=1 verts=4 idx_count=1 vs=C049A8C9E556F129 ps=0000000000000000
[2026-07-31 07:43:49.494] [info] [gpu] [t3978552] [ac6-draw] prim=1 verts=4 idx_count=1 vs=C049A8C9E556F129 ps=0000000000000000
[2026-07-31 07:43:49.494] [info] [gpu] [t3978552] [ac6-draw] prim=1 verts=4 idx_count=1 vs=C049A8C9E556F129 ps=0000000000000000
[2026-07-31 07:43:49.494] [info] [gpu] [t3978552] [ac6-draw] prim=1 verts=4 idx_count=1 vs=C049A8C9E556F129 ps=0000000000000000
[2026-07-31 07:43:49.494] [info] [gpu] [t3978552] [ac6-draw] prim=1 verts=4 idx_count=1 vs=C049A8C9E556F129 ps=0000000000000000
[2026-07-31 07:43:49.494] [info] [gpu] [t3978552] [ac6-draw] prim=1 verts=4 idx_count=1 vs=C049A8C9E556F129 ps=0000000000000000
[2026-07-31 07:43:49.494] [info] [gpu] [t3978552] [ac6-draw] prim=1 verts=4 idx_count=1 vs=C049A8C9E556F129 ps=0000000000000000
[2026-07-31 07:43:49.494] [info] [gpu] [t3978552] [ac6-draw] prim=1 verts=4 idx_count=1 vs=C049A8C9E556F129 ps=0000000000000000
[2026-07-31 07:43:49.494] [info] [gpu] [t3978552] [ac6-draw] prim=1 verts=4 idx_count=1 vs=C049A8C9E556F129 ps=0000000000000000
[2026-07-31 07:43:49.494] [info] [gpu] [t3978552] [ac6-draw] prim=1 verts=4 idx_count=1 vs=C049A8C9E556F129 ps=0000000000000000
[2026-07-31 07:43:49.494] [info] [gpu] [t3978552] [ac6-draw] prim=1 verts=4 idx_count=1 vs=C049A8C9E556F129 ps=0000000000000000
[2026-07-31 07:43:49.494] [info] [gpu] [t3978552] [ac6-draw] prim=1 verts=4 idx_count=1 vs=C049A8C9E556F129 ps=0000000000000000
[2026-07-31 07:43:49.494] [info] [gpu] [t3978552] [ac6-draw] prim=1 verts=4 idx_count=1 vs=C049A8C9E556F129 ps=0000000000000000
[2026-07-31 07:43:49.494] [info] [gpu] [t3978552] [ac6-draw] prim=1 verts=4 idx_count=1 vs=C049A8C9E556F129 ps=0000000000000000
[2026-07-31 07:43:49.494] [info] [gpu] [t3978552] [ac6-draw] prim=1 verts=4 idx_count=1 vs=C049A8C9E556F129 ps=0000000000000000
[2026-07-31 07:43:49.494] [info] [gpu] [t3978552] [ac6-draw] prim=8 verts=3 idx_count=3 vs=0A6D1DD7767FDF27 ps=2E372EA28CC404B7
[2026-07-31 07:43:49.495] [info] [gpu] [t3978552] [ac6-draw] prim=13 verts=4 idx_count=4 vs=472913F460D4B446 ps=8F1C48BA92C8E43E
[2026-07-31 07:43:49.495] [info] [gpu] [t3978552] [ac6-draw] prim=13 verts=64 idx_count=64 vs=472913F460D4B446 ps=8F1C48BA92C8E43E
[2026-07-31 07:43:49.495] [info] [gpu] [t3978552] [ac6-draw] prim=13 verts=4 idx_count=4 vs=472913F460D4B446 ps=8F1C48BA92C8E43E
[2026-07-31 07:43:49.495] [info] [gpu] [t3978552] [ac6-draw] prim=13 verts=4 idx_count=4 vs=472913F460D4B446 ps=8F1C48BA92C8E43E
[2026-07-31 07:43:49.495] [info] [gpu] [t3978552] [ac6-draw] prim=13 verts=8 idx_count=8 vs=472913F460D4B446 ps=8F1C48BA92C8E43E
[2026-07-31 07:43:49.495] [info] [gpu] [t3978552] [ac6-draw] prim=13 verts=4 idx_count=4 vs=472913F460D4B446 ps=8F1C48BA92C8E43E
[2026-07-31 07:43:49.495] [info] [gpu] [t3978552] [ac6-draw] prim=13 verts=20 idx_count=20 vs=472913F460D4B446 ps=8F1C48BA92C8E43E
[2026-07-31 07:43:49.495] [info] [gpu] [t3978552] [ac6-draw] prim=1 verts=4 idx_count=1 vs=C049A8C9E556F129 ps=0000000000000000
[2026-07-31 07:43:49.495] [info] [gpu] [t3978552] [ac6-draw] prim=1 verts=4 idx_count=1 vs=C049A8C9E556F129 ps=0000000000000000
[2026-07-31 07:43:49.495] [info] [gpu] [t3978552] [ac6-draw] prim=1 verts=4 idx_count=1 vs=C049A8C9E556F129 ps=0000000000000000
[2026-07-31 07:43:49.495] [info] [gpu] [t3978552] [ac6-draw] prim=1 verts=4 idx_count=1 vs=C049A8C9E556F129 ps=0000000000000000
[2026-07-31 07:43:49.495] [info] [gpu] [t3978552] [ac6-draw] prim=1 verts=4 idx_count=1 vs=C049A8C9E556F129 ps=0000000000000000
[2026-07-31 07:43:49.495] [info] [gpu] [t3978552] [ac6-draw] prim=1 verts=4 idx_count=1 vs=C049A8C9E556F129 ps=0000000000000000
[2026-07-31 07:43:49.495] [info] [gpu] [t3978552] [ac6-draw] prim=1 verts=4 idx_count=1 vs=C049A8C9E556F129 ps=0000000000000000
[2026-07-31 07:43:49.495] [info] [gpu] [t3978552] [ac6-draw] prim=1 verts=4 idx_count=1 vs=C049A8C9E556F129 ps=0000000000000000
[2026-07-31 07:43:49.495] [info] [gpu] [t3978552] [ac6-draw] prim=1 verts=4 idx_count=1 vs=C049A8C9E556F129 ps=0000000000000000
[2026-07-31 07:43:49.495] [info] [gpu] [t3978552] [ac6-draw] prim=1 verts=4 idx_count=1 vs=C049A8C9E556F129 ps=0000000000000000
[2026-07-31 07:43:49.495] [info] [gpu] [t3978552] [ac6-draw] prim=1 verts=4 idx_count=1 vs=C049A8C9E556F129 ps=0000000000000000
[2026-07-31 07:43:49.495] [info] [gpu] [t3978552] [ac6-draw] prim=1 verts=4 idx_count=1 vs=C049A8C9E556F129 ps=0000000000000000
[2026-07-31 07:43:49.495] [info] [gpu] [t3978552] [ac6-draw] prim=1 verts=4 idx_count=1 vs=C049A8C9E556F129 ps=0000000000000000
[2026-07-31 07:43:49.495] [info] [gpu] [t3978552] [ac6-draw] prim=1 verts=4 idx_count=1 vs=C049A8C9E556F129 ps=0000000000000000
[2026-07-31 07:43:49.495] [info] [gpu] [t3978552] [ac6-draw] prim=1 verts=4 idx_count=1 vs=C049A8C9E556F129 ps=0000000000000000
[2026-07-31 07:43:49.495] [info] [gpu] [t3978552] [ac6-draw] prim=1 verts=4 idx_count=1 vs=C049A8C9E556F129 ps=0000000000000000
[2026-07-31 07:43:49.495] [info] [gpu] [t3978552] [ac6-draw] prim=1 verts=4 idx_count=1 vs=C049A8C9E556F129 ps=0000000000000000
[2026-07-31 07:43:49.495] [info] [gpu] [t3978552] [ac6-draw] prim=1 verts=4 idx_count=1 vs=C049A8C9E556F129 ps=0000000000000000
[2026-07-31 07:43:49.495] [info] [gpu] [t3978552] [ac6-draw] prim=1 verts=4 idx_count=1 vs=C049A8C9E556F129 ps=0000000000000000
[2026-07-31 07:43:49.495] [info] [gpu] [t3978552] [ac6-draw] prim=1 verts=4 idx_count=1 vs=C049A8C9E556F129 ps=0000000000000000
[2026-07-31 07:43:49.495] [info] [gpu] [t3978552] [ac6-draw] prim=1 verts=4 idx_count=1 vs=C049A8C9E556F129 ps=0000000000000000
[2026-07-31 07:43:49.495] [info] [gpu] [t3978552] [ac6-draw] prim=1 verts=4 idx_count=1 vs=C049A8C9E556F129 ps=0000000000000000
[2026-07-31 07:43:49.495] [info] [gpu] [t3978552] [ac6-draw] prim=1 verts=4 idx_count=1 vs=C049A8C9E556F129 ps=0000000000000000
[2026-07-31 07:43:49.495] [info] [gpu] [t3978552] [ac6-draw] prim=1 verts=4 idx_count=1 vs=C049A8C9E556F129 ps=0000000000000000
[2026-07-31 07:43:49.510] [debug] [gpu] [t3978552] XELOG_GPU PRESENT: swap_texture_view=0x76d00d838060 packet_size=1280x720 src_size=1280x720 src_unscaled=1280x720 guest_output_size=1280x720 format=6
[2026-07-31 07:43:49.511] [info] [gpu] [t3978552] [ac6-draw] prim=1 verts=4 idx_count=1 vs=C049A8C9E556F129 ps=0000000000000000
[2026-07-31 07:43:49.511] [info] [gpu] [t3978552] [ac6-draw] prim=1 verts=4 idx_count=1 vs=C049A8C9E556F129 ps=0000000000000000
[2026-07-31 07:43:49.511] [info] [gpu] [t3978552] [ac6-draw] prim=1 verts=4 idx_count=1 vs=C049A8C9E556F129 ps=0000000000000000
[2026-07-31 07:43:49.511] [info] [gpu] [t3978552] [ac6-draw] prim=1 verts=4 idx_count=1 vs=C049A8C9E556F129 ps=0000000000000000
[2026-07-31 07:43:49.511] [info] [gpu] [t3978552] [ac6-draw] prim=1 verts=4 idx_count=1 vs=C049A8C9E556F129 ps=0000000000000000
[2026-07-31 07:43:49.511] [info] [gpu] [t3978552] [ac6-draw] prim=1 verts=4 idx_count=1 vs=C049A8C9E556F129 ps=0000000000000000
[2026-07-31 07:43:49.511] [info] [gpu] [t3978552] [ac6-draw] prim=1 verts=4 idx_count=1 vs=C049A8C9E556F129 ps=0000000000000000
[2026-07-31 07:43:49.511] [info] [gpu] [t3978552] [ac6-draw] prim=1 verts=4 idx_count=1 vs=C049A8C9E556F129 ps=0000000000000000
[2026-07-31 07:43:49.511] [info] [gpu] [t3978552] [ac6-draw] prim=1 verts=4 idx_count=1 vs=C049A8C9E556F129 ps=0000000000000000
[2026-07-31 07:43:49.511] [info] [gpu] [t3978552] [ac6-draw] prim=1 verts=4 idx_count=1 vs=C049A8C9E556F129 ps=0000000000000000
[2026-07-31 07:43:49.511] [info] [gpu] [t3978552] [ac6-draw] prim=1 verts=4 idx_count=1 vs=C049A8C9E556F129 ps=0000000000000000
[2026-07-31 07:43:49.511] [info] [gpu] [t3978552] [ac6-draw] prim=1 verts=4 idx_count=1 vs=C049A8C9E556F129 ps=0000000000000000
[2026-07-31 07:43:49.511] [info] [gpu] [t3978552] [ac6-draw] prim=1 verts=4 idx_count=1 vs=C049A8C9E556F129 ps=0000000000000000
[2026-07-31 07:43:49.511] [info] [gpu] [t3978552] [ac6-draw] prim=1 verts=4 idx_count=1 vs=C049A8C9E556F129 ps=0000000000000000
[2026-07-31 07:43:49.511] [info] [gpu] [t3978552] [ac6-draw] prim=1 verts=4 idx_count=1 vs=C049A8C9E556F129 ps=0000000000000000
[2026-07-31 07:43:49.511] [info] [gpu] [t3978552] [ac6-draw] prim=1 verts=4 idx_count=1 vs=C049A8C9E556F129 ps=0000000000000000
[2026-07-31 07:43:49.511] [info] [gpu] [t3978552] [ac6-draw] prim=1 verts=4 idx_count=1 vs=C049A8C9E556F129 ps=0000000000000000
[2026-07-31 07:43:49.511] [info] [gpu] [t3978552] [ac6-draw] prim=1 verts=4 idx_count=1 vs=C049A8C9E556F129 ps=0000000000000000
[2026-07-31 07:43:49.511] [info] [gpu] [t3978552] [ac6-draw] prim=1 verts=4 idx_count=1 vs=C049A8C9E556F129 ps=0000000000000000
[2026-07-31 07:43:49.511] [info] [gpu] [t3978552] [ac6-draw] prim=1 verts=4 idx_count=1 vs=C049A8C9E556F129 ps=0000000000000000
[2026-07-31 07:43:49.511] [info] [gpu] [t3978552] [ac6-draw] prim=1 verts=4 idx_count=1 vs=C049A8C9E556F129 ps=0000000000000000
[2026-07-31 07:43:49.511] [info] [gpu] [t3978552] [ac6-draw] prim=1 verts=4 idx_count=1 vs=C049A8C9E556F129 ps=0000000000000000
[2026-07-31 07:43:49.511] [info] [gpu] [t3978552] [ac6-draw] prim=1 verts=4 idx_count=1 vs=C049A8C9E556F129 ps=0000000000000000
[2026-07-31 07:43:49.511] [info] [gpu] [t3978552] [ac6-draw] prim=1 verts=4 idx_count=1 vs=C049A8C9E556F129 ps=0000000000000000
[2026-07-31 07:43:49.512] [info] [gpu] [t3978552] [ac6-draw] prim=8 verts=3 idx_count=3 vs=0A6D1DD7767FDF27 ps=2E372EA28CC404B7
[2026-07-31 07:43:49.512] [info] [gpu] [t3978552] [ac6-draw] prim=13 verts=4 idx_count=4 vs=472913F460D4B446 ps=8F1C48BA92C8E43E
[2026-07-31 07:43:49.512] [info] [gpu] [t3978552] [ac6-draw] prim=13 verts=64 idx_count=64 vs=472913F460D4B446 ps=8F1C48BA92C8E43E
[2026-07-31 07:43:49.512] [info] [gpu] [t3978552] [ac6-draw] prim=13 verts=4 idx_count=4 vs=472913F460D4B446 ps=8F1C48BA92C8E43E
[2026-07-31 07:43:49.512] [info] [gpu] [t3978552] [ac6-draw] prim=13 verts=4 idx_count=4 vs=472913F460D4B446 ps=8F1C48BA92C8E43E
[2026-07-31 07:43:49.513] [info] [gpu] [t3978552] [ac6-draw] prim=13 verts=8 idx_count=8 vs=472913F460D4B446 ps=8F1C48BA92C8E43E
[2026-07-31 07:43:49.513] [info] [gpu] [t3978552] [ac6-draw] prim=13 verts=4 idx_count=4 vs=472913F460D4B446 ps=8F1C48BA92C8E43E
[2026-07-31 07:43:49.513] [info] [gpu] [t3978552] [ac6-draw] prim=13 verts=20 idx_count=20 vs=472913F460D4B446 ps=8F1C48BA92C8E43E
[2026-07-31 07:43:49.513] [info] [gpu] [t3978552] [ac6-draw] prim=1 verts=4 idx_count=1 vs=C049A8C9E556F129 ps=0000000000000000
[2026-07-31 07:43:49.513] [info] [gpu] [t3978552] [ac6-draw] prim=1 verts=4 idx_count=1 vs=C049A8C9E556F129 ps=0000000000000000
[2026-07-31 07:43:49.513] [info] [gpu] [t3978552] [ac6-draw] prim=1 verts=4 idx_count=1 vs=C049A8C9E556F129 ps=0000000000000000
[2026-07-31 07:43:49.513] [info] [gpu] [t3978552] [ac6-draw] prim=1 verts=4 idx_count=1 vs=C049A8C9E556F129 ps=0000000000000000
[2026-07-31 07:43:49.513] [info] [gpu] [t3978552] [ac6-draw] prim=1 verts=4 idx_count=1 vs=C049A8C9E556F129 ps=0000000000000000
[2026-07-31 07:43:49.513] [info] [gpu] [t3978552] [ac6-draw] prim=1 verts=4 idx_count=1 vs=C049A8C9E556F129 ps=0000000000000000
[2026-07-31 07:43:49.513] [info] [gpu] [t3978552] [ac6-draw] prim=1 verts=4 idx_count=1 vs=C049A8C9E556F129 ps=0000000000000000
[2026-07-31 07:43:49.513] [info] [gpu] [t3978552] [ac6-draw] prim=1 verts=4 idx_count=1 vs=C049A8C9E556F129 ps=0000000000000000
[2026-07-31 07:43:49.513] [info] [gpu] [t3978552] [ac6-draw] prim=1 verts=4 idx_count=1 vs=C049A8C9E556F129 ps=0000000000000000
[2026-07-31 07:43:49.513] [info] [gpu] [t3978552] [ac6-draw] prim=1 verts=4 idx_count=1 vs=C049A8C9E556F129 ps=0000000000000000
[2026-07-31 07:43:49.513] [info] [gpu] [t3978552] [ac6-draw] prim=1 verts=4 idx_count=1 vs=C049A8C9E556F129 ps=0000000000000000
[2026-07-31 07:43:49.513] [info] [gpu] [t3978552] [ac6-draw] prim=1 verts=4 idx_count=1 vs=C049A8C9E556F129 ps=0000000000000000
[2026-07-31 07:43:49.513] [info] [gpu] [t3978552] [ac6-draw] prim=1 verts=4 idx_count=1 vs=C049A8C9E556F129 ps=0000000000000000
[2026-07-31 07:43:49.513] [info] [gpu] [t3978552] [ac6-draw] prim=1 verts=4 idx_count=1 vs=C049A8C9E556F129 ps=0000000000000000
[2026-07-31 07:43:49.513] [info] [gpu] [t3978552] [ac6-draw] prim=1 verts=4 idx_count=1 vs=C049A8C9E556F129 ps=0000000000000000
[2026-07-31 07:43:49.513] [info] [gpu] [t3978552] [ac6-draw] prim=1 verts=4 idx_count=1 vs=C049A8C9E556F129 ps=0000000000000000
[2026-07-31 07:43:49.513] [info] [gpu] [t3978552] [ac6-draw] prim=1 verts=4 idx_count=1 vs=C049A8C9E556F129 ps=0000000000000000
[2026-07-31 07:43:49.513] [info] [gpu] [t3978552] [ac6-draw] prim=1 verts=4 idx_count=1 vs=C049A8C9E556F129 ps=0000000000000000
[2026-07-31 07:43:49.513] [info] [gpu] [t3978552] [ac6-draw] prim=1 verts=4 idx_count=1 vs=C049A8C9E556F129 ps=0000000000000000
[2026-07-31 07:43:49.513] [info] [gpu] [t3978552] [ac6-draw] prim=1 verts=4 idx_count=1 vs=C049A8C9E556F129 ps=0000000000000000
[2026-07-31 07:43:49.513] [info] [gpu] [t3978552] [ac6-draw] prim=1 verts=4 idx_count=1 vs=C049A8C9E556F129 ps=0000000000000000
[2026-07-31 07:43:49.513] [info] [gpu] [t3978552] [ac6-draw] prim=1 verts=4 idx_count=1 vs=C049A8C9E556F129 ps=0000000000000000
[2026-07-31 07:43:49.513] [info] [gpu] [t3978552] [ac6-draw] prim=1 verts=4 idx_count=1 vs=C049A8C9E556F129 ps=0000000000000000
[2026-07-31 07:43:49.513] [info] [gpu] [t3978552] [ac6-draw] prim=1 verts=4 idx_count=1 vs=C049A8C9E556F129 ps=0000000000000000
[2026-07-31 07:43:49.526] [debug] [gpu] [t3978552] XELOG_GPU PRESENT: swap_texture_view=0x76d00d838060 packet_size=1280x720 src_size=1280x720 src_unscaled=1280x720 guest_output_size=1280x720 format=6
[2026-07-31 07:43:49.527] [info] [gpu] [t3978552] [ac6-draw] prim=1 verts=4 idx_count=1 vs=C049A8C9E556F129 ps=0000000000000000
[2026-07-31 07:43:49.527] [info] [gpu] [t3978552] [ac6-draw] prim=1 verts=4 idx_count=1 vs=C049A8C9E556F129 ps=0000000000000000
[2026-07-31 07:43:49.527] [info] [gpu] [t3978552] [ac6-draw] prim=1 verts=4 idx_count=1 vs=C049A8C9E556F129 ps=0000000000000000
[2026-07-31 07:43:49.527] [info] [gpu] [t3978552] [ac6-draw] prim=1 verts=4 idx_count=1 vs=C049A8C9E556F129 ps=0000000000000000
[2026-07-31 07:43:49.527] [info] [gpu] [t3978552] [ac6-draw] prim=1 verts=4 idx_count=1 vs=C049A8C9E556F129 ps=0000000000000000
[2026-07-31 07:43:49.527] [info] [gpu] [t3978552] [ac6-draw] prim=1 verts=4 idx_count=1 vs=C049A8C9E556F129 ps=0000000000000000
[2026-07-31 07:43:49.527] [info] [gpu] [t3978552] [ac6-draw] prim=1 verts=4 idx_count=1 vs=C049A8C9E556F129 ps=0000000000000000
[2026-07-31 07:43:49.527] [info] [gpu] [t3978552] [ac6-draw] prim=1 verts=4 idx_count=1 vs=C049A8C9E556F129 ps=0000000000000000
[2026-07-31 07:43:49.527] [info] [gpu] [t3978552] [ac6-draw] prim=1 verts=4 idx_count=1 vs=C049A8C9E556F129 ps=0000000000000000
[2026-07-31 07:43:49.527] [info] [gpu] [t3978552] [ac6-draw] prim=1 verts=4 idx_count=1 vs=C049A8C9E556F129 ps=0000000000000000
[2026-07-31 07:43:49.527] [info] [gpu] [t3978552] [ac6-draw] prim=1 verts=4 idx_count=1 vs=C049A8C9E556F129 ps=0000000000000000
[2026-07-31 07:43:49.527] [info] [gpu] [t3978552] [ac6-draw] prim=1 verts=4 idx_count=1 vs=C049A8C9E556F129 ps=0000000000000000
[2026-07-31 07:43:49.527] [info] [gpu] [t3978552] [ac6-draw] prim=1 verts=4 idx_count=1 vs=C049A8C9E556F129 ps=0000000000000000
[2026-07-31 07:43:49.527] [info] [gpu] [t3978552] [ac6-draw] prim=1 verts=4 idx_count=1 vs=C049A8C9E556F129 ps=0000000000000000
[2026-07-31 07:43:49.527] [info] [gpu] [t3978552] [ac6-draw] prim=1 verts=4 idx_count=1 vs=C049A8C9E556F129 ps=0000000000000000
[2026-07-31 07:43:49.527] [info] [gpu] [t3978552] [ac6-draw] prim=1 verts=4 idx_count=1 vs=C049A8C9E556F129 ps=0000000000000000
[2026-07-31 07:43:49.527] [info] [gpu] [t3978552] [ac6-draw] prim=1 verts=4 idx_count=1 vs=C049A8C9E556F129 ps=0000000000000000
[2026-07-31 07:43:49.527] [info] [gpu] [t3978552] [ac6-draw] prim=1 verts=4 idx_count=1 vs=C049A8C9E556F129 ps=0000000000000000
[2026-07-31 07:43:49.527] [info] [gpu] [t3978552] [ac6-draw] prim=1 verts=4 idx_count=1 vs=C049A8C9E556F129 ps=0000000000000000
[2026-07-31 07:43:49.527] [info] [gpu] [t3978552] [ac6-draw] prim=1 verts=4 idx_count=1 vs=C049A8C9E556F129 ps=0000000000000000
[2026-07-31 07:43:49.527] [info] [gpu] [t3978552] [ac6-draw] prim=1 verts=4 idx_count=1 vs=C049A8C9E556F129 ps=0000000000000000
[2026-07-31 07:43:49.527] [info] [gpu] [t3978552] [ac6-draw] prim=1 verts=4 idx_count=1 vs=C049A8C9E556F129 ps=0000000000000000
[2026-07-31 07:43:49.527] [info] [gpu] [t3978552] [ac6-draw] prim=1 verts=4 idx_count=1 vs=C049A8C9E556F129 ps=0000000000000000
[2026-07-31 07:43:49.527] [info] [gpu] [t3978552] [ac6-draw] prim=1 verts=4 idx_count=1 vs=C049A8C9E556F129 ps=0000000000000000
[2026-07-31 07:43:49.528] [info] [gpu] [t3978552] [ac6-draw] prim=8 verts=3 idx_count=3 vs=0A6D1DD7767FDF27 ps=2E372EA28CC404B7
[2026-07-31 07:43:49.529] [info] [gpu] [t3978552] [ac6-draw] prim=13 verts=4 idx_count=4 vs=472913F460D4B446 ps=8F1C48BA92C8E43E
[2026-07-31 07:43:49.529] [info] [gpu] [t3978552] [ac6-draw] prim=13 verts=64 idx_count=64 vs=472913F460D4B446 ps=8F1C48BA92C8E43E
[2026-07-31 07:43:49.529] [info] [gpu] [t3978552] [ac6-draw] prim=13 verts=4 idx_count=4 vs=472913F460D4B446 ps=8F1C48BA92C8E43E
[2026-07-31 07:43:49.529] [info] [gpu] [t3978552] [ac6-draw] prim=13 verts=4 idx_count=4 vs=472913F460D4B446 ps=8F1C48BA92C8E43E
[2026-07-31 07:43:49.529] [info] [gpu] [t3978552] [ac6-draw] prim=13 verts=8 idx_count=8 vs=472913F460D4B446 ps=8F1C48BA92C8E43E
[2026-07-31 07:43:49.529] [info] [gpu] [t3978552] [ac6-draw] prim=13 verts=4 idx_count=4 vs=472913F460D4B446 ps=8F1C48BA92C8E43E
[2026-07-31 07:43:49.529] [info] [gpu] [t3978552] [ac6-draw] prim=13 verts=20 idx_count=20 vs=472913F460D4B446 ps=8F1C48BA92C8E43E
[2026-07-31 07:43:49.529] [info] [gpu] [t3978552] [ac6-draw] prim=1 verts=4 idx_count=1 vs=C049A8C9E556F129 ps=0000000000000000
[2026-07-31 07:43:49.529] [info] [gpu] [t3978552] [ac6-draw] prim=1 verts=4 idx_count=1 vs=C049A8C9E556F129 ps=0000000000000000
[2026-07-31 07:43:49.529] [info] [gpu] [t3978552] [ac6-draw] prim=1 verts=4 idx_count=1 vs=C049A8C9E556F129 ps=0000000000000000
[2026-07-31 07:43:49.529] [info] [gpu] [t3978552] [ac6-draw] prim=1 verts=4 idx_count=1 vs=C049A8C9E556F129 ps=0000000000000000
[2026-07-31 07:43:49.529] [info] [gpu] [t3978552] [ac6-draw] prim=1 verts=4 idx_count=1 vs=C049A8C9E556F129 ps=0000000000000000
[2026-07-31 07:43:49.529] [info] [gpu] [t3978552] [ac6-draw] prim=1 verts=4 idx_count=1 vs=C049A8C9E556F129 ps=0000000000000000
[2026-07-31 07:43:49.529] [info] [gpu] [t3978552] [ac6-draw] prim=1 verts=4 idx_count=1 vs=C049A8C9E556F129 ps=0000000000000000
[2026-07-31 07:43:49.529] [info] [gpu] [t3978552] [ac6-draw] prim=1 verts=4 idx_count=1 vs=C049A8C9E556F129 ps=0000000000000000
[2026-07-31 07:43:49.529] [info] [gpu] [t3978552] [ac6-draw] prim=1 verts=4 idx_count=1 vs=C049A8C9E556F129 ps=0000000000000000
[2026-07-31 07:43:49.529] [info] [gpu] [t3978552] [ac6-draw] prim=1 verts=4 idx_count=1 vs=C049A8C9E556F129 ps=0000000000000000
[2026-07-31 07:43:49.529] [info] [gpu] [t3978552] [ac6-draw] prim=1 verts=4 idx_count=1 vs=C049A8C9E556F129 ps=0000000000000000
[2026-07-31 07:43:49.529] [info] [gpu] [t3978552] [ac6-draw] prim=1 verts=4 idx_count=1 vs=C049A8C9E556F129 ps=0000000000000000
[2026-07-31 07:43:49.529] [info] [gpu] [t3978552] [ac6-draw] prim=1 verts=4 idx_count=1 vs=C049A8C9E556F129 ps=0000000000000000
[2026-07-31 07:43:49.529] [info] [gpu] [t3978552] [ac6-draw] prim=1 verts=4 idx_count=1 vs=C049A8C9E556F129 ps=0000000000000000
[2026-07-31 07:43:49.529] [info] [gpu] [t3978552] [ac6-draw] prim=1 verts=4 idx_count=1 vs=C049A8C9E556F129 ps=0000000000000000
[2026-07-31 07:43:49.529] [info] [gpu] [t3978552] [ac6-draw] prim=1 verts=4 idx_count=1 vs=C049A8C9E556F129 ps=0000000000000000
[2026-07-31 07:43:49.529] [info] [gpu] [t3978552] [ac6-draw] prim=1 verts=4 idx_count=1 vs=C049A8C9E556F129 ps=0000000000000000
[2026-07-31 07:43:49.529] [info] [gpu] [t3978552] [ac6-draw] prim=1 verts=4 idx_count=1 vs=C049A8C9E556F129 ps=0000000000000000
[2026-07-31 07:43:49.529] [info] [gpu] [t3978552] [ac6-draw] prim=1 verts=4 idx_count=1 vs=C049A8C9E556F129 ps=0000000000000000
[2026-07-31 07:43:49.529] [info] [gpu] [t3978552] [ac6-draw] prim=1 verts=4 idx_count=1 vs=C049A8C9E556F129 ps=0000000000000000
[2026-07-31 07:43:49.529] [info] [gpu] [t3978552] [ac6-draw] prim=1 verts=4 idx_count=1 vs=C049A8C9E556F129 ps=0000000000000000
[2026-07-31 07:43:49.529] [info] [gpu] [t3978552] [ac6-draw] prim=1 verts=4 idx_count=1 vs=C049A8C9E556F129 ps=0000000000000000
[2026-07-31 07:43:49.529] [info] [gpu] [t3978552] [ac6-draw] prim=1 verts=4 idx_count=1 vs=C049A8C9E556F129 ps=0000000000000000
[2026-07-31 07:43:49.529] [info] [gpu] [t3978552] [ac6-draw] prim=1 verts=4 idx_count=1 vs=C049A8C9E556F129 ps=0000000000000000
[2026-07-31 07:43:49.543] [debug] [gpu] [t3978552] XELOG_GPU PRESENT: swap_texture_view=0x76d00d838060 packet_size=1280x720 src_size=1280x720 src_unscaled=1280x720 guest_output_size=1280x720 format=6
[2026-07-31 07:43:49.544] [info] [gpu] [t3978552] [ac6-draw] prim=1 verts=4 idx_count=1 vs=C049A8C9E556F129 ps=0000000000000000
[2026-07-31 07:43:49.544] [info] [gpu] [t3978552] [ac6-draw] prim=1 verts=4 idx_count=1 vs=C049A8C9E556F129 ps=0000000000000000
[2026-07-31 07:43:49.544] [info] [gpu] [t3978552] [ac6-draw] prim=1 verts=4 idx_count=1 vs=C049A8C9E556F129 ps=0000000000000000
[2026-07-31 07:43:49.544] [info] [gpu] [t3978552] [ac6-draw] prim=1 verts=4 idx_count=1 vs=C049A8C9E556F129 ps=0000000000000000
[2026-07-31 07:43:49.544] [info] [gpu] [t3978552] [ac6-draw] prim=1 verts=4 idx_count=1 vs=C049A8C9E556F129 ps=0000000000000000
[2026-07-31 07:43:49.544] [info] [gpu] [t3978552] [ac6-draw] prim=1 verts=4 idx_count=1 vs=C049A8C9E556F129 ps=0000000000000000
[2026-07-31 07:43:49.544] [info] [gpu] [t3978552] [ac6-draw] prim=1 verts=4 idx_count=1 vs=C049A8C9E556F129 ps=0000000000000000
[2026-07-31 07:43:49.544] [info] [gpu] [t3978552] [ac6-draw] prim=1 verts=4 idx_count=1 vs=C049A8C9E556F129 ps=0000000000000000
[2026-07-31 07:43:49.544] [info] [gpu] [t3978552] [ac6-draw] prim=1 verts=4 idx_count=1 vs=C049A8C9E556F129 ps=0000000000000000
[2026-07-31 07:43:49.544] [info] [gpu] [t3978552] [ac6-draw] prim=1 verts=4 idx_count=1 vs=C049A8C9E556F129 ps=0000000000000000
[2026-07-31 07:43:49.544] [info] [gpu] [t3978552] [ac6-draw] prim=1 verts=4 idx_count=1 vs=C049A8C9E556F129 ps=0000000000000000
[2026-07-31 07:43:49.544] [info] [gpu] [t3978552] [ac6-draw] prim=1 verts=4 idx_count=1 vs=C049A8C9E556F129 ps=0000000000000000
[2026-07-31 07:43:49.544] [info] [gpu] [t3978552] [ac6-draw] prim=1 verts=4 idx_count=1 vs=C049A8C9E556F129 ps=0000000000000000
[2026-07-31 07:43:49.544] [info] [gpu] [t3978552] [ac6-draw] prim=1 verts=4 idx_count=1 vs=C049A8C9E556F129 ps=0000000000000000
[2026-07-31 07:43:49.544] [info] [gpu] [t3978552] [ac6-draw] prim=1 verts=4 idx_count=1 vs=C049A8C9E556F129 ps=0000000000000000
[2026-07-31 07:43:49.544] [info] [gpu] [t3978552] [ac6-draw] prim=1 verts=4 idx_count=1 vs=C049A8C9E556F129 ps=0000000000000000
[2026-07-31 07:43:49.544] [info] [gpu] [t3978552] [ac6-draw] prim=1 verts=4 idx_count=1 vs=C049A8C9E556F129 ps=0000000000000000
[2026-07-31 07:43:49.544] [info] [gpu] [t3978552] [ac6-draw] prim=1 verts=4 idx_count=1 vs=C049A8C9E556F129 ps=0000000000000000
[2026-07-31 07:43:49.544] [info] [gpu] [t3978552] [ac6-draw] prim=1 verts=4 idx_count=1 vs=C049A8C9E556F129 ps=0000000000000000
[2026-07-31 07:43:49.544] [info] [gpu] [t3978552] [ac6-draw] prim=1 verts=4 idx_count=1 vs=C049A8C9E556F129 ps=0000000000000000
[2026-07-31 07:43:49.544] [info] [gpu] [t3978552] [ac6-draw] prim=1 verts=4 idx_count=1 vs=C049A8C9E556F129 ps=0000000000000000
[2026-07-31 07:43:49.544] [info] [gpu] [t3978552] [ac6-draw] prim=1 verts=4 idx_count=1 vs=C049A8C9E556F129 ps=0000000000000000
[2026-07-31 07:43:49.544] [info] [gpu] [t3978552] [ac6-draw] prim=1 verts=4 idx_count=1 vs=C049A8C9E556F129 ps=0000000000000000
[2026-07-31 07:43:49.544] [info] [gpu] [t3978552] [ac6-draw] prim=1 verts=4 idx_count=1 vs=C049A8C9E556F129 ps=0000000000000000
[2026-07-31 07:43:49.546] [info] [gpu] [t3978552] [ac6-draw] prim=8 verts=3 idx_count=3 vs=0A6D1DD7767FDF27 ps=2E372EA28CC404B7
[2026-07-31 07:43:49.546] [info] [gpu] [t3978552] [ac6-draw] prim=13 verts=4 idx_count=4 vs=472913F460D4B446 ps=8F1C48BA92C8E43E
[2026-07-31 07:43:49.546] [info] [gpu] [t3978552] [ac6-draw] prim=13 verts=64 idx_count=64 vs=472913F460D4B446 ps=8F1C48BA92C8E43E
[2026-07-31 07:43:49.546] [info] [gpu] [t3978552] [ac6-draw] prim=13 verts=4 idx_count=4 vs=472913F460D4B446 ps=8F1C48BA92C8E43E
[2026-07-31 07:43:49.546] [info] [gpu] [t3978552] [ac6-draw] prim=13 verts=4 idx_count=4 vs=472913F460D4B446 ps=8F1C48BA92C8E43E
[2026-07-31 07:43:49.546] [info] [gpu] [t3978552] [ac6-draw] prim=13 verts=8 idx_count=8 vs=472913F460D4B446 ps=8F1C48BA92C8E43E
[2026-07-31 07:43:49.546] [info] [gpu] [t3978552] [ac6-draw] prim=13 verts=4 idx_count=4 vs=472913F460D4B446 ps=8F1C48BA92C8E43E
[2026-07-31 07:43:49.546] [info] [gpu] [t3978552] [ac6-draw] prim=13 verts=20 idx_count=20 vs=472913F460D4B446 ps=8F1C48BA92C8E43E
[2026-07-31 07:43:49.546] [info] [gpu] [t3978552] [ac6-draw] prim=1 verts=4 idx_count=1 vs=C049A8C9E556F129 ps=0000000000000000
[2026-07-31 07:43:49.546] [info] [gpu] [t3978552] [ac6-draw] prim=1 verts=4 idx_count=1 vs=C049A8C9E556F129 ps=0000000000000000
[2026-07-31 07:43:49.546] [info] [gpu] [t3978552] [ac6-draw] prim=1 verts=4 idx_count=1 vs=C049A8C9E556F129 ps=0000000000000000
[2026-07-31 07:43:49.546] [info] [gpu] [t3978552] [ac6-draw] prim=1 verts=4 idx_count=1 vs=C049A8C9E556F129 ps=0000000000000000
[2026-07-31 07:43:49.546] [info] [gpu] [t3978552] [ac6-draw] prim=1 verts=4 idx_count=1 vs=C049A8C9E556F129 ps=0000000000000000
[2026-07-31 07:43:49.546] [info] [gpu] [t3978552] [ac6-draw] prim=1 verts=4 idx_count=1 vs=C049A8C9E556F129 ps=0000000000000000
[2026-07-31 07:43:49.546] [info] [gpu] [t3978552] [ac6-draw] prim=1 verts=4 idx_count=1 vs=C049A8C9E556F129 ps=0000000000000000
[2026-07-31 07:43:49.546] [info] [gpu] [t3978552] [ac6-draw] prim=1 verts=4 idx_count=1 vs=C049A8C9E556F129 ps=0000000000000000
[2026-07-31 07:43:49.546] [info] [gpu] [t3978552] [ac6-draw] prim=1 verts=4 idx_count=1 vs=C049A8C9E556F129 ps=0000000000000000
[2026-07-31 07:43:49.546] [info] [gpu] [t3978552] [ac6-draw] prim=1 verts=4 idx_count=1 vs=C049A8C9E556F129 ps=0000000000000000
[2026-07-31 07:43:49.546] [info] [gpu] [t3978552] [ac6-draw] prim=1 verts=4 idx_count=1 vs=C049A8C9E556F129 ps=0000000000000000
[2026-07-31 07:43:49.546] [info] [gpu] [t3978552] [ac6-draw] prim=1 verts=4 idx_count=1 vs=C049A8C9E556F129 ps=0000000000000000
[2026-07-31 07:43:49.546] [info] [gpu] [t3978552] [ac6-draw] prim=1 verts=4 idx_count=1 vs=C049A8C9E556F129 ps=0000000000000000
[2026-07-31 07:43:49.546] [info] [gpu] [t3978552] [ac6-draw] prim=1 verts=4 idx_count=1 vs=C049A8C9E556F129 ps=0000000000000000
[2026-07-31 07:43:49.546] [info] [gpu] [t3978552] [ac6-draw] prim=1 verts=4 idx_count=1 vs=C049A8C9E556F129 ps=0000000000000000
[2026-07-31 07:43:49.546] [info] [gpu] [t3978552] [ac6-draw] prim=1 verts=4 idx_count=1 vs=C049A8C9E556F129 ps=0000000000000000
[2026-07-31 07:43:49.546] [info] [gpu] [t3978552] [ac6-draw] prim=1 verts=4 idx_count=1 vs=C049A8C9E556F129 ps=0000000000000000
[2026-07-31 07:43:49.546] [info] [gpu] [t3978552] [ac6-draw] prim=1 verts=4 idx_count=1 vs=C049A8C9E556F129 ps=0000000000000000
[2026-07-31 07:43:49.546] [info] [gpu] [t3978552] [ac6-draw] prim=1 verts=4 idx_count=1 vs=C049A8C9E556F129 ps=0000000000000000
[2026-07-31 07:43:49.546] [info] [gpu] [t3978552] [ac6-draw] prim=1 verts=4 idx_count=1 vs=C049A8C9E556F129 ps=0000000000000000
[2026-07-31 07:43:49.546] [info] [gpu] [t3978552] [ac6-draw] prim=1 verts=4 idx_count=1 vs=C049A8C9E556F129 ps=0000000000000000
[2026-07-31 07:43:49.546] [info] [gpu] [t3978552] [ac6-draw] prim=1 verts=4 idx_count=1 vs=C049A8C9E556F129 ps=0000000000000000
[2026-07-31 07:43:49.546] [info] [gpu] [t3978552] [ac6-draw] prim=1 verts=4 idx_count=1 vs=C049A8C9E556F129 ps=0000000000000000
[2026-07-31 07:43:49.546] [info] [gpu] [t3978552] [ac6-draw] prim=1 verts=4 idx_count=1 vs=C049A8C9E556F129 ps=0000000000000000
[2026-07-31 07:43:49.560] [debug] [gpu] [t3978552] XELOG_GPU PRESENT: swap_texture_view=0x76d00d838060 packet_size=1280x720 src_size=1280x720 src_unscaled=1280x720 guest_output_size=1280x720 format=6
[2026-07-31 07:43:49.560] [info] [gpu] [t3978552] [ac6-draw] prim=1 verts=4 idx_count=1 vs=C049A8C9E556F129 ps=0000000000000000
[2026-07-31 07:43:49.560] [info] [gpu] [t3978552] [ac6-draw] prim=1 verts=4 idx_count=1 vs=C049A8C9E556F129 ps=0000000000000000
[2026-07-31 07:43:49.560] [info] [gpu] [t3978552] [ac6-draw] prim=1 verts=4 idx_count=1 vs=C049A8C9E556F129 ps=0000000000000000
[2026-07-31 07:43:49.560] [info] [gpu] [t3978552] [ac6-draw] prim=1 verts=4 idx_count=1 vs=C049A8C9E556F129 ps=0000000000000000
[2026-07-31 07:43:49.560] [info] [gpu] [t3978552] [ac6-draw] prim=1 verts=4 idx_count=1 vs=C049A8C9E556F129 ps=0000000000000000
[2026-07-31 07:43:49.560] [info] [gpu] [t3978552] [ac6-draw] prim=1 verts=4 idx_count=1 vs=C049A8C9E556F129 ps=0000000000000000
[2026-07-31 07:43:49.560] [info] [gpu] [t3978552] [ac6-draw] prim=1 verts=4 idx_count=1 vs=C049A8C9E556F129 ps=0000000000000000
[2026-07-31 07:43:49.561] [info] [gpu] [t3978552] [ac6-draw] prim=1 verts=4 idx_count=1 vs=C049A8C9E556F129 ps=0000000000000000
[2026-07-31 07:43:49.561] [info] [gpu] [t3978552] [ac6-draw] prim=1 verts=4 idx_count=1 vs=C049A8C9E556F129 ps=0000000000000000
[2026-07-31 07:43:49.561] [info] [gpu] [t3978552] [ac6-draw] prim=1 verts=4 idx_count=1 vs=C049A8C9E556F129 ps=0000000000000000
[2026-07-31 07:43:49.561] [info] [gpu] [t3978552] [ac6-draw] prim=1 verts=4 idx_count=1 vs=C049A8C9E556F129 ps=0000000000000000
[2026-07-31 07:43:49.561] [info] [gpu] [t3978552] [ac6-draw] prim=1 verts=4 idx_count=1 vs=C049A8C9E556F129 ps=0000000000000000
[2026-07-31 07:43:49.561] [info] [gpu] [t3978552] [ac6-draw] prim=1 verts=4 idx_count=1 vs=C049A8C9E556F129 ps=0000000000000000
[2026-07-31 07:43:49.561] [info] [gpu] [t3978552] [ac6-draw] prim=1 verts=4 idx_count=1 vs=C049A8C9E556F129 ps=0000000000000000
[2026-07-31 07:43:49.561] [info] [gpu] [t3978552] [ac6-draw] prim=1 verts=4 idx_count=1 vs=C049A8C9E556F129 ps=0000000000000000
[2026-07-31 07:43:49.561] [info] [gpu] [t3978552] [ac6-draw] prim=1 verts=4 idx_count=1 vs=C049A8C9E556F129 ps=0000000000000000
[2026-07-31 07:43:49.561] [info] [gpu] [t3978552] [ac6-draw] prim=1 verts=4 idx_count=1 vs=C049A8C9E556F129 ps=0000000000000000
[2026-07-31 07:43:49.561] [info] [gpu] [t3978552] [ac6-draw] prim=1 verts=4 idx_count=1 vs=C049A8C9E556F129 ps=0000000000000000
[2026-07-31 07:43:49.561] [info] [gpu] [t3978552] [ac6-draw] prim=1 verts=4 idx_count=1 vs=C049A8C9E556F129 ps=0000000000000000
[2026-07-31 07:43:49.561] [info] [gpu] [t3978552] [ac6-draw] prim=1 verts=4 idx_count=1 vs=C049A8C9E556F129 ps=0000000000000000
[2026-07-31 07:43:49.561] [info] [gpu] [t3978552] [ac6-draw] prim=1 verts=4 idx_count=1 vs=C049A8C9E556F129 ps=0000000000000000
[2026-07-31 07:43:49.561] [info] [gpu] [t3978552] [ac6-draw] prim=1 verts=4 idx_count=1 vs=C049A8C9E556F129 ps=0000000000000000
[2026-07-31 07:43:49.561] [info] [gpu] [t3978552] [ac6-draw] prim=1 verts=4 idx_count=1 vs=C049A8C9E556F129 ps=0000000000000000
[2026-07-31 07:43:49.561] [info] [gpu] [t3978552] [ac6-draw] prim=1 verts=4 idx_count=1 vs=C049A8C9E556F129 ps=0000000000000000
[2026-07-31 07:43:49.561] [info] [gpu] [t3978552] [ac6-draw] prim=8 verts=3 idx_count=3 vs=0A6D1DD7767FDF27 ps=2E372EA28CC404B7
[2026-07-31 07:43:49.562] [info] [gpu] [t3978552] [ac6-draw] prim=13 verts=4 idx_count=4 vs=472913F460D4B446 ps=8F1C48BA92C8E43E
[2026-07-31 07:43:49.562] [info] [gpu] [t3978552] [ac6-draw] prim=13 verts=64 idx_count=64 vs=472913F460D4B446 ps=8F1C48BA92C8E43E
[2026-07-31 07:43:49.562] [info] [gpu] [t3978552] [ac6-draw] prim=13 verts=4 idx_count=4 vs=472913F460D4B446 ps=8F1C48BA92C8E43E
[2026-07-31 07:43:49.562] [info] [gpu] [t3978552] [ac6-draw] prim=13 verts=4 idx_count=4 vs=472913F460D4B446 ps=8F1C48BA92C8E43E
[2026-07-31 07:43:49.562] [info] [gpu] [t3978552] [ac6-draw] prim=13 verts=8 idx_count=8 vs=472913F460D4B446 ps=8F1C48BA92C8E43E
[2026-07-31 07:43:49.562] [info] [gpu] [t3978552] [ac6-draw] prim=13 verts=4 idx_count=4 vs=472913F460D4B446 ps=8F1C48BA92C8E43E
[2026-07-31 07:43:49.562] [info] [gpu] [t3978552] [ac6-draw] prim=13 verts=20 idx_count=20 vs=472913F460D4B446 ps=8F1C48BA92C8E43E
[2026-07-31 07:43:49.562] [info] [gpu] [t3978552] [ac6-draw] prim=1 verts=4 idx_count=1 vs=C049A8C9E556F129 ps=0000000000000000
[2026-07-31 07:43:49.562] [info] [gpu] [t3978552] [ac6-draw] prim=1 verts=4 idx_count=1 vs=C049A8C9E556F129 ps=0000000000000000
[2026-07-31 07:43:49.562] [info] [gpu] [t3978552] [ac6-draw] prim=1 verts=4 idx_count=1 vs=C049A8C9E556F129 ps=0000000000000000
[2026-07-31 07:43:49.562] [info] [gpu] [t3978552] [ac6-draw] prim=1 verts=4 idx_count=1 vs=C049A8C9E556F129 ps=0000000000000000
[2026-07-31 07:43:49.562] [info] [gpu] [t3978552] [ac6-draw] prim=1 verts=4 idx_count=1 vs=C049A8C9E556F129 ps=0000000000000000
[2026-07-31 07:43:49.562] [info] [gpu] [t3978552] [ac6-draw] prim=1 verts=4 idx_count=1 vs=C049A8C9E556F129 ps=0000000000000000
[2026-07-31 07:43:49.562] [info] [gpu] [t3978552] [ac6-draw] prim=1 verts=4 idx_count=1 vs=C049A8C9E556F129 ps=0000000000000000
[2026-07-31 07:43:49.562] [info] [gpu] [t3978552] [ac6-draw] prim=1 verts=4 idx_count=1 vs=C049A8C9E556F129 ps=0000000000000000
[2026-07-31 07:43:49.562] [info] [gpu] [t3978552] [ac6-draw] prim=1 verts=4 idx_count=1 vs=C049A8C9E556F129 ps=0000000000000000
[2026-07-31 07:43:49.562] [info] [gpu] [t3978552] [ac6-draw] prim=1 verts=4 idx_count=1 vs=C049A8C9E556F129 ps=0000000000000000
[2026-07-31 07:43:49.562] [info] [gpu] [t3978552] [ac6-draw] prim=1 verts=4 idx_count=1 vs=C049A8C9E556F129 ps=0000000000000000
[2026-07-31 07:43:49.562] [info] [gpu] [t3978552] [ac6-draw] prim=1 verts=4 idx_count=1 vs=C049A8C9E556F129 ps=0000000000000000
[2026-07-31 07:43:49.562] [info] [gpu] [t3978552] [ac6-draw] prim=1 verts=4 idx_count=1 vs=C049A8C9E556F129 ps=0000000000000000
[2026-07-31 07:43:49.562] [info] [gpu] [t3978552] [ac6-draw] prim=1 verts=4 idx_count=1 vs=C049A8C9E556F129 ps=0000000000000000
[2026-07-31 07:43:49.562] [info] [gpu] [t3978552] [ac6-draw] prim=1 verts=4 idx_count=1 vs=C049A8C9E556F129 ps=0000000000000000
[2026-07-31 07:43:49.562] [info] [gpu] [t3978552] [ac6-draw] prim=1 verts=4 idx_count=1 vs=C049A8C9E556F129 ps=0000000000000000
[2026-07-31 07:43:49.562] [info] [gpu] [t3978552] [ac6-draw] prim=1 verts=4 idx_count=1 vs=C049A8C9E556F129 ps=0000000000000000
[2026-07-31 07:43:49.562] [info] [gpu] [t3978552] [ac6-draw] prim=1 verts=4 idx_count=1 vs=C049A8C9E556F129 ps=0000000000000000
[2026-07-31 07:43:49.562] [info] [gpu] [t3978552] [ac6-draw] prim=1 verts=4 idx_count=1 vs=C049A8C9E556F129 ps=0000000000000000
[2026-07-31 07:43:49.562] [info] [gpu] [t3978552] [ac6-draw] prim=1 verts=4 idx_count=1 vs=C049A8C9E556F129 ps=0000000000000000
[2026-07-31 07:43:49.562] [info] [gpu] [t3978552] [ac6-draw] prim=1 verts=4 idx_count=1 vs=C049A8C9E556F129 ps=0000000000000000
[2026-07-31 07:43:49.562] [info] [gpu] [t3978552] [ac6-draw] prim=1 verts=4 idx_count=1 vs=C049A8C9E556F129 ps=0000000000000000
[2026-07-31 07:43:49.562] [info] [gpu] [t3978552] [ac6-draw] prim=1 verts=4 idx_count=1 vs=C049A8C9E556F129 ps=0000000000000000
[2026-07-31 07:43:49.562] [info] [gpu] [t3978552] [ac6-draw] prim=1 verts=4 idx_count=1 vs=C049A8C9E556F129 ps=0000000000000000
[2026-07-31 07:43:49.577] [debug] [gpu] [t3978552] XELOG_GPU PRESENT: swap_texture_view=0x76d00d838060 packet_size=1280x720 src_size=1280x720 src_unscaled=1280x720 guest_output_size=1280x720 format=6
[2026-07-31 07:43:49.578] [info] [gpu] [t3978552] [ac6-draw] prim=1 verts=4 idx_count=1 vs=C049A8C9E556F129 ps=0000000000000000
[2026-07-31 07:43:49.578] [info] [gpu] [t3978552] [ac6-draw] prim=1 verts=4 idx_count=1 vs=C049A8C9E556F129 ps=0000000000000000
[2026-07-31 07:43:49.578] [info] [gpu] [t3978552] [ac6-draw] prim=1 verts=4 idx_count=1 vs=C049A8C9E556F129 ps=0000000000000000
[2026-07-31 07:43:49.578] [info] [gpu] [t3978552] [ac6-draw] prim=1 verts=4 idx_count=1 vs=C049A8C9E556F129 ps=0000000000000000
[2026-07-31 07:43:49.578] [info] [gpu] [t3978552] [ac6-draw] prim=1 verts=4 idx_count=1 vs=C049A8C9E556F129 ps=0000000000000000
[2026-07-31 07:43:49.578] [info] [gpu] [t3978552] [ac6-draw] prim=1 verts=4 idx_count=1 vs=C049A8C9E556F129 ps=0000000000000000
[2026-07-31 07:43:49.578] [info] [gpu] [t3978552] [ac6-draw] prim=1 verts=4 idx_count=1 vs=C049A8C9E556F129 ps=0000000000000000
[2026-07-31 07:43:49.578] [info] [gpu] [t3978552] [ac6-draw] prim=1 verts=4 idx_count=1 vs=C049A8C9E556F129 ps=0000000000000000
[2026-07-31 07:43:49.578] [info] [gpu] [t3978552] [ac6-draw] prim=1 verts=4 idx_count=1 vs=C049A8C9E556F129 ps=0000000000000000
[2026-07-31 07:43:49.578] [info] [gpu] [t3978552] [ac6-draw] prim=1 verts=4 idx_count=1 vs=C049A8C9E556F129 ps=0000000000000000
[2026-07-31 07:43:49.579] [info] [gpu] [t3978552] [ac6-draw] prim=1 verts=4 idx_count=1 vs=C049A8C9E556F129 ps=0000000000000000
[2026-07-31 07:43:49.579] [info] [gpu] [t3978552] [ac6-draw] prim=1 verts=4 idx_count=1 vs=C049A8C9E556F129 ps=0000000000000000
[2026-07-31 07:43:49.579] [info] [gpu] [t3978552] [ac6-draw] prim=1 verts=4 idx_count=1 vs=C049A8C9E556F129 ps=0000000000000000
[2026-07-31 07:43:49.579] [info] [gpu] [t3978552] [ac6-draw] prim=1 verts=4 idx_count=1 vs=C049A8C9E556F129 ps=0000000000000000
[2026-07-31 07:43:49.579] [info] [gpu] [t3978552] [ac6-draw] prim=1 verts=4 idx_count=1 vs=C049A8C9E556F129 ps=0000000000000000
[2026-07-31 07:43:49.579] [info] [gpu] [t3978552] [ac6-draw] prim=1 verts=4 idx_count=1 vs=C049A8C9E556F129 ps=0000000000000000
[2026-07-31 07:43:49.579] [info] [gpu] [t3978552] [ac6-draw] prim=1 verts=4 idx_count=1 vs=C049A8C9E556F129 ps=0000000000000000
[2026-07-31 07:43:49.579] [info] [gpu] [t3978552] [ac6-draw] prim=1 verts=4 idx_count=1 vs=C049A8C9E556F129 ps=0000000000000000
[2026-07-31 07:43:49.579] [info] [gpu] [t3978552] [ac6-draw] prim=1 verts=4 idx_count=1 vs=C049A8C9E556F129 ps=0000000000000000
[2026-07-31 07:43:49.579] [info] [gpu] [t3978552] [ac6-draw] prim=1 verts=4 idx_count=1 vs=C049A8C9E556F129 ps=0000000000000000
[2026-07-31 07:43:49.579] [info] [gpu] [t3978552] [ac6-draw] prim=1 verts=4 idx_count=1 vs=C049A8C9E556F129 ps=0000000000000000
[2026-07-31 07:43:49.579] [info] [gpu] [t3978552] [ac6-draw] prim=1 verts=4 idx_count=1 vs=C049A8C9E556F129 ps=0000000000000000
[2026-07-31 07:43:49.579] [info] [gpu] [t3978552] [ac6-draw] prim=1 verts=4 idx_count=1 vs=C049A8C9E556F129 ps=0000000000000000
[2026-07-31 07:43:49.579] [info] [gpu] [t3978552] [ac6-draw] prim=1 verts=4 idx_count=1 vs=C049A8C9E556F129 ps=0000000000000000
[2026-07-31 07:43:49.579] [info] [gpu] [t3978552] [ac6-draw] prim=8 verts=3 idx_count=3 vs=0A6D1DD7767FDF27 ps=2E372EA28CC404B7
[2026-07-31 07:43:49.580] [info] [gpu] [t3978552] [ac6-draw] prim=13 verts=4 idx_count=4 vs=472913F460D4B446 ps=8F1C48BA92C8E43E
[2026-07-31 07:43:49.580] [info] [gpu] [t3978552] [ac6-draw] prim=13 verts=64 idx_count=64 vs=472913F460D4B446 ps=8F1C48BA92C8E43E
[2026-07-31 07:43:49.580] [info] [gpu] [t3978552] [ac6-draw] prim=13 verts=4 idx_count=4 vs=472913F460D4B446 ps=8F1C48BA92C8E43E
[2026-07-31 07:43:49.580] [info] [gpu] [t3978552] [ac6-draw] prim=13 verts=4 idx_count=4 vs=472913F460D4B446 ps=8F1C48BA92C8E43E
[2026-07-31 07:43:49.580] [info] [gpu] [t3978552] [ac6-draw] prim=13 verts=8 idx_count=8 vs=472913F460D4B446 ps=8F1C48BA92C8E43E
[2026-07-31 07:43:49.580] [info] [gpu] [t3978552] [ac6-draw] prim=13 verts=4 idx_count=4 vs=472913F460D4B446 ps=8F1C48BA92C8E43E
[2026-07-31 07:43:49.580] [info] [gpu] [t3978552] [ac6-draw] prim=13 verts=20 idx_count=20 vs=472913F460D4B446 ps=8F1C48BA92C8E43E
[2026-07-31 07:43:49.580] [info] [gpu] [t3978552] [ac6-draw] prim=1 verts=4 idx_count=1 vs=C049A8C9E556F129 ps=0000000000000000
[2026-07-31 07:43:49.580] [info] [gpu] [t3978552] [ac6-draw] prim=1 verts=4 idx_count=1 vs=C049A8C9E556F129 ps=0000000000000000
[2026-07-31 07:43:49.580] [info] [gpu] [t3978552] [ac6-draw] prim=1 verts=4 idx_count=1 vs=C049A8C9E556F129 ps=0000000000000000
[2026-07-31 07:43:49.580] [info] [gpu] [t3978552] [ac6-draw] prim=1 verts=4 idx_count=1 vs=C049A8C9E556F129 ps=0000000000000000
[2026-07-31 07:43:49.580] [info] [gpu] [t3978552] [ac6-draw] prim=1 verts=4 idx_count=1 vs=C049A8C9E556F129 ps=0000000000000000
[2026-07-31 07:43:49.580] [info] [gpu] [t3978552] [ac6-draw] prim=1 verts=4 idx_count=1 vs=C049A8C9E556F129 ps=0000000000000000
[2026-07-31 07:43:49.580] [info] [gpu] [t3978552] [ac6-draw] prim=1 verts=4 idx_count=1 vs=C049A8C9E556F129 ps=0000000000000000
[2026-07-31 07:43:49.580] [info] [gpu] [t3978552] [ac6-draw] prim=1 verts=4 idx_count=1 vs=C049A8C9E556F129 ps=0000000000000000
[2026-07-31 07:43:49.580] [info] [gpu] [t3978552] [ac6-draw] prim=1 verts=4 idx_count=1 vs=C049A8C9E556F129 ps=0000000000000000
[2026-07-31 07:43:49.580] [info] [gpu] [t3978552] [ac6-draw] prim=1 verts=4 idx_count=1 vs=C049A8C9E556F129 ps=0000000000000000
[2026-07-31 07:43:49.580] [info] [gpu] [t3978552] [ac6-draw] prim=1 verts=4 idx_count=1 vs=C049A8C9E556F129 ps=0000000000000000
[2026-07-31 07:43:49.580] [info] [gpu] [t3978552] [ac6-draw] prim=1 verts=4 idx_count=1 vs=C049A8C9E556F129 ps=0000000000000000
[2026-07-31 07:43:49.580] [info] [gpu] [t3978552] [ac6-draw] prim=1 verts=4 idx_count=1 vs=C049A8C9E556F129 ps=0000000000000000
[2026-07-31 07:43:49.580] [info] [gpu] [t3978552] [ac6-draw] prim=1 verts=4 idx_count=1 vs=C049A8C9E556F129 ps=0000000000000000
[2026-07-31 07:43:49.580] [info] [gpu] [t3978552] [ac6-draw] prim=1 verts=4 idx_count=1 vs=C049A8C9E556F129 ps=0000000000000000
[2026-07-31 07:43:49.580] [info] [gpu] [t3978552] [ac6-draw] prim=1 verts=4 idx_count=1 vs=C049A8C9E556F129 ps=0000000000000000
[2026-07-31 07:43:49.580] [info] [gpu] [t3978552] [ac6-draw] prim=1 verts=4 idx_count=1 vs=C049A8C9E556F129 ps=0000000000000000
[2026-07-31 07:43:49.580] [info] [gpu] [t3978552] [ac6-draw] prim=1 verts=4 idx_count=1 vs=C049A8C9E556F129 ps=0000000000000000
[2026-07-31 07:43:49.580] [info] [gpu] [t3978552] [ac6-draw] prim=1 verts=4 idx_count=1 vs=C049A8C9E556F129 ps=0000000000000000
[2026-07-31 07:43:49.580] [info] [gpu] [t3978552] [ac6-draw] prim=1 verts=4 idx_count=1 vs=C049A8C9E556F129 ps=0000000000000000
[2026-07-31 07:43:49.580] [info] [gpu] [t3978552] [ac6-draw] prim=1 verts=4 idx_count=1 vs=C049A8C9E556F129 ps=0000000000000000
[2026-07-31 07:43:49.580] [info] [gpu] [t3978552] [ac6-draw] prim=1 verts=4 idx_count=1 vs=C049A8C9E556F129 ps=0000000000000000
[2026-07-31 07:43:49.580] [info] [gpu] [t3978552] [ac6-draw] prim=1 verts=4 idx_count=1 vs=C049A8C9E556F129 ps=0000000000000000
[2026-07-31 07:43:49.580] [info] [gpu] [t3978552] [ac6-draw] prim=1 verts=4 idx_count=1 vs=C049A8C9E556F129 ps=0000000000000000
[2026-07-31 07:43:49.588] [debug] [apu] [t3978542] AudioRuntime periodic: client=0 queued=3 target=3 low_water=2 submitted=7109 consumed=9476 queued_played=7106 underruns=0 callbacks=7109 tic=2425856 synthetic_tic=1819904 submitted_tic=1819904 startup_cap_tic=768 startup_inflight=3 callback_throttles=4 callback_empty=0 last_callback_frames=1 last_callback_us=1555 peak=3 drift_ms=-21.4
[2026-07-31 07:43:49.593] [debug] [gpu] [t3978552] XELOG_GPU PRESENT: swap_texture_view=0x76d00d838060 packet_size=1280x720 src_size=1280x720 src_unscaled=1280x720 guest_output_size=1280x720 format=6
[2026-07-31 07:43:49.594] [info] [gpu] [t3978552] [ac6-draw] prim=1 verts=4 idx_count=1 vs=C049A8C9E556F129 ps=0000000000000000
[2026-07-31 07:43:49.594] [info] [gpu] [t3978552] [ac6-draw] prim=1 verts=4 idx_count=1 vs=C049A8C9E556F129 ps=0000000000000000
[2026-07-31 07:43:49.594] [info] [gpu] [t3978552] [ac6-draw] prim=1 verts=4 idx_count=1 vs=C049A8C9E556F129 ps=0000000000000000
[2026-07-31 07:43:49.594] [info] [gpu] [t3978552] [ac6-draw] prim=1 verts=4 idx_count=1 vs=C049A8C9E556F129 ps=0000000000000000
[2026-07-31 07:43:49.594] [info] [gpu] [t3978552] [ac6-draw] prim=1 verts=4 idx_count=1 vs=C049A8C9E556F129 ps=0000000000000000
[2026-07-31 07:43:49.594] [info] [gpu] [t3978552] [ac6-draw] prim=1 verts=4 idx_count=1 vs=C049A8C9E556F129 ps=0000000000000000
[2026-07-31 07:43:49.594] [info] [gpu] [t3978552] [ac6-draw] prim=1 verts=4 idx_count=1 vs=C049A8C9E556F129 ps=0000000000000000
[2026-07-31 07:43:49.594] [info] [gpu] [t3978552] [ac6-draw] prim=1 verts=4 idx_count=1 vs=C049A8C9E556F129 ps=0000000000000000
[2026-07-31 07:43:49.594] [info] [gpu] [t3978552] [ac6-draw] prim=1 verts=4 idx_count=1 vs=C049A8C9E556F129 ps=0000000000000000
[2026-07-31 07:43:49.594] [info] [gpu] [t3978552] [ac6-draw] prim=1 verts=4 idx_count=1 vs=C049A8C9E556F129 ps=0000000000000000
[2026-07-31 07:43:49.594] [info] [gpu] [t3978552] [ac6-draw] prim=1 verts=4 idx_count=1 vs=C049A8C9E556F129 ps=0000000000000000
[2026-07-31 07:43:49.594] [info] [gpu] [t3978552] [ac6-draw] prim=1 verts=4 idx_count=1 vs=C049A8C9E556F129 ps=0000000000000000
[2026-07-31 07:43:49.594] [info] [gpu] [t3978552] [ac6-draw] prim=1 verts=4 idx_count=1 vs=C049A8C9E556F129 ps=0000000000000000
[2026-07-31 07:43:49.594] [info] [gpu] [t3978552] [ac6-draw] prim=1 verts=4 idx_count=1 vs=C049A8C9E556F129 ps=0000000000000000
[2026-07-31 07:43:49.594] [info] [gpu] [t3978552] [ac6-draw] prim=1 verts=4 idx_count=1 vs=C049A8C9E556F129 ps=0000000000000000
[2026-07-31 07:43:49.594] [info] [gpu] [t3978552] [ac6-draw] prim=1 verts=4 idx_count=1 vs=C049A8C9E556F129 ps=0000000000000000
[2026-07-31 07:43:49.594] [info] [gpu] [t3978552] [ac6-draw] prim=1 verts=4 idx_count=1 vs=C049A8C9E556F129 ps=0000000000000000
[2026-07-31 07:43:49.594] [info] [gpu] [t3978552] [ac6-draw] prim=1 verts=4 idx_count=1 vs=C049A8C9E556F129 ps=0000000000000000
[2026-07-31 07:43:49.594] [info] [gpu] [t3978552] [ac6-draw] prim=1 verts=4 idx_count=1 vs=C049A8C9E556F129 ps=0000000000000000
[2026-07-31 07:43:49.594] [info] [gpu] [t3978552] [ac6-draw] prim=1 verts=4 idx_count=1 vs=C049A8C9E556F129 ps=0000000000000000
[2026-07-31 07:43:49.594] [info] [gpu] [t3978552] [ac6-draw] prim=1 verts=4 idx_count=1 vs=C049A8C9E556F129 ps=0000000000000000
[2026-07-31 07:43:49.594] [info] [gpu] [t3978552] [ac6-draw] prim=1 verts=4 idx_count=1 vs=C049A8C9E556F129 ps=0000000000000000
[2026-07-31 07:43:49.594] [info] [gpu] [t3978552] [ac6-draw] prim=1 verts=4 idx_count=1 vs=C049A8C9E556F129 ps=0000000000000000
[2026-07-31 07:43:49.594] [info] [gpu] [t3978552] [ac6-draw] prim=1 verts=4 idx_count=1 vs=C049A8C9E556F129 ps=0000000000000000
[2026-07-31 07:43:49.595] [info] [gpu] [t3978552] [ac6-draw] prim=8 verts=3 idx_count=3 vs=0A6D1DD7767FDF27 ps=2E372EA28CC404B7
[2026-07-31 07:43:49.595] [info] [gpu] [t3978552] [ac6-draw] prim=13 verts=4 idx_count=4 vs=472913F460D4B446 ps=8F1C48BA92C8E43E
[2026-07-31 07:43:49.595] [info] [gpu] [t3978552] [ac6-draw] prim=13 verts=64 idx_count=64 vs=472913F460D4B446 ps=8F1C48BA92C8E43E
[2026-07-31 07:43:49.595] [info] [gpu] [t3978552] [ac6-draw] prim=13 verts=4 idx_count=4 vs=472913F460D4B446 ps=8F1C48BA92C8E43E
[2026-07-31 07:43:49.595] [info] [gpu] [t3978552] [ac6-draw] prim=13 verts=4 idx_count=4 vs=472913F460D4B446 ps=8F1C48BA92C8E43E
[2026-07-31 07:43:49.596] [info] [gpu] [t3978552] [ac6-draw] prim=13 verts=8 idx_count=8 vs=472913F460D4B446 ps=8F1C48BA92C8E43E
[2026-07-31 07:43:49.596] [info] [gpu] [t3978552] [ac6-draw] prim=13 verts=4 idx_count=4 vs=472913F460D4B446 ps=8F1C48BA92C8E43E
[2026-07-31 07:43:49.596] [info] [gpu] [t3978552] [ac6-draw] prim=13 verts=20 idx_count=20 vs=472913F460D4B446 ps=8F1C48BA92C8E43E
[2026-07-31 07:43:49.596] [info] [gpu] [t3978552] [ac6-draw] prim=1 verts=4 idx_count=1 vs=C049A8C9E556F129 ps=0000000000000000
[2026-07-31 07:43:49.596] [info] [gpu] [t3978552] [ac6-draw] prim=1 verts=4 idx_count=1 vs=C049A8C9E556F129 ps=0000000000000000
[2026-07-31 07:43:49.596] [info] [gpu] [t3978552] [ac6-draw] prim=1 verts=4 idx_count=1 vs=C049A8C9E556F129 ps=0000000000000000
[2026-07-31 07:43:49.596] [info] [gpu] [t3978552] [ac6-draw] prim=1 verts=4 idx_count=1 vs=C049A8C9E556F129 ps=0000000000000000
[2026-07-31 07:43:49.596] [info] [gpu] [t3978552] [ac6-draw] prim=1 verts=4 idx_count=1 vs=C049A8C9E556F129 ps=0000000000000000
[2026-07-31 07:43:49.596] [info] [gpu] [t3978552] [ac6-draw] prim=1 verts=4 idx_count=1 vs=C049A8C9E556F129 ps=0000000000000000
[2026-07-31 07:43:49.596] [info] [gpu] [t3978552] [ac6-draw] prim=1 verts=4 idx_count=1 vs=C049A8C9E556F129 ps=0000000000000000
[2026-07-31 07:43:49.596] [info] [gpu] [t3978552] [ac6-draw] prim=1 verts=4 idx_count=1 vs=C049A8C9E556F129 ps=0000000000000000
[2026-07-31 07:43:49.596] [info] [gpu] [t3978552] [ac6-draw] prim=1 verts=4 idx_count=1 vs=C049A8C9E556F129 ps=0000000000000000
[2026-07-31 07:43:49.596] [info] [gpu] [t3978552] [ac6-draw] prim=1 verts=4 idx_count=1 vs=C049A8C9E556F129 ps=0000000000000000
[2026-07-31 07:43:49.596] [info] [gpu] [t3978552] [ac6-draw] prim=1 verts=4 idx_count=1 vs=C049A8C9E556F129 ps=0000000000000000
[2026-07-31 07:43:49.596] [info] [gpu] [t3978552] [ac6-draw] prim=1 verts=4 idx_count=1 vs=C049A8C9E556F129 ps=0000000000000000
[2026-07-31 07:43:49.596] [info] [gpu] [t3978552] [ac6-draw] prim=1 verts=4 idx_count=1 vs=C049A8C9E556F129 ps=0000000000000000
[2026-07-31 07:43:49.596] [info] [gpu] [t3978552] [ac6-draw] prim=1 verts=4 idx_count=1 vs=C049A8C9E556F129 ps=0000000000000000
[2026-07-31 07:43:49.596] [info] [gpu] [t3978552] [ac6-draw] prim=1 verts=4 idx_count=1 vs=C049A8C9E556F129 ps=0000000000000000
[2026-07-31 07:43:49.596] [info] [gpu] [t3978552] [ac6-draw] prim=1 verts=4 idx_count=1 vs=C049A8C9E556F129 ps=0000000000000000
[2026-07-31 07:43:49.596] [info] [gpu] [t3978552] [ac6-draw] prim=1 verts=4 idx_count=1 vs=C049A8C9E556F129 ps=0000000000000000
[2026-07-31 07:43:49.596] [info] [gpu] [t3978552] [ac6-draw] prim=1 verts=4 idx_count=1 vs=C049A8C9E556F129 ps=0000000000000000
[2026-07-31 07:43:49.596] [info] [gpu] [t3978552] [ac6-draw] prim=1 verts=4 idx_count=1 vs=C049A8C9E556F129 ps=0000000000000000
[2026-07-31 07:43:49.596] [info] [gpu] [t3978552] [ac6-draw] prim=1 verts=4 idx_count=1 vs=C049A8C9E556F129 ps=0000000000000000
[2026-07-31 07:43:49.596] [info] [gpu] [t3978552] [ac6-draw] prim=1 verts=4 idx_count=1 vs=C049A8C9E556F129 ps=0000000000000000
[2026-07-31 07:43:49.596] [info] [gpu] [t3978552] [ac6-draw] prim=1 verts=4 idx_count=1 vs=C049A8C9E556F129 ps=0000000000000000
[2026-07-31 07:43:49.596] [info] [gpu] [t3978552] [ac6-draw] prim=1 verts=4 idx_count=1 vs=C049A8C9E556F129 ps=0000000000000000
[2026-07-31 07:43:49.596] [info] [gpu] [t3978552] [ac6-draw] prim=1 verts=4 idx_count=1 vs=C049A8C9E556F129 ps=0000000000000000
[2026-07-31 07:43:49.609] [debug] [gpu] [t3978552] XELOG_GPU PRESENT: swap_texture_view=0x76d00d838060 packet_size=1280x720 src_size=1280x720 src_unscaled=1280x720 guest_output_size=1280x720 format=6
[2026-07-31 07:43:49.610] [info] [gpu] [t3978552] [ac6-draw] prim=1 verts=4 idx_count=1 vs=C049A8C9E556F129 ps=0000000000000000
[2026-07-31 07:43:49.610] [info] [gpu] [t3978552] [ac6-draw] prim=1 verts=4 idx_count=1 vs=C049A8C9E556F129 ps=0000000000000000
[2026-07-31 07:43:49.610] [info] [gpu] [t3978552] [ac6-draw] prim=1 verts=4 idx_count=1 vs=C049A8C9E556F129 ps=0000000000000000
[2026-07-31 07:43:49.610] [info] [gpu] [t3978552] [ac6-draw] prim=1 verts=4 idx_count=1 vs=C049A8C9E556F129 ps=0000000000000000
[2026-07-31 07:43:49.610] [info] [gpu] [t3978552] [ac6-draw] prim=1 verts=4 idx_count=1 vs=C049A8C9E556F129 ps=0000000000000000
[2026-07-31 07:43:49.610] [info] [gpu] [t3978552] [ac6-draw] prim=1 verts=4 idx_count=1 vs=C049A8C9E556F129 ps=0000000000000000
[2026-07-31 07:43:49.610] [info] [gpu] [t3978552] [ac6-draw] prim=1 verts=4 idx_count=1 vs=C049A8C9E556F129 ps=0000000000000000
[2026-07-31 07:43:49.610] [info] [gpu] [t3978552] [ac6-draw] prim=1 verts=4 idx_count=1 vs=C049A8C9E556F129 ps=0000000000000000
[2026-07-31 07:43:49.610] [info] [gpu] [t3978552] [ac6-draw] prim=1 verts=4 idx_count=1 vs=C049A8C9E556F129 ps=0000000000000000
[2026-07-31 07:43:49.610] [info] [gpu] [t3978552] [ac6-draw] prim=1 verts=4 idx_count=1 vs=C049A8C9E556F129 ps=0000000000000000
[2026-07-31 07:43:49.610] [info] [gpu] [t3978552] [ac6-draw] prim=1 verts=4 idx_count=1 vs=C049A8C9E556F129 ps=0000000000000000
[2026-07-31 07:43:49.610] [info] [gpu] [t3978552] [ac6-draw] prim=1 verts=4 idx_count=1 vs=C049A8C9E556F129 ps=0000000000000000
[2026-07-31 07:43:49.610] [info] [gpu] [t3978552] [ac6-draw] prim=1 verts=4 idx_count=1 vs=C049A8C9E556F129 ps=0000000000000000
[2026-07-31 07:43:49.610] [info] [gpu] [t3978552] [ac6-draw] prim=1 verts=4 idx_count=1 vs=C049A8C9E556F129 ps=0000000000000000
[2026-07-31 07:43:49.610] [info] [gpu] [t3978552] [ac6-draw] prim=1 verts=4 idx_count=1 vs=C049A8C9E556F129 ps=0000000000000000
[2026-07-31 07:43:49.610] [info] [gpu] [t3978552] [ac6-draw] prim=1 verts=4 idx_count=1 vs=C049A8C9E556F129 ps=0000000000000000
[2026-07-31 07:43:49.610] [info] [gpu] [t3978552] [ac6-draw] prim=1 verts=4 idx_count=1 vs=C049A8C9E556F129 ps=0000000000000000
[2026-07-31 07:43:49.610] [info] [gpu] [t3978552] [ac6-draw] prim=1 verts=4 idx_count=1 vs=C049A8C9E556F129 ps=0000000000000000
[2026-07-31 07:43:49.610] [info] [gpu] [t3978552] [ac6-draw] prim=1 verts=4 idx_count=1 vs=C049A8C9E556F129 ps=0000000000000000
[2026-07-31 07:43:49.610] [info] [gpu] [t3978552] [ac6-draw] prim=1 verts=4 idx_count=1 vs=C049A8C9E556F129 ps=0000000000000000
[2026-07-31 07:43:49.610] [info] [gpu] [t3978552] [ac6-draw] prim=1 verts=4 idx_count=1 vs=C049A8C9E556F129 ps=0000000000000000
[2026-07-31 07:43:49.610] [info] [gpu] [t3978552] [ac6-draw] prim=1 verts=4 idx_count=1 vs=C049A8C9E556F129 ps=0000000000000000
[2026-07-31 07:43:49.610] [info] [gpu] [t3978552] [ac6-draw] prim=1 verts=4 idx_count=1 vs=C049A8C9E556F129 ps=0000000000000000
[2026-07-31 07:43:49.610] [info] [gpu] [t3978552] [ac6-draw] prim=1 verts=4 idx_count=1 vs=C049A8C9E556F129 ps=0000000000000000
[2026-07-31 07:43:49.611] [info] [gpu] [t3978552] [ac6-draw] prim=8 verts=3 idx_count=3 vs=0A6D1DD7767FDF27 ps=2E372EA28CC404B7
[2026-07-31 07:43:49.611] [info] [gpu] [t3978552] [ac6-draw] prim=13 verts=4 idx_count=4 vs=472913F460D4B446 ps=8F1C48BA92C8E43E
[2026-07-31 07:43:49.611] [info] [gpu] [t3978552] [ac6-draw] prim=13 verts=64 idx_count=64 vs=472913F460D4B446 ps=8F1C48BA92C8E43E
[2026-07-31 07:43:49.611] [info] [gpu] [t3978552] [ac6-draw] prim=13 verts=4 idx_count=4 vs=472913F460D4B446 ps=8F1C48BA92C8E43E
[2026-07-31 07:43:49.611] [info] [gpu] [t3978552] [ac6-draw] prim=13 verts=4 idx_count=4 vs=472913F460D4B446 ps=8F1C48BA92C8E43E
[2026-07-31 07:43:49.611] [info] [gpu] [t3978552] [ac6-draw] prim=13 verts=8 idx_count=8 vs=472913F460D4B446 ps=8F1C48BA92C8E43E
[2026-07-31 07:43:49.611] [info] [gpu] [t3978552] [ac6-draw] prim=13 verts=4 idx_count=4 vs=472913F460D4B446 ps=8F1C48BA92C8E43E
[2026-07-31 07:43:49.611] [info] [gpu] [t3978552] [ac6-draw] prim=13 verts=20 idx_count=20 vs=472913F460D4B446 ps=8F1C48BA92C8E43E
[2026-07-31 07:43:49.611] [info] [gpu] [t3978552] [ac6-draw] prim=1 verts=4 idx_count=1 vs=C049A8C9E556F129 ps=0000000000000000
[2026-07-31 07:43:49.611] [info] [gpu] [t3978552] [ac6-draw] prim=1 verts=4 idx_count=1 vs=C049A8C9E556F129 ps=0000000000000000
[2026-07-31 07:43:49.611] [info] [gpu] [t3978552] [ac6-draw] prim=1 verts=4 idx_count=1 vs=C049A8C9E556F129 ps=0000000000000000
[2026-07-31 07:43:49.611] [info] [gpu] [t3978552] [ac6-draw] prim=1 verts=4 idx_count=1 vs=C049A8C9E556F129 ps=0000000000000000
[2026-07-31 07:43:49.611] [info] [gpu] [t3978552] [ac6-draw] prim=1 verts=4 idx_count=1 vs=C049A8C9E556F129 ps=0000000000000000
[2026-07-31 07:43:49.611] [info] [gpu] [t3978552] [ac6-draw] prim=1 verts=4 idx_count=1 vs=C049A8C9E556F129 ps=0000000000000000
[2026-07-31 07:43:49.611] [info] [gpu] [t3978552] [ac6-draw] prim=1 verts=4 idx_count=1 vs=C049A8C9E556F129 ps=0000000000000000
[2026-07-31 07:43:49.611] [info] [gpu] [t3978552] [ac6-draw] prim=1 verts=4 idx_count=1 vs=C049A8C9E556F129 ps=0000000000000000
[2026-07-31 07:43:49.611] [info] [gpu] [t3978552] [ac6-draw] prim=1 verts=4 idx_count=1 vs=C049A8C9E556F129 ps=0000000000000000
[2026-07-31 07:43:49.611] [info] [gpu] [t3978552] [ac6-draw] prim=1 verts=4 idx_count=1 vs=C049A8C9E556F129 ps=0000000000000000
[2026-07-31 07:43:49.611] [info] [gpu] [t3978552] [ac6-draw] prim=1 verts=4 idx_count=1 vs=C049A8C9E556F129 ps=0000000000000000
[2026-07-31 07:43:49.611] [info] [gpu] [t3978552] [ac6-draw] prim=1 verts=4 idx_count=1 vs=C049A8C9E556F129 ps=0000000000000000
[2026-07-31 07:43:49.611] [info] [gpu] [t3978552] [ac6-draw] prim=1 verts=4 idx_count=1 vs=C049A8C9E556F129 ps=0000000000000000
[2026-07-31 07:43:49.611] [info] [gpu] [t3978552] [ac6-draw] prim=1 verts=4 idx_count=1 vs=C049A8C9E556F129 ps=0000000000000000
[2026-07-31 07:43:49.611] [info] [gpu] [t3978552] [ac6-draw] prim=1 verts=4 idx_count=1 vs=C049A8C9E556F129 ps=0000000000000000
[2026-07-31 07:43:49.611] [info] [gpu] [t3978552] [ac6-draw] prim=1 verts=4 idx_count=1 vs=C049A8C9E556F129 ps=0000000000000000
[2026-07-31 07:43:49.611] [info] [gpu] [t3978552] [ac6-draw] prim=1 verts=4 idx_count=1 vs=C049A8C9E556F129 ps=0000000000000000
[2026-07-31 07:43:49.611] [info] [gpu] [t3978552] [ac6-draw] prim=1 verts=4 idx_count=1 vs=C049A8C9E556F129 ps=0000000000000000
[2026-07-31 07:43:49.611] [info] [gpu] [t3978552] [ac6-draw] prim=1 verts=4 idx_count=1 vs=C049A8C9E556F129 ps=0000000000000000
[2026-07-31 07:43:49.611] [info] [gpu] [t3978552] [ac6-draw] prim=1 verts=4 idx_count=1 vs=C049A8C9E556F129 ps=0000000000000000
[2026-07-31 07:43:49.611] [info] [gpu] [t3978552] [ac6-draw] prim=1 verts=4 idx_count=1 vs=C049A8C9E556F129 ps=0000000000000000
[2026-07-31 07:43:49.611] [info] [gpu] [t3978552] [ac6-draw] prim=1 verts=4 idx_count=1 vs=C049A8C9E556F129 ps=0000000000000000
[2026-07-31 07:43:49.611] [info] [gpu] [t3978552] [ac6-draw] prim=1 verts=4 idx_count=1 vs=C049A8C9E556F129 ps=0000000000000000
[2026-07-31 07:43:49.611] [info] [gpu] [t3978552] [ac6-draw] prim=1 verts=4 idx_count=1 vs=C049A8C9E556F129 ps=0000000000000000
[2026-07-31 07:43:49.627] [debug] [gpu] [t3978552] XELOG_GPU PRESENT: swap_texture_view=0x76d00d838060 packet_size=1280x720 src_size=1280x720 src_unscaled=1280x720 guest_output_size=1280x720 format=6
[2026-07-31 07:43:49.627] [info] [gpu] [t3978552] [ac6-draw] prim=1 verts=4 idx_count=1 vs=C049A8C9E556F129 ps=0000000000000000
[2026-07-31 07:43:49.627] [info] [gpu] [t3978552] [ac6-draw] prim=1 verts=4 idx_count=1 vs=C049A8C9E556F129 ps=0000000000000000
[2026-07-31 07:43:49.627] [info] [gpu] [t3978552] [ac6-draw] prim=1 verts=4 idx_count=1 vs=C049A8C9E556F129 ps=0000000000000000
[2026-07-31 07:43:49.627] [info] [gpu] [t3978552] [ac6-draw] prim=1 verts=4 idx_count=1 vs=C049A8C9E556F129 ps=0000000000000000
[2026-07-31 07:43:49.627] [info] [gpu] [t3978552] [ac6-draw] prim=1 verts=4 idx_count=1 vs=C049A8C9E556F129 ps=0000000000000000
[2026-07-31 07:43:49.627] [info] [gpu] [t3978552] [ac6-draw] prim=1 verts=4 idx_count=1 vs=C049A8C9E556F129 ps=0000000000000000
[2026-07-31 07:43:49.627] [info] [gpu] [t3978552] [ac6-draw] prim=1 verts=4 idx_count=1 vs=C049A8C9E556F129 ps=0000000000000000
[2026-07-31 07:43:49.627] [info] [gpu] [t3978552] [ac6-draw] prim=1 verts=4 idx_count=1 vs=C049A8C9E556F129 ps=0000000000000000
[2026-07-31 07:43:49.627] [info] [gpu] [t3978552] [ac6-draw] prim=1 verts=4 idx_count=1 vs=C049A8C9E556F129 ps=0000000000000000
[2026-07-31 07:43:49.627] [info] [gpu] [t3978552] [ac6-draw] prim=1 verts=4 idx_count=1 vs=C049A8C9E556F129 ps=0000000000000000
[2026-07-31 07:43:49.627] [info] [gpu] [t3978552] [ac6-draw] prim=1 verts=4 idx_count=1 vs=C049A8C9E556F129 ps=0000000000000000
[2026-07-31 07:43:49.627] [info] [gpu] [t3978552] [ac6-draw] prim=1 verts=4 idx_count=1 vs=C049A8C9E556F129 ps=0000000000000000
[2026-07-31 07:43:49.627] [info] [gpu] [t3978552] [ac6-draw] prim=1 verts=4 idx_count=1 vs=C049A8C9E556F129 ps=0000000000000000
[2026-07-31 07:43:49.627] [info] [gpu] [t3978552] [ac6-draw] prim=1 verts=4 idx_count=1 vs=C049A8C9E556F129 ps=0000000000000000
[2026-07-31 07:43:49.627] [info] [gpu] [t3978552] [ac6-draw] prim=1 verts=4 idx_count=1 vs=C049A8C9E556F129 ps=0000000000000000
[2026-07-31 07:43:49.628] [info] [gpu] [t3978552] [ac6-draw] prim=1 verts=4 idx_count=1 vs=C049A8C9E556F129 ps=0000000000000000
[2026-07-31 07:43:49.628] [info] [gpu] [t3978552] [ac6-draw] prim=1 verts=4 idx_count=1 vs=C049A8C9E556F129 ps=0000000000000000
[2026-07-31 07:43:49.628] [info] [gpu] [t3978552] [ac6-draw] prim=1 verts=4 idx_count=1 vs=C049A8C9E556F129 ps=0000000000000000
[2026-07-31 07:43:49.628] [info] [gpu] [t3978552] [ac6-draw] prim=1 verts=4 idx_count=1 vs=C049A8C9E556F129 ps=0000000000000000
[2026-07-31 07:43:49.628] [info] [gpu] [t3978552] [ac6-draw] prim=1 verts=4 idx_count=1 vs=C049A8C9E556F129 ps=0000000000000000
[2026-07-31 07:43:49.628] [info] [gpu] [t3978552] [ac6-draw] prim=1 verts=4 idx_count=1 vs=C049A8C9E556F129 ps=0000000000000000
[2026-07-31 07:43:49.628] [info] [gpu] [t3978552] [ac6-draw] prim=1 verts=4 idx_count=1 vs=C049A8C9E556F129 ps=0000000000000000
[2026-07-31 07:43:49.628] [info] [gpu] [t3978552] [ac6-draw] prim=1 verts=4 idx_count=1 vs=C049A8C9E556F129 ps=0000000000000000
[2026-07-31 07:43:49.628] [info] [gpu] [t3978552] [ac6-draw] prim=1 verts=4 idx_count=1 vs=C049A8C9E556F129 ps=0000000000000000
[2026-07-31 07:43:49.628] [info] [gpu] [t3978552] [ac6-draw] prim=8 verts=3 idx_count=3 vs=0A6D1DD7767FDF27 ps=2E372EA28CC404B7
[2026-07-31 07:43:49.628] [info] [gpu] [t3978552] [ac6-draw] prim=13 verts=4 idx_count=4 vs=472913F460D4B446 ps=8F1C48BA92C8E43E
[2026-07-31 07:43:49.629] [info] [gpu] [t3978552] [ac6-draw] prim=13 verts=64 idx_count=64 vs=472913F460D4B446 ps=8F1C48BA92C8E43E
[2026-07-31 07:43:49.629] [info] [gpu] [t3978552] [ac6-draw] prim=13 verts=4 idx_count=4 vs=472913F460D4B446 ps=8F1C48BA92C8E43E
[2026-07-31 07:43:49.629] [info] [gpu] [t3978552] [ac6-draw] prim=13 verts=4 idx_count=4 vs=472913F460D4B446 ps=8F1C48BA92C8E43E
[2026-07-31 07:43:49.629] [info] [gpu] [t3978552] [ac6-draw] prim=13 verts=8 idx_count=8 vs=472913F460D4B446 ps=8F1C48BA92C8E43E
[2026-07-31 07:43:49.629] [info] [gpu] [t3978552] [ac6-draw] prim=13 verts=4 idx_count=4 vs=472913F460D4B446 ps=8F1C48BA92C8E43E
[2026-07-31 07:43:49.629] [info] [gpu] [t3978552] [ac6-draw] prim=13 verts=20 idx_count=20 vs=472913F460D4B446 ps=8F1C48BA92C8E43E
[2026-07-31 07:43:49.629] [info] [gpu] [t3978552] [ac6-draw] prim=1 verts=4 idx_count=1 vs=C049A8C9E556F129 ps=0000000000000000
[2026-07-31 07:43:49.629] [info] [gpu] [t3978552] [ac6-draw] prim=1 verts=4 idx_count=1 vs=C049A8C9E556F129 ps=0000000000000000
[2026-07-31 07:43:49.629] [info] [gpu] [t3978552] [ac6-draw] prim=1 verts=4 idx_count=1 vs=C049A8C9E556F129 ps=0000000000000000
[2026-07-31 07:43:49.629] [info] [gpu] [t3978552] [ac6-draw] prim=1 verts=4 idx_count=1 vs=C049A8C9E556F129 ps=0000000000000000
[2026-07-31 07:43:49.629] [info] [gpu] [t3978552] [ac6-draw] prim=1 verts=4 idx_count=1 vs=C049A8C9E556F129 ps=0000000000000000
[2026-07-31 07:43:49.629] [info] [gpu] [t3978552] [ac6-draw] prim=1 verts=4 idx_count=1 vs=C049A8C9E556F129 ps=0000000000000000
[2026-07-31 07:43:49.629] [info] [gpu] [t3978552] [ac6-draw] prim=1 verts=4 idx_count=1 vs=C049A8C9E556F129 ps=0000000000000000
[2026-07-31 07:43:49.629] [info] [gpu] [t3978552] [ac6-draw] prim=1 verts=4 idx_count=1 vs=C049A8C9E556F129 ps=0000000000000000
[2026-07-31 07:43:49.629] [info] [gpu] [t3978552] [ac6-draw] prim=1 verts=4 idx_count=1 vs=C049A8C9E556F129 ps=0000000000000000
[2026-07-31 07:43:49.629] [info] [gpu] [t3978552] [ac6-draw] prim=1 verts=4 idx_count=1 vs=C049A8C9E556F129 ps=0000000000000000
[2026-07-31 07:43:49.629] [info] [gpu] [t3978552] [ac6-draw] prim=1 verts=4 idx_count=1 vs=C049A8C9E556F129 ps=0000000000000000
[2026-07-31 07:43:49.629] [info] [gpu] [t3978552] [ac6-draw] prim=1 verts=4 idx_count=1 vs=C049A8C9E556F129 ps=0000000000000000
[2026-07-31 07:43:49.629] [info] [gpu] [t3978552] [ac6-draw] prim=1 verts=4 idx_count=1 vs=C049A8C9E556F129 ps=0000000000000000
[2026-07-31 07:43:49.629] [info] [gpu] [t3978552] [ac6-draw] prim=1 verts=4 idx_count=1 vs=C049A8C9E556F129 ps=0000000000000000
[2026-07-31 07:43:49.629] [info] [gpu] [t3978552] [ac6-draw] prim=1 verts=4 idx_count=1 vs=C049A8C9E556F129 ps=0000000000000000
[2026-07-31 07:43:49.629] [info] [gpu] [t3978552] [ac6-draw] prim=1 verts=4 idx_count=1 vs=C049A8C9E556F129 ps=0000000000000000
[2026-07-31 07:43:49.629] [info] [gpu] [t3978552] [ac6-draw] prim=1 verts=4 idx_count=1 vs=C049A8C9E556F129 ps=0000000000000000
[2026-07-31 07:43:49.629] [info] [gpu] [t3978552] [ac6-draw] prim=1 verts=4 idx_count=1 vs=C049A8C9E556F129 ps=0000000000000000
[2026-07-31 07:43:49.629] [info] [gpu] [t3978552] [ac6-draw] prim=1 verts=4 idx_count=1 vs=C049A8C9E556F129 ps=0000000000000000
[2026-07-31 07:43:49.629] [info] [gpu] [t3978552] [ac6-draw] prim=1 verts=4 idx_count=1 vs=C049A8C9E556F129 ps=0000000000000000
[2026-07-31 07:43:49.629] [info] [gpu] [t3978552] [ac6-draw] prim=1 verts=4 idx_count=1 vs=C049A8C9E556F129 ps=0000000000000000
[2026-07-31 07:43:49.629] [info] [gpu] [t3978552] [ac6-draw] prim=1 verts=4 idx_count=1 vs=C049A8C9E556F129 ps=0000000000000000
[2026-07-31 07:43:49.629] [info] [gpu] [t3978552] [ac6-draw] prim=1 verts=4 idx_count=1 vs=C049A8C9E556F129 ps=0000000000000000
[2026-07-31 07:43:49.629] [info] [gpu] [t3978552] [ac6-draw] prim=1 verts=4 idx_count=1 vs=C049A8C9E556F129 ps=0000000000000000
[2026-07-31 07:43:49.643] [debug] [gpu] [t3978552] XELOG_GPU PRESENT: swap_texture_view=0x76d00d838060 packet_size=1280x720 src_size=1280x720 src_unscaled=1280x720 guest_output_size=1280x720 format=6
[2026-07-31 07:43:49.644] [info] [gpu] [t3978552] [ac6-draw] prim=1 verts=4 idx_count=1 vs=C049A8C9E556F129 ps=0000000000000000
[2026-07-31 07:43:49.644] [info] [gpu] [t3978552] [ac6-draw] prim=1 verts=4 idx_count=1 vs=C049A8C9E556F129 ps=0000000000000000
[2026-07-31 07:43:49.644] [info] [gpu] [t3978552] [ac6-draw] prim=1 verts=4 idx_count=1 vs=C049A8C9E556F129 ps=0000000000000000
[2026-07-31 07:43:49.644] [info] [gpu] [t3978552] [ac6-draw] prim=1 verts=4 idx_count=1 vs=C049A8C9E556F129 ps=0000000000000000
[2026-07-31 07:43:49.644] [info] [gpu] [t3978552] [ac6-draw] prim=1 verts=4 idx_count=1 vs=C049A8C9E556F129 ps=0000000000000000
[2026-07-31 07:43:49.644] [info] [gpu] [t3978552] [ac6-draw] prim=1 verts=4 idx_count=1 vs=C049A8C9E556F129 ps=0000000000000000
[2026-07-31 07:43:49.644] [info] [gpu] [t3978552] [ac6-draw] prim=1 verts=4 idx_count=1 vs=C049A8C9E556F129 ps=0000000000000000
[2026-07-31 07:43:49.644] [info] [gpu] [t3978552] [ac6-draw] prim=1 verts=4 idx_count=1 vs=C049A8C9E556F129 ps=0000000000000000
[2026-07-31 07:43:49.644] [info] [gpu] [t3978552] [ac6-draw] prim=1 verts=4 idx_count=1 vs=C049A8C9E556F129 ps=0000000000000000
[2026-07-31 07:43:49.644] [info] [gpu] [t3978552] [ac6-draw] prim=1 verts=4 idx_count=1 vs=C049A8C9E556F129 ps=0000000000000000
[2026-07-31 07:43:49.644] [info] [gpu] [t3978552] [ac6-draw] prim=1 verts=4 idx_count=1 vs=C049A8C9E556F129 ps=0000000000000000
[2026-07-31 07:43:49.644] [info] [gpu] [t3978552] [ac6-draw] prim=1 verts=4 idx_count=1 vs=C049A8C9E556F129 ps=0000000000000000
[2026-07-31 07:43:49.644] [info] [gpu] [t3978552] [ac6-draw] prim=1 verts=4 idx_count=1 vs=C049A8C9E556F129 ps=0000000000000000
[2026-07-31 07:43:49.644] [info] [gpu] [t3978552] [ac6-draw] prim=1 verts=4 idx_count=1 vs=C049A8C9E556F129 ps=0000000000000000
[2026-07-31 07:43:49.644] [info] [gpu] [t3978552] [ac6-draw] prim=1 verts=4 idx_count=1 vs=C049A8C9E556F129 ps=0000000000000000
[2026-07-31 07:43:49.644] [info] [gpu] [t3978552] [ac6-draw] prim=1 verts=4 idx_count=1 vs=C049A8C9E556F129 ps=0000000000000000
[2026-07-31 07:43:49.644] [info] [gpu] [t3978552] [ac6-draw] prim=1 verts=4 idx_count=1 vs=C049A8C9E556F129 ps=0000000000000000
[2026-07-31 07:43:49.644] [info] [gpu] [t3978552] [ac6-draw] prim=1 verts=4 idx_count=1 vs=C049A8C9E556F129 ps=0000000000000000
[2026-07-31 07:43:49.644] [info] [gpu] [t3978552] [ac6-draw] prim=1 verts=4 idx_count=1 vs=C049A8C9E556F129 ps=0000000000000000
[2026-07-31 07:43:49.644] [info] [gpu] [t3978552] [ac6-draw] prim=1 verts=4 idx_count=1 vs=C049A8C9E556F129 ps=0000000000000000
[2026-07-31 07:43:49.644] [info] [gpu] [t3978552] [ac6-draw] prim=1 verts=4 idx_count=1 vs=C049A8C9E556F129 ps=0000000000000000
[2026-07-31 07:43:49.644] [info] [gpu] [t3978552] [ac6-draw] prim=1 verts=4 idx_count=1 vs=C049A8C9E556F129 ps=0000000000000000
[2026-07-31 07:43:49.644] [info] [gpu] [t3978552] [ac6-draw] prim=1 verts=4 idx_count=1 vs=C049A8C9E556F129 ps=0000000000000000
[2026-07-31 07:43:49.644] [info] [gpu] [t3978552] [ac6-draw] prim=1 verts=4 idx_count=1 vs=C049A8C9E556F129 ps=0000000000000000
[2026-07-31 07:43:49.644] [info] [gpu] [t3978552] [ac6-draw] prim=8 verts=3 idx_count=3 vs=0A6D1DD7767FDF27 ps=2E372EA28CC404B7
[2026-07-31 07:43:49.645] [info] [gpu] [t3978552] [ac6-draw] prim=13 verts=4 idx_count=4 vs=472913F460D4B446 ps=8F1C48BA92C8E43E
[2026-07-31 07:43:49.645] [info] [gpu] [t3978552] [ac6-draw] prim=13 verts=64 idx_count=64 vs=472913F460D4B446 ps=8F1C48BA92C8E43E
[2026-07-31 07:43:49.645] [info] [gpu] [t3978552] [ac6-draw] prim=13 verts=4 idx_count=4 vs=472913F460D4B446 ps=8F1C48BA92C8E43E
[2026-07-31 07:43:49.645] [info] [gpu] [t3978552] [ac6-draw] prim=13 verts=4 idx_count=4 vs=472913F460D4B446 ps=8F1C48BA92C8E43E
[2026-07-31 07:43:49.645] [info] [gpu] [t3978552] [ac6-draw] prim=13 verts=8 idx_count=8 vs=472913F460D4B446 ps=8F1C48BA92C8E43E
[2026-07-31 07:43:49.645] [info] [gpu] [t3978552] [ac6-draw] prim=13 verts=4 idx_count=4 vs=472913F460D4B446 ps=8F1C48BA92C8E43E
[2026-07-31 07:43:49.645] [info] [gpu] [t3978552] [ac6-draw] prim=13 verts=20 idx_count=20 vs=472913F460D4B446 ps=8F1C48BA92C8E43E
[2026-07-31 07:43:49.645] [info] [gpu] [t3978552] [ac6-draw] prim=1 verts=4 idx_count=1 vs=C049A8C9E556F129 ps=0000000000000000
[2026-07-31 07:43:49.645] [info] [gpu] [t3978552] [ac6-draw] prim=1 verts=4 idx_count=1 vs=C049A8C9E556F129 ps=0000000000000000
[2026-07-31 07:43:49.645] [info] [gpu] [t3978552] [ac6-draw] prim=1 verts=4 idx_count=1 vs=C049A8C9E556F129 ps=0000000000000000
[2026-07-31 07:43:49.645] [info] [gpu] [t3978552] [ac6-draw] prim=1 verts=4 idx_count=1 vs=C049A8C9E556F129 ps=0000000000000000
[2026-07-31 07:43:49.645] [info] [gpu] [t3978552] [ac6-draw] prim=1 verts=4 idx_count=1 vs=C049A8C9E556F129 ps=0000000000000000
[2026-07-31 07:43:49.645] [info] [gpu] [t3978552] [ac6-draw] prim=1 verts=4 idx_count=1 vs=C049A8C9E556F129 ps=0000000000000000
[2026-07-31 07:43:49.645] [info] [gpu] [t3978552] [ac6-draw] prim=1 verts=4 idx_count=1 vs=C049A8C9E556F129 ps=0000000000000000
[2026-07-31 07:43:49.645] [info] [gpu] [t3978552] [ac6-draw] prim=1 verts=4 idx_count=1 vs=C049A8C9E556F129 ps=0000000000000000
[2026-07-31 07:43:49.645] [info] [gpu] [t3978552] [ac6-draw] prim=1 verts=4 idx_count=1 vs=C049A8C9E556F129 ps=0000000000000000
[2026-07-31 07:43:49.645] [info] [gpu] [t3978552] [ac6-draw] prim=1 verts=4 idx_count=1 vs=C049A8C9E556F129 ps=0000000000000000
[2026-07-31 07:43:49.645] [info] [gpu] [t3978552] [ac6-draw] prim=1 verts=4 idx_count=1 vs=C049A8C9E556F129 ps=0000000000000000
[2026-07-31 07:43:49.645] [info] [gpu] [t3978552] [ac6-draw] prim=1 verts=4 idx_count=1 vs=C049A8C9E556F129 ps=0000000000000000
[2026-07-31 07:43:49.645] [info] [gpu] [t3978552] [ac6-draw] prim=1 verts=4 idx_count=1 vs=C049A8C9E556F129 ps=0000000000000000
[2026-07-31 07:43:49.645] [info] [gpu] [t3978552] [ac6-draw] prim=1 verts=4 idx_count=1 vs=C049A8C9E556F129 ps=0000000000000000
[2026-07-31 07:43:49.645] [info] [gpu] [t3978552] [ac6-draw] prim=1 verts=4 idx_count=1 vs=C049A8C9E556F129 ps=0000000000000000
[2026-07-31 07:43:49.645] [info] [gpu] [t3978552] [ac6-draw] prim=1 verts=4 idx_count=1 vs=C049A8C9E556F129 ps=0000000000000000
[2026-07-31 07:43:49.645] [info] [gpu] [t3978552] [ac6-draw] prim=1 verts=4 idx_count=1 vs=C049A8C9E556F129 ps=0000000000000000
[2026-07-31 07:43:49.645] [info] [gpu] [t3978552] [ac6-draw] prim=1 verts=4 idx_count=1 vs=C049A8C9E556F129 ps=0000000000000000
[2026-07-31 07:43:49.645] [info] [gpu] [t3978552] [ac6-draw] prim=1 verts=4 idx_count=1 vs=C049A8C9E556F129 ps=0000000000000000
[2026-07-31 07:43:49.645] [info] [gpu] [t3978552] [ac6-draw] prim=1 verts=4 idx_count=1 vs=C049A8C9E556F129 ps=0000000000000000
[2026-07-31 07:43:49.645] [info] [gpu] [t3978552] [ac6-draw] prim=1 verts=4 idx_count=1 vs=C049A8C9E556F129 ps=0000000000000000
[2026-07-31 07:43:49.645] [info] [gpu] [t3978552] [ac6-draw] prim=1 verts=4 idx_count=1 vs=C049A8C9E556F129 ps=0000000000000000
[2026-07-31 07:43:49.645] [info] [gpu] [t3978552] [ac6-draw] prim=1 verts=4 idx_count=1 vs=C049A8C9E556F129 ps=0000000000000000
[2026-07-31 07:43:49.645] [info] [gpu] [t3978552] [ac6-draw] prim=1 verts=4 idx_count=1 vs=C049A8C9E556F129 ps=0000000000000000
[2026-07-31 07:43:49.659] [debug] [gpu] [t3978552] XELOG_GPU PRESENT: swap_texture_view=0x76d00d838060 packet_size=1280x720 src_size=1280x720 src_unscaled=1280x720 guest_output_size=1280x720 format=6
[2026-07-31 07:43:49.660] [info] [gpu] [t3978552] [ac6-draw] prim=1 verts=4 idx_count=1 vs=C049A8C9E556F129 ps=0000000000000000
[2026-07-31 07:43:49.660] [info] [gpu] [t3978552] [ac6-draw] prim=1 verts=4 idx_count=1 vs=C049A8C9E556F129 ps=0000000000000000
[2026-07-31 07:43:49.661] [info] [gpu] [t3978552] [ac6-draw] prim=1 verts=4 idx_count=1 vs=C049A8C9E556F129 ps=0000000000000000
[2026-07-31 07:43:49.661] [info] [gpu] [t3978552] [ac6-draw] prim=1 verts=4 idx_count=1 vs=C049A8C9E556F129 ps=0000000000000000
[2026-07-31 07:43:49.661] [info] [gpu] [t3978552] [ac6-draw] prim=1 verts=4 idx_count=1 vs=C049A8C9E556F129 ps=0000000000000000
[2026-07-31 07:43:49.661] [info] [gpu] [t3978552] [ac6-draw] prim=1 verts=4 idx_count=1 vs=C049A8C9E556F129 ps=0000000000000000
[2026-07-31 07:43:49.661] [info] [gpu] [t3978552] [ac6-draw] prim=1 verts=4 idx_count=1 vs=C049A8C9E556F129 ps=0000000000000000
[2026-07-31 07:43:49.661] [info] [gpu] [t3978552] [ac6-draw] prim=1 verts=4 idx_count=1 vs=C049A8C9E556F129 ps=0000000000000000
[2026-07-31 07:43:49.661] [info] [gpu] [t3978552] [ac6-draw] prim=1 verts=4 idx_count=1 vs=C049A8C9E556F129 ps=0000000000000000
[2026-07-31 07:43:49.661] [info] [gpu] [t3978552] [ac6-draw] prim=1 verts=4 idx_count=1 vs=C049A8C9E556F129 ps=0000000000000000
[2026-07-31 07:43:49.661] [info] [gpu] [t3978552] [ac6-draw] prim=1 verts=4 idx_count=1 vs=C049A8C9E556F129 ps=0000000000000000
[2026-07-31 07:43:49.661] [info] [gpu] [t3978552] [ac6-draw] prim=1 verts=4 idx_count=1 vs=C049A8C9E556F129 ps=0000000000000000
[2026-07-31 07:43:49.661] [info] [gpu] [t3978552] [ac6-draw] prim=1 verts=4 idx_count=1 vs=C049A8C9E556F129 ps=0000000000000000
[2026-07-31 07:43:49.661] [info] [gpu] [t3978552] [ac6-draw] prim=1 verts=4 idx_count=1 vs=C049A8C9E556F129 ps=0000000000000000
[2026-07-31 07:43:49.661] [info] [gpu] [t3978552] [ac6-draw] prim=1 verts=4 idx_count=1 vs=C049A8C9E556F129 ps=0000000000000000
[2026-07-31 07:43:49.661] [info] [gpu] [t3978552] [ac6-draw] prim=1 verts=4 idx_count=1 vs=C049A8C9E556F129 ps=0000000000000000
[2026-07-31 07:43:49.661] [info] [gpu] [t3978552] [ac6-draw] prim=1 verts=4 idx_count=1 vs=C049A8C9E556F129 ps=0000000000000000
[2026-07-31 07:43:49.661] [info] [gpu] [t3978552] [ac6-draw] prim=1 verts=4 idx_count=1 vs=C049A8C9E556F129 ps=0000000000000000
[2026-07-31 07:43:49.661] [info] [gpu] [t3978552] [ac6-draw] prim=1 verts=4 idx_count=1 vs=C049A8C9E556F129 ps=0000000000000000
[2026-07-31 07:43:49.661] [info] [gpu] [t3978552] [ac6-draw] prim=1 verts=4 idx_count=1 vs=C049A8C9E556F129 ps=0000000000000000
[2026-07-31 07:43:49.661] [info] [gpu] [t3978552] [ac6-draw] prim=1 verts=4 idx_count=1 vs=C049A8C9E556F129 ps=0000000000000000
[2026-07-31 07:43:49.661] [info] [gpu] [t3978552] [ac6-draw] prim=1 verts=4 idx_count=1 vs=C049A8C9E556F129 ps=0000000000000000
[2026-07-31 07:43:49.661] [info] [gpu] [t3978552] [ac6-draw] prim=1 verts=4 idx_count=1 vs=C049A8C9E556F129 ps=0000000000000000
[2026-07-31 07:43:49.661] [info] [gpu] [t3978552] [ac6-draw] prim=1 verts=4 idx_count=1 vs=C049A8C9E556F129 ps=0000000000000000
[2026-07-31 07:43:49.661] [info] [gpu] [t3978552] [ac6-draw] prim=8 verts=3 idx_count=3 vs=0A6D1DD7767FDF27 ps=2E372EA28CC404B7
[2026-07-31 07:43:49.662] [info] [gpu] [t3978552] [ac6-draw] prim=13 verts=4 idx_count=4 vs=472913F460D4B446 ps=8F1C48BA92C8E43E
[2026-07-31 07:43:49.662] [info] [gpu] [t3978552] [ac6-draw] prim=13 verts=64 idx_count=64 vs=472913F460D4B446 ps=8F1C48BA92C8E43E
[2026-07-31 07:43:49.662] [info] [gpu] [t3978552] [ac6-draw] prim=13 verts=4 idx_count=4 vs=472913F460D4B446 ps=8F1C48BA92C8E43E
[2026-07-31 07:43:49.662] [info] [gpu] [t3978552] [ac6-draw] prim=13 verts=4 idx_count=4 vs=472913F460D4B446 ps=8F1C48BA92C8E43E
[2026-07-31 07:43:49.662] [info] [gpu] [t3978552] [ac6-draw] prim=13 verts=8 idx_count=8 vs=472913F460D4B446 ps=8F1C48BA92C8E43E
[2026-07-31 07:43:49.662] [info] [gpu] [t3978552] [ac6-draw] prim=13 verts=4 idx_count=4 vs=472913F460D4B446 ps=8F1C48BA92C8E43E
[2026-07-31 07:43:49.662] [info] [gpu] [t3978552] [ac6-draw] prim=13 verts=20 idx_count=20 vs=472913F460D4B446 ps=8F1C48BA92C8E43E
[2026-07-31 07:43:49.662] [info] [gpu] [t3978552] [ac6-draw] prim=1 verts=4 idx_count=1 vs=C049A8C9E556F129 ps=0000000000000000
[2026-07-31 07:43:49.662] [info] [gpu] [t3978552] [ac6-draw] prim=1 verts=4 idx_count=1 vs=C049A8C9E556F129 ps=0000000000000000
[2026-07-31 07:43:49.662] [info] [gpu] [t3978552] [ac6-draw] prim=1 verts=4 idx_count=1 vs=C049A8C9E556F129 ps=0000000000000000
[2026-07-31 07:43:49.662] [info] [gpu] [t3978552] [ac6-draw] prim=1 verts=4 idx_count=1 vs=C049A8C9E556F129 ps=0000000000000000
[2026-07-31 07:43:49.662] [info] [gpu] [t3978552] [ac6-draw] prim=1 verts=4 idx_count=1 vs=C049A8C9E556F129 ps=0000000000000000
[2026-07-31 07:43:49.662] [info] [gpu] [t3978552] [ac6-draw] prim=1 verts=4 idx_count=1 vs=C049A8C9E556F129 ps=0000000000000000
[2026-07-31 07:43:49.662] [info] [gpu] [t3978552] [ac6-draw] prim=1 verts=4 idx_count=1 vs=C049A8C9E556F129 ps=0000000000000000
[2026-07-31 07:43:49.662] [info] [gpu] [t3978552] [ac6-draw] prim=1 verts=4 idx_count=1 vs=C049A8C9E556F129 ps=0000000000000000
[2026-07-31 07:43:49.662] [info] [gpu] [t3978552] [ac6-draw] prim=1 verts=4 idx_count=1 vs=C049A8C9E556F129 ps=0000000000000000
[2026-07-31 07:43:49.662] [info] [gpu] [t3978552] [ac6-draw] prim=1 verts=4 idx_count=1 vs=C049A8C9E556F129 ps=0000000000000000
[2026-07-31 07:43:49.662] [info] [gpu] [t3978552] [ac6-draw] prim=1 verts=4 idx_count=1 vs=C049A8C9E556F129 ps=0000000000000000
[2026-07-31 07:43:49.662] [info] [gpu] [t3978552] [ac6-draw] prim=1 verts=4 idx_count=1 vs=C049A8C9E556F129 ps=0000000000000000
[2026-07-31 07:43:49.662] [info] [gpu] [t3978552] [ac6-draw] prim=1 verts=4 idx_count=1 vs=C049A8C9E556F129 ps=0000000000000000
[2026-07-31 07:43:49.662] [info] [gpu] [t3978552] [ac6-draw] prim=1 verts=4 idx_count=1 vs=C049A8C9E556F129 ps=0000000000000000
[2026-07-31 07:43:49.662] [info] [gpu] [t3978552] [ac6-draw] prim=1 verts=4 idx_count=1 vs=C049A8C9E556F129 ps=0000000000000000
[2026-07-31 07:43:49.662] [info] [gpu] [t3978552] [ac6-draw] prim=1 verts=4 idx_count=1 vs=C049A8C9E556F129 ps=0000000000000000
[2026-07-31 07:43:49.662] [info] [gpu] [t3978552] [ac6-draw] prim=1 verts=4 idx_count=1 vs=C049A8C9E556F129 ps=0000000000000000
[2026-07-31 07:43:49.662] [info] [gpu] [t3978552] [ac6-draw] prim=1 verts=4 idx_count=1 vs=C049A8C9E556F129 ps=0000000000000000
[2026-07-31 07:43:49.662] [info] [gpu] [t3978552] [ac6-draw] prim=1 verts=4 idx_count=1 vs=C049A8C9E556F129 ps=0000000000000000
[2026-07-31 07:43:49.662] [info] [gpu] [t3978552] [ac6-draw] prim=1 verts=4 idx_count=1 vs=C049A8C9E556F129 ps=0000000000000000
[2026-07-31 07:43:49.662] [info] [gpu] [t3978552] [ac6-draw] prim=1 verts=4 idx_count=1 vs=C049A8C9E556F129 ps=0000000000000000
[2026-07-31 07:43:49.662] [info] [gpu] [t3978552] [ac6-draw] prim=1 verts=4 idx_count=1 vs=C049A8C9E556F129 ps=0000000000000000
[2026-07-31 07:43:49.662] [info] [gpu] [t3978552] [ac6-draw] prim=1 verts=4 idx_count=1 vs=C049A8C9E556F129 ps=0000000000000000
[2026-07-31 07:43:49.662] [info] [gpu] [t3978552] [ac6-draw] prim=1 verts=4 idx_count=1 vs=C049A8C9E556F129 ps=0000000000000000
[2026-07-31 07:43:49.677] [debug] [gpu] [t3978552] XELOG_GPU PRESENT: swap_texture_view=0x76d00d838060 packet_size=1280x720 src_size=1280x720 src_unscaled=1280x720 guest_output_size=1280x720 format=6
[2026-07-31 07:43:49.678] [info] [gpu] [t3978552] [ac6-draw] prim=1 verts=4 idx_count=1 vs=C049A8C9E556F129 ps=0000000000000000
[2026-07-31 07:43:49.678] [info] [gpu] [t3978552] [ac6-draw] prim=1 verts=4 idx_count=1 vs=C049A8C9E556F129 ps=0000000000000000
[2026-07-31 07:43:49.678] [info] [gpu] [t3978552] [ac6-draw] prim=1 verts=4 idx_count=1 vs=C049A8C9E556F129 ps=0000000000000000
[2026-07-31 07:43:49.678] [info] [gpu] [t3978552] [ac6-draw] prim=1 verts=4 idx_count=1 vs=C049A8C9E556F129 ps=0000000000000000
[2026-07-31 07:43:49.678] [info] [gpu] [t3978552] [ac6-draw] prim=1 verts=4 idx_count=1 vs=C049A8C9E556F129 ps=0000000000000000
[2026-07-31 07:43:49.678] [info] [gpu] [t3978552] [ac6-draw] prim=1 verts=4 idx_count=1 vs=C049A8C9E556F129 ps=0000000000000000
[2026-07-31 07:43:49.678] [info] [gpu] [t3978552] [ac6-draw] prim=1 verts=4 idx_count=1 vs=C049A8C9E556F129 ps=0000000000000000
[2026-07-31 07:43:49.678] [info] [gpu] [t3978552] [ac6-draw] prim=1 verts=4 idx_count=1 vs=C049A8C9E556F129 ps=0000000000000000
[2026-07-31 07:43:49.678] [info] [gpu] [t3978552] [ac6-draw] prim=1 verts=4 idx_count=1 vs=C049A8C9E556F129 ps=0000000000000000
[2026-07-31 07:43:49.678] [info] [gpu] [t3978552] [ac6-draw] prim=1 verts=4 idx_count=1 vs=C049A8C9E556F129 ps=0000000000000000
[2026-07-31 07:43:49.678] [info] [gpu] [t3978552] [ac6-draw] prim=1 verts=4 idx_count=1 vs=C049A8C9E556F129 ps=0000000000000000
[2026-07-31 07:43:49.678] [info] [gpu] [t3978552] [ac6-draw] prim=1 verts=4 idx_count=1 vs=C049A8C9E556F129 ps=0000000000000000
[2026-07-31 07:43:49.678] [info] [gpu] [t3978552] [ac6-draw] prim=1 verts=4 idx_count=1 vs=C049A8C9E556F129 ps=0000000000000000
[2026-07-31 07:43:49.678] [info] [gpu] [t3978552] [ac6-draw] prim=1 verts=4 idx_count=1 vs=C049A8C9E556F129 ps=0000000000000000
[2026-07-31 07:43:49.678] [info] [gpu] [t3978552] [ac6-draw] prim=1 verts=4 idx_count=1 vs=C049A8C9E556F129 ps=0000000000000000
[2026-07-31 07:43:49.678] [info] [gpu] [t3978552] [ac6-draw] prim=1 verts=4 idx_count=1 vs=C049A8C9E556F129 ps=0000000000000000
[2026-07-31 07:43:49.678] [info] [gpu] [t3978552] [ac6-draw] prim=1 verts=4 idx_count=1 vs=C049A8C9E556F129 ps=0000000000000000
[2026-07-31 07:43:49.678] [info] [gpu] [t3978552] [ac6-draw] prim=1 verts=4 idx_count=1 vs=C049A8C9E556F129 ps=0000000000000000
[2026-07-31 07:43:49.678] [info] [gpu] [t3978552] [ac6-draw] prim=1 verts=4 idx_count=1 vs=C049A8C9E556F129 ps=0000000000000000
[2026-07-31 07:43:49.678] [info] [gpu] [t3978552] [ac6-draw] prim=1 verts=4 idx_count=1 vs=C049A8C9E556F129 ps=0000000000000000
[2026-07-31 07:43:49.678] [info] [gpu] [t3978552] [ac6-draw] prim=1 verts=4 idx_count=1 vs=C049A8C9E556F129 ps=0000000000000000
[2026-07-31 07:43:49.678] [info] [gpu] [t3978552] [ac6-draw] prim=1 verts=4 idx_count=1 vs=C049A8C9E556F129 ps=0000000000000000
[2026-07-31 07:43:49.678] [info] [gpu] [t3978552] [ac6-draw] prim=1 verts=4 idx_count=1 vs=C049A8C9E556F129 ps=0000000000000000
[2026-07-31 07:43:49.678] [info] [gpu] [t3978552] [ac6-draw] prim=1 verts=4 idx_count=1 vs=C049A8C9E556F129 ps=0000000000000000
[2026-07-31 07:43:49.679] [info] [gpu] [t3978552] [ac6-draw] prim=8 verts=3 idx_count=3 vs=0A6D1DD7767FDF27 ps=2E372EA28CC404B7
[2026-07-31 07:43:49.679] [info] [gpu] [t3978552] [ac6-draw] prim=13 verts=4 idx_count=4 vs=472913F460D4B446 ps=8F1C48BA92C8E43E
[2026-07-31 07:43:49.679] [info] [gpu] [t3978552] [ac6-draw] prim=13 verts=64 idx_count=64 vs=472913F460D4B446 ps=8F1C48BA92C8E43E
[2026-07-31 07:43:49.679] [info] [gpu] [t3978552] [ac6-draw] prim=13 verts=4 idx_count=4 vs=472913F460D4B446 ps=8F1C48BA92C8E43E
[2026-07-31 07:43:49.679] [info] [gpu] [t3978552] [ac6-draw] prim=13 verts=4 idx_count=4 vs=472913F460D4B446 ps=8F1C48BA92C8E43E
[2026-07-31 07:43:49.679] [info] [gpu] [t3978552] [ac6-draw] prim=13 verts=8 idx_count=8 vs=472913F460D4B446 ps=8F1C48BA92C8E43E
[2026-07-31 07:43:49.679] [info] [gpu] [t3978552] [ac6-draw] prim=13 verts=4 idx_count=4 vs=472913F460D4B446 ps=8F1C48BA92C8E43E
[2026-07-31 07:43:49.679] [info] [gpu] [t3978552] [ac6-draw] prim=13 verts=20 idx_count=20 vs=472913F460D4B446 ps=8F1C48BA92C8E43E
[2026-07-31 07:43:49.679] [info] [gpu] [t3978552] [ac6-draw] prim=1 verts=4 idx_count=1 vs=C049A8C9E556F129 ps=0000000000000000
[2026-07-31 07:43:49.679] [info] [gpu] [t3978552] [ac6-draw] prim=1 verts=4 idx_count=1 vs=C049A8C9E556F129 ps=0000000000000000
[2026-07-31 07:43:49.679] [info] [gpu] [t3978552] [ac6-draw] prim=1 verts=4 idx_count=1 vs=C049A8C9E556F129 ps=0000000000000000
[2026-07-31 07:43:49.679] [info] [gpu] [t3978552] [ac6-draw] prim=1 verts=4 idx_count=1 vs=C049A8C9E556F129 ps=0000000000000000
[2026-07-31 07:43:49.679] [info] [gpu] [t3978552] [ac6-draw] prim=1 verts=4 idx_count=1 vs=C049A8C9E556F129 ps=0000000000000000
[2026-07-31 07:43:49.679] [info] [gpu] [t3978552] [ac6-draw] prim=1 verts=4 idx_count=1 vs=C049A8C9E556F129 ps=0000000000000000
[2026-07-31 07:43:49.679] [info] [gpu] [t3978552] [ac6-draw] prim=1 verts=4 idx_count=1 vs=C049A8C9E556F129 ps=0000000000000000
[2026-07-31 07:43:49.679] [info] [gpu] [t3978552] [ac6-draw] prim=1 verts=4 idx_count=1 vs=C049A8C9E556F129 ps=0000000000000000
[2026-07-31 07:43:49.679] [info] [gpu] [t3978552] [ac6-draw] prim=1 verts=4 idx_count=1 vs=C049A8C9E556F129 ps=0000000000000000
[2026-07-31 07:43:49.679] [info] [gpu] [t3978552] [ac6-draw] prim=1 verts=4 idx_count=1 vs=C049A8C9E556F129 ps=0000000000000000
[2026-07-31 07:43:49.679] [info] [gpu] [t3978552] [ac6-draw] prim=1 verts=4 idx_count=1 vs=C049A8C9E556F129 ps=0000000000000000
[2026-07-31 07:43:49.679] [info] [gpu] [t3978552] [ac6-draw] prim=1 verts=4 idx_count=1 vs=C049A8C9E556F129 ps=0000000000000000
[2026-07-31 07:43:49.679] [info] [gpu] [t3978552] [ac6-draw] prim=1 verts=4 idx_count=1 vs=C049A8C9E556F129 ps=0000000000000000
[2026-07-31 07:43:49.679] [info] [gpu] [t3978552] [ac6-draw] prim=1 verts=4 idx_count=1 vs=C049A8C9E556F129 ps=0000000000000000
[2026-07-31 07:43:49.679] [info] [gpu] [t3978552] [ac6-draw] prim=1 verts=4 idx_count=1 vs=C049A8C9E556F129 ps=0000000000000000
[2026-07-31 07:43:49.679] [info] [gpu] [t3978552] [ac6-draw] prim=1 verts=4 idx_count=1 vs=C049A8C9E556F129 ps=0000000000000000
[2026-07-31 07:43:49.679] [info] [gpu] [t3978552] [ac6-draw] prim=1 verts=4 idx_count=1 vs=C049A8C9E556F129 ps=0000000000000000
[2026-07-31 07:43:49.679] [info] [gpu] [t3978552] [ac6-draw] prim=1 verts=4 idx_count=1 vs=C049A8C9E556F129 ps=0000000000000000
[2026-07-31 07:43:49.679] [info] [gpu] [t3978552] [ac6-draw] prim=1 verts=4 idx_count=1 vs=C049A8C9E556F129 ps=0000000000000000
[2026-07-31 07:43:49.679] [info] [gpu] [t3978552] [ac6-draw] prim=1 verts=4 idx_count=1 vs=C049A8C9E556F129 ps=0000000000000000
[2026-07-31 07:43:49.679] [info] [gpu] [t3978552] [ac6-draw] prim=1 verts=4 idx_count=1 vs=C049A8C9E556F129 ps=0000000000000000
[2026-07-31 07:43:49.680] [info] [gpu] [t3978552] [ac6-draw] prim=1 verts=4 idx_count=1 vs=C049A8C9E556F129 ps=0000000000000000
[2026-07-31 07:43:49.680] [info] [gpu] [t3978552] [ac6-draw] prim=1 verts=4 idx_count=1 vs=C049A8C9E556F129 ps=0000000000000000
[2026-07-31 07:43:49.680] [info] [gpu] [t3978552] [ac6-draw] prim=1 verts=4 idx_count=1 vs=C049A8C9E556F129 ps=0000000000000000
[2026-07-31 07:43:49.693] [debug] [gpu] [t3978552] XELOG_GPU PRESENT: swap_texture_view=0x76d00d838060 packet_size=1280x720 src_size=1280x720 src_unscaled=1280x720 guest_output_size=1280x720 format=6
[2026-07-31 07:43:49.694] [info] [gpu] [t3978552] [ac6-draw] prim=1 verts=4 idx_count=1 vs=C049A8C9E556F129 ps=0000000000000000
[2026-07-31 07:43:49.694] [info] [gpu] [t3978552] [ac6-draw] prim=1 verts=4 idx_count=1 vs=C049A8C9E556F129 ps=0000000000000000
[2026-07-31 07:43:49.694] [info] [gpu] [t3978552] [ac6-draw] prim=1 verts=4 idx_count=1 vs=C049A8C9E556F129 ps=0000000000000000
[2026-07-31 07:43:49.694] [info] [gpu] [t3978552] [ac6-draw] prim=1 verts=4 idx_count=1 vs=C049A8C9E556F129 ps=0000000000000000
[2026-07-31 07:43:49.694] [info] [gpu] [t3978552] [ac6-draw] prim=1 verts=4 idx_count=1 vs=C049A8C9E556F129 ps=0000000000000000
[2026-07-31 07:43:49.694] [info] [gpu] [t3978552] [ac6-draw] prim=1 verts=4 idx_count=1 vs=C049A8C9E556F129 ps=0000000000000000
[2026-07-31 07:43:49.694] [info] [gpu] [t3978552] [ac6-draw] prim=1 verts=4 idx_count=1 vs=C049A8C9E556F129 ps=0000000000000000
[2026-07-31 07:43:49.694] [info] [gpu] [t3978552] [ac6-draw] prim=1 verts=4 idx_count=1 vs=C049A8C9E556F129 ps=0000000000000000
[2026-07-31 07:43:49.694] [info] [gpu] [t3978552] [ac6-draw] prim=1 verts=4 idx_count=1 vs=C049A8C9E556F129 ps=0000000000000000
[2026-07-31 07:43:49.694] [info] [gpu] [t3978552] [ac6-draw] prim=1 verts=4 idx_count=1 vs=C049A8C9E556F129 ps=0000000000000000
[2026-07-31 07:43:49.694] [info] [gpu] [t3978552] [ac6-draw] prim=1 verts=4 idx_count=1 vs=C049A8C9E556F129 ps=0000000000000000
[2026-07-31 07:43:49.694] [info] [gpu] [t3978552] [ac6-draw] prim=1 verts=4 idx_count=1 vs=C049A8C9E556F129 ps=0000000000000000
[2026-07-31 07:43:49.694] [info] [gpu] [t3978552] [ac6-draw] prim=1 verts=4 idx_count=1 vs=C049A8C9E556F129 ps=0000000000000000
[2026-07-31 07:43:49.694] [info] [gpu] [t3978552] [ac6-draw] prim=1 verts=4 idx_count=1 vs=C049A8C9E556F129 ps=0000000000000000
[2026-07-31 07:43:49.694] [info] [gpu] [t3978552] [ac6-draw] prim=1 verts=4 idx_count=1 vs=C049A8C9E556F129 ps=0000000000000000
[2026-07-31 07:43:49.695] [info] [gpu] [t3978552] [ac6-draw] prim=1 verts=4 idx_count=1 vs=C049A8C9E556F129 ps=0000000000000000
[2026-07-31 07:43:49.695] [info] [gpu] [t3978552] [ac6-draw] prim=1 verts=4 idx_count=1 vs=C049A8C9E556F129 ps=0000000000000000
[2026-07-31 07:43:49.695] [info] [gpu] [t3978552] [ac6-draw] prim=1 verts=4 idx_count=1 vs=C049A8C9E556F129 ps=0000000000000000
[2026-07-31 07:43:49.695] [info] [gpu] [t3978552] [ac6-draw] prim=1 verts=4 idx_count=1 vs=C049A8C9E556F129 ps=0000000000000000
[2026-07-31 07:43:49.695] [info] [gpu] [t3978552] [ac6-draw] prim=1 verts=4 idx_count=1 vs=C049A8C9E556F129 ps=0000000000000000
[2026-07-31 07:43:49.695] [info] [gpu] [t3978552] [ac6-draw] prim=1 verts=4 idx_count=1 vs=C049A8C9E556F129 ps=0000000000000000
[2026-07-31 07:43:49.695] [info] [gpu] [t3978552] [ac6-draw] prim=1 verts=4 idx_count=1 vs=C049A8C9E556F129 ps=0000000000000000
[2026-07-31 07:43:49.695] [info] [gpu] [t3978552] [ac6-draw] prim=1 verts=4 idx_count=1 vs=C049A8C9E556F129 ps=0000000000000000
[2026-07-31 07:43:49.695] [info] [gpu] [t3978552] [ac6-draw] prim=1 verts=4 idx_count=1 vs=C049A8C9E556F129 ps=0000000000000000
[2026-07-31 07:43:49.695] [info] [gpu] [t3978552] [ac6-draw] prim=8 verts=3 idx_count=3 vs=0A6D1DD7767FDF27 ps=2E372EA28CC404B7
[2026-07-31 07:43:49.695] [info] [gpu] [t3978552] [ac6-draw] prim=13 verts=4 idx_count=4 vs=472913F460D4B446 ps=8F1C48BA92C8E43E
[2026-07-31 07:43:49.695] [info] [gpu] [t3978552] [ac6-draw] prim=13 verts=64 idx_count=64 vs=472913F460D4B446 ps=8F1C48BA92C8E43E
[2026-07-31 07:43:49.695] [info] [gpu] [t3978552] [ac6-draw] prim=13 verts=4 idx_count=4 vs=472913F460D4B446 ps=8F1C48BA92C8E43E
[2026-07-31 07:43:49.696] [info] [gpu] [t3978552] [ac6-draw] prim=13 verts=4 idx_count=4 vs=472913F460D4B446 ps=8F1C48BA92C8E43E
[2026-07-31 07:43:49.696] [info] [gpu] [t3978552] [ac6-draw] prim=13 verts=8 idx_count=8 vs=472913F460D4B446 ps=8F1C48BA92C8E43E
[2026-07-31 07:43:49.696] [info] [gpu] [t3978552] [ac6-draw] prim=13 verts=4 idx_count=4 vs=472913F460D4B446 ps=8F1C48BA92C8E43E
[2026-07-31 07:43:49.696] [info] [gpu] [t3978552] [ac6-draw] prim=13 verts=20 idx_count=20 vs=472913F460D4B446 ps=8F1C48BA92C8E43E
[2026-07-31 07:43:49.696] [info] [gpu] [t3978552] [ac6-draw] prim=1 verts=4 idx_count=1 vs=C049A8C9E556F129 ps=0000000000000000
[2026-07-31 07:43:49.696] [info] [gpu] [t3978552] [ac6-draw] prim=1 verts=4 idx_count=1 vs=C049A8C9E556F129 ps=0000000000000000
[2026-07-31 07:43:49.696] [info] [gpu] [t3978552] [ac6-draw] prim=1 verts=4 idx_count=1 vs=C049A8C9E556F129 ps=0000000000000000
[2026-07-31 07:43:49.696] [info] [gpu] [t3978552] [ac6-draw] prim=1 verts=4 idx_count=1 vs=C049A8C9E556F129 ps=0000000000000000
[2026-07-31 07:43:49.696] [info] [gpu] [t3978552] [ac6-draw] prim=1 verts=4 idx_count=1 vs=C049A8C9E556F129 ps=0000000000000000
[2026-07-31 07:43:49.696] [info] [gpu] [t3978552] [ac6-draw] prim=1 verts=4 idx_count=1 vs=C049A8C9E556F129 ps=0000000000000000
[2026-07-31 07:43:49.696] [info] [gpu] [t3978552] [ac6-draw] prim=1 verts=4 idx_count=1 vs=C049A8C9E556F129 ps=0000000000000000
[2026-07-31 07:43:49.696] [info] [gpu] [t3978552] [ac6-draw] prim=1 verts=4 idx_count=1 vs=C049A8C9E556F129 ps=0000000000000000
[2026-07-31 07:43:49.696] [info] [gpu] [t3978552] [ac6-draw] prim=1 verts=4 idx_count=1 vs=C049A8C9E556F129 ps=0000000000000000
[2026-07-31 07:43:49.696] [info] [gpu] [t3978552] [ac6-draw] prim=1 verts=4 idx_count=1 vs=C049A8C9E556F129 ps=0000000000000000
[2026-07-31 07:43:49.696] [info] [gpu] [t3978552] [ac6-draw] prim=1 verts=4 idx_count=1 vs=C049A8C9E556F129 ps=0000000000000000
[2026-07-31 07:43:49.696] [info] [gpu] [t3978552] [ac6-draw] prim=1 verts=4 idx_count=1 vs=C049A8C9E556F129 ps=0000000000000000
[2026-07-31 07:43:49.696] [info] [gpu] [t3978552] [ac6-draw] prim=1 verts=4 idx_count=1 vs=C049A8C9E556F129 ps=0000000000000000
[2026-07-31 07:43:49.696] [info] [gpu] [t3978552] [ac6-draw] prim=1 verts=4 idx_count=1 vs=C049A8C9E556F129 ps=0000000000000000
[2026-07-31 07:43:49.696] [info] [gpu] [t3978552] [ac6-draw] prim=1 verts=4 idx_count=1 vs=C049A8C9E556F129 ps=0000000000000000
[2026-07-31 07:43:49.696] [info] [gpu] [t3978552] [ac6-draw] prim=1 verts=4 idx_count=1 vs=C049A8C9E556F129 ps=0000000000000000
[2026-07-31 07:43:49.696] [info] [gpu] [t3978552] [ac6-draw] prim=1 verts=4 idx_count=1 vs=C049A8C9E556F129 ps=0000000000000000
[2026-07-31 07:43:49.696] [info] [gpu] [t3978552] [ac6-draw] prim=1 verts=4 idx_count=1 vs=C049A8C9E556F129 ps=0000000000000000
[2026-07-31 07:43:49.696] [info] [gpu] [t3978552] [ac6-draw] prim=1 verts=4 idx_count=1 vs=C049A8C9E556F129 ps=0000000000000000
[2026-07-31 07:43:49.696] [info] [gpu] [t3978552] [ac6-draw] prim=1 verts=4 idx_count=1 vs=C049A8C9E556F129 ps=0000000000000000
[2026-07-31 07:43:49.696] [info] [gpu] [t3978552] [ac6-draw] prim=1 verts=4 idx_count=1 vs=C049A8C9E556F129 ps=0000000000000000
[2026-07-31 07:43:49.696] [info] [gpu] [t3978552] [ac6-draw] prim=1 verts=4 idx_count=1 vs=C049A8C9E556F129 ps=0000000000000000
[2026-07-31 07:43:49.696] [info] [gpu] [t3978552] [ac6-draw] prim=1 verts=4 idx_count=1 vs=C049A8C9E556F129 ps=0000000000000000
[2026-07-31 07:43:49.696] [info] [gpu] [t3978552] [ac6-draw] prim=1 verts=4 idx_count=1 vs=C049A8C9E556F129 ps=0000000000000000
[2026-07-31 07:43:49.709] [debug] [gpu] [t3978552] XELOG_GPU PRESENT: swap_texture_view=0x76d00d838060 packet_size=1280x720 src_size=1280x720 src_unscaled=1280x720 guest_output_size=1280x720 format=6
[2026-07-31 07:43:49.755] [info] [gpu] [t3978552] [ac6-draw] prim=1 verts=4 idx_count=1 vs=C049A8C9E556F129 ps=0000000000000000
[2026-07-31 07:43:49.755] [info] [gpu] [t3978552] [ac6-draw] prim=1 verts=4 idx_count=1 vs=C049A8C9E556F129 ps=0000000000000000
[2026-07-31 07:43:49.755] [info] [gpu] [t3978552] [ac6-draw] prim=1 verts=4 idx_count=1 vs=C049A8C9E556F129 ps=0000000000000000
[2026-07-31 07:43:49.755] [info] [gpu] [t3978552] [ac6-draw] prim=1 verts=4 idx_count=1 vs=C049A8C9E556F129 ps=0000000000000000
[2026-07-31 07:43:49.755] [info] [gpu] [t3978552] [ac6-draw] prim=1 verts=4 idx_count=1 vs=C049A8C9E556F129 ps=0000000000000000
[2026-07-31 07:43:49.755] [info] [gpu] [t3978552] [ac6-draw] prim=1 verts=4 idx_count=1 vs=C049A8C9E556F129 ps=0000000000000000
[2026-07-31 07:43:49.755] [info] [gpu] [t3978552] [ac6-draw] prim=1 verts=4 idx_count=1 vs=C049A8C9E556F129 ps=0000000000000000
[2026-07-31 07:43:49.755] [info] [gpu] [t3978552] [ac6-draw] prim=1 verts=4 idx_count=1 vs=C049A8C9E556F129 ps=0000000000000000
[2026-07-31 07:43:49.755] [info] [gpu] [t3978552] [ac6-draw] prim=1 verts=4 idx_count=1 vs=C049A8C9E556F129 ps=0000000000000000
[2026-07-31 07:43:49.755] [info] [gpu] [t3978552] [ac6-draw] prim=1 verts=4 idx_count=1 vs=C049A8C9E556F129 ps=0000000000000000
[2026-07-31 07:43:49.755] [info] [gpu] [t3978552] [ac6-draw] prim=1 verts=4 idx_count=1 vs=C049A8C9E556F129 ps=0000000000000000
[2026-07-31 07:43:49.755] [info] [gpu] [t3978552] [ac6-draw] prim=1 verts=4 idx_count=1 vs=C049A8C9E556F129 ps=0000000000000000
[2026-07-31 07:43:49.755] [info] [gpu] [t3978552] [ac6-draw] prim=1 verts=4 idx_count=1 vs=C049A8C9E556F129 ps=0000000000000000
[2026-07-31 07:43:49.755] [info] [gpu] [t3978552] [ac6-draw] prim=1 verts=4 idx_count=1 vs=C049A8C9E556F129 ps=0000000000000000
[2026-07-31 07:43:49.755] [info] [gpu] [t3978552] [ac6-draw] prim=1 verts=4 idx_count=1 vs=C049A8C9E556F129 ps=0000000000000000
[2026-07-31 07:43:49.755] [info] [gpu] [t3978552] [ac6-draw] prim=1 verts=4 idx_count=1 vs=C049A8C9E556F129 ps=0000000000000000
[2026-07-31 07:43:49.755] [info] [gpu] [t3978552] [ac6-draw] prim=1 verts=4 idx_count=1 vs=C049A8C9E556F129 ps=0000000000000000
[2026-07-31 07:43:49.755] [info] [gpu] [t3978552] [ac6-draw] prim=1 verts=4 idx_count=1 vs=C049A8C9E556F129 ps=0000000000000000
[2026-07-31 07:43:49.755] [info] [gpu] [t3978552] [ac6-draw] prim=1 verts=4 idx_count=1 vs=C049A8C9E556F129 ps=0000000000000000
[2026-07-31 07:43:49.755] [info] [gpu] [t3978552] [ac6-draw] prim=1 verts=4 idx_count=1 vs=C049A8C9E556F129 ps=0000000000000000
[2026-07-31 07:43:49.755] [info] [gpu] [t3978552] [ac6-draw] prim=1 verts=4 idx_count=1 vs=C049A8C9E556F129 ps=0000000000000000
[2026-07-31 07:43:49.755] [info] [gpu] [t3978552] [ac6-draw] prim=1 verts=4 idx_count=1 vs=C049A8C9E556F129 ps=0000000000000000
[2026-07-31 07:43:49.755] [info] [gpu] [t3978552] [ac6-draw] prim=1 verts=4 idx_count=1 vs=C049A8C9E556F129 ps=0000000000000000
[2026-07-31 07:43:49.755] [info] [gpu] [t3978552] [ac6-draw] prim=1 verts=4 idx_count=1 vs=C049A8C9E556F129 ps=0000000000000000
[2026-07-31 07:43:49.755] [info] [gpu] [t3978552] [ac6-draw] prim=8 verts=3 idx_count=3 vs=0A6D1DD7767FDF27 ps=2E372EA28CC404B7
[2026-07-31 07:43:49.756] [info] [gpu] [t3978552] [ac6-draw] prim=13 verts=4 idx_count=4 vs=472913F460D4B446 ps=8F1C48BA92C8E43E
[2026-07-31 07:43:49.756] [info] [gpu] [t3978552] [ac6-draw] prim=13 verts=64 idx_count=64 vs=472913F460D4B446 ps=8F1C48BA92C8E43E
[2026-07-31 07:43:49.756] [info] [gpu] [t3978552] [ac6-draw] prim=13 verts=4 idx_count=4 vs=472913F460D4B446 ps=8F1C48BA92C8E43E
[2026-07-31 07:43:49.756] [info] [gpu] [t3978552] [ac6-draw] prim=13 verts=4 idx_count=4 vs=472913F460D4B446 ps=8F1C48BA92C8E43E
[2026-07-31 07:43:49.756] [info] [gpu] [t3978552] [ac6-draw] prim=13 verts=8 idx_count=8 vs=472913F460D4B446 ps=8F1C48BA92C8E43E
[2026-07-31 07:43:49.756] [info] [gpu] [t3978552] [ac6-draw] prim=13 verts=4 idx_count=4 vs=472913F460D4B446 ps=8F1C48BA92C8E43E
[2026-07-31 07:43:49.756] [info] [gpu] [t3978552] [ac6-draw] prim=13 verts=20 idx_count=20 vs=472913F460D4B446 ps=8F1C48BA92C8E43E
[2026-07-31 07:43:49.756] [info] [gpu] [t3978552] [ac6-draw] prim=1 verts=4 idx_count=1 vs=C049A8C9E556F129 ps=0000000000000000
[2026-07-31 07:43:49.756] [info] [gpu] [t3978552] [ac6-draw] prim=1 verts=4 idx_count=1 vs=C049A8C9E556F129 ps=0000000000000000
[2026-07-31 07:43:49.756] [info] [gpu] [t3978552] [ac6-draw] prim=1 verts=4 idx_count=1 vs=C049A8C9E556F129 ps=0000000000000000
[2026-07-31 07:43:49.756] [info] [gpu] [t3978552] [ac6-draw] prim=1 verts=4 idx_count=1 vs=C049A8C9E556F129 ps=0000000000000000
[2026-07-31 07:43:49.756] [info] [gpu] [t3978552] [ac6-draw] prim=1 verts=4 idx_count=1 vs=C049A8C9E556F129 ps=0000000000000000
[2026-07-31 07:43:49.756] [info] [gpu] [t3978552] [ac6-draw] prim=1 verts=4 idx_count=1 vs=C049A8C9E556F129 ps=0000000000000000
[2026-07-31 07:43:49.756] [info] [gpu] [t3978552] [ac6-draw] prim=1 verts=4 idx_count=1 vs=C049A8C9E556F129 ps=0000000000000000
[2026-07-31 07:43:49.756] [info] [gpu] [t3978552] [ac6-draw] prim=1 verts=4 idx_count=1 vs=C049A8C9E556F129 ps=0000000000000000
[2026-07-31 07:43:49.756] [info] [gpu] [t3978552] [ac6-draw] prim=1 verts=4 idx_count=1 vs=C049A8C9E556F129 ps=0000000000000000
[2026-07-31 07:43:49.756] [info] [gpu] [t3978552] [ac6-draw] prim=1 verts=4 idx_count=1 vs=C049A8C9E556F129 ps=0000000000000000
[2026-07-31 07:43:49.756] [info] [gpu] [t3978552] [ac6-draw] prim=1 verts=4 idx_count=1 vs=C049A8C9E556F129 ps=0000000000000000
[2026-07-31 07:43:49.756] [info] [gpu] [t3978552] [ac6-draw] prim=1 verts=4 idx_count=1 vs=C049A8C9E556F129 ps=0000000000000000
[2026-07-31 07:43:49.756] [info] [gpu] [t3978552] [ac6-draw] prim=1 verts=4 idx_count=1 vs=C049A8C9E556F129 ps=0000000000000000
[2026-07-31 07:43:49.756] [info] [gpu] [t3978552] [ac6-draw] prim=1 verts=4 idx_count=1 vs=C049A8C9E556F129 ps=0000000000000000
[2026-07-31 07:43:49.756] [info] [gpu] [t3978552] [ac6-draw] prim=1 verts=4 idx_count=1 vs=C049A8C9E556F129 ps=0000000000000000
[2026-07-31 07:43:49.756] [info] [gpu] [t3978552] [ac6-draw] prim=1 verts=4 idx_count=1 vs=C049A8C9E556F129 ps=0000000000000000
[2026-07-31 07:43:49.756] [info] [gpu] [t3978552] [ac6-draw] prim=1 verts=4 idx_count=1 vs=C049A8C9E556F129 ps=0000000000000000
[2026-07-31 07:43:49.756] [info] [gpu] [t3978552] [ac6-draw] prim=1 verts=4 idx_count=1 vs=C049A8C9E556F129 ps=0000000000000000
[2026-07-31 07:43:49.756] [info] [gpu] [t3978552] [ac6-draw] prim=1 verts=4 idx_count=1 vs=C049A8C9E556F129 ps=0000000000000000
[2026-07-31 07:43:49.756] [info] [gpu] [t3978552] [ac6-draw] prim=1 verts=4 idx_count=1 vs=C049A8C9E556F129 ps=0000000000000000
[2026-07-31 07:43:49.756] [info] [gpu] [t3978552] [ac6-draw] prim=1 verts=4 idx_count=1 vs=C049A8C9E556F129 ps=0000000000000000
[2026-07-31 07:43:49.756] [info] [gpu] [t3978552] [ac6-draw] prim=1 verts=4 idx_count=1 vs=C049A8C9E556F129 ps=0000000000000000
[2026-07-31 07:43:49.756] [info] [gpu] [t3978552] [ac6-draw] prim=1 verts=4 idx_count=1 vs=C049A8C9E556F129 ps=0000000000000000
[2026-07-31 07:43:49.756] [info] [gpu] [t3978552] [ac6-draw] prim=1 verts=4 idx_count=1 vs=C049A8C9E556F129 ps=0000000000000000
[2026-07-31 07:43:49.760] [debug] [gpu] [t3978552] XELOG_GPU PRESENT: swap_texture_view=0x76d00d838060 packet_size=1280x720 src_size=1280x720 src_unscaled=1280x720 guest_output_size=1280x720 format=6
[2026-07-31 07:43:49.761] [info] [gpu] [t3978552] [ac6-draw] prim=1 verts=4 idx_count=1 vs=C049A8C9E556F129 ps=0000000000000000
[2026-07-31 07:43:49.761] [info] [gpu] [t3978552] [ac6-draw] prim=1 verts=4 idx_count=1 vs=C049A8C9E556F129 ps=0000000000000000
[2026-07-31 07:43:49.761] [info] [gpu] [t3978552] [ac6-draw] prim=1 verts=4 idx_count=1 vs=C049A8C9E556F129 ps=0000000000000000
[2026-07-31 07:43:49.761] [info] [gpu] [t3978552] [ac6-draw] prim=1 verts=4 idx_count=1 vs=C049A8C9E556F129 ps=0000000000000000
[2026-07-31 07:43:49.761] [info] [gpu] [t3978552] [ac6-draw] prim=1 verts=4 idx_count=1 vs=C049A8C9E556F129 ps=0000000000000000
[2026-07-31 07:43:49.761] [info] [gpu] [t3978552] [ac6-draw] prim=1 verts=4 idx_count=1 vs=C049A8C9E556F129 ps=0000000000000000
[2026-07-31 07:43:49.761] [info] [gpu] [t3978552] [ac6-draw] prim=1 verts=4 idx_count=1 vs=C049A8C9E556F129 ps=0000000000000000
[2026-07-31 07:43:49.761] [info] [gpu] [t3978552] [ac6-draw] prim=1 verts=4 idx_count=1 vs=C049A8C9E556F129 ps=0000000000000000
[2026-07-31 07:43:49.761] [info] [gpu] [t3978552] [ac6-draw] prim=1 verts=4 idx_count=1 vs=C049A8C9E556F129 ps=0000000000000000
[2026-07-31 07:43:49.761] [info] [gpu] [t3978552] [ac6-draw] prim=1 verts=4 idx_count=1 vs=C049A8C9E556F129 ps=0000000000000000
[2026-07-31 07:43:49.761] [info] [gpu] [t3978552] [ac6-draw] prim=1 verts=4 idx_count=1 vs=C049A8C9E556F129 ps=0000000000000000
[2026-07-31 07:43:49.761] [info] [gpu] [t3978552] [ac6-draw] prim=1 verts=4 idx_count=1 vs=C049A8C9E556F129 ps=0000000000000000
[2026-07-31 07:43:49.761] [info] [gpu] [t3978552] [ac6-draw] prim=1 verts=4 idx_count=1 vs=C049A8C9E556F129 ps=0000000000000000
[2026-07-31 07:43:49.761] [info] [gpu] [t3978552] [ac6-draw] prim=1 verts=4 idx_count=1 vs=C049A8C9E556F129 ps=0000000000000000
[2026-07-31 07:43:49.761] [info] [gpu] [t3978552] [ac6-draw] prim=1 verts=4 idx_count=1 vs=C049A8C9E556F129 ps=0000000000000000
[2026-07-31 07:43:49.761] [info] [gpu] [t3978552] [ac6-draw] prim=1 verts=4 idx_count=1 vs=C049A8C9E556F129 ps=0000000000000000
[2026-07-31 07:43:49.761] [info] [gpu] [t3978552] [ac6-draw] prim=1 verts=4 idx_count=1 vs=C049A8C9E556F129 ps=0000000000000000
[2026-07-31 07:43:49.761] [info] [gpu] [t3978552] [ac6-draw] prim=1 verts=4 idx_count=1 vs=C049A8C9E556F129 ps=0000000000000000
[2026-07-31 07:43:49.761] [info] [gpu] [t3978552] [ac6-draw] prim=1 verts=4 idx_count=1 vs=C049A8C9E556F129 ps=0000000000000000
[2026-07-31 07:43:49.761] [info] [gpu] [t3978552] [ac6-draw] prim=1 verts=4 idx_count=1 vs=C049A8C9E556F129 ps=0000000000000000
[2026-07-31 07:43:49.761] [info] [gpu] [t3978552] [ac6-draw] prim=1 verts=4 idx_count=1 vs=C049A8C9E556F129 ps=0000000000000000
[2026-07-31 07:43:49.761] [info] [gpu] [t3978552] [ac6-draw] prim=1 verts=4 idx_count=1 vs=C049A8C9E556F129 ps=0000000000000000
[2026-07-31 07:43:49.761] [info] [gpu] [t3978552] [ac6-draw] prim=1 verts=4 idx_count=1 vs=C049A8C9E556F129 ps=0000000000000000
[2026-07-31 07:43:49.761] [info] [gpu] [t3978552] [ac6-draw] prim=1 verts=4 idx_count=1 vs=C049A8C9E556F129 ps=0000000000000000
[2026-07-31 07:43:49.761] [info] [gpu] [t3978552] [ac6-draw] prim=8 verts=3 idx_count=3 vs=0A6D1DD7767FDF27 ps=2E372EA28CC404B7
[2026-07-31 07:43:49.762] [info] [gpu] [t3978552] [ac6-draw] prim=13 verts=4 idx_count=4 vs=472913F460D4B446 ps=8F1C48BA92C8E43E
[2026-07-31 07:43:49.762] [info] [gpu] [t3978552] [ac6-draw] prim=13 verts=64 idx_count=64 vs=472913F460D4B446 ps=8F1C48BA92C8E43E
[2026-07-31 07:43:49.762] [info] [gpu] [t3978552] [ac6-draw] prim=13 verts=4 idx_count=4 vs=472913F460D4B446 ps=8F1C48BA92C8E43E
[2026-07-31 07:43:49.762] [info] [gpu] [t3978552] [ac6-draw] prim=13 verts=4 idx_count=4 vs=472913F460D4B446 ps=8F1C48BA92C8E43E
[2026-07-31 07:43:49.762] [info] [gpu] [t3978552] [ac6-draw] prim=13 verts=8 idx_count=8 vs=472913F460D4B446 ps=8F1C48BA92C8E43E
[2026-07-31 07:43:49.762] [info] [gpu] [t3978552] [ac6-draw] prim=13 verts=4 idx_count=4 vs=472913F460D4B446 ps=8F1C48BA92C8E43E
[2026-07-31 07:43:49.762] [info] [gpu] [t3978552] [ac6-draw] prim=13 verts=20 idx_count=20 vs=472913F460D4B446 ps=8F1C48BA92C8E43E
[2026-07-31 07:43:49.762] [info] [gpu] [t3978552] [ac6-draw] prim=1 verts=4 idx_count=1 vs=C049A8C9E556F129 ps=0000000000000000
[2026-07-31 07:43:49.762] [info] [gpu] [t3978552] [ac6-draw] prim=1 verts=4 idx_count=1 vs=C049A8C9E556F129 ps=0000000000000000
[2026-07-31 07:43:49.762] [info] [gpu] [t3978552] [ac6-draw] prim=1 verts=4 idx_count=1 vs=C049A8C9E556F129 ps=0000000000000000
[2026-07-31 07:43:49.762] [info] [gpu] [t3978552] [ac6-draw] prim=1 verts=4 idx_count=1 vs=C049A8C9E556F129 ps=0000000000000000
[2026-07-31 07:43:49.762] [info] [gpu] [t3978552] [ac6-draw] prim=1 verts=4 idx_count=1 vs=C049A8C9E556F129 ps=0000000000000000
[2026-07-31 07:43:49.762] [info] [gpu] [t3978552] [ac6-draw] prim=1 verts=4 idx_count=1 vs=C049A8C9E556F129 ps=0000000000000000
[2026-07-31 07:43:49.762] [info] [gpu] [t3978552] [ac6-draw] prim=1 verts=4 idx_count=1 vs=C049A8C9E556F129 ps=0000000000000000
[2026-07-31 07:43:49.762] [info] [gpu] [t3978552] [ac6-draw] prim=1 verts=4 idx_count=1 vs=C049A8C9E556F129 ps=0000000000000000
[2026-07-31 07:43:49.762] [info] [gpu] [t3978552] [ac6-draw] prim=1 verts=4 idx_count=1 vs=C049A8C9E556F129 ps=0000000000000000
[2026-07-31 07:43:49.762] [info] [gpu] [t3978552] [ac6-draw] prim=1 verts=4 idx_count=1 vs=C049A8C9E556F129 ps=0000000000000000
[2026-07-31 07:43:49.762] [info] [gpu] [t3978552] [ac6-draw] prim=1 verts=4 idx_count=1 vs=C049A8C9E556F129 ps=0000000000000000
[2026-07-31 07:43:49.762] [info] [gpu] [t3978552] [ac6-draw] prim=1 verts=4 idx_count=1 vs=C049A8C9E556F129 ps=0000000000000000
[2026-07-31 07:43:49.762] [info] [gpu] [t3978552] [ac6-draw] prim=1 verts=4 idx_count=1 vs=C049A8C9E556F129 ps=0000000000000000
[2026-07-31 07:43:49.762] [info] [gpu] [t3978552] [ac6-draw] prim=1 verts=4 idx_count=1 vs=C049A8C9E556F129 ps=0000000000000000
[2026-07-31 07:43:49.762] [info] [gpu] [t3978552] [ac6-draw] prim=1 verts=4 idx_count=1 vs=C049A8C9E556F129 ps=0000000000000000
[2026-07-31 07:43:49.762] [info] [gpu] [t3978552] [ac6-draw] prim=1 verts=4 idx_count=1 vs=C049A8C9E556F129 ps=0000000000000000
[2026-07-31 07:43:49.762] [info] [gpu] [t3978552] [ac6-draw] prim=1 verts=4 idx_count=1 vs=C049A8C9E556F129 ps=0000000000000000
[2026-07-31 07:43:49.762] [info] [gpu] [t3978552] [ac6-draw] prim=1 verts=4 idx_count=1 vs=C049A8C9E556F129 ps=0000000000000000
[2026-07-31 07:43:49.762] [info] [gpu] [t3978552] [ac6-draw] prim=1 verts=4 idx_count=1 vs=C049A8C9E556F129 ps=0000000000000000
[2026-07-31 07:43:49.762] [info] [gpu] [t3978552] [ac6-draw] prim=1 verts=4 idx_count=1 vs=C049A8C9E556F129 ps=0000000000000000
[2026-07-31 07:43:49.762] [info] [gpu] [t3978552] [ac6-draw] prim=1 verts=4 idx_count=1 vs=C049A8C9E556F129 ps=0000000000000000
[2026-07-31 07:43:49.762] [info] [gpu] [t3978552] [ac6-draw] prim=1 verts=4 idx_count=1 vs=C049A8C9E556F129 ps=0000000000000000
[2026-07-31 07:43:49.762] [info] [gpu] [t3978552] [ac6-draw] prim=1 verts=4 idx_count=1 vs=C049A8C9E556F129 ps=0000000000000000
[2026-07-31 07:43:49.762] [info] [gpu] [t3978552] [ac6-draw] prim=1 verts=4 idx_count=1 vs=C049A8C9E556F129 ps=0000000000000000
[2026-07-31 07:43:49.776] [debug] [gpu] [t3978552] XELOG_GPU PRESENT: swap_texture_view=0x76d00d838060 packet_size=1280x720 src_size=1280x720 src_unscaled=1280x720 guest_output_size=1280x720 format=6
[2026-07-31 07:43:49.777] [info] [core] [t3978579] [mnk-probe] active=true has_focus=true keys_down=0
[2026-07-31 07:43:49.777] [info] [gpu] [t3978552] [ac6-draw] prim=1 verts=4 idx_count=1 vs=C049A8C9E556F129 ps=0000000000000000
[2026-07-31 07:43:49.777] [info] [gpu] [t3978552] [ac6-draw] prim=1 verts=4 idx_count=1 vs=C049A8C9E556F129 ps=0000000000000000
[2026-07-31 07:43:49.777] [info] [gpu] [t3978552] [ac6-draw] prim=1 verts=4 idx_count=1 vs=C049A8C9E556F129 ps=0000000000000000
[2026-07-31 07:43:49.777] [info] [gpu] [t3978552] [ac6-draw] prim=1 verts=4 idx_count=1 vs=C049A8C9E556F129 ps=0000000000000000
[2026-07-31 07:43:49.777] [info] [gpu] [t3978552] [ac6-draw] prim=1 verts=4 idx_count=1 vs=C049A8C9E556F129 ps=0000000000000000
[2026-07-31 07:43:49.777] [info] [gpu] [t3978552] [ac6-draw] prim=1 verts=4 idx_count=1 vs=C049A8C9E556F129 ps=0000000000000000
[2026-07-31 07:43:49.777] [info] [gpu] [t3978552] [ac6-draw] prim=1 verts=4 idx_count=1 vs=C049A8C9E556F129 ps=0000000000000000
[2026-07-31 07:43:49.777] [info] [gpu] [t3978552] [ac6-draw] prim=1 verts=4 idx_count=1 vs=C049A8C9E556F129 ps=0000000000000000
[2026-07-31 07:43:49.777] [info] [gpu] [t3978552] [ac6-draw] prim=1 verts=4 idx_count=1 vs=C049A8C9E556F129 ps=0000000000000000
[2026-07-31 07:43:49.777] [info] [gpu] [t3978552] [ac6-draw] prim=1 verts=4 idx_count=1 vs=C049A8C9E556F129 ps=0000000000000000
[2026-07-31 07:43:49.777] [info] [gpu] [t3978552] [ac6-draw] prim=1 verts=4 idx_count=1 vs=C049A8C9E556F129 ps=0000000000000000
[2026-07-31 07:43:49.777] [info] [gpu] [t3978552] [ac6-draw] prim=1 verts=4 idx_count=1 vs=C049A8C9E556F129 ps=0000000000000000
[2026-07-31 07:43:49.777] [info] [gpu] [t3978552] [ac6-draw] prim=1 verts=4 idx_count=1 vs=C049A8C9E556F129 ps=0000000000000000
[2026-07-31 07:43:49.777] [info] [gpu] [t3978552] [ac6-draw] prim=1 verts=4 idx_count=1 vs=C049A8C9E556F129 ps=0000000000000000
[2026-07-31 07:43:49.777] [info] [gpu] [t3978552] [ac6-draw] prim=1 verts=4 idx_count=1 vs=C049A8C9E556F129 ps=0000000000000000
[2026-07-31 07:43:49.778] [info] [gpu] [t3978552] [ac6-draw] prim=1 verts=4 idx_count=1 vs=C049A8C9E556F129 ps=0000000000000000
[2026-07-31 07:43:49.778] [info] [gpu] [t3978552] [ac6-draw] prim=1 verts=4 idx_count=1 vs=C049A8C9E556F129 ps=0000000000000000
[2026-07-31 07:43:49.778] [info] [gpu] [t3978552] [ac6-draw] prim=1 verts=4 idx_count=1 vs=C049A8C9E556F129 ps=0000000000000000
[2026-07-31 07:43:49.778] [info] [gpu] [t3978552] [ac6-draw] prim=1 verts=4 idx_count=1 vs=C049A8C9E556F129 ps=0000000000000000
[2026-07-31 07:43:49.778] [info] [gpu] [t3978552] [ac6-draw] prim=1 verts=4 idx_count=1 vs=C049A8C9E556F129 ps=0000000000000000
[2026-07-31 07:43:49.778] [info] [gpu] [t3978552] [ac6-draw] prim=1 verts=4 idx_count=1 vs=C049A8C9E556F129 ps=0000000000000000
[2026-07-31 07:43:49.778] [info] [gpu] [t3978552] [ac6-draw] prim=1 verts=4 idx_count=1 vs=C049A8C9E556F129 ps=0000000000000000
[2026-07-31 07:43:49.778] [info] [gpu] [t3978552] [ac6-draw] prim=1 verts=4 idx_count=1 vs=C049A8C9E556F129 ps=0000000000000000
[2026-07-31 07:43:49.778] [info] [gpu] [t3978552] [ac6-draw] prim=1 verts=4 idx_count=1 vs=C049A8C9E556F129 ps=0000000000000000
[2026-07-31 07:43:49.778] [info] [gpu] [t3978552] [ac6-draw] prim=8 verts=3 idx_count=3 vs=0A6D1DD7767FDF27 ps=2E372EA28CC404B7
[2026-07-31 07:43:49.778] [info] [gpu] [t3978552] [ac6-draw] prim=13 verts=4 idx_count=4 vs=472913F460D4B446 ps=8F1C48BA92C8E43E
[2026-07-31 07:43:49.778] [info] [gpu] [t3978552] [ac6-draw] prim=13 verts=64 idx_count=64 vs=472913F460D4B446 ps=8F1C48BA92C8E43E
[2026-07-31 07:43:49.778] [info] [gpu] [t3978552] [ac6-draw] prim=13 verts=4 idx_count=4 vs=472913F460D4B446 ps=8F1C48BA92C8E43E
[2026-07-31 07:43:49.778] [info] [gpu] [t3978552] [ac6-draw] prim=13 verts=4 idx_count=4 vs=472913F460D4B446 ps=8F1C48BA92C8E43E
[2026-07-31 07:43:49.778] [info] [gpu] [t3978552] [ac6-draw] prim=13 verts=8 idx_count=8 vs=472913F460D4B446 ps=8F1C48BA92C8E43E
[2026-07-31 07:43:49.779] [info] [gpu] [t3978552] [ac6-draw] prim=13 verts=4 idx_count=4 vs=472913F460D4B446 ps=8F1C48BA92C8E43E
[2026-07-31 07:43:49.779] [info] [gpu] [t3978552] [ac6-draw] prim=13 verts=20 idx_count=20 vs=472913F460D4B446 ps=8F1C48BA92C8E43E
[2026-07-31 07:43:49.779] [info] [gpu] [t3978552] [ac6-draw] prim=1 verts=4 idx_count=1 vs=C049A8C9E556F129 ps=0000000000000000
[2026-07-31 07:43:49.779] [info] [gpu] [t3978552] [ac6-draw] prim=1 verts=4 idx_count=1 vs=C049A8C9E556F129 ps=0000000000000000
[2026-07-31 07:43:49.779] [info] [gpu] [t3978552] [ac6-draw] prim=1 verts=4 idx_count=1 vs=C049A8C9E556F129 ps=0000000000000000
[2026-07-31 07:43:49.779] [info] [gpu] [t3978552] [ac6-draw] prim=1 verts=4 idx_count=1 vs=C049A8C9E556F129 ps=0000000000000000
[2026-07-31 07:43:49.779] [info] [gpu] [t3978552] [ac6-draw] prim=1 verts=4 idx_count=1 vs=C049A8C9E556F129 ps=0000000000000000
[2026-07-31 07:43:49.779] [info] [gpu] [t3978552] [ac6-draw] prim=1 verts=4 idx_count=1 vs=C049A8C9E556F129 ps=0000000000000000
[2026-07-31 07:43:49.779] [info] [gpu] [t3978552] [ac6-draw] prim=1 verts=4 idx_count=1 vs=C049A8C9E556F129 ps=0000000000000000
[2026-07-31 07:43:49.779] [info] [gpu] [t3978552] [ac6-draw] prim=1 verts=4 idx_count=1 vs=C049A8C9E556F129 ps=0000000000000000
[2026-07-31 07:43:49.779] [info] [gpu] [t3978552] [ac6-draw] prim=1 verts=4 idx_count=1 vs=C049A8C9E556F129 ps=0000000000000000
[2026-07-31 07:43:49.779] [info] [gpu] [t3978552] [ac6-draw] prim=1 verts=4 idx_count=1 vs=C049A8C9E556F129 ps=0000000000000000
[2026-07-31 07:43:49.779] [info] [gpu] [t3978552] [ac6-draw] prim=1 verts=4 idx_count=1 vs=C049A8C9E556F129 ps=0000000000000000
[2026-07-31 07:43:49.779] [info] [gpu] [t3978552] [ac6-draw] prim=1 verts=4 idx_count=1 vs=C049A8C9E556F129 ps=0000000000000000
[2026-07-31 07:43:49.779] [info] [gpu] [t3978552] [ac6-draw] prim=1 verts=4 idx_count=1 vs=C049A8C9E556F129 ps=0000000000000000
[2026-07-31 07:43:49.779] [info] [gpu] [t3978552] [ac6-draw] prim=1 verts=4 idx_count=1 vs=C049A8C9E556F129 ps=0000000000000000
[2026-07-31 07:43:49.779] [info] [gpu] [t3978552] [ac6-draw] prim=1 verts=4 idx_count=1 vs=C049A8C9E556F129 ps=0000000000000000
[2026-07-31 07:43:49.779] [info] [gpu] [t3978552] [ac6-draw] prim=1 verts=4 idx_count=1 vs=C049A8C9E556F129 ps=0000000000000000
[2026-07-31 07:43:49.779] [info] [gpu] [t3978552] [ac6-draw] prim=1 verts=4 idx_count=1 vs=C049A8C9E556F129 ps=0000000000000000
[2026-07-31 07:43:49.779] [info] [gpu] [t3978552] [ac6-draw] prim=1 verts=4 idx_count=1 vs=C049A8C9E556F129 ps=0000000000000000
[2026-07-31 07:43:49.779] [info] [gpu] [t3978552] [ac6-draw] prim=1 verts=4 idx_count=1 vs=C049A8C9E556F129 ps=0000000000000000
[2026-07-31 07:43:49.779] [info] [gpu] [t3978552] [ac6-draw] prim=1 verts=4 idx_count=1 vs=C049A8C9E556F129 ps=0000000000000000
[2026-07-31 07:43:49.779] [info] [gpu] [t3978552] [ac6-draw] prim=1 verts=4 idx_count=1 vs=C049A8C9E556F129 ps=0000000000000000
[2026-07-31 07:43:49.779] [info] [gpu] [t3978552] [ac6-draw] prim=1 verts=4 idx_count=1 vs=C049A8C9E556F129 ps=0000000000000000
[2026-07-31 07:43:49.779] [info] [gpu] [t3978552] [ac6-draw] prim=1 verts=4 idx_count=1 vs=C049A8C9E556F129 ps=0000000000000000
[2026-07-31 07:43:49.779] [info] [gpu] [t3978552] [ac6-draw] prim=1 verts=4 idx_count=1 vs=C049A8C9E556F129 ps=0000000000000000
[2026-07-31 07:43:49.793] [debug] [gpu] [t3978552] XELOG_GPU PRESENT: swap_texture_view=0x76d00d838060 packet_size=1280x720 src_size=1280x720 src_unscaled=1280x720 guest_output_size=1280x720 format=6
[2026-07-31 07:43:49.794] [info] [gpu] [t3978552] [ac6-draw] prim=1 verts=4 idx_count=1 vs=C049A8C9E556F129 ps=0000000000000000
[2026-07-31 07:43:49.794] [info] [gpu] [t3978552] [ac6-draw] prim=1 verts=4 idx_count=1 vs=C049A8C9E556F129 ps=0000000000000000
[2026-07-31 07:43:49.794] [info] [gpu] [t3978552] [ac6-draw] prim=1 verts=4 idx_count=1 vs=C049A8C9E556F129 ps=0000000000000000
[2026-07-31 07:43:49.794] [info] [gpu] [t3978552] [ac6-draw] prim=1 verts=4 idx_count=1 vs=C049A8C9E556F129 ps=0000000000000000
[2026-07-31 07:43:49.794] [info] [gpu] [t3978552] [ac6-draw] prim=1 verts=4 idx_count=1 vs=C049A8C9E556F129 ps=0000000000000000
[2026-07-31 07:43:49.794] [info] [gpu] [t3978552] [ac6-draw] prim=1 verts=4 idx_count=1 vs=C049A8C9E556F129 ps=0000000000000000
[2026-07-31 07:43:49.794] [info] [gpu] [t3978552] [ac6-draw] prim=1 verts=4 idx_count=1 vs=C049A8C9E556F129 ps=0000000000000000
[2026-07-31 07:43:49.794] [info] [gpu] [t3978552] [ac6-draw] prim=1 verts=4 idx_count=1 vs=C049A8C9E556F129 ps=0000000000000000
[2026-07-31 07:43:49.794] [info] [gpu] [t3978552] [ac6-draw] prim=1 verts=4 idx_count=1 vs=C049A8C9E556F129 ps=0000000000000000
[2026-07-31 07:43:49.794] [info] [gpu] [t3978552] [ac6-draw] prim=1 verts=4 idx_count=1 vs=C049A8C9E556F129 ps=0000000000000000
[2026-07-31 07:43:49.794] [info] [gpu] [t3978552] [ac6-draw] prim=1 verts=4 idx_count=1 vs=C049A8C9E556F129 ps=0000000000000000
[2026-07-31 07:43:49.794] [info] [gpu] [t3978552] [ac6-draw] prim=1 verts=4 idx_count=1 vs=C049A8C9E556F129 ps=0000000000000000
[2026-07-31 07:43:49.795] [info] [gpu] [t3978552] [ac6-draw] prim=1 verts=4 idx_count=1 vs=C049A8C9E556F129 ps=0000000000000000
[2026-07-31 07:43:49.795] [info] [gpu] [t3978552] [ac6-draw] prim=1 verts=4 idx_count=1 vs=C049A8C9E556F129 ps=0000000000000000
[2026-07-31 07:43:49.795] [info] [gpu] [t3978552] [ac6-draw] prim=1 verts=4 idx_count=1 vs=C049A8C9E556F129 ps=0000000000000000
[2026-07-31 07:43:49.795] [info] [gpu] [t3978552] [ac6-draw] prim=1 verts=4 idx_count=1 vs=C049A8C9E556F129 ps=0000000000000000
[2026-07-31 07:43:49.795] [info] [gpu] [t3978552] [ac6-draw] prim=1 verts=4 idx_count=1 vs=C049A8C9E556F129 ps=0000000000000000
[2026-07-31 07:43:49.795] [info] [gpu] [t3978552] [ac6-draw] prim=1 verts=4 idx_count=1 vs=C049A8C9E556F129 ps=0000000000000000
[2026-07-31 07:43:49.795] [info] [gpu] [t3978552] [ac6-draw] prim=1 verts=4 idx_count=1 vs=C049A8C9E556F129 ps=0000000000000000
[2026-07-31 07:43:49.795] [info] [gpu] [t3978552] [ac6-draw] prim=1 verts=4 idx_count=1 vs=C049A8C9E556F129 ps=0000000000000000
[2026-07-31 07:43:49.795] [info] [gpu] [t3978552] [ac6-draw] prim=1 verts=4 idx_count=1 vs=C049A8C9E556F129 ps=0000000000000000
[2026-07-31 07:43:49.795] [info] [gpu] [t3978552] [ac6-draw] prim=1 verts=4 idx_count=1 vs=C049A8C9E556F129 ps=0000000000000000
[2026-07-31 07:43:49.795] [info] [gpu] [t3978552] [ac6-draw] prim=1 verts=4 idx_count=1 vs=C049A8C9E556F129 ps=0000000000000000
[2026-07-31 07:43:49.795] [info] [gpu] [t3978552] [ac6-draw] prim=1 verts=4 idx_count=1 vs=C049A8C9E556F129 ps=0000000000000000
[2026-07-31 07:43:49.795] [info] [gpu] [t3978552] [ac6-draw] prim=8 verts=3 idx_count=3 vs=0A6D1DD7767FDF27 ps=2E372EA28CC404B7
[2026-07-31 07:43:49.795] [info] [gpu] [t3978552] [ac6-draw] prim=13 verts=4 idx_count=4 vs=472913F460D4B446 ps=8F1C48BA92C8E43E
[2026-07-31 07:43:49.795] [info] [gpu] [t3978552] [ac6-draw] prim=13 verts=64 idx_count=64 vs=472913F460D4B446 ps=8F1C48BA92C8E43E
[2026-07-31 07:43:49.795] [info] [gpu] [t3978552] [ac6-draw] prim=13 verts=4 idx_count=4 vs=472913F460D4B446 ps=8F1C48BA92C8E43E
[2026-07-31 07:43:49.795] [info] [gpu] [t3978552] [ac6-draw] prim=13 verts=4 idx_count=4 vs=472913F460D4B446 ps=8F1C48BA92C8E43E
[2026-07-31 07:43:49.795] [info] [gpu] [t3978552] [ac6-draw] prim=13 verts=8 idx_count=8 vs=472913F460D4B446 ps=8F1C48BA92C8E43E
[2026-07-31 07:43:49.795] [info] [gpu] [t3978552] [ac6-draw] prim=13 verts=4 idx_count=4 vs=472913F460D4B446 ps=8F1C48BA92C8E43E
[2026-07-31 07:43:49.796] [info] [gpu] [t3978552] [ac6-draw] prim=13 verts=20 idx_count=20 vs=472913F460D4B446 ps=8F1C48BA92C8E43E
[2026-07-31 07:43:49.796] [info] [gpu] [t3978552] [ac6-draw] prim=1 verts=4 idx_count=1 vs=C049A8C9E556F129 ps=0000000000000000
[2026-07-31 07:43:49.796] [info] [gpu] [t3978552] [ac6-draw] prim=1 verts=4 idx_count=1 vs=C049A8C9E556F129 ps=0000000000000000
[2026-07-31 07:43:49.796] [info] [gpu] [t3978552] [ac6-draw] prim=1 verts=4 idx_count=1 vs=C049A8C9E556F129 ps=0000000000000000
[2026-07-31 07:43:49.796] [info] [gpu] [t3978552] [ac6-draw] prim=1 verts=4 idx_count=1 vs=C049A8C9E556F129 ps=0000000000000000
[2026-07-31 07:43:49.796] [info] [gpu] [t3978552] [ac6-draw] prim=1 verts=4 idx_count=1 vs=C049A8C9E556F129 ps=0000000000000000
[2026-07-31 07:43:49.796] [info] [gpu] [t3978552] [ac6-draw] prim=1 verts=4 idx_count=1 vs=C049A8C9E556F129 ps=0000000000000000
[2026-07-31 07:43:49.796] [info] [gpu] [t3978552] [ac6-draw] prim=1 verts=4 idx_count=1 vs=C049A8C9E556F129 ps=0000000000000000
[2026-07-31 07:43:49.796] [info] [gpu] [t3978552] [ac6-draw] prim=1 verts=4 idx_count=1 vs=C049A8C9E556F129 ps=0000000000000000
[2026-07-31 07:43:49.796] [info] [gpu] [t3978552] [ac6-draw] prim=1 verts=4 idx_count=1 vs=C049A8C9E556F129 ps=0000000000000000
[2026-07-31 07:43:49.796] [info] [gpu] [t3978552] [ac6-draw] prim=1 verts=4 idx_count=1 vs=C049A8C9E556F129 ps=0000000000000000
[2026-07-31 07:43:49.796] [info] [gpu] [t3978552] [ac6-draw] prim=1 verts=4 idx_count=1 vs=C049A8C9E556F129 ps=0000000000000000
[2026-07-31 07:43:49.796] [info] [gpu] [t3978552] [ac6-draw] prim=1 verts=4 idx_count=1 vs=C049A8C9E556F129 ps=0000000000000000
[2026-07-31 07:43:49.796] [info] [gpu] [t3978552] [ac6-draw] prim=1 verts=4 idx_count=1 vs=C049A8C9E556F129 ps=0000000000000000
[2026-07-31 07:43:49.796] [info] [gpu] [t3978552] [ac6-draw] prim=1 verts=4 idx_count=1 vs=C049A8C9E556F129 ps=0000000000000000
[2026-07-31 07:43:49.796] [info] [gpu] [t3978552] [ac6-draw] prim=1 verts=4 idx_count=1 vs=C049A8C9E556F129 ps=0000000000000000
[2026-07-31 07:43:49.796] [info] [gpu] [t3978552] [ac6-draw] prim=1 verts=4 idx_count=1 vs=C049A8C9E556F129 ps=0000000000000000
[2026-07-31 07:43:49.796] [info] [gpu] [t3978552] [ac6-draw] prim=1 verts=4 idx_count=1 vs=C049A8C9E556F129 ps=0000000000000000
[2026-07-31 07:43:49.796] [info] [gpu] [t3978552] [ac6-draw] prim=1 verts=4 idx_count=1 vs=C049A8C9E556F129 ps=0000000000000000
[2026-07-31 07:43:49.796] [info] [gpu] [t3978552] [ac6-draw] prim=1 verts=4 idx_count=1 vs=C049A8C9E556F129 ps=0000000000000000
[2026-07-31 07:43:49.796] [info] [gpu] [t3978552] [ac6-draw] prim=1 verts=4 idx_count=1 vs=C049A8C9E556F129 ps=0000000000000000
[2026-07-31 07:43:49.796] [info] [gpu] [t3978552] [ac6-draw] prim=1 verts=4 idx_count=1 vs=C049A8C9E556F129 ps=0000000000000000
[2026-07-31 07:43:49.796] [info] [gpu] [t3978552] [ac6-draw] prim=1 verts=4 idx_count=1 vs=C049A8C9E556F129 ps=0000000000000000
[2026-07-31 07:43:49.796] [info] [gpu] [t3978552] [ac6-draw] prim=1 verts=4 idx_count=1 vs=C049A8C9E556F129 ps=0000000000000000
[2026-07-31 07:43:49.796] [info] [gpu] [t3978552] [ac6-draw] prim=1 verts=4 idx_count=1 vs=C049A8C9E556F129 ps=0000000000000000
[2026-07-31 07:43:49.810] [debug] [gpu] [t3978552] XELOG_GPU PRESENT: swap_texture_view=0x76d00d838060 packet_size=1280x720 src_size=1280x720 src_unscaled=1280x720 guest_output_size=1280x720 format=6
[2026-07-31 07:43:49.811] [info] [gpu] [t3978552] [ac6-draw] prim=1 verts=4 idx_count=1 vs=C049A8C9E556F129 ps=0000000000000000
[2026-07-31 07:43:49.811] [info] [gpu] [t3978552] [ac6-draw] prim=1 verts=4 idx_count=1 vs=C049A8C9E556F129 ps=0000000000000000
[2026-07-31 07:43:49.811] [info] [gpu] [t3978552] [ac6-draw] prim=1 verts=4 idx_count=1 vs=C049A8C9E556F129 ps=0000000000000000
[2026-07-31 07:43:49.811] [info] [gpu] [t3978552] [ac6-draw] prim=1 verts=4 idx_count=1 vs=C049A8C9E556F129 ps=0000000000000000
[2026-07-31 07:43:49.811] [info] [gpu] [t3978552] [ac6-draw] prim=1 verts=4 idx_count=1 vs=C049A8C9E556F129 ps=0000000000000000
[2026-07-31 07:43:49.811] [info] [gpu] [t3978552] [ac6-draw] prim=1 verts=4 idx_count=1 vs=C049A8C9E556F129 ps=0000000000000000
[2026-07-31 07:43:49.811] [info] [gpu] [t3978552] [ac6-draw] prim=1 verts=4 idx_count=1 vs=C049A8C9E556F129 ps=0000000000000000
[2026-07-31 07:43:49.811] [info] [gpu] [t3978552] [ac6-draw] prim=1 verts=4 idx_count=1 vs=C049A8C9E556F129 ps=0000000000000000
[2026-07-31 07:43:49.811] [info] [gpu] [t3978552] [ac6-draw] prim=1 verts=4 idx_count=1 vs=C049A8C9E556F129 ps=0000000000000000
[2026-07-31 07:43:49.811] [info] [gpu] [t3978552] [ac6-draw] prim=1 verts=4 idx_count=1 vs=C049A8C9E556F129 ps=0000000000000000
[2026-07-31 07:43:49.811] [info] [gpu] [t3978552] [ac6-draw] prim=1 verts=4 idx_count=1 vs=C049A8C9E556F129 ps=0000000000000000
[2026-07-31 07:43:49.811] [info] [gpu] [t3978552] [ac6-draw] prim=1 verts=4 idx_count=1 vs=C049A8C9E556F129 ps=0000000000000000
[2026-07-31 07:43:49.811] [info] [gpu] [t3978552] [ac6-draw] prim=1 verts=4 idx_count=1 vs=C049A8C9E556F129 ps=0000000000000000
[2026-07-31 07:43:49.811] [info] [gpu] [t3978552] [ac6-draw] prim=1 verts=4 idx_count=1 vs=C049A8C9E556F129 ps=0000000000000000
[2026-07-31 07:43:49.811] [info] [gpu] [t3978552] [ac6-draw] prim=1 verts=4 idx_count=1 vs=C049A8C9E556F129 ps=0000000000000000
[2026-07-31 07:43:49.811] [info] [gpu] [t3978552] [ac6-draw] prim=1 verts=4 idx_count=1 vs=C049A8C9E556F129 ps=0000000000000000
[2026-07-31 07:43:49.811] [info] [gpu] [t3978552] [ac6-draw] prim=1 verts=4 idx_count=1 vs=C049A8C9E556F129 ps=0000000000000000
[2026-07-31 07:43:49.811] [info] [gpu] [t3978552] [ac6-draw] prim=1 verts=4 idx_count=1 vs=C049A8C9E556F129 ps=0000000000000000
[2026-07-31 07:43:49.811] [info] [gpu] [t3978552] [ac6-draw] prim=1 verts=4 idx_count=1 vs=C049A8C9E556F129 ps=0000000000000000
[2026-07-31 07:43:49.811] [info] [gpu] [t3978552] [ac6-draw] prim=1 verts=4 idx_count=1 vs=C049A8C9E556F129 ps=0000000000000000
[2026-07-31 07:43:49.811] [info] [gpu] [t3978552] [ac6-draw] prim=1 verts=4 idx_count=1 vs=C049A8C9E556F129 ps=0000000000000000
[2026-07-31 07:43:49.811] [info] [gpu] [t3978552] [ac6-draw] prim=1 verts=4 idx_count=1 vs=C049A8C9E556F129 ps=0000000000000000
[2026-07-31 07:43:49.811] [info] [gpu] [t3978552] [ac6-draw] prim=1 verts=4 idx_count=1 vs=C049A8C9E556F129 ps=0000000000000000
[2026-07-31 07:43:49.811] [info] [gpu] [t3978552] [ac6-draw] prim=1 verts=4 idx_count=1 vs=C049A8C9E556F129 ps=0000000000000000
[2026-07-31 07:43:49.811] [info] [gpu] [t3978552] [ac6-draw] prim=8 verts=3 idx_count=3 vs=0A6D1DD7767FDF27 ps=2E372EA28CC404B7
[2026-07-31 07:43:49.812] [info] [gpu] [t3978552] [ac6-draw] prim=13 verts=4 idx_count=4 vs=472913F460D4B446 ps=8F1C48BA92C8E43E
[2026-07-31 07:43:49.812] [info] [gpu] [t3978552] [ac6-draw] prim=13 verts=64 idx_count=64 vs=472913F460D4B446 ps=8F1C48BA92C8E43E
[2026-07-31 07:43:49.812] [info] [gpu] [t3978552] [ac6-draw] prim=13 verts=4 idx_count=4 vs=472913F460D4B446 ps=8F1C48BA92C8E43E
[2026-07-31 07:43:49.812] [info] [gpu] [t3978552] [ac6-draw] prim=13 verts=4 idx_count=4 vs=472913F460D4B446 ps=8F1C48BA92C8E43E
[2026-07-31 07:43:49.812] [info] [gpu] [t3978552] [ac6-draw] prim=13 verts=8 idx_count=8 vs=472913F460D4B446 ps=8F1C48BA92C8E43E
[2026-07-31 07:43:49.812] [info] [gpu] [t3978552] [ac6-draw] prim=13 verts=4 idx_count=4 vs=472913F460D4B446 ps=8F1C48BA92C8E43E
[2026-07-31 07:43:49.812] [info] [gpu] [t3978552] [ac6-draw] prim=13 verts=20 idx_count=20 vs=472913F460D4B446 ps=8F1C48BA92C8E43E
[2026-07-31 07:43:49.812] [info] [gpu] [t3978552] [ac6-draw] prim=1 verts=4 idx_count=1 vs=C049A8C9E556F129 ps=0000000000000000
[2026-07-31 07:43:49.812] [info] [gpu] [t3978552] [ac6-draw] prim=1 verts=4 idx_count=1 vs=C049A8C9E556F129 ps=0000000000000000
[2026-07-31 07:43:49.812] [info] [gpu] [t3978552] [ac6-draw] prim=1 verts=4 idx_count=1 vs=C049A8C9E556F129 ps=0000000000000000
[2026-07-31 07:43:49.812] [info] [gpu] [t3978552] [ac6-draw] prim=1 verts=4 idx_count=1 vs=C049A8C9E556F129 ps=0000000000000000
[2026-07-31 07:43:49.812] [info] [gpu] [t3978552] [ac6-draw] prim=1 verts=4 idx_count=1 vs=C049A8C9E556F129 ps=0000000000000000
[2026-07-31 07:43:49.812] [info] [gpu] [t3978552] [ac6-draw] prim=1 verts=4 idx_count=1 vs=C049A8C9E556F129 ps=0000000000000000
[2026-07-31 07:43:49.812] [info] [gpu] [t3978552] [ac6-draw] prim=1 verts=4 idx_count=1 vs=C049A8C9E556F129 ps=0000000000000000
[2026-07-31 07:43:49.812] [info] [gpu] [t3978552] [ac6-draw] prim=1 verts=4 idx_count=1 vs=C049A8C9E556F129 ps=0000000000000000
[2026-07-31 07:43:49.812] [info] [gpu] [t3978552] [ac6-draw] prim=1 verts=4 idx_count=1 vs=C049A8C9E556F129 ps=0000000000000000
[2026-07-31 07:43:49.812] [info] [gpu] [t3978552] [ac6-draw] prim=1 verts=4 idx_count=1 vs=C049A8C9E556F129 ps=0000000000000000
[2026-07-31 07:43:49.812] [info] [gpu] [t3978552] [ac6-draw] prim=1 verts=4 idx_count=1 vs=C049A8C9E556F129 ps=0000000000000000
[2026-07-31 07:43:49.812] [info] [gpu] [t3978552] [ac6-draw] prim=1 verts=4 idx_count=1 vs=C049A8C9E556F129 ps=0000000000000000
[2026-07-31 07:43:49.812] [info] [gpu] [t3978552] [ac6-draw] prim=1 verts=4 idx_count=1 vs=C049A8C9E556F129 ps=0000000000000000
[2026-07-31 07:43:49.812] [info] [gpu] [t3978552] [ac6-draw] prim=1 verts=4 idx_count=1 vs=C049A8C9E556F129 ps=0000000000000000
[2026-07-31 07:43:49.812] [info] [gpu] [t3978552] [ac6-draw] prim=1 verts=4 idx_count=1 vs=C049A8C9E556F129 ps=0000000000000000
[2026-07-31 07:43:49.812] [info] [gpu] [t3978552] [ac6-draw] prim=1 verts=4 idx_count=1 vs=C049A8C9E556F129 ps=0000000000000000
[2026-07-31 07:43:49.812] [info] [gpu] [t3978552] [ac6-draw] prim=1 verts=4 idx_count=1 vs=C049A8C9E556F129 ps=0000000000000000
[2026-07-31 07:43:49.812] [info] [gpu] [t3978552] [ac6-draw] prim=1 verts=4 idx_count=1 vs=C049A8C9E556F129 ps=0000000000000000
[2026-07-31 07:43:49.812] [info] [gpu] [t3978552] [ac6-draw] prim=1 verts=4 idx_count=1 vs=C049A8C9E556F129 ps=0000000000000000
[2026-07-31 07:43:49.812] [info] [gpu] [t3978552] [ac6-draw] prim=1 verts=4 idx_count=1 vs=C049A8C9E556F129 ps=0000000000000000
[2026-07-31 07:43:49.812] [info] [gpu] [t3978552] [ac6-draw] prim=1 verts=4 idx_count=1 vs=C049A8C9E556F129 ps=0000000000000000
[2026-07-31 07:43:49.812] [info] [gpu] [t3978552] [ac6-draw] prim=1 verts=4 idx_count=1 vs=C049A8C9E556F129 ps=0000000000000000
[2026-07-31 07:43:49.812] [info] [gpu] [t3978552] [ac6-draw] prim=1 verts=4 idx_count=1 vs=C049A8C9E556F129 ps=0000000000000000
[2026-07-31 07:43:49.812] [info] [gpu] [t3978552] [ac6-draw] prim=1 verts=4 idx_count=1 vs=C049A8C9E556F129 ps=0000000000000000
[2026-07-31 07:43:49.827] [debug] [gpu] [t3978552] XELOG_GPU PRESENT: swap_texture_view=0x76d00d838060 packet_size=1280x720 src_size=1280x720 src_unscaled=1280x720 guest_output_size=1280x720 format=6
[2026-07-31 07:43:49.828] [info] [gpu] [t3978552] [ac6-draw] prim=1 verts=4 idx_count=1 vs=C049A8C9E556F129 ps=0000000000000000
[2026-07-31 07:43:49.828] [info] [gpu] [t3978552] [ac6-draw] prim=1 verts=4 idx_count=1 vs=C049A8C9E556F129 ps=0000000000000000
[2026-07-31 07:43:49.828] [info] [gpu] [t3978552] [ac6-draw] prim=1 verts=4 idx_count=1 vs=C049A8C9E556F129 ps=0000000000000000
[2026-07-31 07:43:49.828] [info] [gpu] [t3978552] [ac6-draw] prim=1 verts=4 idx_count=1 vs=C049A8C9E556F129 ps=0000000000000000
[2026-07-31 07:43:49.828] [info] [gpu] [t3978552] [ac6-draw] prim=1 verts=4 idx_count=1 vs=C049A8C9E556F129 ps=0000000000000000
[2026-07-31 07:43:49.828] [info] [gpu] [t3978552] [ac6-draw] prim=1 verts=4 idx_count=1 vs=C049A8C9E556F129 ps=0000000000000000
[2026-07-31 07:43:49.828] [info] [gpu] [t3978552] [ac6-draw] prim=1 verts=4 idx_count=1 vs=C049A8C9E556F129 ps=0000000000000000
[2026-07-31 07:43:49.828] [info] [gpu] [t3978552] [ac6-draw] prim=1 verts=4 idx_count=1 vs=C049A8C9E556F129 ps=0000000000000000
[2026-07-31 07:43:49.828] [info] [gpu] [t3978552] [ac6-draw] prim=1 verts=4 idx_count=1 vs=C049A8C9E556F129 ps=0000000000000000
[2026-07-31 07:43:49.828] [info] [gpu] [t3978552] [ac6-draw] prim=1 verts=4 idx_count=1 vs=C049A8C9E556F129 ps=0000000000000000
[2026-07-31 07:43:49.828] [info] [gpu] [t3978552] [ac6-draw] prim=1 verts=4 idx_count=1 vs=C049A8C9E556F129 ps=0000000000000000
[2026-07-31 07:43:49.828] [info] [gpu] [t3978552] [ac6-draw] prim=1 verts=4 idx_count=1 vs=C049A8C9E556F129 ps=0000000000000000
[2026-07-31 07:43:49.828] [info] [gpu] [t3978552] [ac6-draw] prim=1 verts=4 idx_count=1 vs=C049A8C9E556F129 ps=0000000000000000
[2026-07-31 07:43:49.828] [info] [gpu] [t3978552] [ac6-draw] prim=1 verts=4 idx_count=1 vs=C049A8C9E556F129 ps=0000000000000000
[2026-07-31 07:43:49.828] [info] [gpu] [t3978552] [ac6-draw] prim=1 verts=4 idx_count=1 vs=C049A8C9E556F129 ps=0000000000000000
[2026-07-31 07:43:49.828] [info] [gpu] [t3978552] [ac6-draw] prim=1 verts=4 idx_count=1 vs=C049A8C9E556F129 ps=0000000000000000
[2026-07-31 07:43:49.828] [info] [gpu] [t3978552] [ac6-draw] prim=1 verts=4 idx_count=1 vs=C049A8C9E556F129 ps=0000000000000000
[2026-07-31 07:43:49.828] [info] [gpu] [t3978552] [ac6-draw] prim=1 verts=4 idx_count=1 vs=C049A8C9E556F129 ps=0000000000000000
[2026-07-31 07:43:49.828] [info] [gpu] [t3978552] [ac6-draw] prim=1 verts=4 idx_count=1 vs=C049A8C9E556F129 ps=0000000000000000
[2026-07-31 07:43:49.828] [info] [gpu] [t3978552] [ac6-draw] prim=1 verts=4 idx_count=1 vs=C049A8C9E556F129 ps=0000000000000000
[2026-07-31 07:43:49.828] [info] [gpu] [t3978552] [ac6-draw] prim=1 verts=4 idx_count=1 vs=C049A8C9E556F129 ps=0000000000000000
[2026-07-31 07:43:49.828] [info] [gpu] [t3978552] [ac6-draw] prim=1 verts=4 idx_count=1 vs=C049A8C9E556F129 ps=0000000000000000
[2026-07-31 07:43:49.828] [info] [gpu] [t3978552] [ac6-draw] prim=1 verts=4 idx_count=1 vs=C049A8C9E556F129 ps=0000000000000000
[2026-07-31 07:43:49.828] [info] [gpu] [t3978552] [ac6-draw] prim=1 verts=4 idx_count=1 vs=C049A8C9E556F129 ps=0000000000000000
[2026-07-31 07:43:49.828] [info] [gpu] [t3978552] [ac6-draw] prim=8 verts=3 idx_count=3 vs=0A6D1DD7767FDF27 ps=2E372EA28CC404B7
[2026-07-31 07:43:49.829] [info] [gpu] [t3978552] [ac6-draw] prim=13 verts=4 idx_count=4 vs=472913F460D4B446 ps=8F1C48BA92C8E43E
[2026-07-31 07:43:49.829] [info] [gpu] [t3978552] [ac6-draw] prim=13 verts=64 idx_count=64 vs=472913F460D4B446 ps=8F1C48BA92C8E43E
[2026-07-31 07:43:49.829] [info] [gpu] [t3978552] [ac6-draw] prim=13 verts=4 idx_count=4 vs=472913F460D4B446 ps=8F1C48BA92C8E43E
[2026-07-31 07:43:49.829] [info] [gpu] [t3978552] [ac6-draw] prim=13 verts=4 idx_count=4 vs=472913F460D4B446 ps=8F1C48BA92C8E43E
[2026-07-31 07:43:49.829] [info] [gpu] [t3978552] [ac6-draw] prim=13 verts=8 idx_count=8 vs=472913F460D4B446 ps=8F1C48BA92C8E43E
[2026-07-31 07:43:49.829] [info] [gpu] [t3978552] [ac6-draw] prim=13 verts=4 idx_count=4 vs=472913F460D4B446 ps=8F1C48BA92C8E43E
[2026-07-31 07:43:49.829] [info] [gpu] [t3978552] [ac6-draw] prim=13 verts=20 idx_count=20 vs=472913F460D4B446 ps=8F1C48BA92C8E43E
[2026-07-31 07:43:49.829] [info] [gpu] [t3978552] [ac6-draw] prim=1 verts=4 idx_count=1 vs=C049A8C9E556F129 ps=0000000000000000
[2026-07-31 07:43:49.829] [info] [gpu] [t3978552] [ac6-draw] prim=1 verts=4 idx_count=1 vs=C049A8C9E556F129 ps=0000000000000000
[2026-07-31 07:43:49.829] [info] [gpu] [t3978552] [ac6-draw] prim=1 verts=4 idx_count=1 vs=C049A8C9E556F129 ps=0000000000000000
[2026-07-31 07:43:49.829] [info] [gpu] [t3978552] [ac6-draw] prim=1 verts=4 idx_count=1 vs=C049A8C9E556F129 ps=0000000000000000
[2026-07-31 07:43:49.829] [info] [gpu] [t3978552] [ac6-draw] prim=1 verts=4 idx_count=1 vs=C049A8C9E556F129 ps=0000000000000000
[2026-07-31 07:43:49.829] [info] [gpu] [t3978552] [ac6-draw] prim=1 verts=4 idx_count=1 vs=C049A8C9E556F129 ps=0000000000000000
[2026-07-31 07:43:49.829] [info] [gpu] [t3978552] [ac6-draw] prim=1 verts=4 idx_count=1 vs=C049A8C9E556F129 ps=0000000000000000
[2026-07-31 07:43:49.829] [info] [gpu] [t3978552] [ac6-draw] prim=1 verts=4 idx_count=1 vs=C049A8C9E556F129 ps=0000000000000000
[2026-07-31 07:43:49.829] [info] [gpu] [t3978552] [ac6-draw] prim=1 verts=4 idx_count=1 vs=C049A8C9E556F129 ps=0000000000000000
[2026-07-31 07:43:49.829] [info] [gpu] [t3978552] [ac6-draw] prim=1 verts=4 idx_count=1 vs=C049A8C9E556F129 ps=0000000000000000
[2026-07-31 07:43:49.829] [info] [gpu] [t3978552] [ac6-draw] prim=1 verts=4 idx_count=1 vs=C049A8C9E556F129 ps=0000000000000000
[2026-07-31 07:43:49.829] [info] [gpu] [t3978552] [ac6-draw] prim=1 verts=4 idx_count=1 vs=C049A8C9E556F129 ps=0000000000000000
[2026-07-31 07:43:49.829] [info] [gpu] [t3978552] [ac6-draw] prim=1 verts=4 idx_count=1 vs=C049A8C9E556F129 ps=0000000000000000
[2026-07-31 07:43:49.829] [info] [gpu] [t3978552] [ac6-draw] prim=1 verts=4 idx_count=1 vs=C049A8C9E556F129 ps=0000000000000000
[2026-07-31 07:43:49.829] [info] [gpu] [t3978552] [ac6-draw] prim=1 verts=4 idx_count=1 vs=C049A8C9E556F129 ps=0000000000000000
[2026-07-31 07:43:49.829] [info] [gpu] [t3978552] [ac6-draw] prim=1 verts=4 idx_count=1 vs=C049A8C9E556F129 ps=0000000000000000
[2026-07-31 07:43:49.829] [info] [gpu] [t3978552] [ac6-draw] prim=1 verts=4 idx_count=1 vs=C049A8C9E556F129 ps=0000000000000000
[2026-07-31 07:43:49.829] [info] [gpu] [t3978552] [ac6-draw] prim=1 verts=4 idx_count=1 vs=C049A8C9E556F129 ps=0000000000000000
[2026-07-31 07:43:49.829] [info] [gpu] [t3978552] [ac6-draw] prim=1 verts=4 idx_count=1 vs=C049A8C9E556F129 ps=0000000000000000
[2026-07-31 07:43:49.829] [info] [gpu] [t3978552] [ac6-draw] prim=1 verts=4 idx_count=1 vs=C049A8C9E556F129 ps=0000000000000000
[2026-07-31 07:43:49.829] [info] [gpu] [t3978552] [ac6-draw] prim=1 verts=4 idx_count=1 vs=C049A8C9E556F129 ps=0000000000000000
[2026-07-31 07:43:49.829] [info] [gpu] [t3978552] [ac6-draw] prim=1 verts=4 idx_count=1 vs=C049A8C9E556F129 ps=0000000000000000
[2026-07-31 07:43:49.829] [info] [gpu] [t3978552] [ac6-draw] prim=1 verts=4 idx_count=1 vs=C049A8C9E556F129 ps=0000000000000000
[2026-07-31 07:43:49.829] [info] [gpu] [t3978552] [ac6-draw] prim=1 verts=4 idx_count=1 vs=C049A8C9E556F129 ps=0000000000000000
[2026-07-31 07:43:49.843] [debug] [gpu] [t3978552] XELOG_GPU PRESENT: swap_texture_view=0x76d00d838060 packet_size=1280x720 src_size=1280x720 src_unscaled=1280x720 guest_output_size=1280x720 format=6
[2026-07-31 07:43:49.844] [info] [gpu] [t3978552] [ac6-draw] prim=1 verts=4 idx_count=1 vs=C049A8C9E556F129 ps=0000000000000000
[2026-07-31 07:43:49.844] [info] [gpu] [t3978552] [ac6-draw] prim=1 verts=4 idx_count=1 vs=C049A8C9E556F129 ps=0000000000000000
[2026-07-31 07:43:49.844] [info] [gpu] [t3978552] [ac6-draw] prim=1 verts=4 idx_count=1 vs=C049A8C9E556F129 ps=0000000000000000
[2026-07-31 07:43:49.844] [info] [gpu] [t3978552] [ac6-draw] prim=1 verts=4 idx_count=1 vs=C049A8C9E556F129 ps=0000000000000000
[2026-07-31 07:43:49.844] [info] [gpu] [t3978552] [ac6-draw] prim=1 verts=4 idx_count=1 vs=C049A8C9E556F129 ps=0000000000000000
[2026-07-31 07:43:49.844] [info] [gpu] [t3978552] [ac6-draw] prim=1 verts=4 idx_count=1 vs=C049A8C9E556F129 ps=0000000000000000
[2026-07-31 07:43:49.844] [info] [gpu] [t3978552] [ac6-draw] prim=1 verts=4 idx_count=1 vs=C049A8C9E556F129 ps=0000000000000000
[2026-07-31 07:43:49.844] [info] [gpu] [t3978552] [ac6-draw] prim=1 verts=4 idx_count=1 vs=C049A8C9E556F129 ps=0000000000000000
[2026-07-31 07:43:49.844] [info] [gpu] [t3978552] [ac6-draw] prim=1 verts=4 idx_count=1 vs=C049A8C9E556F129 ps=0000000000000000
[2026-07-31 07:43:49.844] [info] [gpu] [t3978552] [ac6-draw] prim=1 verts=4 idx_count=1 vs=C049A8C9E556F129 ps=0000000000000000
[2026-07-31 07:43:49.844] [info] [gpu] [t3978552] [ac6-draw] prim=1 verts=4 idx_count=1 vs=C049A8C9E556F129 ps=0000000000000000
[2026-07-31 07:43:49.844] [info] [gpu] [t3978552] [ac6-draw] prim=1 verts=4 idx_count=1 vs=C049A8C9E556F129 ps=0000000000000000
[2026-07-31 07:43:49.844] [info] [gpu] [t3978552] [ac6-draw] prim=1 verts=4 idx_count=1 vs=C049A8C9E556F129 ps=0000000000000000
[2026-07-31 07:43:49.844] [info] [gpu] [t3978552] [ac6-draw] prim=1 verts=4 idx_count=1 vs=C049A8C9E556F129 ps=0000000000000000
[2026-07-31 07:43:49.844] [info] [gpu] [t3978552] [ac6-draw] prim=1 verts=4 idx_count=1 vs=C049A8C9E556F129 ps=0000000000000000
[2026-07-31 07:43:49.844] [info] [gpu] [t3978552] [ac6-draw] prim=1 verts=4 idx_count=1 vs=C049A8C9E556F129 ps=0000000000000000
[2026-07-31 07:43:49.844] [info] [gpu] [t3978552] [ac6-draw] prim=1 verts=4 idx_count=1 vs=C049A8C9E556F129 ps=0000000000000000
[2026-07-31 07:43:49.844] [info] [gpu] [t3978552] [ac6-draw] prim=1 verts=4 idx_count=1 vs=C049A8C9E556F129 ps=0000000000000000
[2026-07-31 07:43:49.844] [info] [gpu] [t3978552] [ac6-draw] prim=1 verts=4 idx_count=1 vs=C049A8C9E556F129 ps=0000000000000000
[2026-07-31 07:43:49.844] [info] [gpu] [t3978552] [ac6-draw] prim=1 verts=4 idx_count=1 vs=C049A8C9E556F129 ps=0000000000000000
[2026-07-31 07:43:49.844] [info] [gpu] [t3978552] [ac6-draw] prim=1 verts=4 idx_count=1 vs=C049A8C9E556F129 ps=0000000000000000
[2026-07-31 07:43:49.844] [info] [gpu] [t3978552] [ac6-draw] prim=1 verts=4 idx_count=1 vs=C049A8C9E556F129 ps=0000000000000000
[2026-07-31 07:43:49.844] [info] [gpu] [t3978552] [ac6-draw] prim=1 verts=4 idx_count=1 vs=C049A8C9E556F129 ps=0000000000000000
[2026-07-31 07:43:49.844] [info] [gpu] [t3978552] [ac6-draw] prim=1 verts=4 idx_count=1 vs=C049A8C9E556F129 ps=0000000000000000
[2026-07-31 07:43:49.844] [info] [gpu] [t3978552] [ac6-draw] prim=8 verts=3 idx_count=3 vs=0A6D1DD7767FDF27 ps=2E372EA28CC404B7
[2026-07-31 07:43:49.845] [info] [gpu] [t3978552] [ac6-draw] prim=13 verts=4 idx_count=4 vs=472913F460D4B446 ps=8F1C48BA92C8E43E
[2026-07-31 07:43:49.845] [info] [gpu] [t3978552] [ac6-draw] prim=13 verts=64 idx_count=64 vs=472913F460D4B446 ps=8F1C48BA92C8E43E
[2026-07-31 07:43:49.845] [info] [gpu] [t3978552] [ac6-draw] prim=13 verts=4 idx_count=4 vs=472913F460D4B446 ps=8F1C48BA92C8E43E
[2026-07-31 07:43:49.845] [info] [gpu] [t3978552] [ac6-draw] prim=13 verts=4 idx_count=4 vs=472913F460D4B446 ps=8F1C48BA92C8E43E
[2026-07-31 07:43:49.845] [info] [gpu] [t3978552] [ac6-draw] prim=13 verts=8 idx_count=8 vs=472913F460D4B446 ps=8F1C48BA92C8E43E
[2026-07-31 07:43:49.845] [info] [gpu] [t3978552] [ac6-draw] prim=13 verts=4 idx_count=4 vs=472913F460D4B446 ps=8F1C48BA92C8E43E
[2026-07-31 07:43:49.845] [info] [gpu] [t3978552] [ac6-draw] prim=13 verts=20 idx_count=20 vs=472913F460D4B446 ps=8F1C48BA92C8E43E
[2026-07-31 07:43:49.845] [info] [gpu] [t3978552] [ac6-draw] prim=1 verts=4 idx_count=1 vs=C049A8C9E556F129 ps=0000000000000000
[2026-07-31 07:43:49.845] [info] [gpu] [t3978552] [ac6-draw] prim=1 verts=4 idx_count=1 vs=C049A8C9E556F129 ps=0000000000000000
[2026-07-31 07:43:49.845] [info] [gpu] [t3978552] [ac6-draw] prim=1 verts=4 idx_count=1 vs=C049A8C9E556F129 ps=0000000000000000
[2026-07-31 07:43:49.845] [info] [gpu] [t3978552] [ac6-draw] prim=1 verts=4 idx_count=1 vs=C049A8C9E556F129 ps=0000000000000000
[2026-07-31 07:43:49.845] [info] [gpu] [t3978552] [ac6-draw] prim=1 verts=4 idx_count=1 vs=C049A8C9E556F129 ps=0000000000000000
[2026-07-31 07:43:49.845] [info] [gpu] [t3978552] [ac6-draw] prim=1 verts=4 idx_count=1 vs=C049A8C9E556F129 ps=0000000000000000
[2026-07-31 07:43:49.845] [info] [gpu] [t3978552] [ac6-draw] prim=1 verts=4 idx_count=1 vs=C049A8C9E556F129 ps=0000000000000000
[2026-07-31 07:43:49.845] [info] [gpu] [t3978552] [ac6-draw] prim=1 verts=4 idx_count=1 vs=C049A8C9E556F129 ps=0000000000000000
[2026-07-31 07:43:49.845] [info] [gpu] [t3978552] [ac6-draw] prim=1 verts=4 idx_count=1 vs=C049A8C9E556F129 ps=0000000000000000
[2026-07-31 07:43:49.845] [info] [gpu] [t3978552] [ac6-draw] prim=1 verts=4 idx_count=1 vs=C049A8C9E556F129 ps=0000000000000000
[2026-07-31 07:43:49.845] [info] [gpu] [t3978552] [ac6-draw] prim=1 verts=4 idx_count=1 vs=C049A8C9E556F129 ps=0000000000000000
[2026-07-31 07:43:49.845] [info] [gpu] [t3978552] [ac6-draw] prim=1 verts=4 idx_count=1 vs=C049A8C9E556F129 ps=0000000000000000
[2026-07-31 07:43:49.845] [info] [gpu] [t3978552] [ac6-draw] prim=1 verts=4 idx_count=1 vs=C049A8C9E556F129 ps=0000000000000000
[2026-07-31 07:43:49.845] [info] [gpu] [t3978552] [ac6-draw] prim=1 verts=4 idx_count=1 vs=C049A8C9E556F129 ps=0000000000000000
[2026-07-31 07:43:49.845] [info] [gpu] [t3978552] [ac6-draw] prim=1 verts=4 idx_count=1 vs=C049A8C9E556F129 ps=0000000000000000
[2026-07-31 07:43:49.845] [info] [gpu] [t3978552] [ac6-draw] prim=1 verts=4 idx_count=1 vs=C049A8C9E556F129 ps=0000000000000000
[2026-07-31 07:43:49.845] [info] [gpu] [t3978552] [ac6-draw] prim=1 verts=4 idx_count=1 vs=C049A8C9E556F129 ps=0000000000000000
[2026-07-31 07:43:49.845] [info] [gpu] [t3978552] [ac6-draw] prim=1 verts=4 idx_count=1 vs=C049A8C9E556F129 ps=0000000000000000
[2026-07-31 07:43:49.845] [info] [gpu] [t3978552] [ac6-draw] prim=1 verts=4 idx_count=1 vs=C049A8C9E556F129 ps=0000000000000000
[2026-07-31 07:43:49.845] [info] [gpu] [t3978552] [ac6-draw] prim=1 verts=4 idx_count=1 vs=C049A8C9E556F129 ps=0000000000000000
[2026-07-31 07:43:49.845] [info] [gpu] [t3978552] [ac6-draw] prim=1 verts=4 idx_count=1 vs=C049A8C9E556F129 ps=0000000000000000
[2026-07-31 07:43:49.845] [info] [gpu] [t3978552] [ac6-draw] prim=1 verts=4 idx_count=1 vs=C049A8C9E556F129 ps=0000000000000000
[2026-07-31 07:43:49.845] [info] [gpu] [t3978552] [ac6-draw] prim=1 verts=4 idx_count=1 vs=C049A8C9E556F129 ps=0000000000000000
[2026-07-31 07:43:49.845] [info] [gpu] [t3978552] [ac6-draw] prim=1 verts=4 idx_count=1 vs=C049A8C9E556F129 ps=0000000000000000
[2026-07-31 07:43:49.860] [debug] [gpu] [t3978552] XELOG_GPU PRESENT: swap_texture_view=0x76d00d838060 packet_size=1280x720 src_size=1280x720 src_unscaled=1280x720 guest_output_size=1280x720 format=6
[2026-07-31 07:43:49.861] [info] [gpu] [t3978552] [ac6-draw] prim=1 verts=4 idx_count=1 vs=C049A8C9E556F129 ps=0000000000000000
[2026-07-31 07:43:49.861] [info] [gpu] [t3978552] [ac6-draw] prim=1 verts=4 idx_count=1 vs=C049A8C9E556F129 ps=0000000000000000
[2026-07-31 07:43:49.861] [info] [gpu] [t3978552] [ac6-draw] prim=1 verts=4 idx_count=1 vs=C049A8C9E556F129 ps=0000000000000000
[2026-07-31 07:43:49.861] [info] [gpu] [t3978552] [ac6-draw] prim=1 verts=4 idx_count=1 vs=C049A8C9E556F129 ps=0000000000000000
[2026-07-31 07:43:49.861] [info] [gpu] [t3978552] [ac6-draw] prim=1 verts=4 idx_count=1 vs=C049A8C9E556F129 ps=0000000000000000
[2026-07-31 07:43:49.861] [info] [gpu] [t3978552] [ac6-draw] prim=1 verts=4 idx_count=1 vs=C049A8C9E556F129 ps=0000000000000000
[2026-07-31 07:43:49.861] [info] [gpu] [t3978552] [ac6-draw] prim=1 verts=4 idx_count=1 vs=C049A8C9E556F129 ps=0000000000000000
[2026-07-31 07:43:49.861] [info] [gpu] [t3978552] [ac6-draw] prim=1 verts=4 idx_count=1 vs=C049A8C9E556F129 ps=0000000000000000
[2026-07-31 07:43:49.861] [info] [gpu] [t3978552] [ac6-draw] prim=1 verts=4 idx_count=1 vs=C049A8C9E556F129 ps=0000000000000000
[2026-07-31 07:43:49.861] [info] [gpu] [t3978552] [ac6-draw] prim=1 verts=4 idx_count=1 vs=C049A8C9E556F129 ps=0000000000000000
[2026-07-31 07:43:49.861] [info] [gpu] [t3978552] [ac6-draw] prim=1 verts=4 idx_count=1 vs=C049A8C9E556F129 ps=0000000000000000
[2026-07-31 07:43:49.861] [info] [gpu] [t3978552] [ac6-draw] prim=1 verts=4 idx_count=1 vs=C049A8C9E556F129 ps=0000000000000000
[2026-07-31 07:43:49.861] [info] [gpu] [t3978552] [ac6-draw] prim=1 verts=4 idx_count=1 vs=C049A8C9E556F129 ps=0000000000000000
[2026-07-31 07:43:49.861] [info] [gpu] [t3978552] [ac6-draw] prim=1 verts=4 idx_count=1 vs=C049A8C9E556F129 ps=0000000000000000
[2026-07-31 07:43:49.861] [info] [gpu] [t3978552] [ac6-draw] prim=1 verts=4 idx_count=1 vs=C049A8C9E556F129 ps=0000000000000000
[2026-07-31 07:43:49.861] [info] [gpu] [t3978552] [ac6-draw] prim=1 verts=4 idx_count=1 vs=C049A8C9E556F129 ps=0000000000000000
[2026-07-31 07:43:49.861] [info] [gpu] [t3978552] [ac6-draw] prim=1 verts=4 idx_count=1 vs=C049A8C9E556F129 ps=0000000000000000
[2026-07-31 07:43:49.861] [info] [gpu] [t3978552] [ac6-draw] prim=1 verts=4 idx_count=1 vs=C049A8C9E556F129 ps=0000000000000000
[2026-07-31 07:43:49.861] [info] [gpu] [t3978552] [ac6-draw] prim=1 verts=4 idx_count=1 vs=C049A8C9E556F129 ps=0000000000000000
[2026-07-31 07:43:49.861] [info] [gpu] [t3978552] [ac6-draw] prim=1 verts=4 idx_count=1 vs=C049A8C9E556F129 ps=0000000000000000
[2026-07-31 07:43:49.861] [info] [gpu] [t3978552] [ac6-draw] prim=1 verts=4 idx_count=1 vs=C049A8C9E556F129 ps=0000000000000000
[2026-07-31 07:43:49.861] [info] [gpu] [t3978552] [ac6-draw] prim=1 verts=4 idx_count=1 vs=C049A8C9E556F129 ps=0000000000000000
[2026-07-31 07:43:49.861] [info] [gpu] [t3978552] [ac6-draw] prim=1 verts=4 idx_count=1 vs=C049A8C9E556F129 ps=0000000000000000
[2026-07-31 07:43:49.861] [info] [gpu] [t3978552] [ac6-draw] prim=1 verts=4 idx_count=1 vs=C049A8C9E556F129 ps=0000000000000000
[2026-07-31 07:43:49.862] [info] [gpu] [t3978552] [ac6-draw] prim=8 verts=3 idx_count=3 vs=0A6D1DD7767FDF27 ps=2E372EA28CC404B7
[2026-07-31 07:43:49.862] [info] [gpu] [t3978552] [ac6-draw] prim=13 verts=4 idx_count=4 vs=472913F460D4B446 ps=8F1C48BA92C8E43E
[2026-07-31 07:43:49.862] [info] [gpu] [t3978552] [ac6-draw] prim=13 verts=64 idx_count=64 vs=472913F460D4B446 ps=8F1C48BA92C8E43E
[2026-07-31 07:43:49.862] [info] [gpu] [t3978552] [ac6-draw] prim=13 verts=4 idx_count=4 vs=472913F460D4B446 ps=8F1C48BA92C8E43E
[2026-07-31 07:43:49.862] [info] [gpu] [t3978552] [ac6-draw] prim=13 verts=4 idx_count=4 vs=472913F460D4B446 ps=8F1C48BA92C8E43E
[2026-07-31 07:43:49.862] [info] [gpu] [t3978552] [ac6-draw] prim=13 verts=8 idx_count=8 vs=472913F460D4B446 ps=8F1C48BA92C8E43E
[2026-07-31 07:43:49.862] [info] [gpu] [t3978552] [ac6-draw] prim=13 verts=4 idx_count=4 vs=472913F460D4B446 ps=8F1C48BA92C8E43E
[2026-07-31 07:43:49.862] [info] [gpu] [t3978552] [ac6-draw] prim=13 verts=20 idx_count=20 vs=472913F460D4B446 ps=8F1C48BA92C8E43E
[2026-07-31 07:43:49.862] [info] [gpu] [t3978552] [ac6-draw] prim=1 verts=4 idx_count=1 vs=C049A8C9E556F129 ps=0000000000000000
[2026-07-31 07:43:49.862] [info] [gpu] [t3978552] [ac6-draw] prim=1 verts=4 idx_count=1 vs=C049A8C9E556F129 ps=0000000000000000
[2026-07-31 07:43:49.862] [info] [gpu] [t3978552] [ac6-draw] prim=1 verts=4 idx_count=1 vs=C049A8C9E556F129 ps=0000000000000000
[2026-07-31 07:43:49.862] [info] [gpu] [t3978552] [ac6-draw] prim=1 verts=4 idx_count=1 vs=C049A8C9E556F129 ps=0000000000000000
[2026-07-31 07:43:49.862] [info] [gpu] [t3978552] [ac6-draw] prim=1 verts=4 idx_count=1 vs=C049A8C9E556F129 ps=0000000000000000
[2026-07-31 07:43:49.862] [info] [gpu] [t3978552] [ac6-draw] prim=1 verts=4 idx_count=1 vs=C049A8C9E556F129 ps=0000000000000000
[2026-07-31 07:43:49.862] [info] [gpu] [t3978552] [ac6-draw] prim=1 verts=4 idx_count=1 vs=C049A8C9E556F129 ps=0000000000000000
[2026-07-31 07:43:49.862] [info] [gpu] [t3978552] [ac6-draw] prim=1 verts=4 idx_count=1 vs=C049A8C9E556F129 ps=0000000000000000
[2026-07-31 07:43:49.862] [info] [gpu] [t3978552] [ac6-draw] prim=1 verts=4 idx_count=1 vs=C049A8C9E556F129 ps=0000000000000000
[2026-07-31 07:43:49.862] [info] [gpu] [t3978552] [ac6-draw] prim=1 verts=4 idx_count=1 vs=C049A8C9E556F129 ps=0000000000000000
[2026-07-31 07:43:49.862] [info] [gpu] [t3978552] [ac6-draw] prim=1 verts=4 idx_count=1 vs=C049A8C9E556F129 ps=0000000000000000
[2026-07-31 07:43:49.862] [info] [gpu] [t3978552] [ac6-draw] prim=1 verts=4 idx_count=1 vs=C049A8C9E556F129 ps=0000000000000000
[2026-07-31 07:43:49.862] [info] [gpu] [t3978552] [ac6-draw] prim=1 verts=4 idx_count=1 vs=C049A8C9E556F129 ps=0000000000000000
[2026-07-31 07:43:49.862] [info] [gpu] [t3978552] [ac6-draw] prim=1 verts=4 idx_count=1 vs=C049A8C9E556F129 ps=0000000000000000
[2026-07-31 07:43:49.862] [info] [gpu] [t3978552] [ac6-draw] prim=1 verts=4 idx_count=1 vs=C049A8C9E556F129 ps=0000000000000000
[2026-07-31 07:43:49.862] [info] [gpu] [t3978552] [ac6-draw] prim=1 verts=4 idx_count=1 vs=C049A8C9E556F129 ps=0000000000000000
[2026-07-31 07:43:49.862] [info] [gpu] [t3978552] [ac6-draw] prim=1 verts=4 idx_count=1 vs=C049A8C9E556F129 ps=0000000000000000
[2026-07-31 07:43:49.862] [info] [gpu] [t3978552] [ac6-draw] prim=1 verts=4 idx_count=1 vs=C049A8C9E556F129 ps=0000000000000000
[2026-07-31 07:43:49.862] [info] [gpu] [t3978552] [ac6-draw] prim=1 verts=4 idx_count=1 vs=C049A8C9E556F129 ps=0000000000000000
[2026-07-31 07:43:49.862] [info] [gpu] [t3978552] [ac6-draw] prim=1 verts=4 idx_count=1 vs=C049A8C9E556F129 ps=0000000000000000
[2026-07-31 07:43:49.862] [info] [gpu] [t3978552] [ac6-draw] prim=1 verts=4 idx_count=1 vs=C049A8C9E556F129 ps=0000000000000000
[2026-07-31 07:43:49.862] [info] [gpu] [t3978552] [ac6-draw] prim=1 verts=4 idx_count=1 vs=C049A8C9E556F129 ps=0000000000000000
[2026-07-31 07:43:49.862] [info] [gpu] [t3978552] [ac6-draw] prim=1 verts=4 idx_count=1 vs=C049A8C9E556F129 ps=0000000000000000
[2026-07-31 07:43:49.862] [info] [gpu] [t3978552] [ac6-draw] prim=1 verts=4 idx_count=1 vs=C049A8C9E556F129 ps=0000000000000000
[2026-07-31 07:43:49.877] [debug] [gpu] [t3978552] XELOG_GPU PRESENT: swap_texture_view=0x76d00d838060 packet_size=1280x720 src_size=1280x720 src_unscaled=1280x720 guest_output_size=1280x720 format=6
[2026-07-31 07:43:49.878] [info] [gpu] [t3978552] [ac6-draw] prim=1 verts=4 idx_count=1 vs=C049A8C9E556F129 ps=0000000000000000
[2026-07-31 07:43:49.878] [info] [gpu] [t3978552] [ac6-draw] prim=1 verts=4 idx_count=1 vs=C049A8C9E556F129 ps=0000000000000000
[2026-07-31 07:43:49.878] [info] [gpu] [t3978552] [ac6-draw] prim=1 verts=4 idx_count=1 vs=C049A8C9E556F129 ps=0000000000000000
[2026-07-31 07:43:49.878] [info] [gpu] [t3978552] [ac6-draw] prim=1 verts=4 idx_count=1 vs=C049A8C9E556F129 ps=0000000000000000
[2026-07-31 07:43:49.878] [info] [gpu] [t3978552] [ac6-draw] prim=1 verts=4 idx_count=1 vs=C049A8C9E556F129 ps=0000000000000000
[2026-07-31 07:43:49.878] [info] [gpu] [t3978552] [ac6-draw] prim=1 verts=4 idx_count=1 vs=C049A8C9E556F129 ps=0000000000000000
[2026-07-31 07:43:49.878] [info] [gpu] [t3978552] [ac6-draw] prim=1 verts=4 idx_count=1 vs=C049A8C9E556F129 ps=0000000000000000
[2026-07-31 07:43:49.878] [info] [gpu] [t3978552] [ac6-draw] prim=1 verts=4 idx_count=1 vs=C049A8C9E556F129 ps=0000000000000000
[2026-07-31 07:43:49.878] [info] [gpu] [t3978552] [ac6-draw] prim=1 verts=4 idx_count=1 vs=C049A8C9E556F129 ps=0000000000000000
[2026-07-31 07:43:49.878] [info] [gpu] [t3978552] [ac6-draw] prim=1 verts=4 idx_count=1 vs=C049A8C9E556F129 ps=0000000000000000
[2026-07-31 07:43:49.878] [info] [gpu] [t3978552] [ac6-draw] prim=1 verts=4 idx_count=1 vs=C049A8C9E556F129 ps=0000000000000000
[2026-07-31 07:43:49.878] [info] [gpu] [t3978552] [ac6-draw] prim=1 verts=4 idx_count=1 vs=C049A8C9E556F129 ps=0000000000000000
[2026-07-31 07:43:49.878] [info] [gpu] [t3978552] [ac6-draw] prim=1 verts=4 idx_count=1 vs=C049A8C9E556F129 ps=0000000000000000
[2026-07-31 07:43:49.878] [info] [gpu] [t3978552] [ac6-draw] prim=1 verts=4 idx_count=1 vs=C049A8C9E556F129 ps=0000000000000000
[2026-07-31 07:43:49.878] [info] [gpu] [t3978552] [ac6-draw] prim=1 verts=4 idx_count=1 vs=C049A8C9E556F129 ps=0000000000000000
[2026-07-31 07:43:49.878] [info] [gpu] [t3978552] [ac6-draw] prim=1 verts=4 idx_count=1 vs=C049A8C9E556F129 ps=0000000000000000
[2026-07-31 07:43:49.878] [info] [gpu] [t3978552] [ac6-draw] prim=1 verts=4 idx_count=1 vs=C049A8C9E556F129 ps=0000000000000000
[2026-07-31 07:43:49.878] [info] [gpu] [t3978552] [ac6-draw] prim=1 verts=4 idx_count=1 vs=C049A8C9E556F129 ps=0000000000000000
[2026-07-31 07:43:49.878] [info] [gpu] [t3978552] [ac6-draw] prim=1 verts=4 idx_count=1 vs=C049A8C9E556F129 ps=0000000000000000
[2026-07-31 07:43:49.878] [info] [gpu] [t3978552] [ac6-draw] prim=1 verts=4 idx_count=1 vs=C049A8C9E556F129 ps=0000000000000000
[2026-07-31 07:43:49.878] [info] [gpu] [t3978552] [ac6-draw] prim=1 verts=4 idx_count=1 vs=C049A8C9E556F129 ps=0000000000000000
[2026-07-31 07:43:49.878] [info] [gpu] [t3978552] [ac6-draw] prim=1 verts=4 idx_count=1 vs=C049A8C9E556F129 ps=0000000000000000
[2026-07-31 07:43:49.878] [info] [gpu] [t3978552] [ac6-draw] prim=1 verts=4 idx_count=1 vs=C049A8C9E556F129 ps=0000000000000000
[2026-07-31 07:43:49.878] [info] [gpu] [t3978552] [ac6-draw] prim=1 verts=4 idx_count=1 vs=C049A8C9E556F129 ps=0000000000000000
[2026-07-31 07:43:49.878] [info] [gpu] [t3978552] [ac6-draw] prim=8 verts=3 idx_count=3 vs=0A6D1DD7767FDF27 ps=2E372EA28CC404B7
[2026-07-31 07:43:49.879] [info] [gpu] [t3978552] [ac6-draw] prim=13 verts=4 idx_count=4 vs=472913F460D4B446 ps=8F1C48BA92C8E43E
[2026-07-31 07:43:49.879] [info] [gpu] [t3978552] [ac6-draw] prim=13 verts=64 idx_count=64 vs=472913F460D4B446 ps=8F1C48BA92C8E43E
[2026-07-31 07:43:49.879] [info] [gpu] [t3978552] [ac6-draw] prim=13 verts=4 idx_count=4 vs=472913F460D4B446 ps=8F1C48BA92C8E43E
[2026-07-31 07:43:49.879] [info] [gpu] [t3978552] [ac6-draw] prim=13 verts=4 idx_count=4 vs=472913F460D4B446 ps=8F1C48BA92C8E43E
[2026-07-31 07:43:49.879] [info] [gpu] [t3978552] [ac6-draw] prim=13 verts=8 idx_count=8 vs=472913F460D4B446 ps=8F1C48BA92C8E43E
[2026-07-31 07:43:49.879] [info] [gpu] [t3978552] [ac6-draw] prim=13 verts=4 idx_count=4 vs=472913F460D4B446 ps=8F1C48BA92C8E43E
[2026-07-31 07:43:49.879] [info] [gpu] [t3978552] [ac6-draw] prim=13 verts=20 idx_count=20 vs=472913F460D4B446 ps=8F1C48BA92C8E43E
[2026-07-31 07:43:49.879] [info] [gpu] [t3978552] [ac6-draw] prim=1 verts=4 idx_count=1 vs=C049A8C9E556F129 ps=0000000000000000
[2026-07-31 07:43:49.879] [info] [gpu] [t3978552] [ac6-draw] prim=1 verts=4 idx_count=1 vs=C049A8C9E556F129 ps=0000000000000000
[2026-07-31 07:43:49.879] [info] [gpu] [t3978552] [ac6-draw] prim=1 verts=4 idx_count=1 vs=C049A8C9E556F129 ps=0000000000000000
[2026-07-31 07:43:49.879] [info] [gpu] [t3978552] [ac6-draw] prim=1 verts=4 idx_count=1 vs=C049A8C9E556F129 ps=0000000000000000
[2026-07-31 07:43:49.879] [info] [gpu] [t3978552] [ac6-draw] prim=1 verts=4 idx_count=1 vs=C049A8C9E556F129 ps=0000000000000000
[2026-07-31 07:43:49.879] [info] [gpu] [t3978552] [ac6-draw] prim=1 verts=4 idx_count=1 vs=C049A8C9E556F129 ps=0000000000000000
[2026-07-31 07:43:49.879] [info] [gpu] [t3978552] [ac6-draw] prim=1 verts=4 idx_count=1 vs=C049A8C9E556F129 ps=0000000000000000
[2026-07-31 07:43:49.879] [info] [gpu] [t3978552] [ac6-draw] prim=1 verts=4 idx_count=1 vs=C049A8C9E556F129 ps=0000000000000000
[2026-07-31 07:43:49.879] [info] [gpu] [t3978552] [ac6-draw] prim=1 verts=4 idx_count=1 vs=C049A8C9E556F129 ps=0000000000000000
[2026-07-31 07:43:49.879] [info] [gpu] [t3978552] [ac6-draw] prim=1 verts=4 idx_count=1 vs=C049A8C9E556F129 ps=0000000000000000
[2026-07-31 07:43:49.879] [info] [gpu] [t3978552] [ac6-draw] prim=1 verts=4 idx_count=1 vs=C049A8C9E556F129 ps=0000000000000000
[2026-07-31 07:43:49.879] [info] [gpu] [t3978552] [ac6-draw] prim=1 verts=4 idx_count=1 vs=C049A8C9E556F129 ps=0000000000000000
[2026-07-31 07:43:49.879] [info] [gpu] [t3978552] [ac6-draw] prim=1 verts=4 idx_count=1 vs=C049A8C9E556F129 ps=0000000000000000
[2026-07-31 07:43:49.879] [info] [gpu] [t3978552] [ac6-draw] prim=1 verts=4 idx_count=1 vs=C049A8C9E556F129 ps=0000000000000000
[2026-07-31 07:43:49.879] [info] [gpu] [t3978552] [ac6-draw] prim=1 verts=4 idx_count=1 vs=C049A8C9E556F129 ps=0000000000000000
[2026-07-31 07:43:49.879] [info] [gpu] [t3978552] [ac6-draw] prim=1 verts=4 idx_count=1 vs=C049A8C9E556F129 ps=0000000000000000
[2026-07-31 07:43:49.879] [info] [gpu] [t3978552] [ac6-draw] prim=1 verts=4 idx_count=1 vs=C049A8C9E556F129 ps=0000000000000000
[2026-07-31 07:43:49.879] [info] [gpu] [t3978552] [ac6-draw] prim=1 verts=4 idx_count=1 vs=C049A8C9E556F129 ps=0000000000000000
[2026-07-31 07:43:49.879] [info] [gpu] [t3978552] [ac6-draw] prim=1 verts=4 idx_count=1 vs=C049A8C9E556F129 ps=0000000000000000
[2026-07-31 07:43:49.879] [info] [gpu] [t3978552] [ac6-draw] prim=1 verts=4 idx_count=1 vs=C049A8C9E556F129 ps=0000000000000000
[2026-07-31 07:43:49.879] [info] [gpu] [t3978552] [ac6-draw] prim=1 verts=4 idx_count=1 vs=C049A8C9E556F129 ps=0000000000000000
[2026-07-31 07:43:49.879] [info] [gpu] [t3978552] [ac6-draw] prim=1 verts=4 idx_count=1 vs=C049A8C9E556F129 ps=0000000000000000
[2026-07-31 07:43:49.879] [info] [gpu] [t3978552] [ac6-draw] prim=1 verts=4 idx_count=1 vs=C049A8C9E556F129 ps=0000000000000000
[2026-07-31 07:43:49.879] [info] [gpu] [t3978552] [ac6-draw] prim=1 verts=4 idx_count=1 vs=C049A8C9E556F129 ps=0000000000000000
[2026-07-31 07:43:49.893] [debug] [gpu] [t3978552] XELOG_GPU PRESENT: swap_texture_view=0x76d00d838060 packet_size=1280x720 src_size=1280x720 src_unscaled=1280x720 guest_output_size=1280x720 format=6
[2026-07-31 07:43:49.894] [info] [gpu] [t3978552] [ac6-draw] prim=1 verts=4 idx_count=1 vs=C049A8C9E556F129 ps=0000000000000000
[2026-07-31 07:43:49.894] [info] [gpu] [t3978552] [ac6-draw] prim=1 verts=4 idx_count=1 vs=C049A8C9E556F129 ps=0000000000000000
[2026-07-31 07:43:49.894] [info] [gpu] [t3978552] [ac6-draw] prim=1 verts=4 idx_count=1 vs=C049A8C9E556F129 ps=0000000000000000
[2026-07-31 07:43:49.894] [info] [gpu] [t3978552] [ac6-draw] prim=1 verts=4 idx_count=1 vs=C049A8C9E556F129 ps=0000000000000000
[2026-07-31 07:43:49.894] [info] [gpu] [t3978552] [ac6-draw] prim=1 verts=4 idx_count=1 vs=C049A8C9E556F129 ps=0000000000000000
[2026-07-31 07:43:49.894] [info] [gpu] [t3978552] [ac6-draw] prim=1 verts=4 idx_count=1 vs=C049A8C9E556F129 ps=0000000000000000
[2026-07-31 07:43:49.894] [info] [gpu] [t3978552] [ac6-draw] prim=1 verts=4 idx_count=1 vs=C049A8C9E556F129 ps=0000000000000000
[2026-07-31 07:43:49.894] [info] [gpu] [t3978552] [ac6-draw] prim=1 verts=4 idx_count=1 vs=C049A8C9E556F129 ps=0000000000000000
[2026-07-31 07:43:49.894] [info] [gpu] [t3978552] [ac6-draw] prim=1 verts=4 idx_count=1 vs=C049A8C9E556F129 ps=0000000000000000
[2026-07-31 07:43:49.894] [info] [gpu] [t3978552] [ac6-draw] prim=1 verts=4 idx_count=1 vs=C049A8C9E556F129 ps=0000000000000000
[2026-07-31 07:43:49.894] [info] [gpu] [t3978552] [ac6-draw] prim=1 verts=4 idx_count=1 vs=C049A8C9E556F129 ps=0000000000000000
[2026-07-31 07:43:49.894] [info] [gpu] [t3978552] [ac6-draw] prim=1 verts=4 idx_count=1 vs=C049A8C9E556F129 ps=0000000000000000
[2026-07-31 07:43:49.894] [info] [gpu] [t3978552] [ac6-draw] prim=1 verts=4 idx_count=1 vs=C049A8C9E556F129 ps=0000000000000000
[2026-07-31 07:43:49.894] [info] [gpu] [t3978552] [ac6-draw] prim=1 verts=4 idx_count=1 vs=C049A8C9E556F129 ps=0000000000000000
[2026-07-31 07:43:49.894] [info] [gpu] [t3978552] [ac6-draw] prim=1 verts=4 idx_count=1 vs=C049A8C9E556F129 ps=0000000000000000
[2026-07-31 07:43:49.894] [info] [gpu] [t3978552] [ac6-draw] prim=1 verts=4 idx_count=1 vs=C049A8C9E556F129 ps=0000000000000000
[2026-07-31 07:43:49.894] [info] [gpu] [t3978552] [ac6-draw] prim=1 verts=4 idx_count=1 vs=C049A8C9E556F129 ps=0000000000000000
[2026-07-31 07:43:49.894] [info] [gpu] [t3978552] [ac6-draw] prim=1 verts=4 idx_count=1 vs=C049A8C9E556F129 ps=0000000000000000
[2026-07-31 07:43:49.894] [info] [gpu] [t3978552] [ac6-draw] prim=1 verts=4 idx_count=1 vs=C049A8C9E556F129 ps=0000000000000000
[2026-07-31 07:43:49.894] [info] [gpu] [t3978552] [ac6-draw] prim=1 verts=4 idx_count=1 vs=C049A8C9E556F129 ps=0000000000000000
[2026-07-31 07:43:49.894] [info] [gpu] [t3978552] [ac6-draw] prim=1 verts=4 idx_count=1 vs=C049A8C9E556F129 ps=0000000000000000
[2026-07-31 07:43:49.894] [info] [gpu] [t3978552] [ac6-draw] prim=1 verts=4 idx_count=1 vs=C049A8C9E556F129 ps=0000000000000000
[2026-07-31 07:43:49.894] [info] [gpu] [t3978552] [ac6-draw] prim=1 verts=4 idx_count=1 vs=C049A8C9E556F129 ps=0000000000000000
[2026-07-31 07:43:49.894] [info] [gpu] [t3978552] [ac6-draw] prim=1 verts=4 idx_count=1 vs=C049A8C9E556F129 ps=0000000000000000
[2026-07-31 07:43:49.894] [info] [gpu] [t3978552] [ac6-draw] prim=8 verts=3 idx_count=3 vs=0A6D1DD7767FDF27 ps=2E372EA28CC404B7
[2026-07-31 07:43:49.895] [info] [gpu] [t3978552] [ac6-draw] prim=13 verts=4 idx_count=4 vs=472913F460D4B446 ps=8F1C48BA92C8E43E
[2026-07-31 07:43:49.895] [info] [gpu] [t3978552] [ac6-draw] prim=13 verts=64 idx_count=64 vs=472913F460D4B446 ps=8F1C48BA92C8E43E
[2026-07-31 07:43:49.895] [info] [gpu] [t3978552] [ac6-draw] prim=13 verts=4 idx_count=4 vs=472913F460D4B446 ps=8F1C48BA92C8E43E
[2026-07-31 07:43:49.895] [info] [gpu] [t3978552] [ac6-draw] prim=13 verts=4 idx_count=4 vs=472913F460D4B446 ps=8F1C48BA92C8E43E
[2026-07-31 07:43:49.895] [info] [gpu] [t3978552] [ac6-draw] prim=13 verts=8 idx_count=8 vs=472913F460D4B446 ps=8F1C48BA92C8E43E
[2026-07-31 07:43:49.895] [info] [gpu] [t3978552] [ac6-draw] prim=13 verts=4 idx_count=4 vs=472913F460D4B446 ps=8F1C48BA92C8E43E
[2026-07-31 07:43:49.895] [info] [gpu] [t3978552] [ac6-draw] prim=13 verts=20 idx_count=20 vs=472913F460D4B446 ps=8F1C48BA92C8E43E
[2026-07-31 07:43:49.895] [info] [gpu] [t3978552] [ac6-draw] prim=1 verts=4 idx_count=1 vs=C049A8C9E556F129 ps=0000000000000000
[2026-07-31 07:43:49.895] [info] [gpu] [t3978552] [ac6-draw] prim=1 verts=4 idx_count=1 vs=C049A8C9E556F129 ps=0000000000000000
[2026-07-31 07:43:49.895] [info] [gpu] [t3978552] [ac6-draw] prim=1 verts=4 idx_count=1 vs=C049A8C9E556F129 ps=0000000000000000
[2026-07-31 07:43:49.895] [info] [gpu] [t3978552] [ac6-draw] prim=1 verts=4 idx_count=1 vs=C049A8C9E556F129 ps=0000000000000000
[2026-07-31 07:43:49.895] [info] [gpu] [t3978552] [ac6-draw] prim=1 verts=4 idx_count=1 vs=C049A8C9E556F129 ps=0000000000000000
[2026-07-31 07:43:49.895] [info] [gpu] [t3978552] [ac6-draw] prim=1 verts=4 idx_count=1 vs=C049A8C9E556F129 ps=0000000000000000
[2026-07-31 07:43:49.895] [info] [gpu] [t3978552] [ac6-draw] prim=1 verts=4 idx_count=1 vs=C049A8C9E556F129 ps=0000000000000000
[2026-07-31 07:43:49.895] [info] [gpu] [t3978552] [ac6-draw] prim=1 verts=4 idx_count=1 vs=C049A8C9E556F129 ps=0000000000000000
[2026-07-31 07:43:49.895] [info] [gpu] [t3978552] [ac6-draw] prim=1 verts=4 idx_count=1 vs=C049A8C9E556F129 ps=0000000000000000
[2026-07-31 07:43:49.895] [info] [gpu] [t3978552] [ac6-draw] prim=1 verts=4 idx_count=1 vs=C049A8C9E556F129 ps=0000000000000000
[2026-07-31 07:43:49.895] [info] [gpu] [t3978552] [ac6-draw] prim=1 verts=4 idx_count=1 vs=C049A8C9E556F129 ps=0000000000000000
[2026-07-31 07:43:49.895] [info] [gpu] [t3978552] [ac6-draw] prim=1 verts=4 idx_count=1 vs=C049A8C9E556F129 ps=0000000000000000
[2026-07-31 07:43:49.895] [info] [gpu] [t3978552] [ac6-draw] prim=1 verts=4 idx_count=1 vs=C049A8C9E556F129 ps=0000000000000000
[2026-07-31 07:43:49.895] [info] [gpu] [t3978552] [ac6-draw] prim=1 verts=4 idx_count=1 vs=C049A8C9E556F129 ps=0000000000000000
[2026-07-31 07:43:49.895] [info] [gpu] [t3978552] [ac6-draw] prim=1 verts=4 idx_count=1 vs=C049A8C9E556F129 ps=0000000000000000
[2026-07-31 07:43:49.895] [info] [gpu] [t3978552] [ac6-draw] prim=1 verts=4 idx_count=1 vs=C049A8C9E556F129 ps=0000000000000000
[2026-07-31 07:43:49.895] [info] [gpu] [t3978552] [ac6-draw] prim=1 verts=4 idx_count=1 vs=C049A8C9E556F129 ps=0000000000000000
[2026-07-31 07:43:49.895] [info] [gpu] [t3978552] [ac6-draw] prim=1 verts=4 idx_count=1 vs=C049A8C9E556F129 ps=0000000000000000
[2026-07-31 07:43:49.895] [info] [gpu] [t3978552] [ac6-draw] prim=1 verts=4 idx_count=1 vs=C049A8C9E556F129 ps=0000000000000000
[2026-07-31 07:43:49.895] [info] [gpu] [t3978552] [ac6-draw] prim=1 verts=4 idx_count=1 vs=C049A8C9E556F129 ps=0000000000000000
[2026-07-31 07:43:49.895] [info] [gpu] [t3978552] [ac6-draw] prim=1 verts=4 idx_count=1 vs=C049A8C9E556F129 ps=0000000000000000
[2026-07-31 07:43:49.895] [info] [gpu] [t3978552] [ac6-draw] prim=1 verts=4 idx_count=1 vs=C049A8C9E556F129 ps=0000000000000000
[2026-07-31 07:43:49.895] [info] [gpu] [t3978552] [ac6-draw] prim=1 verts=4 idx_count=1 vs=C049A8C9E556F129 ps=0000000000000000
[2026-07-31 07:43:49.895] [info] [gpu] [t3978552] [ac6-draw] prim=1 verts=4 idx_count=1 vs=C049A8C9E556F129 ps=0000000000000000
[2026-07-31 07:43:49.911] [debug] [gpu] [t3978552] XELOG_GPU PRESENT: swap_texture_view=0x76d00d838060 packet_size=1280x720 src_size=1280x720 src_unscaled=1280x720 guest_output_size=1280x720 format=6
[2026-07-31 07:43:49.911] [info] [gpu] [t3978552] [ac6-draw] prim=1 verts=4 idx_count=1 vs=C049A8C9E556F129 ps=0000000000000000
[2026-07-31 07:43:49.911] [info] [gpu] [t3978552] [ac6-draw] prim=1 verts=4 idx_count=1 vs=C049A8C9E556F129 ps=0000000000000000
[2026-07-31 07:43:49.911] [info] [gpu] [t3978552] [ac6-draw] prim=1 verts=4 idx_count=1 vs=C049A8C9E556F129 ps=0000000000000000
[2026-07-31 07:43:49.911] [info] [gpu] [t3978552] [ac6-draw] prim=1 verts=4 idx_count=1 vs=C049A8C9E556F129 ps=0000000000000000
[2026-07-31 07:43:49.911] [info] [gpu] [t3978552] [ac6-draw] prim=1 verts=4 idx_count=1 vs=C049A8C9E556F129 ps=0000000000000000
[2026-07-31 07:43:49.911] [info] [gpu] [t3978552] [ac6-draw] prim=1 verts=4 idx_count=1 vs=C049A8C9E556F129 ps=0000000000000000
[2026-07-31 07:43:49.911] [info] [gpu] [t3978552] [ac6-draw] prim=1 verts=4 idx_count=1 vs=C049A8C9E556F129 ps=0000000000000000
[2026-07-31 07:43:49.911] [info] [gpu] [t3978552] [ac6-draw] prim=1 verts=4 idx_count=1 vs=C049A8C9E556F129 ps=0000000000000000
[2026-07-31 07:43:49.911] [info] [gpu] [t3978552] [ac6-draw] prim=1 verts=4 idx_count=1 vs=C049A8C9E556F129 ps=0000000000000000
[2026-07-31 07:43:49.911] [info] [gpu] [t3978552] [ac6-draw] prim=1 verts=4 idx_count=1 vs=C049A8C9E556F129 ps=0000000000000000
[2026-07-31 07:43:49.911] [info] [gpu] [t3978552] [ac6-draw] prim=1 verts=4 idx_count=1 vs=C049A8C9E556F129 ps=0000000000000000
[2026-07-31 07:43:49.911] [info] [gpu] [t3978552] [ac6-draw] prim=1 verts=4 idx_count=1 vs=C049A8C9E556F129 ps=0000000000000000
[2026-07-31 07:43:49.911] [info] [gpu] [t3978552] [ac6-draw] prim=1 verts=4 idx_count=1 vs=C049A8C9E556F129 ps=0000000000000000
[2026-07-31 07:43:49.911] [info] [gpu] [t3978552] [ac6-draw] prim=1 verts=4 idx_count=1 vs=C049A8C9E556F129 ps=0000000000000000
[2026-07-31 07:43:49.911] [info] [gpu] [t3978552] [ac6-draw] prim=1 verts=4 idx_count=1 vs=C049A8C9E556F129 ps=0000000000000000
[2026-07-31 07:43:49.911] [info] [gpu] [t3978552] [ac6-draw] prim=1 verts=4 idx_count=1 vs=C049A8C9E556F129 ps=0000000000000000
[2026-07-31 07:43:49.911] [info] [gpu] [t3978552] [ac6-draw] prim=1 verts=4 idx_count=1 vs=C049A8C9E556F129 ps=0000000000000000
[2026-07-31 07:43:49.911] [info] [gpu] [t3978552] [ac6-draw] prim=1 verts=4 idx_count=1 vs=C049A8C9E556F129 ps=0000000000000000
[2026-07-31 07:43:49.911] [info] [gpu] [t3978552] [ac6-draw] prim=1 verts=4 idx_count=1 vs=C049A8C9E556F129 ps=0000000000000000
[2026-07-31 07:43:49.911] [info] [gpu] [t3978552] [ac6-draw] prim=1 verts=4 idx_count=1 vs=C049A8C9E556F129 ps=0000000000000000
[2026-07-31 07:43:49.911] [info] [gpu] [t3978552] [ac6-draw] prim=1 verts=4 idx_count=1 vs=C049A8C9E556F129 ps=0000000000000000
[2026-07-31 07:43:49.911] [info] [gpu] [t3978552] [ac6-draw] prim=1 verts=4 idx_count=1 vs=C049A8C9E556F129 ps=0000000000000000
[2026-07-31 07:43:49.911] [info] [gpu] [t3978552] [ac6-draw] prim=1 verts=4 idx_count=1 vs=C049A8C9E556F129 ps=0000000000000000
[2026-07-31 07:43:49.911] [info] [gpu] [t3978552] [ac6-draw] prim=1 verts=4 idx_count=1 vs=C049A8C9E556F129 ps=0000000000000000
[2026-07-31 07:43:49.912] [info] [gpu] [t3978552] [ac6-draw] prim=8 verts=3 idx_count=3 vs=0A6D1DD7767FDF27 ps=2E372EA28CC404B7
[2026-07-31 07:43:49.912] [info] [gpu] [t3978552] [ac6-draw] prim=13 verts=4 idx_count=4 vs=472913F460D4B446 ps=8F1C48BA92C8E43E
[2026-07-31 07:43:49.912] [info] [gpu] [t3978552] [ac6-draw] prim=13 verts=64 idx_count=64 vs=472913F460D4B446 ps=8F1C48BA92C8E43E
[2026-07-31 07:43:49.912] [info] [gpu] [t3978552] [ac6-draw] prim=13 verts=4 idx_count=4 vs=472913F460D4B446 ps=8F1C48BA92C8E43E
[2026-07-31 07:43:49.912] [info] [gpu] [t3978552] [ac6-draw] prim=13 verts=4 idx_count=4 vs=472913F460D4B446 ps=8F1C48BA92C8E43E
[2026-07-31 07:43:49.912] [info] [gpu] [t3978552] [ac6-draw] prim=13 verts=8 idx_count=8 vs=472913F460D4B446 ps=8F1C48BA92C8E43E
[2026-07-31 07:43:49.912] [info] [gpu] [t3978552] [ac6-draw] prim=13 verts=4 idx_count=4 vs=472913F460D4B446 ps=8F1C48BA92C8E43E
[2026-07-31 07:43:49.912] [info] [gpu] [t3978552] [ac6-draw] prim=13 verts=20 idx_count=20 vs=472913F460D4B446 ps=8F1C48BA92C8E43E
[2026-07-31 07:43:49.912] [info] [gpu] [t3978552] [ac6-draw] prim=1 verts=4 idx_count=1 vs=C049A8C9E556F129 ps=0000000000000000
[2026-07-31 07:43:49.912] [info] [gpu] [t3978552] [ac6-draw] prim=1 verts=4 idx_count=1 vs=C049A8C9E556F129 ps=0000000000000000
[2026-07-31 07:43:49.912] [info] [gpu] [t3978552] [ac6-draw] prim=1 verts=4 idx_count=1 vs=C049A8C9E556F129 ps=0000000000000000
[2026-07-31 07:43:49.912] [info] [gpu] [t3978552] [ac6-draw] prim=1 verts=4 idx_count=1 vs=C049A8C9E556F129 ps=0000000000000000
[2026-07-31 07:43:49.912] [info] [gpu] [t3978552] [ac6-draw] prim=1 verts=4 idx_count=1 vs=C049A8C9E556F129 ps=0000000000000000
[2026-07-31 07:43:49.912] [info] [gpu] [t3978552] [ac6-draw] prim=1 verts=4 idx_count=1 vs=C049A8C9E556F129 ps=0000000000000000
[2026-07-31 07:43:49.912] [info] [gpu] [t3978552] [ac6-draw] prim=1 verts=4 idx_count=1 vs=C049A8C9E556F129 ps=0000000000000000
[2026-07-31 07:43:49.913] [info] [gpu] [t3978552] [ac6-draw] prim=1 verts=4 idx_count=1 vs=C049A8C9E556F129 ps=0000000000000000
[2026-07-31 07:43:49.913] [info] [gpu] [t3978552] [ac6-draw] prim=1 verts=4 idx_count=1 vs=C049A8C9E556F129 ps=0000000000000000
[2026-07-31 07:43:49.913] [info] [gpu] [t3978552] [ac6-draw] prim=1 verts=4 idx_count=1 vs=C049A8C9E556F129 ps=0000000000000000
[2026-07-31 07:43:49.913] [info] [gpu] [t3978552] [ac6-draw] prim=1 verts=4 idx_count=1 vs=C049A8C9E556F129 ps=0000000000000000
[2026-07-31 07:43:49.913] [info] [gpu] [t3978552] [ac6-draw] prim=1 verts=4 idx_count=1 vs=C049A8C9E556F129 ps=0000000000000000
[2026-07-31 07:43:49.913] [info] [gpu] [t3978552] [ac6-draw] prim=1 verts=4 idx_count=1 vs=C049A8C9E556F129 ps=0000000000000000
[2026-07-31 07:43:49.913] [info] [gpu] [t3978552] [ac6-draw] prim=1 verts=4 idx_count=1 vs=C049A8C9E556F129 ps=0000000000000000
[2026-07-31 07:43:49.913] [info] [gpu] [t3978552] [ac6-draw] prim=1 verts=4 idx_count=1 vs=C049A8C9E556F129 ps=0000000000000000
[2026-07-31 07:43:49.913] [info] [gpu] [t3978552] [ac6-draw] prim=1 verts=4 idx_count=1 vs=C049A8C9E556F129 ps=0000000000000000
[2026-07-31 07:43:49.913] [info] [gpu] [t3978552] [ac6-draw] prim=1 verts=4 idx_count=1 vs=C049A8C9E556F129 ps=0000000000000000
[2026-07-31 07:43:49.913] [info] [gpu] [t3978552] [ac6-draw] prim=1 verts=4 idx_count=1 vs=C049A8C9E556F129 ps=0000000000000000
[2026-07-31 07:43:49.913] [info] [gpu] [t3978552] [ac6-draw] prim=1 verts=4 idx_count=1 vs=C049A8C9E556F129 ps=0000000000000000
[2026-07-31 07:43:49.913] [info] [gpu] [t3978552] [ac6-draw] prim=1 verts=4 idx_count=1 vs=C049A8C9E556F129 ps=0000000000000000
[2026-07-31 07:43:49.913] [info] [gpu] [t3978552] [ac6-draw] prim=1 verts=4 idx_count=1 vs=C049A8C9E556F129 ps=0000000000000000
[2026-07-31 07:43:49.913] [info] [gpu] [t3978552] [ac6-draw] prim=1 verts=4 idx_count=1 vs=C049A8C9E556F129 ps=0000000000000000
[2026-07-31 07:43:49.913] [info] [gpu] [t3978552] [ac6-draw] prim=1 verts=4 idx_count=1 vs=C049A8C9E556F129 ps=0000000000000000
[2026-07-31 07:43:49.913] [info] [gpu] [t3978552] [ac6-draw] prim=1 verts=4 idx_count=1 vs=C049A8C9E556F129 ps=0000000000000000
[2026-07-31 07:43:49.927] [debug] [gpu] [t3978552] XELOG_GPU PRESENT: swap_texture_view=0x76d00d838060 packet_size=1280x720 src_size=1280x720 src_unscaled=1280x720 guest_output_size=1280x720 format=6
[2026-07-31 07:43:49.927] [info] [gpu] [t3978552] [ac6-draw] prim=1 verts=4 idx_count=1 vs=C049A8C9E556F129 ps=0000000000000000
[2026-07-31 07:43:49.927] [info] [gpu] [t3978552] [ac6-draw] prim=1 verts=4 idx_count=1 vs=C049A8C9E556F129 ps=0000000000000000
[2026-07-31 07:43:49.927] [info] [gpu] [t3978552] [ac6-draw] prim=1 verts=4 idx_count=1 vs=C049A8C9E556F129 ps=0000000000000000
[2026-07-31 07:43:49.927] [info] [gpu] [t3978552] [ac6-draw] prim=1 verts=4 idx_count=1 vs=C049A8C9E556F129 ps=0000000000000000
[2026-07-31 07:43:49.927] [info] [gpu] [t3978552] [ac6-draw] prim=1 verts=4 idx_count=1 vs=C049A8C9E556F129 ps=0000000000000000
[2026-07-31 07:43:49.927] [info] [gpu] [t3978552] [ac6-draw] prim=1 verts=4 idx_count=1 vs=C049A8C9E556F129 ps=0000000000000000
[2026-07-31 07:43:49.927] [info] [gpu] [t3978552] [ac6-draw] prim=1 verts=4 idx_count=1 vs=C049A8C9E556F129 ps=0000000000000000
[2026-07-31 07:43:49.927] [info] [gpu] [t3978552] [ac6-draw] prim=1 verts=4 idx_count=1 vs=C049A8C9E556F129 ps=0000000000000000
[2026-07-31 07:43:49.927] [info] [gpu] [t3978552] [ac6-draw] prim=1 verts=4 idx_count=1 vs=C049A8C9E556F129 ps=0000000000000000
[2026-07-31 07:43:49.927] [info] [gpu] [t3978552] [ac6-draw] prim=1 verts=4 idx_count=1 vs=C049A8C9E556F129 ps=0000000000000000
[2026-07-31 07:43:49.927] [info] [gpu] [t3978552] [ac6-draw] prim=1 verts=4 idx_count=1 vs=C049A8C9E556F129 ps=0000000000000000
[2026-07-31 07:43:49.927] [info] [gpu] [t3978552] [ac6-draw] prim=1 verts=4 idx_count=1 vs=C049A8C9E556F129 ps=0000000000000000
[2026-07-31 07:43:49.927] [info] [gpu] [t3978552] [ac6-draw] prim=1 verts=4 idx_count=1 vs=C049A8C9E556F129 ps=0000000000000000
[2026-07-31 07:43:49.927] [info] [gpu] [t3978552] [ac6-draw] prim=1 verts=4 idx_count=1 vs=C049A8C9E556F129 ps=0000000000000000
[2026-07-31 07:43:49.927] [info] [gpu] [t3978552] [ac6-draw] prim=1 verts=4 idx_count=1 vs=C049A8C9E556F129 ps=0000000000000000
[2026-07-31 07:43:49.927] [info] [gpu] [t3978552] [ac6-draw] prim=1 verts=4 idx_count=1 vs=C049A8C9E556F129 ps=0000000000000000
[2026-07-31 07:43:49.927] [info] [gpu] [t3978552] [ac6-draw] prim=1 verts=4 idx_count=1 vs=C049A8C9E556F129 ps=0000000000000000
[2026-07-31 07:43:49.927] [info] [gpu] [t3978552] [ac6-draw] prim=1 verts=4 idx_count=1 vs=C049A8C9E556F129 ps=0000000000000000
[2026-07-31 07:43:49.927] [info] [gpu] [t3978552] [ac6-draw] prim=1 verts=4 idx_count=1 vs=C049A8C9E556F129 ps=0000000000000000
[2026-07-31 07:43:49.927] [info] [gpu] [t3978552] [ac6-draw] prim=1 verts=4 idx_count=1 vs=C049A8C9E556F129 ps=0000000000000000
[2026-07-31 07:43:49.927] [info] [gpu] [t3978552] [ac6-draw] prim=1 verts=4 idx_count=1 vs=C049A8C9E556F129 ps=0000000000000000
[2026-07-31 07:43:49.927] [info] [gpu] [t3978552] [ac6-draw] prim=1 verts=4 idx_count=1 vs=C049A8C9E556F129 ps=0000000000000000
[2026-07-31 07:43:49.927] [info] [gpu] [t3978552] [ac6-draw] prim=1 verts=4 idx_count=1 vs=C049A8C9E556F129 ps=0000000000000000
[2026-07-31 07:43:49.927] [info] [gpu] [t3978552] [ac6-draw] prim=1 verts=4 idx_count=1 vs=C049A8C9E556F129 ps=0000000000000000
[2026-07-31 07:43:49.928] [info] [gpu] [t3978552] [ac6-draw] prim=8 verts=3 idx_count=3 vs=0A6D1DD7767FDF27 ps=2E372EA28CC404B7
[2026-07-31 07:43:49.928] [info] [gpu] [t3978552] [ac6-draw] prim=13 verts=4 idx_count=4 vs=472913F460D4B446 ps=8F1C48BA92C8E43E
[2026-07-31 07:43:49.928] [info] [gpu] [t3978552] [ac6-draw] prim=13 verts=64 idx_count=64 vs=472913F460D4B446 ps=8F1C48BA92C8E43E
[2026-07-31 07:43:49.928] [info] [gpu] [t3978552] [ac6-draw] prim=13 verts=4 idx_count=4 vs=472913F460D4B446 ps=8F1C48BA92C8E43E
[2026-07-31 07:43:49.928] [info] [gpu] [t3978552] [ac6-draw] prim=13 verts=4 idx_count=4 vs=472913F460D4B446 ps=8F1C48BA92C8E43E
[2026-07-31 07:43:49.928] [info] [gpu] [t3978552] [ac6-draw] prim=13 verts=8 idx_count=8 vs=472913F460D4B446 ps=8F1C48BA92C8E43E
[2026-07-31 07:43:49.928] [info] [gpu] [t3978552] [ac6-draw] prim=13 verts=4 idx_count=4 vs=472913F460D4B446 ps=8F1C48BA92C8E43E
[2026-07-31 07:43:49.929] [info] [gpu] [t3978552] [ac6-draw] prim=13 verts=20 idx_count=20 vs=472913F460D4B446 ps=8F1C48BA92C8E43E
[2026-07-31 07:43:49.929] [info] [gpu] [t3978552] [ac6-draw] prim=1 verts=4 idx_count=1 vs=C049A8C9E556F129 ps=0000000000000000
[2026-07-31 07:43:49.929] [info] [gpu] [t3978552] [ac6-draw] prim=1 verts=4 idx_count=1 vs=C049A8C9E556F129 ps=0000000000000000
[2026-07-31 07:43:49.929] [info] [gpu] [t3978552] [ac6-draw] prim=1 verts=4 idx_count=1 vs=C049A8C9E556F129 ps=0000000000000000
[2026-07-31 07:43:49.929] [info] [gpu] [t3978552] [ac6-draw] prim=1 verts=4 idx_count=1 vs=C049A8C9E556F129 ps=0000000000000000
[2026-07-31 07:43:49.929] [info] [gpu] [t3978552] [ac6-draw] prim=1 verts=4 idx_count=1 vs=C049A8C9E556F129 ps=0000000000000000
[2026-07-31 07:43:49.929] [info] [gpu] [t3978552] [ac6-draw] prim=1 verts=4 idx_count=1 vs=C049A8C9E556F129 ps=0000000000000000
[2026-07-31 07:43:49.929] [info] [gpu] [t3978552] [ac6-draw] prim=1 verts=4 idx_count=1 vs=C049A8C9E556F129 ps=0000000000000000
[2026-07-31 07:43:49.929] [info] [gpu] [t3978552] [ac6-draw] prim=1 verts=4 idx_count=1 vs=C049A8C9E556F129 ps=0000000000000000
[2026-07-31 07:43:49.929] [info] [gpu] [t3978552] [ac6-draw] prim=1 verts=4 idx_count=1 vs=C049A8C9E556F129 ps=0000000000000000
[2026-07-31 07:43:49.929] [info] [gpu] [t3978552] [ac6-draw] prim=1 verts=4 idx_count=1 vs=C049A8C9E556F129 ps=0000000000000000
[2026-07-31 07:43:49.929] [info] [gpu] [t3978552] [ac6-draw] prim=1 verts=4 idx_count=1 vs=C049A8C9E556F129 ps=0000000000000000
[2026-07-31 07:43:49.929] [info] [gpu] [t3978552] [ac6-draw] prim=1 verts=4 idx_count=1 vs=C049A8C9E556F129 ps=0000000000000000
[2026-07-31 07:43:49.929] [info] [gpu] [t3978552] [ac6-draw] prim=1 verts=4 idx_count=1 vs=C049A8C9E556F129 ps=0000000000000000
[2026-07-31 07:43:49.929] [info] [gpu] [t3978552] [ac6-draw] prim=1 verts=4 idx_count=1 vs=C049A8C9E556F129 ps=0000000000000000
[2026-07-31 07:43:49.929] [info] [gpu] [t3978552] [ac6-draw] prim=1 verts=4 idx_count=1 vs=C049A8C9E556F129 ps=0000000000000000
[2026-07-31 07:43:49.929] [info] [gpu] [t3978552] [ac6-draw] prim=1 verts=4 idx_count=1 vs=C049A8C9E556F129 ps=0000000000000000
[2026-07-31 07:43:49.929] [info] [gpu] [t3978552] [ac6-draw] prim=1 verts=4 idx_count=1 vs=C049A8C9E556F129 ps=0000000000000000
[2026-07-31 07:43:49.929] [info] [gpu] [t3978552] [ac6-draw] prim=1 verts=4 idx_count=1 vs=C049A8C9E556F129 ps=0000000000000000
[2026-07-31 07:43:49.929] [info] [gpu] [t3978552] [ac6-draw] prim=1 verts=4 idx_count=1 vs=C049A8C9E556F129 ps=0000000000000000
[2026-07-31 07:43:49.929] [info] [gpu] [t3978552] [ac6-draw] prim=1 verts=4 idx_count=1 vs=C049A8C9E556F129 ps=0000000000000000
[2026-07-31 07:43:49.929] [info] [gpu] [t3978552] [ac6-draw] prim=1 verts=4 idx_count=1 vs=C049A8C9E556F129 ps=0000000000000000
[2026-07-31 07:43:49.929] [info] [gpu] [t3978552] [ac6-draw] prim=1 verts=4 idx_count=1 vs=C049A8C9E556F129 ps=0000000000000000
[2026-07-31 07:43:49.929] [info] [gpu] [t3978552] [ac6-draw] prim=1 verts=4 idx_count=1 vs=C049A8C9E556F129 ps=0000000000000000
[2026-07-31 07:43:49.929] [info] [gpu] [t3978552] [ac6-draw] prim=1 verts=4 idx_count=1 vs=C049A8C9E556F129 ps=0000000000000000
[2026-07-31 07:43:49.943] [debug] [gpu] [t3978552] XELOG_GPU PRESENT: swap_texture_view=0x76d00d838060 packet_size=1280x720 src_size=1280x720 src_unscaled=1280x720 guest_output_size=1280x720 format=6
[2026-07-31 07:43:49.944] [info] [gpu] [t3978552] [ac6-draw] prim=1 verts=4 idx_count=1 vs=C049A8C9E556F129 ps=0000000000000000
[2026-07-31 07:43:49.944] [info] [gpu] [t3978552] [ac6-draw] prim=1 verts=4 idx_count=1 vs=C049A8C9E556F129 ps=0000000000000000
[2026-07-31 07:43:49.944] [info] [gpu] [t3978552] [ac6-draw] prim=1 verts=4 idx_count=1 vs=C049A8C9E556F129 ps=0000000000000000
[2026-07-31 07:43:49.944] [info] [gpu] [t3978552] [ac6-draw] prim=1 verts=4 idx_count=1 vs=C049A8C9E556F129 ps=0000000000000000
[2026-07-31 07:43:49.944] [info] [gpu] [t3978552] [ac6-draw] prim=1 verts=4 idx_count=1 vs=C049A8C9E556F129 ps=0000000000000000
[2026-07-31 07:43:49.944] [info] [gpu] [t3978552] [ac6-draw] prim=1 verts=4 idx_count=1 vs=C049A8C9E556F129 ps=0000000000000000
[2026-07-31 07:43:49.944] [info] [gpu] [t3978552] [ac6-draw] prim=1 verts=4 idx_count=1 vs=C049A8C9E556F129 ps=0000000000000000
[2026-07-31 07:43:49.944] [info] [gpu] [t3978552] [ac6-draw] prim=1 verts=4 idx_count=1 vs=C049A8C9E556F129 ps=0000000000000000
[2026-07-31 07:43:49.944] [info] [gpu] [t3978552] [ac6-draw] prim=1 verts=4 idx_count=1 vs=C049A8C9E556F129 ps=0000000000000000
[2026-07-31 07:43:49.944] [info] [gpu] [t3978552] [ac6-draw] prim=1 verts=4 idx_count=1 vs=C049A8C9E556F129 ps=0000000000000000
[2026-07-31 07:43:49.944] [info] [gpu] [t3978552] [ac6-draw] prim=1 verts=4 idx_count=1 vs=C049A8C9E556F129 ps=0000000000000000
[2026-07-31 07:43:49.944] [info] [gpu] [t3978552] [ac6-draw] prim=1 verts=4 idx_count=1 vs=C049A8C9E556F129 ps=0000000000000000
[2026-07-31 07:43:49.944] [info] [gpu] [t3978552] [ac6-draw] prim=1 verts=4 idx_count=1 vs=C049A8C9E556F129 ps=0000000000000000
[2026-07-31 07:43:49.944] [info] [gpu] [t3978552] [ac6-draw] prim=1 verts=4 idx_count=1 vs=C049A8C9E556F129 ps=0000000000000000
[2026-07-31 07:43:49.944] [info] [gpu] [t3978552] [ac6-draw] prim=1 verts=4 idx_count=1 vs=C049A8C9E556F129 ps=0000000000000000
[2026-07-31 07:43:49.944] [info] [gpu] [t3978552] [ac6-draw] prim=1 verts=4 idx_count=1 vs=C049A8C9E556F129 ps=0000000000000000
[2026-07-31 07:43:49.944] [info] [gpu] [t3978552] [ac6-draw] prim=1 verts=4 idx_count=1 vs=C049A8C9E556F129 ps=0000000000000000
[2026-07-31 07:43:49.944] [info] [gpu] [t3978552] [ac6-draw] prim=1 verts=4 idx_count=1 vs=C049A8C9E556F129 ps=0000000000000000
[2026-07-31 07:43:49.944] [info] [gpu] [t3978552] [ac6-draw] prim=1 verts=4 idx_count=1 vs=C049A8C9E556F129 ps=0000000000000000
[2026-07-31 07:43:49.944] [info] [gpu] [t3978552] [ac6-draw] prim=1 verts=4 idx_count=1 vs=C049A8C9E556F129 ps=0000000000000000
[2026-07-31 07:43:49.944] [info] [gpu] [t3978552] [ac6-draw] prim=1 verts=4 idx_count=1 vs=C049A8C9E556F129 ps=0000000000000000
[2026-07-31 07:43:49.944] [info] [gpu] [t3978552] [ac6-draw] prim=1 verts=4 idx_count=1 vs=C049A8C9E556F129 ps=0000000000000000
[2026-07-31 07:43:49.944] [info] [gpu] [t3978552] [ac6-draw] prim=1 verts=4 idx_count=1 vs=C049A8C9E556F129 ps=0000000000000000
[2026-07-31 07:43:49.944] [info] [gpu] [t3978552] [ac6-draw] prim=1 verts=4 idx_count=1 vs=C049A8C9E556F129 ps=0000000000000000
[2026-07-31 07:43:49.945] [info] [gpu] [t3978552] [ac6-draw] prim=8 verts=3 idx_count=3 vs=0A6D1DD7767FDF27 ps=2E372EA28CC404B7
