[2026-07-30 14:44:49.829] [info] [core] [t4100423] ac6recomp starting
[2026-07-30 14:44:49.829] [info] [core] [t4100423]   Game directory: /fastdata/lavaulta/auto-re-agent/.tools/ac6-recomp-reference/out/build/linux-amd64-runtime-localdev/assets
[2026-07-30 14:44:49.829] [info] [core] [t4100423]   User data:      /home/lavaulta/.local/share/ac6recomp
[2026-07-30 14:44:49.829] [info] [core] [t4100423] Ac6recompApp::OnPreSetup
[2026-07-30 14:44:49.829] [info] [core] [t4100423] Ac6recompApp: selected Vulkan graphics backend
[2026-07-30 14:44:49.835] [debug] [sys] [t4100423] Installed MMIO handler for physical address translation
[2026-07-30 14:44:49.835] [info] [sys] [t4100423] FunctionDispatcher initialized
[2026-07-30 14:44:49.835] [info] [core] [t4100423] SDL: Using version 3.5.0
[2026-07-30 14:44:49.835] [info] [core] [t4100423] MnK input driver initialized
[2026-07-30 14:44:49.835] [info] [sys] [t4100423] Input system initialized
[2026-07-30 14:44:49.835] [debug] [sys] [t4100423] Added handle:F8000004 for N3rex6system7XObjectE
[2026-07-30 14:44:49.837] [debug] [sys] [t4100423] Added handle:F8000008 for N3rex6system7XObjectE
[2026-07-30 14:44:49.838] [debug] [apu] [t4100423] XMA: Registered MMIO handlers at 0x7FEA0000-0x7FEAFFFF
[2026-07-30 14:44:49.840] [debug] [sys] [t4100423] Added handle:F800000C for N3rex6system7XObjectE
[2026-07-30 14:44:49.841] [debug] [sys] [t4100423] XThreadF800000C (1) Stack: 70010000-70030000
[2026-07-30 14:44:49.841] [info] [apu] [t4100431] AudioRuntime worker started: backend=sdl scheduling=queue-depth-driven low_water=1 target=2 max=8 startup_spacing_ms=4 startup_max_lead_frames=2
[2026-07-30 14:44:49.841] [info] [apu] [t4100423] AudioSystem setup complete: runtime=AudioRuntime backend=sdl trace_telemetry=false trace_verbose=false mute=false
[2026-07-30 14:44:49.841] [info] [sys] [t4100423] Audio system initialized
[2026-07-30 14:44:49.841] [info] [sys] [t4100423]   Mounted /fastdata/lavaulta/auto-re-agent/.tools/ac6-recomp-reference/out/build/linux-amd64-runtime-localdev/assets at \Device\Harddisk0\Partition1
[2026-07-30 14:44:49.841] [debug] [fs] [t4100423] Registered symbolic link: game: => \Device\Harddisk0\Partition1
[2026-07-30 14:44:49.841] [debug] [fs] [t4100423] Registered symbolic link: d: => \Device\Harddisk0\Partition1
[2026-07-30 14:44:49.841] [debug] [sys] [t4100423]   Registered symbolic links: game:, d:
[2026-07-30 14:44:49.841] [debug] [sys] [t4100423]   Registered NullDevice for \Device\Harddisk0\{{Partition0,Cache0,Cache1}}
[2026-07-30 14:44:49.931] [info] [core] [t4100423] Vulkan instance API version 1.4.341. Enabled layers and extensions:
[2026-07-30 14:44:49.931] [info] [core] [t4100423] * VK_KHR_surface
[2026-07-30 14:44:49.931] [info] [core] [t4100423] * VK_KHR_xcb_surface
[2026-07-30 14:44:49.931] [info] [core] [t4100423] * VK_EXT_debug_utils
[2026-07-30 14:44:49.931] [info] [core] [t4100423] * VK_KHR_portability_enumeration
[2026-07-30 14:44:49.933] [info] [gpu] [t4100423] Vulkan Info ({ General }, ID 0: Loader Message): linux_read_sorted_physical_devices: (object 0: Instance 0x5e97e3b7f0f0)
[2026-07-30 14:44:49.933] [info] [gpu] [t4100423] Vulkan Info ({ General }, ID 0: Loader Message):      Original order: (object 0: Instance 0x5e97e3b7f0f0)
[2026-07-30 14:44:49.933] [info] [gpu] [t4100423] Vulkan Info ({ General }, ID 0: Loader Message):            [0] NVIDIA RTX PRO 4000 Blackwell (object 0: Instance 0x5e97e3b7f0f0)
[2026-07-30 14:44:49.933] [info] [gpu] [t4100423] Vulkan Info ({ General }, ID 0: Loader Message):            [1] llvmpipe (LLVM 21.1.8, 256 bits) (object 0: Instance 0x5e97e3b7f0f0)
[2026-07-30 14:44:49.933] [info] [gpu] [t4100423] Vulkan Info ({ General }, ID 0: Loader Message):      Sorted order: (object 0: Instance 0x5e97e3b7f0f0)
[2026-07-30 14:44:49.933] [info] [gpu] [t4100423] Vulkan Info ({ General }, ID 0: Loader Message):            [0] NVIDIA RTX PRO 4000 Blackwell   (object 0: Instance 0x5e97e3b7f0f0)
[2026-07-30 14:44:49.933] [info] [gpu] [t4100423] Vulkan Info ({ General }, ID 0: Loader Message):            [1] llvmpipe (LLVM 21.1.8, 256 bits)   (object 0: Instance 0x5e97e3b7f0f0)
[2026-07-30 14:44:49.933] [info] [gpu] [t4100423] Vulkan Info ({ General }, ID 0: Loader Message): linux_read_sorted_physical_devices: (object 0: Instance 0x5e97e3b7f0f0)
[2026-07-30 14:44:49.933] [info] [gpu] [t4100423] Vulkan Info ({ General }, ID 0: Loader Message):      Original order: (object 0: Instance 0x5e97e3b7f0f0)
[2026-07-30 14:44:49.933] [info] [gpu] [t4100423] Vulkan Info ({ General }, ID 0: Loader Message):            [0] NVIDIA RTX PRO 4000 Blackwell (object 0: Instance 0x5e97e3b7f0f0)
[2026-07-30 14:44:49.933] [info] [gpu] [t4100423] Vulkan Info ({ General }, ID 0: Loader Message):            [1] llvmpipe (LLVM 21.1.8, 256 bits) (object 0: Instance 0x5e97e3b7f0f0)
[2026-07-30 14:44:49.933] [info] [gpu] [t4100423] Vulkan Info ({ General }, ID 0: Loader Message):      Sorted order: (object 0: Instance 0x5e97e3b7f0f0)
[2026-07-30 14:44:49.933] [info] [gpu] [t4100423] Vulkan Info ({ General }, ID 0: Loader Message):            [0] NVIDIA RTX PRO 4000 Blackwell   (object 0: Instance 0x5e97e3b7f0f0)
[2026-07-30 14:44:49.933] [info] [gpu] [t4100423] Vulkan Info ({ General }, ID 0: Loader Message):            [1] llvmpipe (LLVM 21.1.8, 256 bits)   (object 0: Instance 0x5e97e3b7f0f0)
[2026-07-30 14:44:49.933] [debug] [gpu] [t4100423] Vulkan Verbose ({ General }, ID 0: Loader Message): Copying old device 0 into new device 0 (object 0: Instance 0x5e97e3b7f0f0)
[2026-07-30 14:44:49.933] [debug] [gpu] [t4100423] Vulkan Verbose ({ General }, ID 0: Loader Message): Copying old device 1 into new device 1 (object 0: Instance 0x5e97e3b7f0f0)
[2026-07-30 14:44:49.933] [info] [gpu] [t4100423] Vulkan Info ({ General }, ID 0: Loader Message): linux_read_sorted_physical_devices: (object 0: Instance 0x5e97e3b7f0f0)
[2026-07-30 14:44:49.933] [info] [gpu] [t4100423] Vulkan Info ({ General }, ID 0: Loader Message):      Original order: (object 0: Instance 0x5e97e3b7f0f0)
[2026-07-30 14:44:49.933] [info] [gpu] [t4100423] Vulkan Info ({ General }, ID 0: Loader Message):            [0] NVIDIA RTX PRO 4000 Blackwell (object 0: Instance 0x5e97e3b7f0f0)
[2026-07-30 14:44:49.933] [info] [gpu] [t4100423] Vulkan Info ({ General }, ID 0: Loader Message):            [1] llvmpipe (LLVM 21.1.8, 256 bits) (object 0: Instance 0x5e97e3b7f0f0)
[2026-07-30 14:44:49.933] [info] [gpu] [t4100423] Vulkan Info ({ General }, ID 0: Loader Message):      Sorted order: (object 0: Instance 0x5e97e3b7f0f0)
[2026-07-30 14:44:49.933] [info] [gpu] [t4100423] Vulkan Info ({ General }, ID 0: Loader Message):            [0] NVIDIA RTX PRO 4000 Blackwell   (object 0: Instance 0x5e97e3b7f0f0)
[2026-07-30 14:44:49.933] [info] [gpu] [t4100423] Vulkan Info ({ General }, ID 0: Loader Message):            [1] llvmpipe (LLVM 21.1.8, 256 bits)   (object 0: Instance 0x5e97e3b7f0f0)
[2026-07-30 14:44:49.933] [debug] [gpu] [t4100423] Vulkan Verbose ({ General }, ID 0: Loader Message): Copying old device 0 into new device 0 (object 0: Instance 0x5e97e3b7f0f0)
[2026-07-30 14:44:49.933] [debug] [gpu] [t4100423] Vulkan Verbose ({ General }, ID 0: Loader Message): Copying old device 1 into new device 1 (object 0: Instance 0x5e97e3b7f0f0)
[2026-07-30 14:44:49.933] [info] [gpu] [t4100423] Vulkan Info ({ General }, ID 0: Loader Message): linux_read_sorted_physical_devices: (object 0: Instance 0x5e97e3b7f0f0)
[2026-07-30 14:44:49.934] [info] [gpu] [t4100423] Vulkan Info ({ General }, ID 0: Loader Message):      Original order: (object 0: Instance 0x5e97e3b7f0f0)
[2026-07-30 14:44:49.934] [info] [gpu] [t4100423] Vulkan Info ({ General }, ID 0: Loader Message):            [0] NVIDIA RTX PRO 4000 Blackwell (object 0: Instance 0x5e97e3b7f0f0)
[2026-07-30 14:44:49.934] [info] [gpu] [t4100423] Vulkan Info ({ General }, ID 0: Loader Message):            [1] llvmpipe (LLVM 21.1.8, 256 bits) (object 0: Instance 0x5e97e3b7f0f0)
[2026-07-30 14:44:49.934] [info] [gpu] [t4100423] Vulkan Info ({ General }, ID 0: Loader Message):      Sorted order: (object 0: Instance 0x5e97e3b7f0f0)
[2026-07-30 14:44:49.934] [info] [gpu] [t4100423] Vulkan Info ({ General }, ID 0: Loader Message):            [0] NVIDIA RTX PRO 4000 Blackwell   (object 0: Instance 0x5e97e3b7f0f0)
[2026-07-30 14:44:49.934] [info] [gpu] [t4100423] Vulkan Info ({ General }, ID 0: Loader Message):            [1] llvmpipe (LLVM 21.1.8, 256 bits)   (object 0: Instance 0x5e97e3b7f0f0)
[2026-07-30 14:44:49.934] [debug] [gpu] [t4100423] Vulkan Verbose ({ General }, ID 0: Loader Message): Copying old device 0 into new device 0 (object 0: Instance 0x5e97e3b7f0f0)
[2026-07-30 14:44:49.934] [debug] [gpu] [t4100423] Vulkan Verbose ({ General }, ID 0: Loader Message): Copying old device 1 into new device 1 (object 0: Instance 0x5e97e3b7f0f0)
[2026-07-30 14:44:49.934] [info] [gpu] [t4100423] Vulkan Info ({ General }, ID 0: Loader Message): Removing driver /usr/lib/x86_64-linux-gnu/libvulkan_asahi.so due to not having any physical devices (object 0: Instance 0x5e97e3b7f0f0)
[2026-07-30 14:44:49.934] [info] [gpu] [t4100423] Vulkan Info ({ General }, ID 0: Loader Message): Removing driver /usr/lib/x86_64-linux-gnu/libvulkan_gfxstream.so due to not having any physical devices (object 0: Instance 0x5e97e3b7f0f0)
[2026-07-30 14:44:49.934] [info] [gpu] [t4100423] Vulkan Info ({ General }, ID 0: Loader Message): Removing driver /usr/lib/x86_64-linux-gnu/libvulkan_intel_hasvk.so due to not having any physical devices (object 0: Instance 0x5e97e3b7f0f0)
[2026-07-30 14:44:49.934] [info] [gpu] [t4100423] Vulkan Info ({ General }, ID 0: Loader Message): Removing driver /usr/lib/x86_64-linux-gnu/libvulkan_nouveau.so due to not having any physical devices (object 0: Instance 0x5e97e3b7f0f0)
[2026-07-30 14:44:49.934] [info] [gpu] [t4100423] Vulkan Info ({ General }, ID 0: Loader Message): Removing driver /usr/lib/x86_64-linux-gnu/libvulkan_intel.so due to not having any physical devices (object 0: Instance 0x5e97e3b7f0f0)
[2026-07-30 14:44:49.934] [info] [gpu] [t4100423] Vulkan Info ({ General }, ID 0: Loader Message): Removing driver /usr/lib/x86_64-linux-gnu/libvulkan_radeon.so due to not having any physical devices (object 0: Instance 0x5e97e3b7f0f0)
[2026-07-30 14:44:49.935] [info] [gpu] [t4100423] Vulkan Info ({ General }, ID 0: Loader Message): Removing driver /usr/lib/x86_64-linux-gnu/libvulkan_virtio.so due to not having any physical devices (object 0: Instance 0x5e97e3b7f0f0)
[2026-07-30 14:44:49.935] [warning] [core] [t4100423] Available Vulkan physical devices (use the 'vulkan_device' configuration variable to force a specific device):
[2026-07-30 14:44:49.935] [warning] [core] [t4100423] * 0: NVIDIA RTX PRO 4000 Blackwell
[2026-07-30 14:44:49.935] [warning] [core] [t4100423] * 1: llvmpipe (LLVM 21.1.8, 256 bits)
[2026-07-30 14:44:49.935] [info] [core] [t4100423] Vulkan device 'NVIDIA RTX PRO 4000 Blackwell': API 1.4.329, vendor 0x10DE, device 0x2C34, driver version 0x94D50000
[2026-07-30 14:44:49.935] [info] [core] [t4100423] Enabled Vulkan device extensions:
[2026-07-30 14:44:49.935] [info] [core] [t4100423] * VK_KHR_swapchain
[2026-07-30 14:44:49.935] [info] [core] [t4100423] * VK_EXT_custom_border_color
[2026-07-30 14:44:49.935] [info] [core] [t4100423] * VK_EXT_fragment_shader_interlock
[2026-07-30 14:44:49.935] [info] [core] [t4100423] * VK_EXT_memory_budget
[2026-07-30 14:44:49.935] [info] [core] [t4100423] * VK_EXT_non_seamless_cube_map
[2026-07-30 14:44:49.935] [info] [core] [t4100423] * VK_EXT_robustness2
[2026-07-30 14:44:49.935] [info] [core] [t4100423] Vulkan device properties and enabled features:
[2026-07-30 14:44:49.935] [info] [core] [t4100423] * driverID: NvidiaProprietary
[2026-07-30 14:44:49.935] [info] [core] [t4100423] * driverName: NVIDIA
[2026-07-30 14:44:49.935] [info] [core] [t4100423] * driverInfo: 595.84
[2026-07-30 14:44:49.935] [info] [core] [t4100423] * conformanceVersion: 1.4.3.3
[2026-07-30 14:44:49.935] [info] [core] [t4100423] * maxImageDimension2D: 32768
[2026-07-30 14:44:49.935] [info] [core] [t4100423] * maxImageDimension3D: 16384
[2026-07-30 14:44:49.935] [info] [core] [t4100423] * maxImageDimensionCube: 32768
[2026-07-30 14:44:49.935] [info] [core] [t4100423] * maxImageArrayLayers: 2048
[2026-07-30 14:44:49.935] [info] [core] [t4100423] * maxStorageBufferRange: 4294967295
[2026-07-30 14:44:49.935] [info] [core] [t4100423] * maxSamplerAllocationCount: 4000
[2026-07-30 14:44:49.935] [info] [core] [t4100423] * maxPerStageDescriptorSamplers: 1048576
[2026-07-30 14:44:49.935] [info] [core] [t4100423] * maxPerStageDescriptorStorageBuffers: 1048576
[2026-07-30 14:44:49.935] [info] [core] [t4100423] * maxPerStageDescriptorSampledImages: 1048576
[2026-07-30 14:44:49.935] [info] [core] [t4100423] * maxPerStageResources: 4294967295
[2026-07-30 14:44:49.935] [info] [core] [t4100423] * maxVertexOutputComponents: 128
[2026-07-30 14:44:49.935] [info] [core] [t4100423] * maxTessellationEvaluationOutputComponents: 128
[2026-07-30 14:44:49.935] [info] [core] [t4100423] * maxGeometryInputComponents: 128
[2026-07-30 14:44:49.935] [info] [core] [t4100423] * maxGeometryOutputComponents: 128
[2026-07-30 14:44:49.935] [info] [core] [t4100423] * maxFragmentInputComponents: 128
[2026-07-30 14:44:49.935] [info] [core] [t4100423] * maxFragmentCombinedOutputResources: 4294967295
[2026-07-30 14:44:49.935] [info] [core] [t4100423] * maxSamplerAnisotropy: 16
[2026-07-30 14:44:49.935] [info] [core] [t4100423] * maxViewportDimensions[0]: 32768
[2026-07-30 14:44:49.935] [info] [core] [t4100423] * maxViewportDimensions[1]: 32768
[2026-07-30 14:44:49.935] [info] [core] [t4100423] * minUniformBufferOffsetAlignment: 64
[2026-07-30 14:44:49.935] [info] [core] [t4100423] * minStorageBufferOffsetAlignment: 16
[2026-07-30 14:44:49.935] [info] [core] [t4100423] * maxFramebufferWidth: 32768
[2026-07-30 14:44:49.935] [info] [core] [t4100423] * maxFramebufferHeight: 32768
[2026-07-30 14:44:49.935] [info] [core] [t4100423] * framebufferColorSampleCounts: { 1 | 2 | 4 | 8 }
[2026-07-30 14:44:49.935] [info] [core] [t4100423] * framebufferDepthSampleCounts: { 1 | 2 | 4 | 8 }
[2026-07-30 14:44:49.935] [info] [core] [t4100423] * framebufferStencilSampleCounts: { 1 | 2 | 4 | 8 | 16 }
[2026-07-30 14:44:49.935] [info] [core] [t4100423] * framebufferNoAttachmentsSampleCounts: { 1 | 2 | 4 | 8 | 16 }
[2026-07-30 14:44:49.935] [info] [core] [t4100423] * sampledImageColorSampleCounts: { 1 | 2 | 4 | 8 }
[2026-07-30 14:44:49.935] [info] [core] [t4100423] * sampledImageIntegerSampleCounts: { 1 | 2 | 4 | 8 }
[2026-07-30 14:44:49.935] [info] [core] [t4100423] * sampledImageDepthSampleCounts: { 1 | 2 | 4 | 8 }
[2026-07-30 14:44:49.935] [info] [core] [t4100423] * sampledImageStencilSampleCounts: { 1 | 2 | 4 | 8 | 16 }
[2026-07-30 14:44:49.935] [info] [core] [t4100423] * standardSampleLocations: 1
[2026-07-30 14:44:49.935] [info] [core] [t4100423] * optimalBufferCopyOffsetAlignment: 1
[2026-07-30 14:44:49.935] [info] [core] [t4100423] * optimalBufferCopyRowPitchAlignment: 1
[2026-07-30 14:44:49.935] [info] [core] [t4100423] * nonCoherentAtomSize: 64
[2026-07-30 14:44:49.935] [info] [core] [t4100423] * robustBufferAccess
[2026-07-30 14:44:49.935] [info] [core] [t4100423] * fullDrawIndexUint32
[2026-07-30 14:44:49.935] [info] [core] [t4100423] * independentBlend
[2026-07-30 14:44:49.935] [info] [core] [t4100423] * geometryShader
[2026-07-30 14:44:49.935] [info] [core] [t4100423] * tessellationShader
[2026-07-30 14:44:49.935] [info] [core] [t4100423] * sampleRateShading
[2026-07-30 14:44:49.935] [info] [core] [t4100423] * depthClamp
[2026-07-30 14:44:49.935] [info] [core] [t4100423] * fillModeNonSolid
[2026-07-30 14:44:49.935] [info] [core] [t4100423] * samplerAnisotropy
[2026-07-30 14:44:49.935] [info] [core] [t4100423] * occlusionQueryPrecise
[2026-07-30 14:44:49.935] [info] [core] [t4100423] * vertexPipelineStoresAndAtomics
[2026-07-30 14:44:49.935] [info] [core] [t4100423] * fragmentStoresAndAtomics
[2026-07-30 14:44:49.935] [info] [core] [t4100423] * shaderClipDistance
[2026-07-30 14:44:49.935] [info] [core] [t4100423] * shaderCullDistance
[2026-07-30 14:44:49.935] [info] [core] [t4100423] * sparseBinding
[2026-07-30 14:44:49.935] [info] [core] [t4100423] * sparseResidencyBuffer
[2026-07-30 14:44:49.935] [info] [core] [t4100423] * samplerMirrorClampToEdge
[2026-07-30 14:44:49.935] [info] [core] [t4100423] * uniformBufferStandardLayout
[2026-07-30 14:44:49.935] [info] [core] [t4100423] * scalarBlockLayout
[2026-07-30 14:44:49.935] [info] [core] [t4100423] * shaderDemoteToHelperInvocation
[2026-07-30 14:44:49.935] [info] [core] [t4100423] * dynamicRendering
[2026-07-30 14:44:49.935] [info] [core] [t4100423] * constantAlphaColorBlendFactors
[2026-07-30 14:44:49.935] [info] [core] [t4100423] * imageViewFormatReinterpretation
[2026-07-30 14:44:49.935] [info] [core] [t4100423] * imageViewFormatSwizzle
[2026-07-30 14:44:49.935] [info] [core] [t4100423] * pointPolygons
[2026-07-30 14:44:49.935] [info] [core] [t4100423] * separateStencilMaskRef
[2026-07-30 14:44:49.935] [info] [core] [t4100423] * shaderSampleRateInterpolationFunctions
[2026-07-30 14:44:49.935] [info] [core] [t4100423] * shaderSignedZeroInfNanPreserveFloat32: 1
[2026-07-30 14:44:49.935] [info] [core] [t4100423] * shaderDenormFlushToZeroFloat32: 0
[2026-07-30 14:44:49.935] [info] [core] [t4100423] * shaderRoundingModeRTEFloat32: 1
[2026-07-30 14:44:49.935] [info] [core] [t4100423] * fragmentShaderSampleInterlock
[2026-07-30 14:44:49.935] [info] [core] [t4100423] * fragmentShaderPixelInterlock
[2026-07-30 14:44:49.935] [info] [core] [t4100423] * nonSeamlessCubeMap
[2026-07-30 14:44:49.935] [info] [core] [t4100423] * customBorderColors
[2026-07-30 14:44:49.935] [info] [core] [t4100423] * customBorderColorWithoutFormat
[2026-07-30 14:44:49.935] [info] [core] [t4100423] * maxCustomBorderColorSamplers: 4000
[2026-07-30 14:44:49.935] [info] [core] [t4100423] * nullDescriptor
[2026-07-30 14:44:49.935] [info] [gpu] [t4100423] Vulkan Info ({ General }, ID 0: Loader Message): Failed to find vkGetDeviceProcAddr in layer "/usr/lib/x86_64-linux-gnu/libVkLayer_MESA_device_select.so" (object 0: Instance 0x5e97e3b7f0f0)
[2026-07-30 14:44:49.935] [info] [gpu] [t4100423] Vulkan Info ({ General }, ID 0: Loader Message): vkCreateDevice layer callstack setup to: (object 0: Instance 0x5e97e3b7f0f0)
[2026-07-30 14:44:49.935] [info] [gpu] [t4100423] Vulkan Info ({ General }, ID 0: Loader Message):    <Application> (object 0: Instance 0x5e97e3b7f0f0)
[2026-07-30 14:44:49.935] [info] [gpu] [t4100423] Vulkan Info ({ General }, ID 0: Loader Message):      || (object 0: Instance 0x5e97e3b7f0f0)
[2026-07-30 14:44:49.935] [info] [gpu] [t4100423] Vulkan Info ({ General }, ID 0: Loader Message):    <Loader> (object 0: Instance 0x5e97e3b7f0f0)
[2026-07-30 14:44:49.935] [info] [gpu] [t4100423] Vulkan Info ({ General }, ID 0: Loader Message):      || (object 0: Instance 0x5e97e3b7f0f0)
[2026-07-30 14:44:49.935] [info] [gpu] [t4100423] Vulkan Info ({ General }, ID 0: Loader Message):    <Device> (object 0: Instance 0x5e97e3b7f0f0)
[2026-07-30 14:44:49.936] [info] [gpu] [t4100423] Vulkan Info ({ General }, ID 0: Loader Message):        Using "NVIDIA RTX PRO 4000 Blackwell" with driver: "/usr/lib/x86_64-linux-gnu/libGLX_nvidia.so.595.84" (object 0: Instance 0x5e97e3b7f0f0)
[2026-07-30 14:44:50.147] [debug] [sys] [t4100423] Added handle:F8000010 for N3rex6system7XObjectE
[2026-07-30 14:44:50.147] [debug] [sys] [t4100423] XThreadF8000010 (2) Stack: 70050000-70070000
[2026-07-30 14:44:50.147] [info] [sys] [t4100445] XThread::Execute thid 2 (handle=F8000010, 'GPU Commands (F8000010)', native=865FF6C0, <host>)
[2026-07-30 14:44:50.147] [debug] [sys] [t4100423] Added handle:F8000014 for N3rex6system7XObjectE
[2026-07-30 14:44:50.148] [debug] [sys] [t4100423] XThreadF8000014 (3) Stack: 70090000-700B0000
[2026-07-30 14:44:50.148] [info] [sys] [t4100423] GPU system initialized (presentation=true)
[2026-07-30 14:44:50.148] [info] [sys] [t4100423] Runtime initialized successfully
[2026-07-30 14:44:50.148] [debug] [sys] [t4100423] Initializing function table at 82AA0000, size 006CFFF0 for code 82090000-823E7FF8 (+00010000 thunk reserve)
[2026-07-30 14:44:50.148] [info] [sys] [t4100446] XThread::Execute thid 3 (handle=F8000014, 'GPU VSync (F8000014)', native=855FE6C0, <host>)
[2026-07-30 14:44:50.154] [info] [core] [t4100423] Function table initialized for module: code=82090000-823E7FF8, image=82000000-82AA0000
[2026-07-30 14:44:50.160] [debug] [sys] [t4100423] Registered 23797 recompiled functions
[2026-07-30 14:44:50.160] [debug] [sys] [t4100423] Runtime setup for recompiled code complete (code: 82090000-823E7FF8)
[2026-07-30 14:44:50.160] [info] [sys] [t4100423] Loading XEX image: game:\default.xex
[2026-07-30 14:44:50.160] [debug] [sys] [t4100423] Added handle:F8000018 for N3rex6system7XObjectE
[2026-07-30 14:44:50.224] [debug] [core] [t4100423] created symbols for import library xam with 88 imports
[2026-07-30 14:44:50.224] [debug] [core] [t4100423] Patched variable import xboxkrnl:0x158 (XboxKrnlVersion) -> 0x30009000
[2026-07-30 14:44:50.224] [debug] [core] [t4100423] Patched variable import xboxkrnl:0x1c0 (VdGpuClockInMHz) -> 0xffcac000
[2026-07-30 14:44:50.224] [debug] [core] [t4100423] Patched variable import xboxkrnl:0x1c1 (VdHSIOCalibrationLock) -> 0xffcab000
[2026-07-30 14:44:50.224] [debug] [core] [t4100423] Patched variable import xboxkrnl:0x1be (VdGlobalDevice) -> 0xffcae000
[2026-07-30 14:44:50.224] [debug] [core] [t4100423] Patched variable import xboxkrnl:0x266 (KeCertMonitorData) -> 0x30003000
[2026-07-30 14:44:50.224] [debug] [core] [t4100423] Patched variable import xboxkrnl:0x193 (XexExecutableModuleHandle) -> 0x30006000
[2026-07-30 14:44:50.224] [debug] [core] [t4100423] Patched variable import xboxkrnl:0x1ae (ExLoadedCommandLine) -> 0x30008000
[2026-07-30 14:44:50.224] [debug] [core] [t4100423] Patched variable import xboxkrnl:0x59 (KeDebugMonitorData) -> 0x30002000
[2026-07-30 14:44:50.224] [debug] [core] [t4100423] Patched variable import xboxkrnl:0x1b (ExThreadObjectType) -> 0x30000000
[2026-07-30 14:44:50.224] [debug] [core] [t4100423] Patched variable import xboxkrnl:0xad (KeTimeStampBundle) -> 0x3000a000
[2026-07-30 14:44:50.224] [debug] [core] [t4100423] created symbols for import library xboxkrnl with 163 imports
[2026-07-30 14:44:50.225] [debug] [sys] [t4100423] Added handle:F800001C for N3rex6system7XObjectE
[2026-07-30 14:44:50.225] [debug] [sys] [t4100423] XThreadF800001C (4) Stack: 700D0000-700F0000
[2026-07-30 14:44:50.226] [debug] [sys] [t4100423]   XEX image loaded successfully
[2026-07-30 14:44:50.226] [info] [sys] [t4100467] XThread::Execute thid 4 (handle=F800001C, 'Kernel Dispatch (F800001C)', native=67FFF6C0, <host>)
[2026-07-30 14:44:50.226] [info] [krnl] [t4100423] rexcrt_heap: added segment guest=0x20000000-0x30000000 size=256MB
[2026-07-30 14:44:50.226] [info] [krnl] [t4100423] rexcrt_heap: initialized with 1 segment(s), capacity=255MB
[2026-07-30 14:44:50.226] [info] [core] [t4100423] Ac6recompApp::OnPostSetup
[2026-07-30 14:44:50.226] [info] [core] [t4100423] Ac6recompApp: Native frame boundary callback registered
[2026-07-30 14:44:50.267] [info] [gpu] [t4100445] VulkanTextureCache: Format k_Cr_Y1_Cb_Y0_REP (unsigned) is supported via a fallback format (using the Vulkan format 37 instead of the preferred 1000156000)
[2026-07-30 14:44:50.267] [info] [gpu] [t4100445] VulkanTextureCache: Format k_Y1_Cr_Y0_Cb_REP (unsigned) is supported via a fallback format (using the Vulkan format 37 instead of the preferred 1000156001)
[2026-07-30 14:44:50.282] [warning] [core] [t4100423] SDL GameControllerDB: file 'gamecontrollerdb.txt' does not exist.
[2026-07-30 14:44:50.282] [info] [core] [t4100423] SDL input driver initialized successfully
[2026-07-30 14:44:50.336] [info] [core] [t4100423] Ac6recompApp::OnCreateDialogs
[2026-07-30 14:44:50.421] [info] [core] [t4100423] VulkanPresenter: Created 1920x1080 swapchain with format 44, color space 0, presentation mode 0
[2026-07-30 14:44:50.480] [info] [sys] [t4100423] KernelState: Launching module...
[2026-07-30 14:44:50.480] [debug] [sys] [t4100423] Added handle:F8000020 for N3rex6system7XObjectE
[2026-07-30 14:44:50.481] [debug] [sys] [t4100423] XThreadF8000020 (5) Stack: 70110000-70150000
[2026-07-30 14:44:50.481] [debug] [sys] [t4100423]   Module launched on thread ''
[2026-07-30 14:44:50.481] [debug] [sys] [t4100492] Execute thid 5 (handle=F8000020, 'Main XThread (F8000020)', native=158246C0)
[2026-07-30 14:44:50.481] [info] [core] [t4100423] Shader disk cache: initializing for title 4E4D07D1 at /fastdata/lavaulta/auto-re-agent/.tools/ac6-recomp-reference/cache
[2026-07-30 14:44:50.481] [debug] [sys] [t4100492] XThread::Execute - Calling function at 821F5E90
[2026-07-30 14:44:50.483] [info] [gpu] [t4100445] Creating graphics pipeline state with VS 0A6D1DD7767FDF27, PS 2E372EA28CC404B7
[2026-07-30 14:44:50.483] [info] [gpu] [t4100445] Created 1 graphics pipelines from Vulkan storage (1 requested)
[2026-07-30 14:44:50.487] [debug] [sys] [t4100492] Added handle:F8000024 for N3rex6system7XObjectE
[2026-07-30 14:44:50.488] [debug] [sys] [t4100492] Added handle:F8000028 for N3rex6system7XObjectE
[2026-07-30 14:44:50.489] [debug] [sys] [t4100492] XThreadF8000028 (6) Stack: 70170000-701B0000
[2026-07-30 14:44:50.489] [debug] [sys] [t4100492] Added handle:F800002C for N3rex6system7XObjectE
[2026-07-30 14:44:50.489] [debug] [sys] [t4100492] Added handle:F8000030 for N3rex6system7XObjectE
[2026-07-30 14:44:50.489] [debug] [sys] [t4100492] Added handle:F8000034 for N3rex6system7XObjectE
[2026-07-30 14:44:50.489] [debug] [sys] [t4100495] Execute thid 6 (handle=F8000028, 'XThreadF37FE6C0 (F8000028)', native=F37FE6C0)
[2026-07-30 14:44:50.489] [debug] [sys] [t4100495] XThread::Execute - Calling function at 821F7FC8
[2026-07-30 14:44:50.490] [debug] [sys] [t4100492] XThreadF8000034 (7) Stack: 701D0000-70210000
[2026-07-30 14:44:50.490] [debug] [sys] [t4100492] Added handle:F8000038 for N3rex6system7XObjectE
[2026-07-30 14:44:50.490] [debug] [sys] [t4100492] Added handle:F800003C for N3rex6system7XObjectE
[2026-07-30 14:44:50.491] [debug] [sys] [t4100492] Added handle:F8000040 for N3rex6system7XObjectE
[2026-07-30 14:44:50.491] [debug] [sys] [t4100496] Execute thid 7 (handle=F8000034, 'XThreadF27FD6C0 (F8000034)', native=F27FD6C0)
[2026-07-30 14:44:50.491] [debug] [sys] [t4100496] XThread::Execute - Calling function at 821F7FC8
[2026-07-30 14:44:50.491] [debug] [sys] [t4100492] XThreadF8000040 (8) Stack: 70230000-70270000
[2026-07-30 14:44:50.492] [debug] [sys] [t4100492] Added handle:F8000044 for N3rex6system7XObjectE
[2026-07-30 14:44:50.492] [debug] [sys] [t4100492] Added handle:F8000048 for N3rex6system7XObjectE
[2026-07-30 14:44:50.492] [debug] [sys] [t4100492] Added handle:F800004C for N3rex6system7XObjectE
[2026-07-30 14:44:50.492] [debug] [sys] [t4100497] Execute thid 8 (handle=F8000040, 'XThreadF17FC6C0 (F8000040)', native=F17FC6C0)
[2026-07-30 14:44:50.492] [debug] [sys] [t4100497] XThread::Execute - Calling function at 821F7FC8
[2026-07-30 14:44:50.493] [debug] [sys] [t4100492] XThreadF800004C (9) Stack: 70290000-702D0000
[2026-07-30 14:44:50.493] [debug] [sys] [t4100492] Added handle:F8000050 for N3rex6system7XObjectE
[2026-07-30 14:44:50.493] [debug] [sys] [t4100492] Added handle:F8000054 for N3rex6system7XObjectE
[2026-07-30 14:44:50.493] [debug] [sys] [t4100492] Added handle:F8000058 for N3rex6system7XObjectE
[2026-07-30 14:44:50.493] [debug] [sys] [t4100498] Execute thid 9 (handle=F800004C, 'XThreadE3FFF6C0 (F800004C)', native=E3FFF6C0)
[2026-07-30 14:44:50.494] [debug] [sys] [t4100498] XThread::Execute - Calling function at 821F7FC8
[2026-07-30 14:44:50.494] [debug] [sys] [t4100492] XThreadF8000058 (A) Stack: 702F0000-70330000
[2026-07-30 14:44:50.495] [debug] [sys] [t4100492] Added handle:F800005C for N3rex6system7XObjectE
[2026-07-30 14:44:50.495] [debug] [sys] [t4100492] Added handle:F8000060 for N3rex6system7XObjectE
[2026-07-30 14:44:50.495] [debug] [sys] [t4100492] Added handle:F8000064 for N3rex6system7XObjectE
[2026-07-30 14:44:50.495] [debug] [sys] [t4100499] Execute thid 10 (handle=F8000058, 'XThreadE2FFE6C0 (F8000058)', native=E2FFE6C0)
[2026-07-30 14:44:50.495] [debug] [sys] [t4100499] XThread::Execute - Calling function at 821F7FC8
[2026-07-30 14:44:50.496] [debug] [sys] [t4100492] XThreadF8000064 (B) Stack: 70350000-70390000
[2026-07-30 14:44:50.496] [debug] [sys] [t4100492] Added handle:F8000068 for N3rex6system7XObjectE
[2026-07-30 14:44:50.496] [debug] [sys] [t4100492] Added handle:F800006C for N3rex6system7XObjectE
[2026-07-30 14:44:50.496] [debug] [sys] [t4100492] Added handle:F8000070 for N3rex6system7XObjectE
[2026-07-30 14:44:50.496] [debug] [sys] [t4100500] Execute thid 11 (handle=F8000064, 'XThreadE1FFD6C0 (F8000064)', native=E1FFD6C0)
[2026-07-30 14:44:50.496] [debug] [sys] [t4100500] XThread::Execute - Calling function at 821F7FC8
[2026-07-30 14:44:50.497] [debug] [sys] [t4100492] XThreadF8000070 (C) Stack: 703B0000-703F0000
[2026-07-30 14:44:50.497] [debug] [sys] [t4100492] Added handle:F8000074 for N3rex6system7XObjectE
[2026-07-30 14:44:50.497] [debug] [sys] [t4100492] Added handle:F8000078 for N3rex6system7XObjectE
[2026-07-30 14:44:50.498] [debug] [sys] [t4100492] Added handle:F800007C for N3rex6system7XObjectE
[2026-07-30 14:44:50.498] [debug] [sys] [t4100501] Execute thid 12 (handle=F8000070, 'XThreadD3FFF6C0 (F8000070)', native=D3FFF6C0)
[2026-07-30 14:44:50.498] [debug] [sys] [t4100501] XThread::Execute - Calling function at 821F7FC8
[2026-07-30 14:44:50.499] [debug] [sys] [t4100492] XThreadF800007C (D) Stack: 70410000-70450000
[2026-07-30 14:44:50.499] [debug] [sys] [t4100492] Added handle:F8000080 for N3rex6system7XObjectE
[2026-07-30 14:44:50.499] [debug] [sys] [t4100492] Added handle:F8000084 for N3rex6system7XObjectE
[2026-07-30 14:44:50.499] [debug] [sys] [t4100502] Execute thid 13 (handle=F800007C, 'XThreadD2FFE6C0 (F800007C)', native=D2FFE6C0)
[2026-07-30 14:44:50.499] [debug] [sys] [t4100502] XThread::Execute - Calling function at 821F7FC8
[2026-07-30 14:44:50.501] [debug] [sys] [t4100492] Added handle:F8000088 for N3rex6system7XObjectE
[2026-07-30 14:44:50.501] [debug] [sys] [t4100492] Added handle:F800008C for N3rex6system7XObjectE
[2026-07-30 14:44:50.501] [debug] [sys] [t4100492] Added handle:F8000090 for N3rex6system7XObjectE
[2026-07-30 14:44:50.501] [debug] [sys] [t4100492] Added handle:F8000094 for N3rex6system7XObjectE
[2026-07-30 14:44:50.501] [debug] [sys] [t4100492] Added handle:F8000098 for N3rex6system7XObjectE
[2026-07-30 14:44:50.502] [debug] [sys] [t4100492] XThreadF8000098 (E) Stack: 70470000-704B0000
[2026-07-30 14:44:50.502] [debug] [sys] [t4100492] Added handle:F800009C for N3rex6system7XObjectE
[2026-07-30 14:44:50.502] [debug] [sys] [t4100503] Execute thid 14 (handle=F8000098, 'XThreadD1FFD6C0 (F8000098)', native=D1FFD6C0)
[2026-07-30 14:44:50.502] [debug] [sys] [t4100492] Added handle:F80000A0 for N3rex6system7XObjectE
[2026-07-30 14:44:50.502] [debug] [sys] [t4100503] XThread::Execute - Calling function at 821F7FC8
[2026-07-30 14:44:50.503] [debug] [sys] [t4100492] XThreadF80000A0 (F) Stack: 704D0000-70510000
[2026-07-30 14:44:50.503] [debug] [sys] [t4100504] Execute thid 15 (handle=F80000A0, 'XThreadC3FFF6C0 (F80000A0)', native=C3FFF6C0)
[2026-07-30 14:44:50.503] [debug] [sys] [t4100492] Added handle:F80000A4 for N3rex6system7XObjectE
[2026-07-30 14:44:50.503] [debug] [sys] [t4100492] Added handle:F80000A8 for N3rex6system7XObjectE
[2026-07-30 14:44:50.503] [debug] [sys] [t4100504] XThread::Execute - Calling function at 821F7FC8
[2026-07-30 14:44:50.503] [debug] [sys] [t4100492] Added handle:F80000AC for N3rex6system7XObjectE
[2026-07-30 14:44:50.504] [debug] [sys] [t4100492] XThreadF80000AC (10) Stack: 70530000-70570000
[2026-07-30 14:44:50.504] [debug] [sys] [t4100492] Added handle:F80000B0 for N3rex6system7XObjectE
[2026-07-30 14:44:50.504] [debug] [sys] [t4100505] Execute thid 16 (handle=F80000AC, 'XThreadC2FFE6C0 (F80000AC)', native=C2FFE6C0)
[2026-07-30 14:44:50.504] [debug] [sys] [t4100492] Added handle:F80000B4 for N3rex6system7XObjectE
[2026-07-30 14:44:50.505] [debug] [sys] [t4100492] Added handle:F80000B8 for N3rex6system7XObjectE
[2026-07-30 14:44:50.505] [debug] [sys] [t4100505] XThread::Execute - Calling function at 821F7FC8
[2026-07-30 14:44:50.505] [debug] [sys] [t4100492] XThreadF80000B8 (11) Stack: 70590000-705A0000
[2026-07-30 14:44:50.505] [debug] [sys] [t4100492] Added handle:F80000BC for N3rex6system7XObjectE
[2026-07-30 14:44:50.506] [debug] [sys] [t4100506] Execute thid 17 (handle=F80000B8, 'XThreadC1FFD6C0 (F80000B8)', native=C1FFD6C0)
[2026-07-30 14:44:50.506] [debug] [sys] [t4100506] XThread::Execute - Calling function at 821F7FC8
[2026-07-30 14:44:50.506] [debug] [sys] [t4100492] XThreadF80000BC (12) Stack: 705C0000-705D0000
[2026-07-30 14:44:50.506] [debug] [sys] [t4100492] Added handle:F80000C0 for N3rex6system7XObjectE
[2026-07-30 14:44:50.506] [debug] [sys] [t4100507] Execute thid 18 (handle=F80000BC, 'XThreadB3FFF6C0 (F80000BC)', native=B3FFF6C0)
[2026-07-30 14:44:50.506] [debug] [sys] [t4100507] XThread::Execute - Calling function at 821F7FC8
[2026-07-30 14:44:50.507] [debug] [sys] [t4100492] XThreadF80000C0 (13) Stack: 705F0000-70600000
[2026-07-30 14:44:50.507] [debug] [sys] [t4100508] Execute thid 19 (handle=F80000C0, 'XThreadB2FFE6C0 (F80000C0)', native=B2FFE6C0)
[2026-07-30 14:44:50.507] [debug] [sys] [t4100508] XThread::Execute - Calling function at 821F7FC8
[2026-07-30 14:44:50.508] [info] [gpu] [t4100492] SetInterruptCallback(821E63B0, 40001A00)
[2026-07-30 14:44:50.509] [debug] [sys] [t4100492] Added handle:F80000C4 for N3rex6system7XObjectE
[2026-07-30 14:44:50.509] [debug] [sys] [t4100492] XThreadF80000C4 (14) Stack: 70620000-70630000
[2026-07-30 14:44:50.510] [debug] [sys] [t4100492] Added handle:F80000C8 for N3rex6system7XObjectE
[2026-07-30 14:44:50.510] [debug] [sys] [t4100509] Execute thid 20 (handle=F80000C4, 'XThreadB1FFD6C0 (F80000C4)', native=B1FFD6C0)
[2026-07-30 14:44:50.510] [debug] [sys] [t4100509] XThread::Execute - Calling function at 821F7FC8
[2026-07-30 14:44:50.510] [debug] [sys] [t4100509] Added handle:F80000CC for N3rex6system7XObjectE
[2026-07-30 14:44:50.510] [debug] [sys] [t4100492] XThreadF80000C8 (15) Stack: 70650000-70660000
[2026-07-30 14:44:50.510] [debug] [sys] [t4100510] Execute thid 21 (handle=F80000C8, 'XThreadA3FFF6C0 (F80000C8)', native=A3FFF6C0)
[2026-07-30 14:44:50.510] [debug] [sys] [t4100510] XThread::Execute - Calling function at 821F7FC8
[2026-07-30 14:44:50.510] [debug] [sys] [t4100510] Added handle:F80000D0 for N3rex6system7XObjectE
[2026-07-30 14:44:50.517] [debug] [sys] [t4100492] Added handle:F80000D4 for N3rex6system7XObjectE
[2026-07-30 14:44:50.517] [debug] [sys] [t4100492] Added handle:F80000D8 for N3rex6system7XObjectE
[2026-07-30 14:44:50.518] [debug] [sys] [t4100492] XThreadF80000D8 (16) Stack: 70680000-70690000
[2026-07-30 14:44:50.518] [debug] [sys] [t4100492] Added handle:F80000DC for N3rex6system7XObjectE
[2026-07-30 14:44:50.518] [debug] [sys] [t4100511] Execute thid 22 (handle=F80000D8, 'XThreadA2FFE6C0 (F80000D8)', native=A2FFE6C0)
[2026-07-30 14:44:50.518] [debug] [sys] [t4100511] XThread::Execute - Calling function at 821F7FC8
[2026-07-30 14:44:50.518] [debug] [sys] [t4100492] Removed handle:F80000DC for N3rex6system10XSemaphoreE
[2026-07-30 14:44:50.518] [info] [core] [t4100492] [AC6-VBLANK] pacing -> 60Hz guest vblank
[2026-07-30 14:44:50.523] [debug] [gpu] [t4100445] Created a 640x1024 4xMSAA color render target with guest format 0 at EDRAM base 0
[2026-07-30 14:44:50.523] [debug] [gpu] [t4100445] Created a 640x1024 4xMSAA depth render target with guest format 1 at EDRAM base 720
[2026-07-30 14:44:50.602] [debug] [gpu] [t4100445] XELOG_GPU PRESENT: swap_texture_view=0x764769807c00 packet_size=1280x720 src_size=1280x720 src_unscaled=1280x720 guest_output_size=1280x720 format=6
[2026-07-30 14:44:50.863] [debug] [sys] [t4100492] Added handle:F80000DC for N3rex6system7XObjectE
[2026-07-30 14:44:50.863] [info] [krnl] [t4100511] [AC6 PAC] NtCreateFile caller=821F4D30 path=game:\DATA.TBL access=0x80100080 attrs=0x80 share=0x1 disp=0x1 options=0x60
[2026-07-30 14:44:50.863] [debug] [sys] [t4100511] Added handle:F80000E0 for N3rex6system7XObjectE
[2026-07-30 14:44:50.863] [debug] [sys] [t4100492] Removed handle:F80000DC for N3rex6system10XSemaphoreE
[2026-07-30 14:44:50.863] [debug] [sys] [t4100492] Added handle:F80000DC for N3rex6system7XObjectE
[2026-07-30 14:44:50.863] [debug] [sys] [t4100492] Removed handle:F80000DC for N3rex6system10XSemaphoreE
[2026-07-30 14:44:50.863] [debug] [sys] [t4100492] Added handle:F80000DC for N3rex6system7XObjectE
[2026-07-30 14:44:50.863] [debug] [sys] [t4100511] Removed handle:F80000E0 for N3rex6system5XFileE
[2026-07-30 14:44:50.863] [debug] [sys] [t4100492] Removed handle:F80000DC for N3rex6system10XSemaphoreE
[2026-07-30 14:44:50.863] [debug] [sys] [t4100492] Added handle:F80000DC for N3rex6system7XObjectE
[2026-07-30 14:44:50.863] [info] [krnl] [t4100511] [AC6 PAC] NtCreateFile caller=821F4D30 path=game:\DATA.TBL access=0x80100080 attrs=0x80 share=0x1 disp=0x1 options=0x60
[2026-07-30 14:44:50.863] [debug] [sys] [t4100511] Added handle:F80000E0 for N3rex6system7XObjectE
[2026-07-30 14:44:50.864] [debug] [sys] [t4100492] Removed handle:F80000DC for N3rex6system10XSemaphoreE
[2026-07-30 14:44:50.864] [debug] [sys] [t4100492] Added handle:F80000DC for N3rex6system7XObjectE
[2026-07-30 14:44:50.864] [debug] [sys] [t4100492] Removed handle:F80000DC for N3rex6system10XSemaphoreE
[2026-07-30 14:44:50.864] [debug] [sys] [t4100492] Added handle:F80000DC for N3rex6system7XObjectE
[2026-07-30 14:44:50.864] [info] [krnl] [t4100511] [AC6 PAC] NtReadFile request caller=821F4F2C thid=22 path=DATA.TBL handle=0xf80000e0 len=0x39e8 offset=-1 sync=true
[2026-07-30 14:44:50.864] [info] [krnl] [t4100511] [AC6 PAC] NtReadFile result caller=821F4F2C path=DATA.TBL status=0x0 bytes_read=0x39e8 iosb_status=0x0 iosb_info=0x39e8
[2026-07-30 14:44:50.864] [debug] [sys] [t4100492] Removed handle:F80000DC for N3rex6system10XSemaphoreE
[2026-07-30 14:44:50.864] [debug] [sys] [t4100492] Added handle:F80000DC for N3rex6system7XObjectE
[2026-07-30 14:44:50.864] [debug] [sys] [t4100511] Removed handle:F80000E0 for N3rex6system5XFileE
[2026-07-30 14:44:50.864] [debug] [sys] [t4100492] Removed handle:F80000DC for N3rex6system10XSemaphoreE
[2026-07-30 14:44:50.864] [info] [krnl] [t4100492] [AC6 PAC] NtCreateFile caller=821F4D30 path=game:\DATA00.PAC access=0x80100080 attrs=0x0 share=0x1 disp=0x1 options=0x48
[2026-07-30 14:44:50.864] [debug] [sys] [t4100492] Added handle:F80000DC for N3rex6system7XObjectE
[2026-07-30 14:44:50.864] [info] [krnl] [t4100492] [AC6 PAC] NtCreateFile caller=821F4D30 path=game:\DATA01.PAC access=0x80100080 attrs=0x0 share=0x1 disp=0x1 options=0x48
[2026-07-30 14:44:50.864] [debug] [sys] [t4100492] Added handle:F80000E0 for N3rex6system7XObjectE
[2026-07-30 14:44:50.864] [debug] [sys] [t4100492] Added handle:F80000E4 for N3rex6system7XObjectE
[2026-07-30 14:44:50.864] [info] [krnl] [t4100492] [AC6 PAC] NtReadFile request caller=821F4EB4 thid=5 path=DATA00.PAC handle=0xf80000dc len=0x40000 offset=3407872 sync=false
[2026-07-30 14:44:50.864] [info] [krnl] [t4100492] [AC6 PAC] NtReadFile result caller=821F4EB4 path=DATA00.PAC status=0x103 bytes_read=0x40000 iosb_status=0x0 iosb_info=0x40000
[2026-07-30 14:44:50.864] [debug] [sys] [t4100492] Removed handle:F80000E4 for N3rex6system6XEventE
[2026-07-30 14:44:50.864] [debug] [sys] [t4100492] Added handle:F80000E4 for N3rex6system7XObjectE
[2026-07-30 14:44:50.864] [info] [krnl] [t4100492] [AC6 PAC] NtReadFile request caller=821F4EB4 thid=5 path=DATA00.PAC handle=0xf80000dc len=0x40000 offset=3670016 sync=false
[2026-07-30 14:44:50.865] [info] [krnl] [t4100492] [AC6 PAC] NtReadFile result caller=821F4EB4 path=DATA00.PAC status=0x103 bytes_read=0x40000 iosb_status=0x0 iosb_info=0x40000
[2026-07-30 14:44:50.865] [debug] [sys] [t4100492] Removed handle:F80000E4 for N3rex6system6XEventE
[2026-07-30 14:44:50.865] [debug] [sys] [t4100492] Added handle:F80000E4 for N3rex6system7XObjectE
[2026-07-30 14:44:50.865] [info] [krnl] [t4100492] [AC6 PAC] NtReadFile request caller=821F4EB4 thid=5 path=DATA00.PAC handle=0xf80000dc len=0x40000 offset=3932160 sync=false
[2026-07-30 14:44:50.865] [info] [krnl] [t4100492] [AC6 PAC] NtReadFile result caller=821F4EB4 path=DATA00.PAC status=0x103 bytes_read=0x40000 iosb_status=0x0 iosb_info=0x40000
[2026-07-30 14:44:50.865] [debug] [sys] [t4100492] Removed handle:F80000E4 for N3rex6system6XEventE
[2026-07-30 14:44:50.865] [debug] [sys] [t4100492] Added handle:F80000E4 for N3rex6system7XObjectE
[2026-07-30 14:44:50.865] [info] [krnl] [t4100492] [AC6 PAC] NtReadFile request caller=821F4EB4 thid=5 path=DATA00.PAC handle=0xf80000dc len=0x40000 offset=4194304 sync=false
[2026-07-30 14:44:50.865] [info] [krnl] [t4100492] [AC6 PAC] NtReadFile result caller=821F4EB4 path=DATA00.PAC status=0x103 bytes_read=0x40000 iosb_status=0x0 iosb_info=0x40000
[2026-07-30 14:44:50.865] [debug] [sys] [t4100492] Removed handle:F80000E4 for N3rex6system6XEventE
[2026-07-30 14:44:50.865] [debug] [sys] [t4100492] Added handle:F80000E4 for N3rex6system7XObjectE
[2026-07-30 14:44:50.865] [info] [krnl] [t4100492] [AC6 PAC] NtReadFile request caller=821F4EB4 thid=5 path=DATA00.PAC handle=0xf80000dc len=0x40000 offset=4456448 sync=false
[2026-07-30 14:44:50.865] [info] [krnl] [t4100492] [AC6 PAC] NtReadFile result caller=821F4EB4 path=DATA00.PAC status=0x103 bytes_read=0x40000 iosb_status=0x0 iosb_info=0x40000
[2026-07-30 14:44:50.865] [debug] [sys] [t4100492] Removed handle:F80000E4 for N3rex6system6XEventE
[2026-07-30 14:44:50.865] [debug] [sys] [t4100492] Added handle:F80000E4 for N3rex6system7XObjectE
[2026-07-30 14:44:50.865] [info] [krnl] [t4100492] [AC6 PAC] NtReadFile request caller=821F4EB4 thid=5 path=DATA00.PAC handle=0xf80000dc len=0x40000 offset=4718592 sync=false
[2026-07-30 14:44:50.865] [info] [krnl] [t4100492] [AC6 PAC] NtReadFile result caller=821F4EB4 path=DATA00.PAC status=0x103 bytes_read=0x40000 iosb_status=0x0 iosb_info=0x40000
[2026-07-30 14:44:50.865] [debug] [sys] [t4100492] Removed handle:F80000E4 for N3rex6system6XEventE
[2026-07-30 14:44:50.865] [debug] [sys] [t4100492] Added handle:F80000E4 for N3rex6system7XObjectE
[2026-07-30 14:44:50.866] [info] [krnl] [t4100492] [AC6 PAC] NtReadFile request caller=821F4EB4 thid=5 path=DATA00.PAC handle=0xf80000dc len=0x40000 offset=4980736 sync=false
[2026-07-30 14:44:50.866] [info] [krnl] [t4100492] [AC6 PAC] NtReadFile result caller=821F4EB4 path=DATA00.PAC status=0x103 bytes_read=0x40000 iosb_status=0x0 iosb_info=0x40000
[2026-07-30 14:44:50.866] [debug] [sys] [t4100492] Removed handle:F80000E4 for N3rex6system6XEventE
[2026-07-30 14:44:50.866] [debug] [sys] [t4100492] Added handle:F80000E4 for N3rex6system7XObjectE
[2026-07-30 14:44:50.866] [info] [krnl] [t4100492] [AC6 PAC] NtReadFile request caller=821F4EB4 thid=5 path=DATA00.PAC handle=0xf80000dc len=0x40000 offset=5242880 sync=false
[2026-07-30 14:44:50.866] [info] [krnl] [t4100492] [AC6 PAC] NtReadFile result caller=821F4EB4 path=DATA00.PAC status=0x103 bytes_read=0x40000 iosb_status=0x0 iosb_info=0x40000
[2026-07-30 14:44:50.866] [debug] [sys] [t4100492] Removed handle:F80000E4 for N3rex6system6XEventE
[2026-07-30 14:44:50.866] [debug] [sys] [t4100492] Added handle:F80000E4 for N3rex6system7XObjectE
[2026-07-30 14:44:50.866] [info] [krnl] [t4100492] [AC6 PAC] NtReadFile request caller=821F4EB4 thid=5 path=DATA00.PAC handle=0xf80000dc len=0x40000 offset=5505024 sync=false
[2026-07-30 14:44:50.866] [info] [krnl] [t4100492] [AC6 PAC] NtReadFile result caller=821F4EB4 path=DATA00.PAC status=0x103 bytes_read=0x40000 iosb_status=0x0 iosb_info=0x40000
[2026-07-30 14:44:50.866] [debug] [sys] [t4100492] Removed handle:F80000E4 for N3rex6system6XEventE
[2026-07-30 14:44:50.866] [debug] [sys] [t4100492] Added handle:F80000E4 for N3rex6system7XObjectE
[2026-07-30 14:44:50.866] [info] [krnl] [t4100492] [AC6 PAC] NtReadFile request caller=821F4EB4 thid=5 path=DATA00.PAC handle=0xf80000dc len=0x40000 offset=5767168 sync=false
[2026-07-30 14:44:50.866] [info] [krnl] [t4100492] [AC6 PAC] NtReadFile result caller=821F4EB4 path=DATA00.PAC status=0x103 bytes_read=0x40000 iosb_status=0x0 iosb_info=0x40000
[2026-07-30 14:44:50.866] [debug] [sys] [t4100492] Removed handle:F80000E4 for N3rex6system6XEventE
[2026-07-30 14:44:50.866] [debug] [sys] [t4100492] Added handle:F80000E4 for N3rex6system7XObjectE
[2026-07-30 14:44:50.866] [info] [krnl] [t4100492] [AC6 PAC] NtReadFile request caller=821F4EB4 thid=5 path=DATA00.PAC handle=0xf80000dc len=0x40000 offset=6029312 sync=false
[2026-07-30 14:44:50.867] [info] [krnl] [t4100492] [AC6 PAC] NtReadFile result caller=821F4EB4 path=DATA00.PAC status=0x103 bytes_read=0x40000 iosb_status=0x0 iosb_info=0x40000
[2026-07-30 14:44:50.867] [debug] [sys] [t4100492] Removed handle:F80000E4 for N3rex6system6XEventE
[2026-07-30 14:44:50.867] [debug] [sys] [t4100492] Added handle:F80000E4 for N3rex6system7XObjectE
[2026-07-30 14:44:50.867] [info] [krnl] [t4100492] [AC6 PAC] NtReadFile request caller=821F4EB4 thid=5 path=DATA00.PAC handle=0xf80000dc len=0x40000 offset=6291456 sync=false
[2026-07-30 14:44:50.867] [info] [krnl] [t4100492] [AC6 PAC] NtReadFile result caller=821F4EB4 path=DATA00.PAC status=0x103 bytes_read=0x40000 iosb_status=0x0 iosb_info=0x40000
[2026-07-30 14:44:50.867] [debug] [sys] [t4100492] Removed handle:F80000E4 for N3rex6system6XEventE
[2026-07-30 14:44:50.867] [debug] [sys] [t4100492] Added handle:F80000E4 for N3rex6system7XObjectE
[2026-07-30 14:44:50.867] [info] [krnl] [t4100492] [AC6 PAC] NtReadFile request caller=821F4EB4 thid=5 path=DATA00.PAC handle=0xf80000dc len=0x40000 offset=6553600 sync=false
[2026-07-30 14:44:50.867] [info] [krnl] [t4100492] [AC6 PAC] NtReadFile result caller=821F4EB4 path=DATA00.PAC status=0x103 bytes_read=0x40000 iosb_status=0x0 iosb_info=0x40000
[2026-07-30 14:44:50.867] [debug] [sys] [t4100492] Removed handle:F80000E4 for N3rex6system6XEventE
[2026-07-30 14:44:50.867] [debug] [sys] [t4100492] Added handle:F80000E4 for N3rex6system7XObjectE
[2026-07-30 14:44:50.867] [info] [krnl] [t4100492] [AC6 PAC] NtReadFile request caller=821F4EB4 thid=5 path=DATA00.PAC handle=0xf80000dc len=0x40000 offset=6815744 sync=false
[2026-07-30 14:44:50.867] [info] [krnl] [t4100492] [AC6 PAC] NtReadFile result caller=821F4EB4 path=DATA00.PAC status=0x103 bytes_read=0x40000 iosb_status=0x0 iosb_info=0x40000
[2026-07-30 14:44:50.867] [debug] [sys] [t4100492] Removed handle:F80000E4 for N3rex6system6XEventE
[2026-07-30 14:44:50.867] [debug] [sys] [t4100492] Added handle:F80000E4 for N3rex6system7XObjectE
[2026-07-30 14:44:50.867] [info] [krnl] [t4100492] [AC6 PAC] NtReadFile request caller=821F4EB4 thid=5 path=DATA00.PAC handle=0xf80000dc len=0x40000 offset=7077888 sync=false
[2026-07-30 14:44:50.867] [info] [krnl] [t4100492] [AC6 PAC] NtReadFile result caller=821F4EB4 path=DATA00.PAC status=0x103 bytes_read=0x40000 iosb_status=0x0 iosb_info=0x40000
[2026-07-30 14:44:50.867] [debug] [sys] [t4100492] Removed handle:F80000E4 for N3rex6system6XEventE
[2026-07-30 14:44:50.867] [debug] [sys] [t4100492] Added handle:F80000E4 for N3rex6system7XObjectE
[2026-07-30 14:44:50.867] [info] [krnl] [t4100492] [AC6 PAC] NtReadFile request caller=821F4EB4 thid=5 path=DATA00.PAC handle=0xf80000dc len=0x40000 offset=7340032 sync=false
[2026-07-30 14:44:50.868] [info] [krnl] [t4100492] [AC6 PAC] NtReadFile result caller=821F4EB4 path=DATA00.PAC status=0x103 bytes_read=0x40000 iosb_status=0x0 iosb_info=0x40000
[2026-07-30 14:44:50.868] [debug] [sys] [t4100492] Removed handle:F80000E4 for N3rex6system6XEventE
[2026-07-30 14:44:50.868] [debug] [sys] [t4100492] Added handle:F80000E4 for N3rex6system7XObjectE
[2026-07-30 14:44:50.868] [info] [krnl] [t4100492] [AC6 PAC] NtReadFile request caller=821F4EB4 thid=5 path=DATA00.PAC handle=0xf80000dc len=0x40000 offset=7602176 sync=false
[2026-07-30 14:44:50.868] [info] [krnl] [t4100492] [AC6 PAC] NtReadFile result caller=821F4EB4 path=DATA00.PAC status=0x103 bytes_read=0x40000 iosb_status=0x0 iosb_info=0x40000
[2026-07-30 14:44:50.868] [debug] [sys] [t4100492] Removed handle:F80000E4 for N3rex6system6XEventE
[2026-07-30 14:44:50.868] [debug] [sys] [t4100492] Added handle:F80000E4 for N3rex6system7XObjectE
[2026-07-30 14:44:50.868] [info] [krnl] [t4100492] [AC6 PAC] NtReadFile request caller=821F4EB4 thid=5 path=DATA00.PAC handle=0xf80000dc len=0x40000 offset=7864320 sync=false
[2026-07-30 14:44:50.868] [info] [krnl] [t4100492] [AC6 PAC] NtReadFile result caller=821F4EB4 path=DATA00.PAC status=0x103 bytes_read=0x40000 iosb_status=0x0 iosb_info=0x40000
[2026-07-30 14:44:50.868] [debug] [sys] [t4100492] Removed handle:F80000E4 for N3rex6system6XEventE
[2026-07-30 14:44:50.868] [debug] [sys] [t4100492] Added handle:F80000E4 for N3rex6system7XObjectE
[2026-07-30 14:44:50.868] [info] [krnl] [t4100492] [AC6 PAC] NtReadFile request caller=821F4EB4 thid=5 path=DATA00.PAC handle=0xf80000dc len=0x40000 offset=8126464 sync=false
[2026-07-30 14:44:50.868] [info] [krnl] [t4100492] [AC6 PAC] NtReadFile result caller=821F4EB4 path=DATA00.PAC status=0x103 bytes_read=0x40000 iosb_status=0x0 iosb_info=0x40000
[2026-07-30 14:44:50.868] [debug] [sys] [t4100492] Removed handle:F80000E4 for N3rex6system6XEventE
[2026-07-30 14:44:50.868] [debug] [sys] [t4100492] Added handle:F80000E4 for N3rex6system7XObjectE
[2026-07-30 14:44:50.868] [info] [krnl] [t4100492] [AC6 PAC] NtReadFile request caller=821F4EB4 thid=5 path=DATA00.PAC handle=0xf80000dc len=0x40000 offset=8388608 sync=false
[2026-07-30 14:44:50.868] [info] [krnl] [t4100492] [AC6 PAC] NtReadFile result caller=821F4EB4 path=DATA00.PAC status=0x103 bytes_read=0x40000 iosb_status=0x0 iosb_info=0x40000
[2026-07-30 14:44:50.868] [debug] [sys] [t4100492] Removed handle:F80000E4 for N3rex6system6XEventE
[2026-07-30 14:44:50.868] [debug] [sys] [t4100492] Added handle:F80000E4 for N3rex6system7XObjectE
[2026-07-30 14:44:50.869] [info] [krnl] [t4100492] [AC6 PAC] NtReadFile request caller=821F4EB4 thid=5 path=DATA00.PAC handle=0xf80000dc len=0x40000 offset=8650752 sync=false
[2026-07-30 14:44:50.869] [info] [krnl] [t4100492] [AC6 PAC] NtReadFile result caller=821F4EB4 path=DATA00.PAC status=0x103 bytes_read=0x40000 iosb_status=0x0 iosb_info=0x40000
[2026-07-30 14:44:50.869] [debug] [sys] [t4100492] Removed handle:F80000E4 for N3rex6system6XEventE
[2026-07-30 14:44:50.869] [debug] [sys] [t4100492] Added handle:F80000E4 for N3rex6system7XObjectE
[2026-07-30 14:44:50.869] [info] [krnl] [t4100492] [AC6 PAC] NtReadFile request caller=821F4EB4 thid=5 path=DATA00.PAC handle=0xf80000dc len=0x40000 offset=8912896 sync=false
[2026-07-30 14:44:50.869] [info] [krnl] [t4100492] [AC6 PAC] NtReadFile result caller=821F4EB4 path=DATA00.PAC status=0x103 bytes_read=0x40000 iosb_status=0x0 iosb_info=0x40000
[2026-07-30 14:44:50.869] [debug] [sys] [t4100492] Removed handle:F80000E4 for N3rex6system6XEventE
[2026-07-30 14:44:50.869] [debug] [sys] [t4100492] Added handle:F80000E4 for N3rex6system7XObjectE
[2026-07-30 14:44:50.869] [info] [krnl] [t4100492] [AC6 PAC] NtReadFile request caller=821F4EB4 thid=5 path=DATA00.PAC handle=0xf80000dc len=0x40000 offset=9175040 sync=false
[2026-07-30 14:44:50.869] [info] [krnl] [t4100492] [AC6 PAC] NtReadFile result caller=821F4EB4 path=DATA00.PAC status=0x103 bytes_read=0x40000 iosb_status=0x0 iosb_info=0x40000
[2026-07-30 14:44:50.869] [debug] [sys] [t4100492] Removed handle:F80000E4 for N3rex6system6XEventE
[2026-07-30 14:44:50.869] [debug] [sys] [t4100492] Added handle:F80000E4 for N3rex6system7XObjectE
[2026-07-30 14:44:50.869] [info] [krnl] [t4100492] [AC6 PAC] NtReadFile request caller=821F4EB4 thid=5 path=DATA00.PAC handle=0xf80000dc len=0x40000 offset=9437184 sync=false
[2026-07-30 14:44:50.869] [info] [krnl] [t4100492] [AC6 PAC] NtReadFile result caller=821F4EB4 path=DATA00.PAC status=0x103 bytes_read=0x40000 iosb_status=0x0 iosb_info=0x40000
[2026-07-30 14:44:50.869] [debug] [sys] [t4100492] Removed handle:F80000E4 for N3rex6system6XEventE
[2026-07-30 14:44:50.869] [debug] [sys] [t4100492] Added handle:F80000E4 for N3rex6system7XObjectE
[2026-07-30 14:44:50.869] [info] [krnl] [t4100492] [AC6 PAC] NtReadFile request caller=821F4EB4 thid=5 path=DATA00.PAC handle=0xf80000dc len=0x40000 offset=9699328 sync=false
[2026-07-30 14:44:50.869] [info] [krnl] [t4100492] [AC6 PAC] NtReadFile result caller=821F4EB4 path=DATA00.PAC status=0x103 bytes_read=0x40000 iosb_status=0x0 iosb_info=0x40000
[2026-07-30 14:44:50.869] [debug] [sys] [t4100492] Removed handle:F80000E4 for N3rex6system6XEventE
[2026-07-30 14:44:50.869] [debug] [sys] [t4100492] Added handle:F80000E4 for N3rex6system7XObjectE
[2026-07-30 14:44:50.870] [info] [krnl] [t4100492] [AC6 PAC] NtReadFile request caller=821F4EB4 thid=5 path=DATA00.PAC handle=0xf80000dc len=0x40000 offset=9961472 sync=false
[2026-07-30 14:44:50.870] [info] [krnl] [t4100492] [AC6 PAC] NtReadFile result caller=821F4EB4 path=DATA00.PAC status=0x103 bytes_read=0x40000 iosb_status=0x0 iosb_info=0x40000
[2026-07-30 14:44:50.870] [debug] [sys] [t4100492] Removed handle:F80000E4 for N3rex6system6XEventE
[2026-07-30 14:44:50.870] [debug] [sys] [t4100492] Added handle:F80000E4 for N3rex6system7XObjectE
[2026-07-30 14:44:50.870] [info] [krnl] [t4100492] [AC6 PAC] NtReadFile request caller=821F4EB4 thid=5 path=DATA00.PAC handle=0xf80000dc len=0x40000 offset=10223616 sync=false
[2026-07-30 14:44:50.870] [info] [krnl] [t4100492] [AC6 PAC] NtReadFile result caller=821F4EB4 path=DATA00.PAC status=0x103 bytes_read=0x40000 iosb_status=0x0 iosb_info=0x40000
[2026-07-30 14:44:50.870] [debug] [sys] [t4100492] Removed handle:F80000E4 for N3rex6system6XEventE
[2026-07-30 14:44:50.870] [debug] [sys] [t4100492] Added handle:F80000E4 for N3rex6system7XObjectE
[2026-07-30 14:44:50.870] [info] [krnl] [t4100492] [AC6 PAC] NtReadFile request caller=821F4EB4 thid=5 path=DATA00.PAC handle=0xf80000dc len=0x40000 offset=10485760 sync=false
[2026-07-30 14:44:50.870] [info] [krnl] [t4100492] [AC6 PAC] NtReadFile result caller=821F4EB4 path=DATA00.PAC status=0x103 bytes_read=0x40000 iosb_status=0x0 iosb_info=0x40000
[2026-07-30 14:44:50.870] [debug] [sys] [t4100492] Removed handle:F80000E4 for N3rex6system6XEventE
[2026-07-30 14:44:50.870] [debug] [sys] [t4100492] Added handle:F80000E4 for N3rex6system7XObjectE
[2026-07-30 14:44:50.870] [info] [krnl] [t4100492] [AC6 PAC] NtReadFile request caller=821F4EB4 thid=5 path=DATA00.PAC handle=0xf80000dc len=0x40000 offset=10747904 sync=false
[2026-07-30 14:44:50.870] [info] [krnl] [t4100492] [AC6 PAC] NtReadFile result caller=821F4EB4 path=DATA00.PAC status=0x103 bytes_read=0x40000 iosb_status=0x0 iosb_info=0x40000
[2026-07-30 14:44:50.870] [debug] [sys] [t4100492] Removed handle:F80000E4 for N3rex6system6XEventE
[2026-07-30 14:44:50.870] [debug] [sys] [t4100492] Added handle:F80000E4 for N3rex6system7XObjectE
[2026-07-30 14:44:50.870] [info] [krnl] [t4100492] [AC6 PAC] NtReadFile request caller=821F4EB4 thid=5 path=DATA00.PAC handle=0xf80000dc len=0x40000 offset=11010048 sync=false
[2026-07-30 14:44:50.870] [info] [krnl] [t4100492] [AC6 PAC] NtReadFile result caller=821F4EB4 path=DATA00.PAC status=0x103 bytes_read=0x40000 iosb_status=0x0 iosb_info=0x40000
[2026-07-30 14:44:50.871] [debug] [sys] [t4100492] Removed handle:F80000E4 for N3rex6system6XEventE
[2026-07-30 14:44:50.871] [debug] [sys] [t4100492] Added handle:F80000E4 for N3rex6system7XObjectE
[2026-07-30 14:44:50.871] [info] [krnl] [t4100492] [AC6 PAC] NtReadFile request caller=821F4EB4 thid=5 path=DATA00.PAC handle=0xf80000dc len=0x40000 offset=11272192 sync=false
[2026-07-30 14:44:50.871] [info] [krnl] [t4100492] [AC6 PAC] NtReadFile result caller=821F4EB4 path=DATA00.PAC status=0x103 bytes_read=0x40000 iosb_status=0x0 iosb_info=0x40000
[2026-07-30 14:44:50.871] [debug] [sys] [t4100492] Removed handle:F80000E4 for N3rex6system6XEventE
[2026-07-30 14:44:50.871] [debug] [sys] [t4100492] Added handle:F80000E4 for N3rex6system7XObjectE
[2026-07-30 14:44:50.871] [info] [krnl] [t4100492] [AC6 PAC] NtReadFile request caller=821F4EB4 thid=5 path=DATA00.PAC handle=0xf80000dc len=0x40000 offset=11534336 sync=false
[2026-07-30 14:44:50.871] [info] [krnl] [t4100492] [AC6 PAC] NtReadFile result caller=821F4EB4 path=DATA00.PAC status=0x103 bytes_read=0x40000 iosb_status=0x0 iosb_info=0x40000
[2026-07-30 14:44:50.871] [debug] [sys] [t4100492] Removed handle:F80000E4 for N3rex6system6XEventE
[2026-07-30 14:44:50.871] [debug] [sys] [t4100492] Added handle:F80000E4 for N3rex6system7XObjectE
[2026-07-30 14:44:50.871] [info] [krnl] [t4100492] [AC6 PAC] NtReadFile request caller=821F4EB4 thid=5 path=DATA00.PAC handle=0xf80000dc len=0x40000 offset=11796480 sync=false
[2026-07-30 14:44:50.871] [info] [krnl] [t4100492] [AC6 PAC] NtReadFile result caller=821F4EB4 path=DATA00.PAC status=0x103 bytes_read=0x40000 iosb_status=0x0 iosb_info=0x40000
[2026-07-30 14:44:50.871] [debug] [sys] [t4100492] Removed handle:F80000E4 for N3rex6system6XEventE
[2026-07-30 14:44:50.871] [debug] [sys] [t4100492] Added handle:F80000E4 for N3rex6system7XObjectE
[2026-07-30 14:44:50.871] [info] [krnl] [t4100492] [AC6 PAC] NtReadFile request caller=821F4EB4 thid=5 path=DATA00.PAC handle=0xf80000dc len=0x40000 offset=12058624 sync=false
[2026-07-30 14:44:50.871] [info] [krnl] [t4100492] [AC6 PAC] NtReadFile result caller=821F4EB4 path=DATA00.PAC status=0x103 bytes_read=0x40000 iosb_status=0x0 iosb_info=0x40000
[2026-07-30 14:44:50.871] [debug] [sys] [t4100492] Removed handle:F80000E4 for N3rex6system6XEventE
[2026-07-30 14:44:50.871] [debug] [sys] [t4100492] Added handle:F80000E4 for N3rex6system7XObjectE
[2026-07-30 14:44:50.871] [info] [krnl] [t4100492] [AC6 PAC] NtReadFile request caller=821F4EB4 thid=5 path=DATA00.PAC handle=0xf80000dc len=0x40000 offset=12320768 sync=false
[2026-07-30 14:44:50.872] [info] [krnl] [t4100492] [AC6 PAC] NtReadFile result caller=821F4EB4 path=DATA00.PAC status=0x103 bytes_read=0x40000 iosb_status=0x0 iosb_info=0x40000
[2026-07-30 14:44:50.872] [debug] [sys] [t4100492] Removed handle:F80000E4 for N3rex6system6XEventE
[2026-07-30 14:44:50.872] [debug] [sys] [t4100492] Added handle:F80000E4 for N3rex6system7XObjectE
[2026-07-30 14:44:50.872] [info] [krnl] [t4100492] [AC6 PAC] NtReadFile request caller=821F4EB4 thid=5 path=DATA00.PAC handle=0xf80000dc len=0x40000 offset=12582912 sync=false
[2026-07-30 14:44:50.872] [info] [krnl] [t4100492] [AC6 PAC] NtReadFile result caller=821F4EB4 path=DATA00.PAC status=0x103 bytes_read=0x40000 iosb_status=0x0 iosb_info=0x40000
[2026-07-30 14:44:50.872] [debug] [sys] [t4100492] Removed handle:F80000E4 for N3rex6system6XEventE
[2026-07-30 14:44:50.872] [debug] [sys] [t4100492] Added handle:F80000E4 for N3rex6system7XObjectE
[2026-07-30 14:44:50.872] [info] [krnl] [t4100492] [AC6 PAC] NtReadFile request caller=821F4EB4 thid=5 path=DATA00.PAC handle=0xf80000dc len=0x40000 offset=12845056 sync=false
[2026-07-30 14:44:50.872] [info] [krnl] [t4100492] [AC6 PAC] NtReadFile result caller=821F4EB4 path=DATA00.PAC status=0x103 bytes_read=0x40000 iosb_status=0x0 iosb_info=0x40000
[2026-07-30 14:44:50.872] [debug] [sys] [t4100492] Removed handle:F80000E4 for N3rex6system6XEventE
[2026-07-30 14:44:50.872] [debug] [sys] [t4100492] Added handle:F80000E4 for N3rex6system7XObjectE
[2026-07-30 14:44:50.872] [info] [krnl] [t4100492] [AC6 PAC] NtReadFile request caller=821F4EB4 thid=5 path=DATA00.PAC handle=0xf80000dc len=0x40000 offset=13107200 sync=false
[2026-07-30 14:44:50.872] [info] [krnl] [t4100492] [AC6 PAC] NtReadFile result caller=821F4EB4 path=DATA00.PAC status=0x103 bytes_read=0x40000 iosb_status=0x0 iosb_info=0x40000
[2026-07-30 14:44:50.872] [debug] [sys] [t4100492] Removed handle:F80000E4 for N3rex6system6XEventE
[2026-07-30 14:44:50.872] [debug] [sys] [t4100492] Added handle:F80000E4 for N3rex6system7XObjectE
[2026-07-30 14:44:50.872] [info] [krnl] [t4100492] [AC6 PAC] NtReadFile request caller=821F4EB4 thid=5 path=DATA00.PAC handle=0xf80000dc len=0x40000 offset=13369344 sync=false
[2026-07-30 14:44:50.872] [info] [krnl] [t4100492] [AC6 PAC] NtReadFile result caller=821F4EB4 path=DATA00.PAC status=0x103 bytes_read=0x40000 iosb_status=0x0 iosb_info=0x40000
[2026-07-30 14:44:50.872] [debug] [sys] [t4100492] Removed handle:F80000E4 for N3rex6system6XEventE
[2026-07-30 14:44:50.872] [debug] [sys] [t4100492] Added handle:F80000E4 for N3rex6system7XObjectE
[2026-07-30 14:44:50.872] [info] [krnl] [t4100492] [AC6 PAC] NtReadFile request caller=821F4EB4 thid=5 path=DATA00.PAC handle=0xf80000dc len=0x40000 offset=13631488 sync=false
[2026-07-30 14:44:50.873] [info] [krnl] [t4100492] [AC6 PAC] NtReadFile result caller=821F4EB4 path=DATA00.PAC status=0x103 bytes_read=0x40000 iosb_status=0x0 iosb_info=0x40000
[2026-07-30 14:44:50.873] [debug] [sys] [t4100492] Removed handle:F80000E4 for N3rex6system6XEventE
[2026-07-30 14:44:50.873] [debug] [sys] [t4100492] Added handle:F80000E4 for N3rex6system7XObjectE
[2026-07-30 14:44:50.873] [info] [krnl] [t4100492] [AC6 PAC] NtReadFile request caller=821F4EB4 thid=5 path=DATA00.PAC handle=0xf80000dc len=0x20000 offset=13893632 sync=false
[2026-07-30 14:44:50.873] [info] [krnl] [t4100492] [AC6 PAC] NtReadFile result caller=821F4EB4 path=DATA00.PAC status=0x103 bytes_read=0x20000 iosb_status=0x0 iosb_info=0x20000
[2026-07-30 14:44:50.873] [debug] [sys] [t4100492] Removed handle:F80000E4 for N3rex6system6XEventE
[2026-07-30 14:44:51.076] [debug] [sys] [t4100492] Added handle:F80000E4 for N3rex6system7XObjectE
[2026-07-30 14:44:51.076] [debug] [sys] [t4100492] Added handle:F80000E8 for N3rex6system7XObjectE
[2026-07-30 14:44:51.076] [debug] [sys] [t4100492] XThreadF80000E8 (17) Stack: 706B0000-706F0000
[2026-07-30 14:44:51.076] [debug] [krnl] [t4100492] XAudioRegisterRenderDriverClient called callback_ptr=7014F830 driver_ptr=40022554
[2026-07-30 14:44:51.076] [debug] [sys] [t4100516] Execute thid 23 (handle=F80000E8, 'XThread9A43E6C0 (F80000E8)', native=9A43E6C0)
[2026-07-30 14:44:51.077] [debug] [sys] [t4100516] XThread::Execute - Calling function at 823B41D8
[2026-07-30 14:44:51.077] [debug] [sys] [t4100516] Added handle:F80000EC for N3rex6system7XObjectE
[2026-07-30 14:44:51.104] [info] [apu] [t4100492] SdlAudioDriver initialized: client=0 channels=2 freq=48000
[2026-07-30 14:44:51.105] [debug] [sys] [t4100431] Added handle:F80000F0 for N3rex6system7XObjectE
[2026-07-30 14:44:51.105] [debug] [sys] [t4100431] Added handle:F80000F4 for N3rex6system7XObjectE
[2026-07-30 14:44:51.106] [debug] [krnl] [t4100431] XAudioSubmitRenderDriverFrame: driver=41550000 samples=40020380
[2026-07-30 14:44:51.109] [debug] [sys] [t4100492] Added handle:F80000F8 for N3rex6system7XObjectE
[2026-07-30 14:44:51.109] [debug] [sys] [t4100492] XThreadF80000F8 (18) Stack: 70710000-70750000
[2026-07-30 14:44:51.110] [debug] [sys] [t4100492] Added handle:F80000FC for N3rex6system7XObjectE
[2026-07-30 14:44:51.111] [debug] [sys] [t4100492] XThreadF80000FC (19) Stack: 70770000-707B0000
[2026-07-30 14:44:51.111] [debug] [sys] [t4100492] Added handle:F8000100 for N3rex6system7XObjectE
[2026-07-30 14:44:51.112] [debug] [sys] [t4100492] XThreadF8000100 (1A) Stack: 707D0000-70810000
[2026-07-30 14:44:51.112] [debug] [sys] [t4100525] Execute thid 26 (handle=F8000100, 'XThread7DFFD6C0 (F8000100)', native=7DFFD6C0)
[2026-07-30 14:44:51.112] [debug] [sys] [t4100525] XThread::Execute - Calling function at 821F7FC8
[2026-07-30 14:44:51.112] [debug] [sys] [t4100524] Execute thid 25 (handle=F80000FC, 'XThread7EFFE6C0 (F80000FC)', native=7EFFE6C0)
[2026-07-30 14:44:51.112] [debug] [sys] [t4100523] Execute thid 24 (handle=F80000F8, 'XThread7FFFF6C0 (F80000F8)', native=7FFFF6C0)
[2026-07-30 14:44:51.112] [debug] [sys] [t4100524] XThread::Execute - Calling function at 821F7FC8
[2026-07-30 14:44:51.112] [debug] [sys] [t4100523] XThread::Execute - Calling function at 821F7FC8
[2026-07-30 14:44:51.112] [debug] [krnl] [t4100431] XAudioSubmitRenderDriverFrame: driver=41550000 samples=40020380
[2026-07-30 14:44:51.112] [debug] [sys] [t4100524] Added handle:F8000104 for N3rex6system7XObjectE
[2026-07-30 14:44:51.112] [debug] [sys] [t4100524] Added handle:F8000108 for N3rex6system7XObjectE
[2026-07-30 14:44:51.112] [debug] [sys] [t4100524] Added handle:F800010C for N3rex6system7XObjectE
[2026-07-30 14:44:51.112] [debug] [sys] [t4100524] Added handle:F8000110 for N3rex6system7XObjectE
[2026-07-30 14:44:51.112] [debug] [sys] [t4100524] Added handle:F8000114 for N3rex6system7XObjectE
[2026-07-30 14:44:51.112] [debug] [sys] [t4100524] Added handle:F8000118 for N3rex6system7XObjectE
[2026-07-30 14:44:51.112] [debug] [sys] [t4100524] Added handle:F800011C for N3rex6system7XObjectE
[2026-07-30 14:44:51.112] [debug] [sys] [t4100524] Added handle:F8000120 for N3rex6system7XObjectE
[2026-07-30 14:44:51.132] [debug] [krnl] [t4100431] XAudioSubmitRenderDriverFrame: driver=41550000 samples=40020380
[2026-07-30 14:44:51.133] [debug] [krnl] [t4100431] XAudioSubmitRenderDriverFrame: driver=41550000 samples=40020380
[2026-07-30 14:44:51.134] [debug] [krnl] [t4100431] XAudioSubmitRenderDriverFrame: driver=41550000 samples=40020380
[2026-07-30 14:44:51.153] [debug] [krnl] [t4100431] XAudioSubmitRenderDriverFrame: driver=41550000 samples=40020380
[2026-07-30 14:44:51.154] [debug] [krnl] [t4100431] XAudioSubmitRenderDriverFrame: driver=41550000 samples=40020380
[2026-07-30 14:44:51.155] [debug] [krnl] [t4100431] XAudioSubmitRenderDriverFrame: driver=41550000 samples=40020380
[2026-07-30 14:44:51.174] [debug] [krnl] [t4100431] XAudioSubmitRenderDriverFrame: driver=41550000 samples=40020380
[2026-07-30 14:44:51.176] [debug] [krnl] [t4100431] XAudioSubmitRenderDriverFrame: driver=41550000 samples=40020380
[2026-07-30 14:44:51.209] [debug] [sys] [t4100492] Added handle:F8000124 for N3rex6system7XObjectE
[2026-07-30 14:44:51.211] [debug] [sys] [t4100492] Added handle:F8000128 for N3rex6system7XObjectE
[2026-07-30 14:44:51.211] [debug] [sys] [t4100492] Added handle:F800012C for N3rex6system7XObjectE
[2026-07-30 14:44:51.211] [debug] [krnl] [t4100492] XamNotifyCreateListener(mask=0x0000000000000005, is_system=0, max_version=2) -> handle=F800012C
[2026-07-30 14:44:51.211] [debug] [sys] [t4100492] Added handle:F8000130 for N3rex6system7XObjectE
[2026-07-30 14:44:51.212] [debug] [sys] [t4100492] XThreadF8000130 (1B) Stack: 70830000-70840000
[2026-07-30 14:44:51.212] [debug] [sys] [t4100531] Execute thid 27 (handle=F8000130, 'XThread6BFFF6C0 (F8000130)', native=6BFFF6C0)
[2026-07-30 14:44:51.212] [debug] [sys] [t4100531] XThread::Execute - Calling function at 821F7FC8
[2026-07-30 14:44:51.212] [debug] [sys] [t4100531] Added handle:F8000134 for N3rex6system7XObjectE
[2026-07-30 14:44:51.212] [debug] [sys] [t4100492] Added handle:F8000138 for N3rex6system7XObjectE
[2026-07-30 14:44:51.212] [debug] [krnl] [t4100492] XamNotifyCreateListener(mask=0x0000000000000001, is_system=0, max_version=2) -> handle=F8000138
[2026-07-30 14:44:51.212] [debug] [sys] [t4100500] Added handle:F800013C for N3rex6system7XObjectE
[2026-07-30 14:44:51.213] [debug] [sys] [t4100500] Added handle:F8000140 for N3rex6system7XObjectE
[2026-07-30 14:44:51.213] [info] [krnl] [t4100500] [AC6 PAC] NtReadFile request caller=821F4EB4 thid=11 path=DATA00.PAC handle=0xf80000dc len=0x40000 offset=15171584 sync=false
[2026-07-30 14:44:51.213] [info] [krnl] [t4100500] [AC6 PAC] NtReadFile result caller=821F4EB4 path=DATA00.PAC status=0x103 bytes_read=0x40000 iosb_status=0x0 iosb_info=0x40000
[2026-07-30 14:44:51.213] [debug] [sys] [t4100500] Removed handle:F8000140 for N3rex6system6XEventE
[2026-07-30 14:44:51.213] [debug] [sys] [t4100500] Added handle:F8000140 for N3rex6system7XObjectE
[2026-07-30 14:44:51.213] [info] [krnl] [t4100500] [AC6 PAC] NtReadFile request caller=821F4EB4 thid=11 path=DATA00.PAC handle=0xf80000dc len=0x10000 offset=15433728 sync=false
[2026-07-30 14:44:51.213] [info] [krnl] [t4100500] [AC6 PAC] NtReadFile result caller=821F4EB4 path=DATA00.PAC status=0x103 bytes_read=0x10000 iosb_status=0x0 iosb_info=0x10000
[2026-07-30 14:44:51.213] [debug] [sys] [t4100500] Removed handle:F8000140 for N3rex6system6XEventE
[2026-07-30 14:44:51.222] [debug] [krnl] [t4100531] XNotifyGetNext(F800012C, 00000000) -> id=0x9, param=1
[2026-07-30 14:44:51.233] [debug] [krnl] [t4100531] XNotifyGetNext(F800012C, 00000000) -> id=0x9, param=0
[2026-07-30 14:44:51.243] [debug] [krnl] [t4100531] XNotifyGetNext(F800012C, 00000000) -> id=0xa, param=1
[2026-07-30 14:44:51.253] [debug] [krnl] [t4100531] XNotifyGetNext(F800012C, 00000000) -> id=0xa, param=1
[2026-07-30 14:44:51.263] [debug] [krnl] [t4100531] XNotifyGetNext(F800012C, 00000000) -> id=0x12, param=0
[2026-07-30 14:44:51.263] [debug] [sys] [t4100492] Added handle:F8000140 for N3rex6system7XObjectE
[2026-07-30 14:44:51.263] [info] [krnl] [t4100492] [AC6 PAC] NtReadFile request caller=821F4EB4 thid=5 path=DATA00.PAC handle=0xf80000dc len=0x40000 offset=2054782976 sync=false
[2026-07-30 14:44:51.264] [info] [krnl] [t4100492] [AC6 PAC] NtReadFile result caller=821F4EB4 path=DATA00.PAC status=0x103 bytes_read=0x40000 iosb_status=0x0 iosb_info=0x40000
[2026-07-30 14:44:51.264] [debug] [sys] [t4100492] Removed handle:F8000140 for N3rex6system6XEventE
[2026-07-30 14:44:51.264] [debug] [sys] [t4100492] Added handle:F8000140 for N3rex6system7XObjectE
[2026-07-30 14:44:51.264] [info] [krnl] [t4100492] [AC6 PAC] NtReadFile request caller=821F4EB4 thid=5 path=DATA00.PAC handle=0xf80000dc len=0x40000 offset=2055045120 sync=false
[2026-07-30 14:44:51.264] [info] [krnl] [t4100492] [AC6 PAC] NtReadFile result caller=821F4EB4 path=DATA00.PAC status=0x103 bytes_read=0x40000 iosb_status=0x0 iosb_info=0x40000
[2026-07-30 14:44:51.264] [debug] [sys] [t4100492] Removed handle:F8000140 for N3rex6system6XEventE
[2026-07-30 14:44:51.264] [debug] [sys] [t4100492] Added handle:F8000140 for N3rex6system7XObjectE
[2026-07-30 14:44:51.264] [info] [krnl] [t4100492] [AC6 PAC] NtReadFile request caller=821F4EB4 thid=5 path=DATA00.PAC handle=0xf80000dc len=0x40000 offset=2055307264 sync=false
[2026-07-30 14:44:51.264] [info] [krnl] [t4100492] [AC6 PAC] NtReadFile result caller=821F4EB4 path=DATA00.PAC status=0x103 bytes_read=0x40000 iosb_status=0x0 iosb_info=0x40000
[2026-07-30 14:44:51.264] [debug] [sys] [t4100492] Removed handle:F8000140 for N3rex6system6XEventE
[2026-07-30 14:44:51.264] [debug] [sys] [t4100492] Added handle:F8000140 for N3rex6system7XObjectE
[2026-07-30 14:44:51.264] [info] [krnl] [t4100492] [AC6 PAC] NtReadFile request caller=821F4EB4 thid=5 path=DATA00.PAC handle=0xf80000dc len=0x34800 offset=2055569408 sync=false
[2026-07-30 14:44:51.264] [info] [krnl] [t4100492] [AC6 PAC] NtReadFile result caller=821F4EB4 path=DATA00.PAC status=0x103 bytes_read=0x34800 iosb_status=0x0 iosb_info=0x34800
[2026-07-30 14:44:51.264] [debug] [sys] [t4100492] Removed handle:F8000140 for N3rex6system6XEventE
[2026-07-30 14:44:51.272] [debug] [krnl] [t4100531] XNotifyGetNext(F800012C, 00000000) -> id=0x12, param=0
[2026-07-30 14:44:51.283] [debug] [krnl] [t4100531] XNotifyGetNext(F800012C, 00000000) -> id=0x13, param=0
[2026-07-30 14:44:51.293] [debug] [krnl] [t4100531] XNotifyGetNext(F800012C, 00000000) -> id=0x13, param=0
[2026-07-30 14:44:51.649] [debug] [sys] [t4100492] Added handle:F8000140 for N3rex6system7XObjectE
[2026-07-30 14:44:51.649] [debug] [sys] [t4100492] Added handle:F8000144 for N3rex6system7XObjectE
[2026-07-30 14:44:51.650] [debug] [sys] [t4100492] XThreadF8000144 (1C) Stack: 70860000-708A0000
[2026-07-30 14:44:51.650] [debug] [sys] [t4100539] Execute thid 28 (handle=F8000144, 'XThread6AFFE6C0 (F8000144)', native=6AFFE6C0)
[2026-07-30 14:44:51.650] [debug] [sys] [t4100539] XThread::Execute - Calling function at 821F7FC8
[2026-07-30 14:44:51.650] [debug] [sys] [t4100492] Added handle:F8000148 for N3rex6system7XObjectE
[2026-07-30 14:44:51.650] [debug] [krnl] [t4100492] XamNotifyCreateListener(mask=0x000000000000006f, is_system=0, max_version=2) -> handle=F8000148
[2026-07-30 14:44:51.684] [debug] [gpu] [t4100445] XELOG_GPU PRESENT: swap_texture_view=0x764769807c00 packet_size=1280x720 src_size=1280x720 src_unscaled=1280x720 guest_output_size=1280x720 format=6
[2026-07-30 14:44:51.684] [debug] [sys] [t4100492] Added handle:F800014C for N3rex6system7XObjectE
[2026-07-30 14:44:51.685] [info] [krnl] [t4100492] [AC6 PAC] NtReadFile request caller=821F4EB4 thid=5 path=DATA00.PAC handle=0xf80000dc len=0x40000 offset=0 sync=false
[2026-07-30 14:44:51.685] [info] [krnl] [t4100492] [AC6 PAC] NtReadFile result caller=821F4EB4 path=DATA00.PAC status=0x103 bytes_read=0x40000 iosb_status=0x0 iosb_info=0x40000
[2026-07-30 14:44:51.685] [debug] [sys] [t4100492] Removed handle:F800014C for N3rex6system6XEventE
[2026-07-30 14:44:51.685] [debug] [sys] [t4100492] Added handle:F800014C for N3rex6system7XObjectE
[2026-07-30 14:44:51.685] [info] [krnl] [t4100492] [AC6 PAC] NtReadFile request caller=821F4EB4 thid=5 path=DATA00.PAC handle=0xf80000dc len=0x40000 offset=262144 sync=false
[2026-07-30 14:44:51.685] [debug] [gpu] [t4100445] Created a 80x8192 1xMSAA color render target with guest format 14 at EDRAM base 0
[2026-07-30 14:44:51.685] [info] [krnl] [t4100492] [AC6 PAC] NtReadFile result caller=821F4EB4 path=DATA00.PAC status=0x103 bytes_read=0x40000 iosb_status=0x0 iosb_info=0x40000
[2026-07-30 14:44:51.685] [debug] [sys] [t4100492] Removed handle:F800014C for N3rex6system6XEventE
[2026-07-30 14:44:51.685] [debug] [sys] [t4100492] Added handle:F800014C for N3rex6system7XObjectE
[2026-07-30 14:44:51.685] [info] [krnl] [t4100492] [AC6 PAC] NtReadFile request caller=821F4EB4 thid=5 path=DATA00.PAC handle=0xf80000dc len=0x40000 offset=524288 sync=false
[2026-07-30 14:44:51.685] [info] [krnl] [t4100492] [AC6 PAC] NtReadFile result caller=821F4EB4 path=DATA00.PAC status=0x103 bytes_read=0x40000 iosb_status=0x0 iosb_info=0x40000
[2026-07-30 14:44:51.685] [debug] [sys] [t4100492] Removed handle:F800014C for N3rex6system6XEventE
[2026-07-30 14:44:51.685] [debug] [sys] [t4100492] Added handle:F800014C for N3rex6system7XObjectE
[2026-07-30 14:44:51.686] [info] [krnl] [t4100492] [AC6 PAC] NtReadFile request caller=821F4EB4 thid=5 path=DATA00.PAC handle=0xf80000dc len=0x40000 offset=786432 sync=false
[2026-07-30 14:44:51.686] [info] [krnl] [t4100492] [AC6 PAC] NtReadFile result caller=821F4EB4 path=DATA00.PAC status=0x103 bytes_read=0x40000 iosb_status=0x0 iosb_info=0x40000
[2026-07-30 14:44:51.686] [debug] [sys] [t4100492] Removed handle:F800014C for N3rex6system6XEventE
[2026-07-30 14:44:51.686] [debug] [sys] [t4100492] Added handle:F800014C for N3rex6system7XObjectE
[2026-07-30 14:44:51.686] [info] [krnl] [t4100492] [AC6 PAC] NtReadFile request caller=821F4EB4 thid=5 path=DATA00.PAC handle=0xf80000dc len=0x40000 offset=1048576 sync=false
[2026-07-30 14:44:51.686] [info] [krnl] [t4100492] [AC6 PAC] NtReadFile result caller=821F4EB4 path=DATA00.PAC status=0x103 bytes_read=0x40000 iosb_status=0x0 iosb_info=0x40000
[2026-07-30 14:44:51.686] [debug] [sys] [t4100492] Removed handle:F800014C for N3rex6system6XEventE
[2026-07-30 14:44:51.686] [debug] [sys] [t4100492] Added handle:F800014C for N3rex6system7XObjectE
[2026-07-30 14:44:51.686] [info] [krnl] [t4100492] [AC6 PAC] NtReadFile request caller=821F4EB4 thid=5 path=DATA00.PAC handle=0xf80000dc len=0x40000 offset=1310720 sync=false
[2026-07-30 14:44:51.686] [info] [krnl] [t4100492] [AC6 PAC] NtReadFile result caller=821F4EB4 path=DATA00.PAC status=0x103 bytes_read=0x40000 iosb_status=0x0 iosb_info=0x40000
[2026-07-30 14:44:51.686] [debug] [sys] [t4100492] Removed handle:F800014C for N3rex6system6XEventE
[2026-07-30 14:44:51.686] [debug] [sys] [t4100492] Added handle:F800014C for N3rex6system7XObjectE
[2026-07-30 14:44:51.687] [info] [krnl] [t4100492] [AC6 PAC] NtReadFile request caller=821F4EB4 thid=5 path=DATA00.PAC handle=0xf80000dc len=0x40000 offset=1572864 sync=false
[2026-07-30 14:44:51.687] [info] [krnl] [t4100492] [AC6 PAC] NtReadFile result caller=821F4EB4 path=DATA00.PAC status=0x103 bytes_read=0x40000 iosb_status=0x0 iosb_info=0x40000
[2026-07-30 14:44:51.687] [debug] [sys] [t4100492] Removed handle:F800014C for N3rex6system6XEventE
[2026-07-30 14:44:51.687] [debug] [sys] [t4100492] Added handle:F800014C for N3rex6system7XObjectE
[2026-07-30 14:44:51.687] [info] [krnl] [t4100492] [AC6 PAC] NtReadFile request caller=821F4EB4 thid=5 path=DATA00.PAC handle=0xf80000dc len=0x40000 offset=1835008 sync=false
[2026-07-30 14:44:51.687] [info] [krnl] [t4100492] [AC6 PAC] NtReadFile result caller=821F4EB4 path=DATA00.PAC status=0x103 bytes_read=0x40000 iosb_status=0x0 iosb_info=0x40000
[2026-07-30 14:44:51.687] [debug] [sys] [t4100492] Removed handle:F800014C for N3rex6system6XEventE
[2026-07-30 14:44:51.687] [debug] [sys] [t4100492] Added handle:F800014C for N3rex6system7XObjectE
[2026-07-30 14:44:51.687] [info] [krnl] [t4100492] [AC6 PAC] NtReadFile request caller=821F4EB4 thid=5 path=DATA00.PAC handle=0xf80000dc len=0x40000 offset=2097152 sync=false
[2026-07-30 14:44:51.687] [info] [krnl] [t4100492] [AC6 PAC] NtReadFile result caller=821F4EB4 path=DATA00.PAC status=0x103 bytes_read=0x40000 iosb_status=0x0 iosb_info=0x40000
[2026-07-30 14:44:51.687] [debug] [sys] [t4100492] Removed handle:F800014C for N3rex6system6XEventE
[2026-07-30 14:44:51.687] [debug] [sys] [t4100492] Added handle:F800014C for N3rex6system7XObjectE
[2026-07-30 14:44:51.688] [info] [krnl] [t4100492] [AC6 PAC] NtReadFile request caller=821F4EB4 thid=5 path=DATA00.PAC handle=0xf80000dc len=0x40000 offset=2359296 sync=false
[2026-07-30 14:44:51.688] [info] [krnl] [t4100492] [AC6 PAC] NtReadFile result caller=821F4EB4 path=DATA00.PAC status=0x103 bytes_read=0x40000 iosb_status=0x0 iosb_info=0x40000
[2026-07-30 14:44:51.688] [debug] [sys] [t4100492] Removed handle:F800014C for N3rex6system6XEventE
[2026-07-30 14:44:51.688] [debug] [sys] [t4100492] Added handle:F800014C for N3rex6system7XObjectE
[2026-07-30 14:44:51.688] [info] [krnl] [t4100492] [AC6 PAC] NtReadFile request caller=821F4EB4 thid=5 path=DATA00.PAC handle=0xf80000dc len=0x40000 offset=2621440 sync=false
[2026-07-30 14:44:51.688] [info] [krnl] [t4100492] [AC6 PAC] NtReadFile result caller=821F4EB4 path=DATA00.PAC status=0x103 bytes_read=0x40000 iosb_status=0x0 iosb_info=0x40000
[2026-07-30 14:44:51.688] [debug] [sys] [t4100492] Removed handle:F800014C for N3rex6system6XEventE
[2026-07-30 14:44:51.688] [debug] [sys] [t4100492] Added handle:F800014C for N3rex6system7XObjectE
[2026-07-30 14:44:51.688] [info] [krnl] [t4100492] [AC6 PAC] NtReadFile request caller=821F4EB4 thid=5 path=DATA00.PAC handle=0xf80000dc len=0x40000 offset=2883584 sync=false
[2026-07-30 14:44:51.688] [info] [krnl] [t4100492] [AC6 PAC] NtReadFile result caller=821F4EB4 path=DATA00.PAC status=0x103 bytes_read=0x40000 iosb_status=0x0 iosb_info=0x40000
[2026-07-30 14:44:51.688] [debug] [sys] [t4100492] Removed handle:F800014C for N3rex6system6XEventE
[2026-07-30 14:44:51.688] [debug] [sys] [t4100492] Added handle:F800014C for N3rex6system7XObjectE
[2026-07-30 14:44:51.689] [info] [krnl] [t4100492] [AC6 PAC] NtReadFile request caller=821F4EB4 thid=5 path=DATA00.PAC handle=0xf80000dc len=0x3c000 offset=3145728 sync=false
[2026-07-30 14:44:51.689] [info] [krnl] [t4100492] [AC6 PAC] NtReadFile result caller=821F4EB4 path=DATA00.PAC status=0x103 bytes_read=0x3c000 iosb_status=0x0 iosb_info=0x3c000
[2026-07-30 14:44:51.689] [debug] [sys] [t4100492] Removed handle:F800014C for N3rex6system6XEventE
[2026-07-30 14:44:51.690] [info] [gpu] [t4100445] Creating graphics pipeline state with VS 0A6D1DD7767FDF27
[2026-07-30 14:44:51.691] [info] [gpu] [t4100468] Creating graphics pipeline state with VS 0A6D1DD7767FDF27, PS 2E372EA28CC404B7
[2026-07-30 14:44:51.699] [warning] [gpu] [t4100445] Skipping Vulkan frame presentation due to async placeholder draw usage in this frame
[2026-07-30 14:44:51.855] [debug] [sys] [t4100492] Added handle:F800014C for N3rex6system7XObjectE
[2026-07-30 14:44:51.866] [debug] [gpu] [t4100445] XELOG_GPU PRESENT: swap_texture_view=0x764769807c00 packet_size=1280x720 src_size=1280x720 src_unscaled=1280x720 guest_output_size=1280x720 format=6
[2026-07-30 14:44:51.883] [debug] [gpu] [t4100445] XELOG_GPU PRESENT: swap_texture_view=0x764769807c00 packet_size=1280x720 src_size=1280x720 src_unscaled=1280x720 guest_output_size=1280x720 format=6
[2026-07-30 14:44:51.884] [info] [gpu] [t4100445] Creating graphics pipeline state with VS C049A8C9E556F129
[2026-07-30 14:44:51.930] [debug] [sys] [t4100500] Added handle:F8000150 for N3rex6system7XObjectE
[2026-07-30 14:44:51.930] [info] [krnl] [t4100500] [AC6 PAC] NtReadFile request caller=821F4EB4 thid=11 path=DATA00.PAC handle=0xf80000dc len=0x40000 offset=2069266432 sync=false
[2026-07-30 14:44:51.931] [info] [krnl] [t4100500] [AC6 PAC] NtReadFile result caller=821F4EB4 path=DATA00.PAC status=0x103 bytes_read=0x40000 iosb_status=0x0 iosb_info=0x40000
[2026-07-30 14:44:51.931] [debug] [sys] [t4100500] Removed handle:F8000150 for N3rex6system6XEventE
[2026-07-30 14:44:51.931] [debug] [sys] [t4100500] Added handle:F8000150 for N3rex6system7XObjectE
[2026-07-30 14:44:51.931] [info] [krnl] [t4100500] [AC6 PAC] NtReadFile request caller=821F4EB4 thid=11 path=DATA00.PAC handle=0xf80000dc len=0x40000 offset=2069528576 sync=false
[2026-07-30 14:44:51.931] [info] [krnl] [t4100500] [AC6 PAC] NtReadFile result caller=821F4EB4 path=DATA00.PAC status=0x103 bytes_read=0x40000 iosb_status=0x0 iosb_info=0x40000
[2026-07-30 14:44:51.931] [debug] [sys] [t4100500] Removed handle:F8000150 for N3rex6system6XEventE
[2026-07-30 14:44:51.931] [debug] [sys] [t4100500] Added handle:F8000150 for N3rex6system7XObjectE
[2026-07-30 14:44:51.931] [info] [krnl] [t4100500] [AC6 PAC] NtReadFile request caller=821F4EB4 thid=11 path=DATA00.PAC handle=0xf80000dc len=0x40000 offset=2069790720 sync=false
[2026-07-30 14:44:51.931] [info] [krnl] [t4100500] [AC6 PAC] NtReadFile result caller=821F4EB4 path=DATA00.PAC status=0x103 bytes_read=0x40000 iosb_status=0x0 iosb_info=0x40000
[2026-07-30 14:44:51.931] [debug] [sys] [t4100500] Removed handle:F8000150 for N3rex6system6XEventE
[2026-07-30 14:44:51.931] [debug] [sys] [t4100500] Added handle:F8000150 for N3rex6system7XObjectE
[2026-07-30 14:44:51.931] [info] [krnl] [t4100500] [AC6 PAC] NtReadFile request caller=821F4EB4 thid=11 path=DATA00.PAC handle=0xf80000dc len=0x9800 offset=2070052864 sync=false
[2026-07-30 14:44:51.931] [info] [krnl] [t4100500] [AC6 PAC] NtReadFile result caller=821F4EB4 path=DATA00.PAC status=0x103 bytes_read=0x9800 iosb_status=0x0 iosb_info=0x9800
[2026-07-30 14:44:51.931] [debug] [sys] [t4100500] Removed handle:F8000150 for N3rex6system6XEventE
[2026-07-30 14:44:51.966] [debug] [gpu] [t4100445] XELOG_GPU PRESENT: swap_texture_view=0x764769807c00 packet_size=1280x720 src_size=1280x720 src_unscaled=1280x720 guest_output_size=1280x720 format=6
[2026-07-30 14:44:51.967] [info] [gpu] [t4100445] Creating graphics pipeline state with VS C049A8C9E556F129
[2026-07-30 14:44:51.982] [debug] [gpu] [t4100445] XELOG_GPU PRESENT: swap_texture_view=0x764769807c00 packet_size=1280x720 src_size=1280x720 src_unscaled=1280x720 guest_output_size=1280x720 format=6
[2026-07-30 14:44:51.999] [debug] [gpu] [t4100445] XELOG_GPU PRESENT: swap_texture_view=0x764769807c00 packet_size=1280x720 src_size=1280x720 src_unscaled=1280x720 guest_output_size=1280x720 format=6
[2026-07-30 14:44:52.016] [debug] [gpu] [t4100445] XELOG_GPU PRESENT: swap_texture_view=0x764769807c00 packet_size=1280x720 src_size=1280x720 src_unscaled=1280x720 guest_output_size=1280x720 format=6
[2026-07-30 14:44:52.606] [debug] [apu] [t4100431] AudioRuntime periodic: client=0 queued=3 target=3 low_water=2 submitted=212 consumed=280 queued_played=209 underruns=0 callbacks=212 tic=71680 synthetic_tic=54272 submitted_tic=54272 startup_cap_tic=768 startup_inflight=3 callback_throttles=4 callback_empty=0 last_callback_frames=1 last_callback_us=1256 peak=3 drift_ms=-21.3
[2026-07-30 14:44:55.166] [debug] [apu] [t4100431] AudioRuntime periodic: client=0 queued=3 target=3 low_water=2 submitted=572 consumed=760 queued_played=569 underruns=0 callbacks=572 tic=194560 synthetic_tic=146432 submitted_tic=146432 startup_cap_tic=768 startup_inflight=3 callback_throttles=4 callback_empty=0 last_callback_frames=1 last_callback_us=1211 peak=3 drift_ms=-21.3
[2026-07-30 14:44:55.499] [info] [gpu] [t4100446] [frame-loop] vblank=300 eop=25 other_source=0 no_handler=21 guest_swap_requests=9 host_swap_presents=8 pacing_notifications=0 | ring wptr_updates=38 wptr=00000079 rptr=00000079 primary_executions=14 pm4_interrupt=25 pm4_swap=9
[2026-07-30 14:44:55.499] [info] [gpu] [t4100446] [frame-loop] guest waits: [tid=0006 wait1 handle=F8000030 held=5009ms waits=1] [tid=0007 wait1 handle=F800003C held=5008ms waits=1] [tid=0008 wait1 handle=F8000048 held=5006ms waits=1] [tid=0009 wait1 handle=F8000054 held=5005ms waits=1] [tid=000A wait1 handle=F800005C held=5003ms waits=1] [tid=000C wait1 handle=F8000074 held=5001ms waits=1] [tid=0016 wait1 handle=F80000D4 held=4635ms waits=9] [tid=000D wait1 handle=F8000080 held=3644ms waits=2] [tid=0011 wait1 handle=F80000B0 held=3643ms waits=4] [tid=000B wait1 handle=F8000068 held=3537ms waits=3] [tid=0013 wait1 handle=F80000B0 held=3531ms waits=3] [tid=001C wait1 handle=F8000140 held=3516ms waits=6] [tid=0012 wait1 handle=F80000B0 held=3516ms waits=5] [tid=0010 wait1 handle=F8000024 held=3499ms waits=48] [tid=000F wait1 handle=F800009C held=3499ms waits=9] [tid=000E wait1 handle=F8000088 held=16ms waits=599] [tid=001B wait1 handle=F8000134 held=6ms waits=429]
[2026-07-30 14:44:57.726] [debug] [apu] [t4100431] AudioRuntime periodic: client=0 queued=3 target=3 low_water=2 submitted=932 consumed=1240 queued_played=929 underruns=0 callbacks=932 tic=317440 synthetic_tic=238592 submitted_tic=238592 startup_cap_tic=768 startup_inflight=3 callback_throttles=4 callback_empty=0 last_callback_frames=1 last_callback_us=1397 peak=3 drift_ms=-21.4
[2026-07-30 14:45:00.339] [debug] [apu] [t4100431] AudioRuntime periodic: client=0 queued=3 target=3 low_water=2 submitted=1298 consumed=1728 queued_played=1295 underruns=0 callbacks=1298 tic=442368 synthetic_tic=332288 submitted_tic=332288 startup_cap_tic=768 startup_inflight=3 callback_throttles=4 callback_empty=0 last_callback_frames=1 last_callback_us=1227 peak=3 drift_ms=-21.4
[2026-07-30 14:45:00.500] [info] [gpu] [t4100446] [frame-loop] vblank=600 eop=25 other_source=0 no_handler=21 guest_swap_requests=9 host_swap_presents=8 pacing_notifications=0 | ring wptr_updates=38 wptr=00000079 rptr=00000079 primary_executions=14 pm4_interrupt=25 pm4_swap=9
[2026-07-30 14:45:00.500] [info] [gpu] [t4100446] [frame-loop] guest waits: [tid=0006 wait1 handle=F8000030 held=10010ms waits=1] [tid=0007 wait1 handle=F800003C held=10009ms waits=1] [tid=0008 wait1 handle=F8000048 held=10007ms waits=1] [tid=0009 wait1 handle=F8000054 held=10006ms waits=1] [tid=000A wait1 handle=F800005C held=10004ms waits=1] [tid=000C wait1 handle=F8000074 held=10002ms waits=1] [tid=0016 wait1 handle=F80000D4 held=9636ms waits=9] [tid=000D wait1 handle=F8000080 held=8645ms waits=2] [tid=0011 wait1 handle=F80000B0 held=8644ms waits=4] [tid=000B wait1 handle=F8000068 held=8538ms waits=3] [tid=0013 wait1 handle=F80000B0 held=8532ms waits=3] [tid=001C wait1 handle=F8000140 held=8517ms waits=6] [tid=0012 wait1 handle=F80000B0 held=8517ms waits=5] [tid=0010 wait1 handle=F8000024 held=8500ms waits=48] [tid=000F wait1 handle=F800009C held=8500ms waits=9] [tid=000E wait1 handle=F8000088 held=16ms waits=1199] [tid=001B wait1 handle=F8000134 held=7ms waits=929]
[2026-07-30 14:45:02.968] [debug] [apu] [t4100431] AudioRuntime periodic: client=0 queued=3 target=3 low_water=2 submitted=1667 consumed=2220 queued_played=1664 underruns=0 callbacks=1667 tic=568320 synthetic_tic=426752 submitted_tic=426752 startup_cap_tic=768 startup_inflight=3 callback_throttles=4 callback_empty=0 last_callback_frames=1 last_callback_us=1304 peak=3 drift_ms=-21.3
[2026-07-30 14:45:05.500] [info] [gpu] [t4100446] [frame-loop] vblank=900 eop=25 other_source=0 no_handler=21 guest_swap_requests=9 host_swap_presents=8 pacing_notifications=0 | ring wptr_updates=38 wptr=00000079 rptr=00000079 primary_executions=14 pm4_interrupt=25 pm4_swap=9
[2026-07-30 14:45:05.500] [info] [gpu] [t4100446] [frame-loop] guest waits: [tid=0006 wait1 handle=F8000030 held=15011ms waits=1] [tid=0007 wait1 handle=F800003C held=15010ms waits=1] [tid=0008 wait1 handle=F8000048 held=15008ms waits=1] [tid=0009 wait1 handle=F8000054 held=15007ms waits=1] [tid=000A wait1 handle=F800005C held=15005ms waits=1] [tid=000C wait1 handle=F8000074 held=15003ms waits=1] [tid=0016 wait1 handle=F80000D4 held=14637ms waits=9] [tid=000D wait1 handle=F8000080 held=13646ms waits=2] [tid=0011 wait1 handle=F80000B0 held=13645ms waits=4] [tid=000B wait1 handle=F8000068 held=13539ms waits=3] [tid=0013 wait1 handle=F80000B0 held=13533ms waits=3] [tid=001C wait1 handle=F8000140 held=13518ms waits=6] [tid=0012 wait1 handle=F80000B0 held=13518ms waits=5] [tid=0010 wait1 handle=F8000024 held=13501ms waits=48] [tid=000F wait1 handle=F800009C held=13501ms waits=9] [tid=000E wait1 handle=F8000088 held=18ms waits=1799] [tid=001B wait1 handle=F8000134 held=8ms waits=1429]
[2026-07-30 14:45:05.587] [debug] [apu] [t4100431] AudioRuntime periodic: client=0 queued=3 target=3 low_water=2 submitted=2037 consumed=2712 queued_played=2034 underruns=0 callbacks=2037 tic=694272 synthetic_tic=521472 submitted_tic=521472 startup_cap_tic=768 startup_inflight=3 callback_throttles=4 callback_empty=0 last_callback_frames=1 last_callback_us=1253 peak=3 drift_ms=-21.4
[2026-07-30 14:45:08.147] [debug] [apu] [t4100431] AudioRuntime periodic: client=0 queued=3 target=3 low_water=2 submitted=2397 consumed=3192 queued_played=2394 underruns=0 callbacks=2397 tic=817152 synthetic_tic=613632 submitted_tic=613632 startup_cap_tic=768 startup_inflight=3 callback_throttles=4 callback_empty=0 last_callback_frames=1 last_callback_us=1428 peak=3 drift_ms=-21.4
[2026-07-30 14:45:10.500] [info] [gpu] [t4100446] [frame-loop] vblank=1200 eop=25 other_source=0 no_handler=21 guest_swap_requests=9 host_swap_presents=8 pacing_notifications=0 | ring wptr_updates=38 wptr=00000079 rptr=00000079 primary_executions=14 pm4_interrupt=25 pm4_swap=9
[2026-07-30 14:45:10.500] [info] [gpu] [t4100446] [frame-loop] guest waits: [tid=0006 wait1 handle=F8000030 held=20010ms waits=1] [tid=0007 wait1 handle=F800003C held=20009ms waits=1] [tid=0008 wait1 handle=F8000048 held=20007ms waits=1] [tid=0009 wait1 handle=F8000054 held=20006ms waits=1] [tid=000A wait1 handle=F800005C held=20004ms waits=1] [tid=000C wait1 handle=F8000074 held=20002ms waits=1] [tid=0016 wait1 handle=F80000D4 held=19636ms waits=9] [tid=000D wait1 handle=F8000080 held=18645ms waits=2] [tid=0011 wait1 handle=F80000B0 held=18644ms waits=4] [tid=000B wait1 handle=F8000068 held=18538ms waits=3] [tid=0013 wait1 handle=F80000B0 held=18532ms waits=3] [tid=001C wait1 handle=F8000140 held=18517ms waits=6] [tid=0012 wait1 handle=F80000B0 held=18517ms waits=5] [tid=0010 wait1 handle=F8000024 held=18500ms waits=48] [tid=000F wait1 handle=F800009C held=18500ms waits=9] [tid=000E wait1 handle=F8000088 held=16ms waits=2399] [tid=001B wait1 handle=F8000134 held=6ms waits=1929]
[2026-07-30 14:45:10.707] [debug] [apu] [t4100431] AudioRuntime periodic: client=0 queued=3 target=3 low_water=2 submitted=2757 consumed=3672 queued_played=2754 underruns=0 callbacks=2757 tic=940032 synthetic_tic=705792 submitted_tic=705792 startup_cap_tic=768 startup_inflight=3 callback_throttles=4 callback_empty=0 last_callback_frames=1 last_callback_us=1278 peak=3 drift_ms=-21.3
[2026-07-30 14:45:13.267] [debug] [apu] [t4100431] AudioRuntime periodic: client=0 queued=3 target=3 low_water=2 submitted=3117 consumed=4152 queued_played=3114 underruns=0 callbacks=3117 tic=1062912 synthetic_tic=797952 submitted_tic=797952 startup_cap_tic=768 startup_inflight=3 callback_throttles=4 callback_empty=0 last_callback_frames=1 last_callback_us=1281 peak=3 drift_ms=-21.4
[2026-07-30 14:45:15.500] [info] [gpu] [t4100446] [frame-loop] vblank=1500 eop=25 other_source=0 no_handler=21 guest_swap_requests=9 host_swap_presents=8 pacing_notifications=0 | ring wptr_updates=38 wptr=00000079 rptr=00000079 primary_executions=14 pm4_interrupt=25 pm4_swap=9
[2026-07-30 14:45:15.500] [info] [gpu] [t4100446] [frame-loop] guest waits: [tid=0006 wait1 handle=F8000030 held=25011ms waits=1] [tid=0007 wait1 handle=F800003C held=25010ms waits=1] [tid=0008 wait1 handle=F8000048 held=25008ms waits=1] [tid=0009 wait1 handle=F8000054 held=25007ms waits=1] [tid=000A wait1 handle=F800005C held=25005ms waits=1] [tid=000C wait1 handle=F8000074 held=25003ms waits=1] [tid=0016 wait1 handle=F80000D4 held=24637ms waits=9] [tid=000D wait1 handle=F8000080 held=23646ms waits=2] [tid=0011 wait1 handle=F80000B0 held=23645ms waits=4] [tid=000B wait1 handle=F8000068 held=23539ms waits=3] [tid=0013 wait1 handle=F80000B0 held=23533ms waits=3] [tid=001C wait1 handle=F8000140 held=23518ms waits=6] [tid=0012 wait1 handle=F80000B0 held=23518ms waits=5] [tid=0010 wait1 handle=F8000024 held=23501ms waits=48] [tid=000F wait1 handle=F800009C held=23501ms waits=9] [tid=000E wait1 handle=F8000088 held=17ms waits=2999] [tid=001B wait1 handle=F8000134 held=8ms waits=2429]
[2026-07-30 14:45:15.827] [debug] [apu] [t4100431] AudioRuntime periodic: client=0 queued=3 target=3 low_water=2 submitted=3477 consumed=4632 queued_played=3474 underruns=0 callbacks=3477 tic=1185792 synthetic_tic=890112 submitted_tic=890112 startup_cap_tic=768 startup_inflight=3 callback_throttles=4 callback_empty=0 last_callback_frames=1 last_callback_us=1245 peak=3 drift_ms=-21.3
[2026-07-30 14:45:18.441] [debug] [apu] [t4100431] AudioRuntime periodic: client=0 queued=3 target=3 low_water=2 submitted=3846 consumed=5124 queued_played=3843 underruns=0 callbacks=3846 tic=1311744 synthetic_tic=984576 submitted_tic=984576 startup_cap_tic=768 startup_inflight=3 callback_throttles=4 callback_empty=0 last_callback_frames=1 last_callback_us=1254 peak=3 drift_ms=-21.3
[2026-07-30 14:45:20.500] [info] [gpu] [t4100446] [frame-loop] vblank=1800 eop=25 other_source=0 no_handler=21 guest_swap_requests=9 host_swap_presents=8 pacing_notifications=0 | ring wptr_updates=38 wptr=00000079 rptr=00000079 primary_executions=14 pm4_interrupt=25 pm4_swap=9
[2026-07-30 14:45:20.500] [info] [gpu] [t4100446] [frame-loop] guest waits: [tid=0006 wait1 handle=F8000030 held=30011ms waits=1] [tid=0007 wait1 handle=F800003C held=30010ms waits=1] [tid=0008 wait1 handle=F8000048 held=30008ms waits=1] [tid=0009 wait1 handle=F8000054 held=30007ms waits=1] [tid=000A wait1 handle=F800005C held=30005ms waits=1] [tid=000C wait1 handle=F8000074 held=30003ms waits=1] [tid=0016 wait1 handle=F80000D4 held=29637ms waits=9] [tid=000D wait1 handle=F8000080 held=28646ms waits=2] [tid=0011 wait1 handle=F80000B0 held=28645ms waits=4] [tid=000B wait1 handle=F8000068 held=28539ms waits=3] [tid=0013 wait1 handle=F80000B0 held=28533ms waits=3] [tid=001C wait1 handle=F8000140 held=28518ms waits=6] [tid=0012 wait1 handle=F80000B0 held=28518ms waits=5] [tid=0010 wait1 handle=F8000024 held=28501ms waits=48] [tid=000F wait1 handle=F800009C held=28501ms waits=9] [tid=000E wait1 handle=F8000088 held=17ms waits=3599] [tid=001B wait1 handle=F8000134 held=8ms waits=2929]
[2026-07-30 14:45:21.016] [debug] [apu] [t4100431] AudioRuntime periodic: client=0 queued=3 target=3 low_water=2 submitted=4206 consumed=5604 queued_played=4203 underruns=0 callbacks=4206 tic=1434624 synthetic_tic=1076736 submitted_tic=1076736 startup_cap_tic=768 startup_inflight=3 callback_throttles=4 callback_empty=0 last_callback_frames=1 last_callback_us=1238 peak=3 drift_ms=-21.3
[2026-07-30 14:45:23.576] [debug] [apu] [t4100431] AudioRuntime periodic: client=0 queued=3 target=3 low_water=2 submitted=4566 consumed=6084 queued_played=4563 underruns=0 callbacks=4566 tic=1557504 synthetic_tic=1168896 submitted_tic=1168896 startup_cap_tic=768 startup_inflight=3 callback_throttles=4 callback_empty=0 last_callback_frames=1 last_callback_us=1423 peak=3 drift_ms=-21.3
[2026-07-30 14:45:25.501] [info] [gpu] [t4100446] [frame-loop] vblank=2100 eop=25 other_source=0 no_handler=21 guest_swap_requests=9 host_swap_presents=8 pacing_notifications=0 | ring wptr_updates=38 wptr=00000079 rptr=00000079 primary_executions=14 pm4_interrupt=25 pm4_swap=9
[2026-07-30 14:45:25.501] [info] [gpu] [t4100446] [frame-loop] guest waits: [tid=0006 wait1 handle=F8000030 held=35012ms waits=1] [tid=0007 wait1 handle=F800003C held=35011ms waits=1] [tid=0008 wait1 handle=F8000048 held=35009ms waits=1] [tid=0009 wait1 handle=F8000054 held=35008ms waits=1] [tid=000A wait1 handle=F800005C held=35006ms waits=1] [tid=000C wait1 handle=F8000074 held=35004ms waits=1] [tid=0016 wait1 handle=F80000D4 held=34638ms waits=9] [tid=000D wait1 handle=F8000080 held=33647ms waits=2] [tid=0011 wait1 handle=F80000B0 held=33646ms waits=4] [tid=000B wait1 handle=F8000068 held=33540ms waits=3] [tid=0013 wait1 handle=F80000B0 held=33534ms waits=3] [tid=001C wait1 handle=F8000140 held=33519ms waits=6] [tid=0012 wait1 handle=F80000B0 held=33519ms waits=5] [tid=0010 wait1 handle=F8000024 held=33502ms waits=48] [tid=000F wait1 handle=F800009C held=33502ms waits=9] [tid=000E wait1 handle=F8000088 held=18ms waits=4199] [tid=001B wait1 handle=F8000134 held=9ms waits=3429]
[2026-07-30 14:45:26.142] [debug] [apu] [t4100431] AudioRuntime periodic: client=0 queued=3 target=3 low_water=2 submitted=4929 consumed=6568 queued_played=4926 underruns=0 callbacks=4929 tic=1681408 synthetic_tic=1261824 submitted_tic=1261824 startup_cap_tic=768 startup_inflight=3 callback_throttles=4 callback_empty=0 last_callback_frames=1 last_callback_us=1218 peak=3 drift_ms=-21.3
[2026-07-30 14:45:28.702] [debug] [apu] [t4100431] AudioRuntime periodic: client=0 queued=3 target=3 low_water=2 submitted=5289 consumed=7048 queued_played=5286 underruns=0 callbacks=5289 tic=1804288 synthetic_tic=1353984 submitted_tic=1353984 startup_cap_tic=768 startup_inflight=3 callback_throttles=4 callback_empty=0 last_callback_frames=1 last_callback_us=1474 peak=3 drift_ms=-21.4
[2026-07-30 14:45:30.501] [info] [gpu] [t4100446] [frame-loop] vblank=2400 eop=25 other_source=0 no_handler=21 guest_swap_requests=9 host_swap_presents=8 pacing_notifications=0 | ring wptr_updates=38 wptr=00000079 rptr=00000079 primary_executions=14 pm4_interrupt=25 pm4_swap=9
[2026-07-30 14:45:30.501] [info] [gpu] [t4100446] [frame-loop] guest waits: [tid=0006 wait1 handle=F8000030 held=40012ms waits=1] [tid=0007 wait1 handle=F800003C held=40011ms waits=1] [tid=0008 wait1 handle=F8000048 held=40009ms waits=1] [tid=0009 wait1 handle=F8000054 held=40008ms waits=1] [tid=000A wait1 handle=F800005C held=40006ms waits=1] [tid=000C wait1 handle=F8000074 held=40004ms waits=1] [tid=0016 wait1 handle=F80000D4 held=39638ms waits=9] [tid=000D wait1 handle=F8000080 held=38647ms waits=2] [tid=0011 wait1 handle=F80000B0 held=38646ms waits=4] [tid=000B wait1 handle=F8000068 held=38540ms waits=3] [tid=0013 wait1 handle=F80000B0 held=38534ms waits=3] [tid=001C wait1 handle=F8000140 held=38519ms waits=6] [tid=0012 wait1 handle=F80000B0 held=38519ms waits=5] [tid=0010 wait1 handle=F8000024 held=38502ms waits=48] [tid=000F wait1 handle=F800009C held=38502ms waits=9] [tid=000E wait1 handle=F8000088 held=16ms waits=4799] [tid=001B wait1 handle=F8000134 held=8ms waits=3929]
[2026-07-30 14:45:31.293] [debug] [apu] [t4100431] AudioRuntime periodic: client=0 queued=3 target=3 low_water=2 submitted=5652 consumed=7532 queued_played=5649 underruns=0 callbacks=5652 tic=1928192 synthetic_tic=1446912 submitted_tic=1446912 startup_cap_tic=768 startup_inflight=3 callback_throttles=4 callback_empty=0 last_callback_frames=1 last_callback_us=1323 peak=3 drift_ms=-21.3
[2026-07-30 14:45:33.907] [debug] [apu] [t4100431] AudioRuntime periodic: client=0 queued=3 target=3 low_water=2 submitted=6021 consumed=8024 queued_played=6018 underruns=0 callbacks=6021 tic=2054144 synthetic_tic=1541376 submitted_tic=1541376 startup_cap_tic=768 startup_inflight=3 callback_throttles=4 callback_empty=0 last_callback_frames=1 last_callback_us=1214 peak=3 drift_ms=-21.3
[2026-07-30 14:45:35.502] [info] [gpu] [t4100446] [frame-loop] vblank=2700 eop=25 other_source=0 no_handler=21 guest_swap_requests=9 host_swap_presents=8 pacing_notifications=0 | ring wptr_updates=38 wptr=00000079 rptr=00000079 primary_executions=14 pm4_interrupt=25 pm4_swap=9
[2026-07-30 14:45:35.502] [info] [gpu] [t4100446] [frame-loop] guest waits: [tid=0006 wait1 handle=F8000030 held=45012ms waits=1] [tid=0007 wait1 handle=F800003C held=45011ms waits=1] [tid=0008 wait1 handle=F8000048 held=45009ms waits=1] [tid=0009 wait1 handle=F8000054 held=45008ms waits=1] [tid=000A wait1 handle=F800005C held=45006ms waits=1] [tid=000C wait1 handle=F8000074 held=45004ms waits=1] [tid=0016 wait1 handle=F80000D4 held=44638ms waits=9] [tid=000D wait1 handle=F8000080 held=43647ms waits=2] [tid=0011 wait1 handle=F80000B0 held=43646ms waits=4] [tid=000B wait1 handle=F8000068 held=43540ms waits=3] [tid=0013 wait1 handle=F80000B0 held=43534ms waits=3] [tid=001C wait1 handle=F8000140 held=43519ms waits=6] [tid=0012 wait1 handle=F80000B0 held=43519ms waits=5] [tid=0010 wait1 handle=F8000024 held=43502ms waits=48] [tid=000F wait1 handle=F800009C held=43502ms waits=9] [tid=000E wait1 handle=F8000088 held=17ms waits=5399] [tid=001B wait1 handle=F8000134 held=9ms waits=4429]
[2026-07-30 14:45:36.504] [debug] [apu] [t4100431] AudioRuntime periodic: client=0 queued=3 target=3 low_water=2 submitted=6384 consumed=8508 queued_played=6381 underruns=0 callbacks=6384 tic=2178048 synthetic_tic=1634304 submitted_tic=1634304 startup_cap_tic=768 startup_inflight=3 callback_throttles=4 callback_empty=0 last_callback_frames=1 last_callback_us=1404 peak=3 drift_ms=-21.3
[2026-07-30 14:45:39.064] [debug] [apu] [t4100431] AudioRuntime periodic: client=0 queued=3 target=3 low_water=2 submitted=6744 consumed=8988 queued_played=6741 underruns=0 callbacks=6744 tic=2300928 synthetic_tic=1726464 submitted_tic=1726464 startup_cap_tic=768 startup_inflight=3 callback_throttles=4 callback_empty=0 last_callback_frames=1 last_callback_us=1195 peak=3 drift_ms=-21.4
[2026-07-30 14:45:40.502] [info] [gpu] [t4100446] [frame-loop] vblank=3000 eop=25 other_source=0 no_handler=21 guest_swap_requests=9 host_swap_presents=8 pacing_notifications=0 | ring wptr_updates=38 wptr=00000079 rptr=00000079 primary_executions=14 pm4_interrupt=25 pm4_swap=9
[2026-07-30 14:45:40.502] [info] [gpu] [t4100446] [frame-loop] guest waits: [tid=0006 wait1 handle=F8000030 held=50012ms waits=1] [tid=0007 wait1 handle=F800003C held=50011ms waits=1] [tid=0008 wait1 handle=F8000048 held=50009ms waits=1] [tid=0009 wait1 handle=F8000054 held=50008ms waits=1] [tid=000A wait1 handle=F800005C held=50006ms waits=1] [tid=000C wait1 handle=F8000074 held=50004ms waits=1] [tid=0016 wait1 handle=F80000D4 held=49638ms waits=9] [tid=000D wait1 handle=F8000080 held=48647ms waits=2] [tid=0011 wait1 handle=F80000B0 held=48646ms waits=4] [tid=000B wait1 handle=F8000068 held=48540ms waits=3] [tid=0013 wait1 handle=F80000B0 held=48534ms waits=3] [tid=001C wait1 handle=F8000140 held=48519ms waits=6] [tid=0012 wait1 handle=F80000B0 held=48519ms waits=5] [tid=0010 wait1 handle=F8000024 held=48502ms waits=48] [tid=000F wait1 handle=F800009C held=48502ms waits=9] [tid=000E wait1 handle=F8000088 held=16ms waits=5999] [tid=001B wait1 handle=F8000134 held=9ms waits=4929]
[2026-07-30 14:45:41.624] [debug] [apu] [t4100431] AudioRuntime periodic: client=0 queued=3 target=3 low_water=2 submitted=7104 consumed=9468 queued_played=7101 underruns=0 callbacks=7104 tic=2423808 synthetic_tic=1818624 submitted_tic=1818624 startup_cap_tic=768 startup_inflight=3 callback_throttles=4 callback_empty=0 last_callback_frames=1 last_callback_us=1233 peak=3 drift_ms=-21.4
[2026-07-30 14:45:44.184] [debug] [apu] [t4100431] AudioRuntime periodic: client=0 queued=3 target=3 low_water=2 submitted=7464 consumed=9948 queued_played=7461 underruns=0 callbacks=7464 tic=2546688 synthetic_tic=1910784 submitted_tic=1910784 startup_cap_tic=768 startup_inflight=3 callback_throttles=4 callback_empty=0 last_callback_frames=1 last_callback_us=1283 peak=3 drift_ms=-21.4
[2026-07-30 14:45:45.501] [info] [gpu] [t4100446] [frame-loop] vblank=3300 eop=25 other_source=0 no_handler=21 guest_swap_requests=9 host_swap_presents=8 pacing_notifications=0 | ring wptr_updates=38 wptr=00000079 rptr=00000079 primary_executions=14 pm4_interrupt=25 pm4_swap=9
[2026-07-30 14:45:45.501] [info] [gpu] [t4100446] [frame-loop] guest waits: [tid=0006 wait1 handle=F8000030 held=55012ms waits=1] [tid=0007 wait1 handle=F800003C held=55011ms waits=1] [tid=0008 wait1 handle=F8000048 held=55009ms waits=1] [tid=0009 wait1 handle=F8000054 held=55008ms waits=1] [tid=000A wait1 handle=F800005C held=55006ms waits=1] [tid=000C wait1 handle=F8000074 held=55004ms waits=1] [tid=0016 wait1 handle=F80000D4 held=54638ms waits=9] [tid=000D wait1 handle=F8000080 held=53647ms waits=2] [tid=0011 wait1 handle=F80000B0 held=53646ms waits=4] [tid=000B wait1 handle=F8000068 held=53540ms waits=3] [tid=0013 wait1 handle=F80000B0 held=53534ms waits=3] [tid=001C wait1 handle=F8000140 held=53519ms waits=6] [tid=0012 wait1 handle=F80000B0 held=53519ms waits=5] [tid=0010 wait1 handle=F8000024 held=53502ms waits=48] [tid=000F wait1 handle=F800009C held=53502ms waits=9] [tid=000E wait1 handle=F8000088 held=17ms waits=6599] [tid=001B wait1 handle=F8000134 held=9ms waits=5429]
[2026-07-30 14:45:46.744] [debug] [apu] [t4100431] AudioRuntime periodic: client=0 queued=3 target=3 low_water=2 submitted=7824 consumed=10428 queued_played=7821 underruns=0 callbacks=7824 tic=2669568 synthetic_tic=2002944 submitted_tic=2002944 startup_cap_tic=768 startup_inflight=3 callback_throttles=4 callback_empty=0 last_callback_frames=1 last_callback_us=1341 peak=3 drift_ms=-21.3
[2026-07-30 14:45:49.304] [debug] [apu] [t4100431] AudioRuntime periodic: client=0 queued=3 target=3 low_water=2 submitted=8184 consumed=10908 queued_played=8181 underruns=0 callbacks=8184 tic=2792448 synthetic_tic=2095104 submitted_tic=2095104 startup_cap_tic=768 startup_inflight=3 callback_throttles=4 callback_empty=0 last_callback_frames=1 last_callback_us=1232 peak=3 drift_ms=-21.3
