# The 1619 locator-like words the RTTI sweep refused, named at last.
# Produced by scripts/Ac6RttiRejects.java, read-only, no oracle. It re-runs
# SweepMsvcRtti's identical scan - same 811 vtables, same 1619 refusals -
# and records which step of the chain refused each candidate.
#
# reason is the first step that failed, in the sweep's own order:
# signature, type_out_of_range, hierarchy_out_of_range, name_unreadable,
# name_not_rtti, slot_unreadable, slot_not_code.
#
# Not one candidate reached the vtable test. Every refusal happened on the
# name, which is to say the word never pointed at a type descriptor at all,
# so no class was lost to this filter.
#
# name_bytes is the hex of whatever the sweep read where a decorated name
# should be, and empty when it could not be read at all. It is binary, and
# that is the point.
# image range 82000400..82ac3083
# hierarchy_out_of_range=1 name_not_rtti=1096 name_unreadable=522
# columns: at target reason block name_bytes following_word
0x8206a234	0x823f0724	hierarchy_out_of_range	.rdata	9421ffa048	0x00000000
0x8206a298	0x8206a29c	name_not_rtti	.rdata	826759b0	0x00000000
0x8206a2cc	0x8206a29c	name_not_rtti	.rdata	826759b0	0x00000000
0x8206a304	0x8206a2d0	name_unreadable	.rdata		0x00000000
0x8206a318	0x8206a31c	name_not_rtti	.rdata	8206a2b4	0x00000000
0x8206a354	0x8206a31c	name_not_rtti	.rdata	8206a2b4	0x00000000
0x8206a368	0x8206a36c	name_not_rtti	.rdata	8206a2b4	0x00000000
0x8206a3a4	0x8206a36c	name_not_rtti	.rdata	8206a2b4	0x00000000
0x8206a3b8	0x8206a3bc	name_not_rtti	.rdata	8206a2b4	0x00000000
0x8206a3f4	0x8206a3bc	name_not_rtti	.rdata	8206a2b4	0x00000000
0x8206a408	0x8206a40c	name_not_rtti	.rdata	8206a480	0x00000000
0x8206a444	0x8206a40c	name_not_rtti	.rdata	8206a480	0x82675a90
0x8206a460	0x8206a464	name_unreadable	.rdata		0x00000000
0x8206a498	0x8206a49c	name_unreadable	.rdata		0x00000000
0x8206a4c4	0x8206a4c8	name_not_rtti	.rdata	8206a4488206a480	0x00000000
0x8206a504	0x8206a4c8	name_not_rtti	.rdata	8206a4488206a480	0x00000000
0x8206a518	0x8206a51c	name_not_rtti	.rdata	8206a480	0x00000000
0x8206a554	0x8206a51c	name_not_rtti	.rdata	8206a480	0x82675fc4
0x8206a570	0x8206a574	name_unreadable	.rdata		0x00000000
0x8206a5a0	0x8206a5a4	name_not_rtti	.rdata	82675ff0	0x00000000
0x8206a5d4	0x8206a5a4	name_not_rtti	.rdata	82675ff0	0x00000000
0x8206a5e8	0x8206a5ec	name_not_rtti	.rdata	8206a5588206a480	0x00000000
0x8206a628	0x8206a5ec	name_not_rtti	.rdata	8206a5588206a480	0x00000000
0x8206a63c	0x8206a640	name_not_rtti	.rdata	8206a480	0x00000000
0x8206a678	0x8206a640	name_not_rtti	.rdata	8206a480	0x82676080
0x8206a694	0x8206a698	name_unreadable	.rdata		0x00000000
0x8206a6c4	0x8206a6c8	name_not_rtti	.rdata	8206a67c8206a480	0x00000000
0x8206a704	0x8206a6c8	name_not_rtti	.rdata	8206a67c8206a480	0x00000000
0x8206a738	0x8206a708	name_not_rtti	.rdata	82676208	0x00000000
0x8206a74c	0x8206a750	name_unreadable	.rdata		0x00000000
0x8206a784	0x8206a750	name_unreadable	.rdata		0x00000000
0x8206a798	0x8206a79c	name_not_rtti	.rdata	8267626c	0x00000000
0x8206a7cc	0x8206a79c	name_not_rtti	.rdata	8267626c	0x00000000
0x8206a7e0	0x8206a7e4	name_not_rtti	.rdata	826762b4	0x00000000
0x8206a814	0x8206a7e4	name_not_rtti	.rdata	826762b4	0x00000000
0x8206a828	0x8206a82c	name_unreadable	.rdata		0x00000000
0x8206a860	0x8206a82c	name_unreadable	.rdata		0x00000000
0x8206a874	0x8206a878	name_unreadable	.rdata		0x00000000
0x8206a8ac	0x8206a878	name_unreadable	.rdata		0x00000000
0x8206a8c0	0x8206a8c4	name_unreadable	.rdata		0x00000000
0x8206a8f8	0x8206a8c4	name_unreadable	.rdata		0x00000000
0x8206a90c	0x8206a910	name_unreadable	.rdata		0x00000000
0x8206a944	0x8206a910	name_unreadable	.rdata		0x00000000
0x8206a958	0x8206a95c	name_unreadable	.rdata		0x00000000
0x8206a990	0x8206a95c	name_unreadable	.rdata		0x00000000
0x8206a9a4	0x8206a9a8	name_unreadable	.rdata		0x00000000
0x8206a9dc	0x8206a9a8	name_unreadable	.rdata		0x00000000
0x8206a9f0	0x8206a9f4	name_not_rtti	.rdata	8206a4488206a480	0x00000000
0x8206aa30	0x8206a9f4	name_not_rtti	.rdata	8206a4488206a480	0x00000000
0x8206aa44	0x8206aa48	name_not_rtti	.rdata	8206a4488206a480	0x00000000
0x8206aa84	0x8206aa48	name_not_rtti	.rdata	8206a4488206a480	0x00000000
0x8206aa98	0x8206aa9c	name_not_rtti	.rdata	8267642c	0x00000000
0x8206aacc	0x8206aa9c	name_not_rtti	.rdata	8267642c	0x00000000
0x8206aae0	0x8206aae4	name_unreadable	.rdata		0x00000000
0x8206ab18	0x8206aae4	name_unreadable	.rdata		0x00000000
0x8206ab2c	0x8206ab30	name_not_rtti	.rdata	8206a4488206a480	0x00000000
0x8206ab6c	0x8206ab30	name_not_rtti	.rdata	8206a4488206a480	0x00000000
0x8206ab80	0x8206ab84	name_not_rtti	.rdata	8206a4488206a480	0x00000000
0x8206abc0	0x8206ab84	name_not_rtti	.rdata	8206a4488206a480	0x00000000
0x8206abd4	0x8206abd8	name_not_rtti	.rdata	82676584	0x00000000
0x8206ac08	0x8206abd8	name_not_rtti	.rdata	82676584	0x00000000
0x8206ac1c	0x8206ac20	name_unreadable	.rdata		0x00000000
0x8206ac54	0x8206ac20	name_unreadable	.rdata		0x00000000
0x8206ac68	0x8206ac6c	name_not_rtti	.rdata	8206a4488206a480	0x00000000
0x8206aca8	0x8206ac6c	name_not_rtti	.rdata	8206a4488206a480	0x00000000
0x8206acbc	0x8206acc0	name_not_rtti	.rdata	8206a480	0x00000000
0x8206acf8	0x8206acc0	name_not_rtti	.rdata	8206a480	0x8267661c
0x8206ad14	0x8206ad18	name_unreadable	.rdata		0x00000000
0x8206ad44	0x8206ad48	name_not_rtti	.rdata	8206acfc8206a480	0x00000000
0x8206ad84	0x8206ad48	name_not_rtti	.rdata	8206acfc8206a480	0x00000000
0x8206ad98	0x8206ad9c	name_not_rtti	.rdata	8206a4488206a480	0x00000000
0x8206add8	0x8206ad9c	name_not_rtti	.rdata	8206a4488206a480	0x00000000
0x8206adec	0x8206adf0	name_not_rtti	.rdata	8206a4488206a480	0x00000000
0x8206ae2c	0x8206adf0	name_not_rtti	.rdata	8206a4488206a480	0x00000000
0x8206ae40	0x8206ae44	name_not_rtti	.rdata	8206a4488206a480	0x00000000
0x8206ae80	0x8206ae44	name_not_rtti	.rdata	8206a4488206a480	0x00000000
0x8206ae94	0x8206ae98	name_not_rtti	.rdata	8206a4488206a480	0x00000000
0x8206aed4	0x8206ae98	name_not_rtti	.rdata	8206a4488206a480	0x00000000
0x8206aee8	0x8206aeec	name_not_rtti	.rdata	8206a4488206a480	0x00000000
0x8206af28	0x8206aeec	name_not_rtti	.rdata	8206a4488206a480	0x00000000
0x8206af3c	0x8206af40	name_not_rtti	.rdata	8206a4488206a480	0x00000000
0x8206af7c	0x8206af40	name_not_rtti	.rdata	8206a4488206a480	0x00000000
0x8206af90	0x8206af94	name_unreadable	.rdata		0x00000000
0x8206afc8	0x8206af94	name_unreadable	.rdata		0x00000000
0x8206afdc	0x8206afe0	name_not_rtti	.rdata	8206a4488206a480	0x00000000
0x8206b01c	0x8206afe0	name_not_rtti	.rdata	8206a4488206a480	0x00000000
0x8206b030	0x8206b034	name_not_rtti	.rdata	82678404	0x00000000
0x8206b064	0x8206b034	name_not_rtti	.rdata	82678404	0x00000000
0x8206b078	0x8206b07c	name_unreadable	.rdata		0x00000000
0x8206b0b0	0x8206b07c	name_unreadable	.rdata		0x00000000
0x8206b0c4	0x8206b0c8	name_unreadable	.rdata		0x00000000
0x8206b0fc	0x8206b0c8	name_unreadable	.rdata		0x00000000
0x8206b110	0x8206b114	name_not_rtti	.rdata	8206a4488206a480	0x00000000
0x8206b150	0x8206b114	name_not_rtti	.rdata	8206a4488206a480	0x00000000
0x8206b164	0x8206b168	name_not_rtti	.rdata	8206a4488206a480	0x00000000
0x8206b1a4	0x8206b168	name_not_rtti	.rdata	8206a4488206a480	0x00000000
0x8206b1b8	0x8206b1bc	name_not_rtti	.rdata	8206a5588206a480	0x00000000
0x8206b1f8	0x8206b1bc	name_not_rtti	.rdata	8206a5588206a480	0x00000000
0x8206b20c	0x8206b210	name_not_rtti	.rdata	8206a5588206a480	0x00000000
0x8206b24c	0x8206b210	name_not_rtti	.rdata	8206a5588206a480	0x00000000
0x8206b260	0x8206b264	name_not_rtti	.rdata	8206a5588206a480	0x00000000
0x8206b2a0	0x8206b264	name_not_rtti	.rdata	8206a5588206a480	0x00000000
0x8206b2b4	0x8206b2b8	name_not_rtti	.rdata	8206a67c8206a480	0x00000000
0x8206b2f4	0x8206b2b8	name_not_rtti	.rdata	8206a67c8206a480	0x00000000
0x8206b308	0x8206b30c	name_not_rtti	.rdata	8206a480	0x00000000
0x8206b344	0x8206b30c	name_not_rtti	.rdata	8206a480	0x826785e0
0x8206b360	0x8206b364	name_unreadable	.rdata		0x00000000
0x8206b390	0x8206b394	name_not_rtti	.rdata	8206b3488206a480	0x00000000
0x8206b3d0	0x8206b394	name_not_rtti	.rdata	8206b3488206a480	0x00000000
0x8206b410	0x8206b3d4	name_not_rtti	.rdata	8206b3488206a480	0x00000000
0x8206b424	0x8206b428	name_not_rtti	.rdata	8206b32c8206b3488206a480	0x00000000
0x8206b468	0x8206b428	name_not_rtti	.rdata	8206b32c8206b3488206a480	0x00000000
0x8206b47c	0x8206b480	name_not_rtti	.rdata	8206b32c8206b3488206a480	0x00000000
0x8206b4c0	0x8206b480	name_not_rtti	.rdata	8206b32c8206b3488206a480	0x00000000
0x8206b4d4	0x8206b4d8	name_not_rtti	.rdata	826786a8	0x00000000
0x8206b508	0x8206b4d8	name_not_rtti	.rdata	826786a8	0x00000000
0x8206b51c	0x8206b520	name_not_rtti	.rdata	826786c8	0x00000000
0x8206b550	0x8206b520	name_not_rtti	.rdata	826786c8	0x00000000
0x8206b564	0x8206b568	name_not_rtti	.rdata	826786f0	0x00000000
0x8206b598	0x8206b568	name_not_rtti	.rdata	826786f0	0x00000000
0x8206b5ac	0x8206b5b0	name_unreadable	.rdata		0x00000000
0x8206b5e4	0x8206b5b0	name_unreadable	.rdata		0x00000000
0x8206b5f8	0x8206b5fc	name_unreadable	.rdata		0x00000000
0x8206b630	0x8206b5fc	name_unreadable	.rdata		0x00000000
0x8206b644	0x8206b648	name_unreadable	.rdata		0x00000000
0x8206b67c	0x8206b648	name_unreadable	.rdata		0x00000000
0x8206b6b0	0x8206b680	name_not_rtti	.rdata	82678f90	0x00000000
0x8206b6c4	0x8206b6c8	name_unreadable	.rdata		0x00000000
0x8206b6fc	0x8206b6c8	name_unreadable	.rdata		0x00000000
0x8206b710	0x8206b714	name_not_rtti	.rdata	8206b698	0x00000000
0x8206b74c	0x8206b714	name_not_rtti	.rdata	8206b698	0x00000000
0x8206b788	0x8206b750	name_not_rtti	.rdata	8206b698	0x00000000
0x8206b7c4	0x8206b78c	name_not_rtti	.rdata	8206b698	0x00000000
0x8206b7d8	0x8206b7dc	name_not_rtti	.rdata	8206b698	0x00000000
0x8206b814	0x8206b7dc	name_not_rtti	.rdata	8206b698	0x00000000
0x8206b828	0x8206b82c	name_not_rtti	.rdata	8206b6e48206b698	0x00000000
0x8206b868	0x8206b82c	name_not_rtti	.rdata	8206b6e48206b698	0x00000000
0x8206b87c	0x8206b880	name_not_rtti	.rdata	8206b6e48206b698	0x00000000
0x8206b8bc	0x8206b880	name_not_rtti	.rdata	8206b6e48206b698	0x00000000
0x8206b8d0	0x8206b8d4	name_not_rtti	.rdata	8206b6e48206b698	0x00000000
0x8206b910	0x8206b8d4	name_not_rtti	.rdata	8206b6e48206b698	0x00000000
0x8206b924	0x8206b928	name_not_rtti	.rdata	8206b6e48206b698	0x00000000
0x8206b964	0x8206b928	name_not_rtti	.rdata	8206b6e48206b698	0x00000000
0x8206b99c	0x8206b968	name_unreadable	.rdata		0x00000000
0x8206b9b0	0x8206b9b4	name_not_rtti	.rdata	8206aab4	0x00000000
0x8206b9ec	0x8206b9b4	name_not_rtti	.rdata	8206aab4	0x00000000
0x8206ba00	0x8206ba04	name_not_rtti	.rdata	8206aab4	0x00000000
0x8206ba3c	0x8206ba04	name_not_rtti	.rdata	8206aab4	0x00000000
0x8206ba50	0x8206ba54	name_not_rtti	.rdata	8206aab4	0x00000000
0x8206ba8c	0x8206ba54	name_not_rtti	.rdata	8206aab4	0x00000000
0x8206baa0	0x8206baa4	name_not_rtti	.rdata	8206aab4	0x00000000
0x8206badc	0x8206baa4	name_not_rtti	.rdata	8206aab4	0x00000000
0x8206baf0	0x8206baf4	name_not_rtti	.rdata	8206aab4	0x00000000
0x8206bb2c	0x8206baf4	name_not_rtti	.rdata	8206aab4	0x00000000
0x8206bb40	0x8206bb44	name_not_rtti	.rdata	8206aab4	0x00000000
0x8206bb7c	0x8206bb44	name_not_rtti	.rdata	8206aab4	0x00000000
0x8206bb90	0x8206bb94	name_not_rtti	.rdata	8206aab4	0x00000000
0x8206bbcc	0x8206bb94	name_not_rtti	.rdata	8206aab4	0x00000000
0x8206bbe0	0x8206bbe4	name_not_rtti	.rdata	8206aab4	0x00000000
0x8206bc1c	0x8206bbe4	name_not_rtti	.rdata	8206aab4	0x00000000
0x8206bc30	0x8206bc34	name_not_rtti	.rdata	8206a4488206a480	0x00000000
0x8206bc70	0x8206bc34	name_not_rtti	.rdata	8206a4488206a480	0x00000000
0x8206bc84	0x8206bc88	name_not_rtti	.rdata	8206a4488206a480	0x00000000
0x8206bcc4	0x8206bc88	name_not_rtti	.rdata	8206a4488206a480	0x00000000
0x8206bcd8	0x8206bcdc	name_not_rtti	.rdata	8206a4488206a480	0x00000000
0x8206bd18	0x8206bcdc	name_not_rtti	.rdata	8206a4488206a480	0x00000000
0x8206bd2c	0x8206bd30	name_not_rtti	.rdata	8206a4488206a480	0x00000000
0x8206bd6c	0x8206bd30	name_not_rtti	.rdata	8206a4488206a480	0x00000000
0x8206bda4	0x8206bd70	name_unreadable	.rdata		0x00000000
0x8206bddc	0x8206bda8	name_unreadable	.rdata		0x00000000
0x8206bdf0	0x8206bdf4	name_not_rtti	.rdata	8206aab4	0x00000000
0x8206be2c	0x8206bdf4	name_not_rtti	.rdata	8206aab4	0x00000000
0x8206be40	0x8206be44	name_not_rtti	.rdata	8206aab4	0x00000000
0x8206be7c	0x8206be44	name_not_rtti	.rdata	8206aab4	0x00000000
0x8206be90	0x8206be94	name_not_rtti	.rdata	8206aab4	0x00000000
0x8206becc	0x8206be94	name_not_rtti	.rdata	8206aab4	0x00000000
0x8206bee0	0x8206bee4	name_not_rtti	.rdata	8206aab4	0x00000000
0x8206bf1c	0x8206bee4	name_not_rtti	.rdata	8206aab4	0x00000000
0x8206bf30	0x8206bf34	name_not_rtti	.rdata	8206aab4	0x00000000
0x8206bf6c	0x8206bf34	name_not_rtti	.rdata	8206aab4	0x00000000
0x8206bf80	0x8206bf84	name_not_rtti	.rdata	8206aab4	0x00000000
0x8206bfbc	0x8206bf84	name_not_rtti	.rdata	8206aab4	0x00000000
0x8206bfd0	0x8206bfd4	name_not_rtti	.rdata	8206aab4	0x00000000
0x8206c00c	0x8206bfd4	name_not_rtti	.rdata	8206aab4	0x00000000
0x8206c020	0x8206c024	name_not_rtti	.rdata	8206aab4	0x00000000
0x8206c05c	0x8206c024	name_not_rtti	.rdata	8206aab4	0x00000000
0x8206c070	0x8206c074	name_unreadable	.rdata		0x00000000
0x8206c0a8	0x8206c074	name_unreadable	.rdata		0x00000000
0x8206c0bc	0x8206c0c0	name_unreadable	.rdata		0x00000000
0x8206c0f4	0x8206c0c0	name_unreadable	.rdata		0x00000000
0x8206c108	0x8206c10c	name_not_rtti	.rdata	8268eaa4	0x00000000
0x8206c13c	0x8206c10c	name_not_rtti	.rdata	8268eaa4	0x00000000
0x8206c150	0x8206c154	name_unreadable	.rdata		0x00000000
0x8206c188	0x8206c154	name_unreadable	.rdata		0x00000000
0x8206c19c	0x8206c1a0	name_not_rtti	.rdata	8268eae8	0x00000000
0x8206c1d0	0x8206c1a0	name_not_rtti	.rdata	8268eae8	0x00000000
0x8206c1e4	0x8206c1e8	name_unreadable	.rdata		0x00000000
0x8206c21c	0x8206c1e8	name_unreadable	.rdata		0x00000000
0x8206c230	0x8206c234	name_not_rtti	.rdata	8268eb34	0x00000000
0x8206c264	0x8206c234	name_not_rtti	.rdata	8268eb34	0x00000000
0x8206c278	0x8206c27c	name_not_rtti	.rdata	8268eb60	0x00000000
0x8206c2ac	0x8206c27c	name_not_rtti	.rdata	8268eb60	0x00000000
0x8206c2c0	0x8206c2c4	name_unreadable	.rdata		0x00000000
0x8206c2f8	0x8206c2c4	name_unreadable	.rdata		0x00000000
0x8206c30c	0x8206c310	name_not_rtti	.rdata	8268eba4	0x00000000
0x8206c340	0x8206c310	name_not_rtti	.rdata	8268eba4	0x00000000
0x8206c354	0x8206c3d8	name_not_rtti	.rdata	8206d24c8206d1b4	0x00000000
0x8206c368	0x8206c3d8	name_not_rtti	.rdata	8206d24c8206d1b4	0x00000000
0x8206c37c	0x8206c394	name_not_rtti	.rdata	8206d2048206d24c8206d1b4	0x00000000
0x8206c390	0x8206c394	name_not_rtti	.rdata	8206d2048206d24c8206d1b4	0x00000000
0x8206c3d4	0x8206c3d8	name_not_rtti	.rdata	8206d24c8206d1b4	0x00000000
0x8206c414	0x8206c394	name_not_rtti	.rdata	8206d2048206d24c8206d1b4	0x00000000
0x8206c428	0x8206c454	name_not_rtti	.rdata	8206d2cc8206d2b08206c47c	0x00000000
0x8206c43c	0x8206c454	name_not_rtti	.rdata	8206d2cc8206d2b08206c47c	0x00000000
0x8206c450	0x8206c454	name_not_rtti	.rdata	8206d2cc8206d2b08206c47c	0x00000000
0x8206c494	0x8206cde8	name_not_rtti	.rdata	8268f154	0x8268ec40
0x8206c4b0	0x8206c454	name_not_rtti	.rdata	8206d2cc8206d2b08206c47c	0x00000000
0x8206c4c4	0x8206c4c8	name_unreadable	.rdata		0x00000000
0x8206c4fc	0x8206c500	name_not_rtti	.rdata	8268ec9c	0x00000000
0x8206c530	0x8206c4c8	name_unreadable	.rdata		0x00000000
0x8206c544	0x8206c548	name_unreadable	.rdata		0x00000000
0x8206c57c	0x8206c548	name_unreadable	.rdata		0x00000000
0x8206c590	0x8206c594	name_unreadable	.rdata		0x00000000
0x8206c5c8	0x8206c594	name_unreadable	.rdata		0x00000000
0x8206c5dc	0x8206c5e0	name_unreadable	.rdata		0x00000000
0x8206c614	0x8206c5e0	name_unreadable	.rdata		0x00000000
0x8206c628	0x8206c62c	name_unreadable	.rdata		0x00000000
0x8206c660	0x8206c62c	name_unreadable	.rdata		0x00000000
0x8206c674	0x8206c678	name_unreadable	.rdata		0x00000000
0x8206c6ac	0x8206c678	name_unreadable	.rdata		0x00000000
0x8206c6c0	0x8206c6c4	name_unreadable	.rdata		0x00000000
0x8206c6f8	0x8206c6c4	name_unreadable	.rdata		0x00000000
0x8206c70c	0x8206c710	name_not_rtti	.rdata	8268ede0	0x00000000
0x8206c740	0x8206c710	name_not_rtti	.rdata	8268ede0	0x00000000
0x8206c754	0x8206c758	name_unreadable	.rdata		0x00000000
0x8206c78c	0x8206c758	name_unreadable	.rdata		0x00000000
0x8206c7a0	0x8206c7a4	name_unreadable	.rdata		0x00000000
0x8206c7d8	0x8206c7a4	name_unreadable	.rdata		0x00000000
0x8206c7ec	0x8206c7f0	name_unreadable	.rdata		0x00000000
0x8206c824	0x8206c7f0	name_unreadable	.rdata		0x00000000
0x8206c838	0x8206c83c	name_unreadable	.rdata		0x00000000
0x8206c870	0x8206c83c	name_unreadable	.rdata		0x00000000
0x8206c884	0x8206c888	name_unreadable	.rdata		0x00000000
0x8206c8bc	0x8206c888	name_unreadable	.rdata		0x00000000
0x8206c8d0	0x8206c8d4	name_unreadable	.rdata		0x00000000
0x8206c908	0x8206c8d4	name_unreadable	.rdata		0x00000000
0x8206c91c	0x8206c920	name_unreadable	.rdata		0x00000000
0x8206c954	0x8206c920	name_unreadable	.rdata		0x00000000
0x8206c968	0x8206c96c	name_not_rtti	.rdata	8268ef0c	0x00000000
0x8206c99c	0x8206c96c	name_not_rtti	.rdata	8268ef0c	0x00000000
0x8206c9b0	0x8206d2e8	name_not_rtti	.rdata	8268f434	0x00000000
0x8206c9c4	0x8206c9c8	name_not_rtti	.rdata	8268ef34	0x00000000
0x8206c9f8	0x8206c9c8	name_not_rtti	.rdata	8268ef34	0x00000000
0x8206ca0c	0x8206ca10	name_not_rtti	.rdata	8268ef58	0x00000000
0x8206ca40	0x8206ca10	name_not_rtti	.rdata	8268ef58	0x00000000
0x8206ca54	0x8206ca58	name_unreadable	.rdata		0x00000000
0x8206ca8c	0x8206ca58	name_unreadable	.rdata		0x00000000
0x8206caa0	0x8206caa4	name_unreadable	.rdata		0x00000000
0x8206cad8	0x8206caa4	name_unreadable	.rdata		0x00000000
0x8206caec	0x8206caf0	name_unreadable	.rdata		0x00000000
0x8206cb24	0x8206caf0	name_unreadable	.rdata		0x00000000
0x8206cb38	0x8206cb3c	name_not_rtti	.rdata	8206cd3c	0x00000000
0x8206cb74	0x8206cb3c	name_not_rtti	.rdata	8206cd3c	0x00000000
0x8206cb88	0x8206cb8c	name_not_rtti	.rdata	8206cd3c	0x00000000
0x8206cbc4	0x8206cb8c	name_not_rtti	.rdata	8206cd3c	0x00000000
0x8206cbd8	0x8206cbdc	name_unreadable	.rdata		0x00000000
0x8206cc10	0x8206cbdc	name_unreadable	.rdata		0x00000000
0x8206cc24	0x8206cc28	name_not_rtti	.rdata	8206cd708206cd3c	0x00000000
0x8206cc64	0x8206cc28	name_not_rtti	.rdata	8206cd708206cd3c	0x00000000
0x8206cc78	0x8206cc7c	name_not_rtti	.rdata	8206cd708206cd3c	0x00000000
0x8206ccb8	0x8206cc7c	name_not_rtti	.rdata	8206cd708206cd3c	0x00000000
0x8206cccc	0x8206ccd0	name_not_rtti	.rdata	8206cd3c	0x00000000
0x8206cd08	0x8206ccd0	name_not_rtti	.rdata	8206cd3c	0x00000000
0x8206cd1c	0x8206cd20	name_unreadable	.rdata		0x00000000
0x8206cd54	0x8206cd58	name_not_rtti	.rdata	8268f108	0x00000000
0x8206cd88	0x8206cd20	name_unreadable	.rdata		0x00000000
0x8206cd9c	0x8206cda0	name_not_rtti	.rdata	8268f130	0x00000000
0x8206cdd0	0x8206cda0	name_not_rtti	.rdata	8268f130	0x00000000
0x8206cde4	0x8206cde8	name_not_rtti	.rdata	8268f154	0x00000000
0x8206ce18	0x8206cde8	name_not_rtti	.rdata	8268f154	0x00000000
0x8206ce2c	0x8206ce30	name_not_rtti	.rdata	8268f178	0x00000000
0x8206ce60	0x8206ce30	name_not_rtti	.rdata	8268f178	0x00000000
0x8206ce74	0x8206ce78	name_not_rtti	.rdata	8268f1a0	0x00000000
0x8206cea8	0x8206ce78	name_not_rtti	.rdata	8268f1a0	0x00000000
0x8206cebc	0x8206cec0	name_unreadable	.rdata		0x00000000
0x8206cef4	0x8206cec0	name_unreadable	.rdata		0x00000000
0x8206cf08	0x8206cf0c	name_unreadable	.rdata		0x00000000
0x8206cf40	0x8206cf0c	name_unreadable	.rdata		0x00000000
0x8206cf54	0x8206cf58	name_not_rtti	.rdata	8268f210	0x00000000
0x8206cf88	0x8206cf58	name_not_rtti	.rdata	8268f210	0x00000000
0x8206cf9c	0x8206cfa0	name_not_rtti	.rdata	8206d798	0x00000000
0x8206cfd8	0x8206cfa0	name_not_rtti	.rdata	8206d798	0x00000000
0x8206cfec	0x8206cff0	name_not_rtti	.rdata	8268f25c	0x00000000
0x8206d020	0x8206cff0	name_not_rtti	.rdata	8268f25c	0x00000000
0x8206d034	0x8206d038	name_not_rtti	.rdata	8206d798	0x00000000
0x8206d070	0x8206d038	name_not_rtti	.rdata	8206d798	0x00000000
0x8206d084	0x8206d088	name_not_rtti	.rdata	8206d798	0x00000000
0x8206d0c0	0x8206d088	name_not_rtti	.rdata	8206d798	0x00000000
0x8206d0d4	0x8206d124	name_not_rtti	.rdata	8268f320	0x00000000
0x8206d0e8	0x8206d0ec	name_unreadable	.rdata		0x00000000
0x8206d120	0x8206d124	name_not_rtti	.rdata	8268f320	0x00000000
0x8206d154	0x8206d0ec	name_unreadable	.rdata		0x00000000
0x8206d168	0x8206d1d0	name_not_rtti	.rdata	8268f378	0x00000000
0x8206d17c	0x8206d194	name_not_rtti	.rdata	8206d1b4	0x00000000
0x8206d190	0x8206d194	name_not_rtti	.rdata	8206d1b4	0x00000000
0x8206d1cc	0x8206d1d0	name_not_rtti	.rdata	8268f378	0x00000000
0x8206d200	0x8206d1d0	name_not_rtti	.rdata	8268f378	0x8268f3bc
0x8206d21c	0x8206d194	name_not_rtti	.rdata	8206d1b4	0x00000000
0x8206d230	0x8206d234	name_not_rtti	.rdata	8268f3ec	0x00000000
0x8206d264	0x8206d234	name_not_rtti	.rdata	8268f3ec	0x00000000
0x8206d278	0x8206d290	name_not_rtti	.rdata	8206d2b0	0x00000000
0x8206d28c	0x8206d290	name_not_rtti	.rdata	8206d2b0	0x00000000
0x8206d2c8	0x8206d780	name_not_rtti	.rdata	8268f6e8	0x8268f414
0x8206d2e4	0x8206d2e8	name_not_rtti	.rdata	8268f434	0x00000000
0x8206d318	0x8206d290	name_not_rtti	.rdata	8206d2b0	0x00000000
0x8206d32c	0x8206d330	name_unreadable	.rdata		0x00000000
0x8206d364	0x8206d330	name_unreadable	.rdata		0x00000000
0x8206d378	0x8206d37c	name_not_rtti	.rdata	8268f474	0x00000000
0x8206d3ac	0x8206d37c	name_not_rtti	.rdata	8268f474	0x00000000
0x8206d3c0	0x8206d3c4	name_unreadable	.rdata		0x00000000
0x8206d3f8	0x8206d3c4	name_unreadable	.rdata		0x00000000
0x8206d40c	0x8206d4f0	name_not_rtti	.rdata	8268f578	0x00000000
0x8206d420	0x8206d424	name_not_rtti	.rdata	8268f4c0	0x00000000
0x8206d454	0x8206d424	name_not_rtti	.rdata	8268f4c0	0x00000000
0x8206d468	0x8206d46c	name_unreadable	.rdata		0x00000000
0x8206d4a0	0x8206d46c	name_unreadable	.rdata		0x00000000
0x8206d4b4	0x8206d4b8	name_unreadable	.rdata		0x00000000
0x8206d4ec	0x8206d4f0	name_not_rtti	.rdata	8268f578	0x00000000
0x8206d520	0x8206d4b8	name_unreadable	.rdata		0x00000000
0x8206d534	0x8206d538	name_not_rtti	.rdata	8268f5c0	0x00000000
0x8206d568	0x8206d538	name_not_rtti	.rdata	8268f5c0	0x00000000
0x8206d57c	0x8206d580	name_not_rtti	.rdata	8268f5e8	0x00000000
0x8206d5b0	0x8206d580	name_not_rtti	.rdata	8268f5e8	0x00000000
0x8206d5c4	0x8206d5c8	name_not_rtti	.rdata	8268f610	0x00000000
0x8206d5f8	0x8206d5c8	name_not_rtti	.rdata	8268f610	0x00000000
0x8206d60c	0x8206d610	name_not_rtti	.rdata	8268f638	0x00000000
0x8206d640	0x8206d610	name_not_rtti	.rdata	8268f638	0x00000000
0x8206d654	0x8206d658	name_unreadable	.rdata		0x00000000
0x8206d68c	0x8206d658	name_unreadable	.rdata		0x00000000
0x8206d6a0	0x8206d6a4	name_not_rtti	.rdata	8268f680	0x00000000
0x8206d6d4	0x8206d6a4	name_not_rtti	.rdata	8268f680	0x00000000
0x8206d6e8	0x8206d6ec	name_unreadable	.rdata		0x00000000
0x8206d720	0x8206d6ec	name_unreadable	.rdata		0x00000000
0x8206d734	0x8206d738	name_not_rtti	.rdata	8268f6c8	0x00000000
0x8206d768	0x8206d738	name_not_rtti	.rdata	8268f6c8	0x00000000
0x8206d77c	0x8206d780	name_not_rtti	.rdata	8268f6e8	0x00000000
0x8206d7b0	0x8206d780	name_not_rtti	.rdata	8268f6e8	0x00000000
0x8206d7c4	0x8206d7c8	name_not_rtti	.rdata	8268f708	0x00000000
0x8206d7f8	0x8206d7c8	name_not_rtti	.rdata	8268f708	0x00000000
0x8206d80c	0x8206d810	name_not_rtti	.rdata	8268f728	0x00000000
0x8206d840	0x8206d810	name_not_rtti	.rdata	8268f728	0x00000000
0x8206d854	0x8206d858	name_not_rtti	.rdata	8268f748	0x00000000
0x8206d888	0x8206d858	name_not_rtti	.rdata	8268f748	0x00000000
0x8206d89c	0x8206d8a0	name_not_rtti	.rdata	8206d798	0x00000000
0x8206d8d8	0x8206d8dc	name_unreadable	.rdata		0x00000000
0x8206d910	0x8206d8a0	name_not_rtti	.rdata	8206d798	0x00000000
0x8206d924	0x8206d928	name_unreadable	.rdata		0x00000000
0x8206d95c	0x8206d928	name_unreadable	.rdata		0x00000000
0x8206d990	0x8206d960	name_not_rtti	.rdata	8268f7e8	0x00000000
0x8206d9a4	0x8206d9a8	name_not_rtti	.rdata	8206c24c	0x00000000
0x8206d9e0	0x8206d9a8	name_not_rtti	.rdata	8206c24c	0x00000000
0x8206d9f4	0x8206d9f8	name_not_rtti	.rdata	8206c24c	0x00000000
0x8206da30	0x8206d9f8	name_not_rtti	.rdata	8206c24c	0x00000000
0x8206da44	0x8206da48	name_unreadable	.rdata		0x00000000
0x8206da7c	0x8206da48	name_unreadable	.rdata		0x00000000
0x8206da90	0x8206da94	name_not_rtti	.rdata	8268f878	0x00000000
0x8206dac4	0x8206da94	name_not_rtti	.rdata	8268f878	0x00000000
0x8206dafc	0x8206dac8	name_unreadable	.rdata		0x00000000
0x8206db34	0x8206db00	name_unreadable	.rdata		0x00000000
0x8206db48	0x8206db4c	name_unreadable	.rdata		0x00000000
0x8206db80	0x8206db84	name_not_rtti	.rdata	8268f910	0x00000000
0x8206dbb4	0x8206db4c	name_unreadable	.rdata		0x00000000
0x8206dbc8	0x8206dbcc	name_not_rtti	.rdata	8206dff4	0x00000000
0x8206dc04	0x8206dbcc	name_not_rtti	.rdata	8206dff4	0x00000000
0x8206dc18	0x8206dc1c	name_not_rtti	.rdata	8206dff4	0x00000000
0x8206dc54	0x8206dc1c	name_not_rtti	.rdata	8206dff4	0x00000000
0x8206dc68	0x8206dc6c	name_not_rtti	.rdata	8206dea0	0x00000000
0x8206dca4	0x8206dc6c	name_not_rtti	.rdata	8206dea0	0x00000000
0x8206dcb8	0x8206dcbc	name_unreadable	.rdata		0x00000000
0x8206dcf0	0x8206dcbc	name_unreadable	.rdata		0x00000000
0x8206dd04	0x8206dd08	name_unreadable	.rdata		0x00000000
0x8206dd3c	0x8206dd08	name_unreadable	.rdata		0x00000000
0x8206dd50	0x8206dd54	name_unreadable	.rdata		0x00000000
0x8206dd88	0x8206dd54	name_unreadable	.rdata		0x00000000
0x8206dd9c	0x8206dda0	name_unreadable	.rdata		0x00000000
0x8206ddd4	0x8206dda0	name_unreadable	.rdata		0x00000000
0x8206dde8	0x8206ddec	name_unreadable	.rdata		0x00000000
0x8206de20	0x8206ddec	name_unreadable	.rdata		0x00000000
0x8206de34	0x8206de38	name_unreadable	.rdata		0x00000000
0x8206de6c	0x8206de38	name_unreadable	.rdata		0x00000000
0x8206de80	0x8206de84	name_unreadable	.rdata		0x00000000
0x8206deb8	0x8206debc	name_not_rtti	.rdata	8268faec	0x00000000
0x8206deec	0x8206de84	name_unreadable	.rdata		0x00000000
0x8206df00	0x8206df04	name_not_rtti	.rdata	8268fb1c	0x00000000
0x8206df34	0x8206df04	name_not_rtti	.rdata	8268fb1c	0x00000000
0x8206df48	0x8206df4c	name_not_rtti	.rdata	8268fb4c	0x00000000
0x8206df7c	0x8206df4c	name_not_rtti	.rdata	8268fb4c	0x00000000
0x8206df90	0x8206df94	name_not_rtti	.rdata	8268fb7c	0x00000000
0x8206dfc4	0x8206df94	name_not_rtti	.rdata	8268fb7c	0x00000000
0x8206dfd8	0x8206dfdc	name_not_rtti	.rdata	8268fba4	0x00000000
0x8206e00c	0x8206dfdc	name_not_rtti	.rdata	8268fba4	0x00000000
0x8206e020	0x8206e024	name_not_rtti	.rdata	8268fbd8	0x00000000
0x8206e054	0x8206e024	name_not_rtti	.rdata	8268fbd8	0x00000000
0x8206e068	0x8206e06c	name_unreadable	.rdata		0x00000000
0x8206e0a0	0x8206e06c	name_unreadable	.rdata		0x00000000
0x8206e0b4	0x8206e0b8	name_not_rtti	.rdata	8268fc3c	0x00000000
0x8206e0e8	0x8206e0b8	name_not_rtti	.rdata	8268fc3c	0x00000000
0x8206e0fc	0x8206e100	name_not_rtti	.rdata	8268fc70	0x00000000
0x8206e130	0x8206e100	name_not_rtti	.rdata	8268fc70	0x00000000
0x8206e144	0x8206e148	name_not_rtti	.rdata	8268fc98	0x00000000
0x8206e178	0x8206e148	name_not_rtti	.rdata	8268fc98	0x00000000
0x8206e18c	0x8206e190	name_not_rtti	.rdata	8268fcc0	0x00000000
0x8206e1c0	0x8206e190	name_not_rtti	.rdata	8268fcc0	0x00000000
0x8206e1d4	0x8206e1d8	name_not_rtti	.rdata	8268fcec	0x00000000
0x8206e208	0x8206e1d8	name_not_rtti	.rdata	8268fcec	0x00000000
0x8206e21c	0x8206e220	name_not_rtti	.rdata	8268fd10	0x00000000
0x8206e250	0x8206e220	name_not_rtti	.rdata	8268fd10	0x00000000
0x8206e264	0x8206e268	name_not_rtti	.rdata	8206e31c	0x00000000
0x8206e2a0	0x8206e268	name_not_rtti	.rdata	8206e31c	0x00000000
0x8206e2b4	0x8206e2b8	name_unreadable	.rdata		0x00000000
0x8206e2ec	0x8206e2b8	name_unreadable	.rdata		0x00000000
0x8206e300	0x8206e304	name_not_rtti	.rdata	8268fd84	0x00000000
0x8206e334	0x8206e304	name_not_rtti	.rdata	8268fd84	0x00000000
0x8206e348	0x8206e34c	name_not_rtti	.rdata	826e5758	0x00000000
0x8206e37c	0x8206e34c	name_not_rtti	.rdata	826e5758	0x00000000
0x8206e390	0x8206e394	name_unreadable	.rdata		0x00000000
0x8206e3c8	0x8206e394	name_unreadable	.rdata		0x00000000
0x8206e3dc	0x8206e3e0	name_not_rtti	.rdata	826e579c	0x00000000
0x8206e410	0x8206e3e0	name_not_rtti	.rdata	826e579c	0x00000000
0x8206e424	0x8206e428	name_unreadable	.rdata		0x00000000
0x8206e45c	0x8206e428	name_unreadable	.rdata		0x00000000
0x8206e470	0x8206e474	name_not_rtti	.rdata	826e57e4	0x00000000
0x8206e4a4	0x8206e474	name_not_rtti	.rdata	826e57e4	0x00000000
0x8206e4b8	0x8206e4bc	name_unreadable	.rdata		0x00000000
0x8206e4f0	0x8206e4bc	name_unreadable	.rdata		0x00000000
0x8206e504	0x8206e508	name_unreadable	.rdata		0x00000000
0x8206e53c	0x8206e508	name_unreadable	.rdata		0x00000000
0x8206e550	0x8206e554	name_not_rtti	.rdata	826e5850	0x00000000
0x8206e584	0x8206e554	name_not_rtti	.rdata	826e5850	0x00000000
0x8206e598	0x8206e59c	name_unreadable	.rdata		0x00000000
0x8206e5d0	0x8206e59c	name_unreadable	.rdata		0x00000000
0x8206e5e4	0x8206e5e8	name_not_rtti	.rdata	8206ea248206ea6c	0x00000000
0x8206e624	0x8206e5e8	name_not_rtti	.rdata	8206ea248206ea6c	0x00000000
0x8206e638	0x8206e63c	name_unreadable	.rdata		0x00000000
0x8206e670	0x8206e63c	name_unreadable	.rdata		0x00000000
0x8206e6ac	0x8206e674	name_not_rtti	.rdata	8206ea6c	0x00000000
0x8206e6c0	0x8206e6c4	name_not_rtti	.rdata	8206ea248206ea6c	0x00000000
0x8206e700	0x8206e6c4	name_not_rtti	.rdata	8206ea248206ea6c	0x00000000
0x8206e714	0x8206e718	name_unreadable	.rdata		0x00000000
0x8206e74c	0x8206e718	name_unreadable	.rdata		0x00000000
0x8206e788	0x8206e750	name_not_rtti	.rdata	8206ea6c	0x00000000
0x8206e79c	0x8206e7a0	name_not_rtti	.rdata	8206ea248206ea6c	0x00000000
0x8206e7dc	0x8206e7a0	name_not_rtti	.rdata	8206ea248206ea6c	0x00000000
0x8206e7f0	0x8206e7f4	name_unreadable	.rdata		0x00000000
0x8206e828	0x8206e7f4	name_unreadable	.rdata		0x00000000
0x8206e83c	0x8206e840	name_unreadable	.rdata		0x00000000
0x8206e874	0x8206e840	name_unreadable	.rdata		0x00000000
0x8206e888	0x8206e88c	name_not_rtti	.rdata	8206ea6c	0x00000000
0x8206e8c4	0x8206e88c	name_not_rtti	.rdata	8206ea6c	0x00000000
0x8206e8d8	0x8206e8dc	name_unreadable	.rdata		0x00000000
0x8206e910	0x8206e8dc	name_unreadable	.rdata		0x00000000
0x8206e924	0x8206e928	name_not_rtti	.rdata	826e5a2c	0x00000000
0x8206e958	0x8206e928	name_not_rtti	.rdata	826e5a2c	0x00000000
0x8206e96c	0x8206e970	name_not_rtti	.rdata	826e5a50	0x00000000
0x8206e9a0	0x8206e970	name_not_rtti	.rdata	826e5a50	0x00000000
0x8206e9b4	0x8206e9b8	name_not_rtti	.rdata	8206ea6c	0x00000000
0x8206e9f0	0x8206e9b8	name_not_rtti	.rdata	8206ea6c	0x00000000
0x8206ea04	0x8206ea08	name_unreadable	.rdata		0x00000000
0x8206ea3c	0x8206ea08	name_unreadable	.rdata		0x00000000
0x8206ea50	0x8206ea54	name_not_rtti	.rdata	826e5ad0	0x00000000
0x8206ea84	0x8206ea54	name_not_rtti	.rdata	826e5ad0	0x00000000
0x8206ea98	0x8206ea9c	name_unreadable	.rdata		0x00000000
0x8206ead0	0x8206ea9c	name_unreadable	.rdata		0x00000000
0x8206eae4	0x8206eae8	name_unreadable	.rdata		0x00000000
0x8206eb1c	0x8206eae8	name_unreadable	.rdata		0x00000000
0x8206eb30	0x8206eb34	name_unreadable	.rdata		0x00000000
0x8206eb68	0x8206eb34	name_unreadable	.rdata		0x00000000
0x8206eb7c	0x8206eb80	name_not_rtti	.rdata	826e5b74	0x00000000
0x8206ebb0	0x8206eb80	name_not_rtti	.rdata	826e5b74	0x00000000
0x8206ebc4	0x8206ebc8	name_not_rtti	.rdata	826e5ba4	0x00000000
0x8206ebf8	0x8206ebc8	name_not_rtti	.rdata	826e5ba4	0x00000000
0x8206ec0c	0x8206ec10	name_not_rtti	.rdata	826e5bc8	0x00000000
0x8206ec40	0x8206ec10	name_not_rtti	.rdata	826e5bc8	0x00000000
0x8206ec54	0x8206ec58	name_not_rtti	.rdata	8206d798	0x00000000
0x8206ec90	0x8206ec58	name_not_rtti	.rdata	8206d798	0x00000000
0x8206eca4	0x8206eca8	name_unreadable	.rdata		0x00000000
0x8206ecdc	0x8206eca8	name_unreadable	.rdata		0x00000000
0x8206ecf0	0x8206ecf4	name_not_rtti	.rdata	826e5c28	0x00000000
0x8206ed24	0x8206ecf4	name_not_rtti	.rdata	826e5c28	0x00000000
0x8206ed38	0x8206ed3c	name_unreadable	.rdata		0x00000000
0x8206ed70	0x8206ed3c	name_unreadable	.rdata		0x00000000
0x8206ed84	0x8206ed88	name_unreadable	.rdata		0x00000000
0x8206edbc	0x8206ed88	name_unreadable	.rdata		0x00000000
0x8206edd0	0x8206edd4	name_not_rtti	.rdata	826e5c94	0x00000000
0x8206ee04	0x8206edd4	name_not_rtti	.rdata	826e5c94	0x00000000
0x8206ee18	0x8206ee1c	name_not_rtti	.rdata	8206fee08206d798	0x00000000
0x8206ee58	0x8206ee1c	name_not_rtti	.rdata	8206fee08206d798	0x00000000
0x8206ee6c	0x8206ee70	name_unreadable	.rdata		0x00000000
0x8206eea4	0x8206ee70	name_unreadable	.rdata		0x00000000
0x8206eeb8	0x8206eebc	name_unreadable	.rdata		0x00000000
0x8206eef0	0x8206eebc	name_unreadable	.rdata		0x00000000
0x8206ef04	0x8206ef08	name_unreadable	.rdata		0x00000000
0x8206ef3c	0x8206ef08	name_unreadable	.rdata		0x00000000
0x8206ef50	0x8206ef54	name_unreadable	.rdata		0x00000000
0x8206ef88	0x8206ef54	name_unreadable	.rdata		0x00000000
0x8206ef9c	0x8206efa0	name_unreadable	.rdata		0x00000000
0x8206efd4	0x8206efa0	name_unreadable	.rdata		0x00000000
0x8206efe8	0x8206efec	name_unreadable	.rdata		0x00000000
0x8206f020	0x8206efec	name_unreadable	.rdata		0x00000000
0x8206f034	0x8206f038	name_unreadable	.rdata		0x00000000
0x8206f06c	0x8206f038	name_unreadable	.rdata		0x00000000
0x8206f080	0x8206f084	name_unreadable	.rdata		0x00000000
0x8206f0b8	0x8206f084	name_unreadable	.rdata		0x00000000
0x8206f0cc	0x8206f0d0	name_unreadable	.rdata		0x00000000
0x8206f104	0x8206f0d0	name_unreadable	.rdata		0x00000000
0x8206f118	0x8206f11c	name_unreadable	.rdata		0x00000000
0x8206f150	0x8206f11c	name_unreadable	.rdata		0x00000000
0x8206f164	0x8206f168	name_unreadable	.rdata		0x00000000
0x8206f19c	0x8206f168	name_unreadable	.rdata		0x00000000
0x8206f1b0	0x8206f1b4	name_unreadable	.rdata		0x00000000
0x8206f1e8	0x8206f1b4	name_unreadable	.rdata		0x00000000
0x8206f1fc	0x8206f200	name_unreadable	.rdata		0x00000000
0x8206f234	0x8206f200	name_unreadable	.rdata		0x00000000
0x8206f248	0x8206f24c	name_unreadable	.rdata		0x00000000
0x8206f280	0x8206f24c	name_unreadable	.rdata		0x00000000
0x8206f294	0x8206f298	name_unreadable	.rdata		0x00000000
0x8206f2cc	0x8206f298	name_unreadable	.rdata		0x00000000
0x8206f2e0	0x8206f2e4	name_unreadable	.rdata		0x00000000
0x8206f318	0x8206f2e4	name_unreadable	.rdata		0x00000000
0x8206f32c	0x8206f330	name_unreadable	.rdata		0x00000000
0x8206f364	0x8206f330	name_unreadable	.rdata		0x00000000
0x8206f378	0x8206f37c	name_unreadable	.rdata		0x00000000
0x8206f3b0	0x8206f37c	name_unreadable	.rdata		0x00000000
0x8206f3c4	0x8206f3c8	name_unreadable	.rdata		0x00000000
0x8206f3fc	0x8206f3c8	name_unreadable	.rdata		0x00000000
0x8206f410	0x8206f414	name_unreadable	.rdata		0x00000000
0x8206f448	0x8206f414	name_unreadable	.rdata		0x00000000
0x8206f45c	0x8206f460	name_unreadable	.rdata		0x00000000
0x8206f494	0x8206f460	name_unreadable	.rdata		0x00000000
0x8206f4a8	0x8206f4ac	name_unreadable	.rdata		0x00000000
0x8206f4e0	0x8206f4ac	name_unreadable	.rdata		0x00000000
0x8206f4f4	0x8206f4f8	name_unreadable	.rdata		0x00000000
0x8206f52c	0x8206f4f8	name_unreadable	.rdata		0x00000000
0x8206f540	0x8206f544	name_unreadable	.rdata		0x00000000
0x8206f578	0x8206f544	name_unreadable	.rdata		0x00000000
0x8206f58c	0x8206f590	name_unreadable	.rdata		0x00000000
0x8206f5c4	0x8206f590	name_unreadable	.rdata		0x00000000
0x8206f5d8	0x8206f5dc	name_unreadable	.rdata		0x00000000
0x8206f610	0x8206f5dc	name_unreadable	.rdata		0x00000000
0x8206f624	0x8206f628	name_unreadable	.rdata		0x00000000
0x8206f65c	0x8206f628	name_unreadable	.rdata		0x00000000
0x8206f670	0x8206f674	name_unreadable	.rdata		0x00000000
0x8206f6a8	0x8206f674	name_unreadable	.rdata		0x00000000
0x8206f6bc	0x8206f6c0	name_unreadable	.rdata		0x00000000
0x8206f6f4	0x8206f6c0	name_unreadable	.rdata		0x00000000
0x8206f708	0x8206f70c	name_unreadable	.rdata		0x00000000
0x8206f740	0x8206f70c	name_unreadable	.rdata		0x00000000
0x8206f754	0x8206f758	name_unreadable	.rdata		0x00000000
0x8206f78c	0x8206f758	name_unreadable	.rdata		0x00000000
0x8206f7a0	0x8206f7a4	name_unreadable	.rdata		0x00000000
0x8206f7d8	0x8206f7a4	name_unreadable	.rdata		0x00000000
0x8206f7ec	0x8206f7f0	name_unreadable	.rdata		0x00000000
0x8206f824	0x8206f7f0	name_unreadable	.rdata		0x00000000
0x8206f838	0x8206f83c	name_unreadable	.rdata		0x00000000
0x8206f870	0x8206f83c	name_unreadable	.rdata		0x00000000
0x8206f884	0x8206f888	name_unreadable	.rdata		0x00000000
0x8206f8bc	0x8206f888	name_unreadable	.rdata		0x00000000
0x8206f8d0	0x8206f8d4	name_unreadable	.rdata		0x00000000
0x8206f908	0x8206f8d4	name_unreadable	.rdata		0x00000000
0x8206f91c	0x8206f920	name_unreadable	.rdata		0x00000000
0x8206f954	0x8206f920	name_unreadable	.rdata		0x00000000
0x8206f968	0x8206f96c	name_unreadable	.rdata		0x00000000
0x8206f9a0	0x8206f96c	name_unreadable	.rdata		0x00000000
0x8206f9b4	0x8206f9b8	name_unreadable	.rdata		0x00000000
0x8206f9ec	0x8206f9b8	name_unreadable	.rdata		0x00000000
0x8206fa00	0x8206fa04	name_unreadable	.rdata		0x00000000
0x8206fa38	0x8206fa04	name_unreadable	.rdata		0x00000000
0x8206fa4c	0x8206fa50	name_unreadable	.rdata		0x00000000
0x8206fa84	0x8206fa50	name_unreadable	.rdata		0x00000000
0x8206fa98	0x8206fa9c	name_unreadable	.rdata		0x00000000
0x8206fad0	0x8206fa9c	name_unreadable	.rdata		0x00000000
0x8206fae4	0x8206fae8	name_unreadable	.rdata		0x00000000
0x8206fb1c	0x8206fae8	name_unreadable	.rdata		0x00000000
0x8206fb30	0x8206fb34	name_unreadable	.rdata		0x00000000
0x8206fb68	0x8206fb34	name_unreadable	.rdata		0x00000000
0x8206fb7c	0x8206fb80	name_unreadable	.rdata		0x00000000
0x8206fbb4	0x8206fb80	name_unreadable	.rdata		0x00000000
0x8206fbc8	0x8206fbcc	name_unreadable	.rdata		0x00000000
0x8206fc00	0x8206fbcc	name_unreadable	.rdata		0x00000000
0x8206fc14	0x8206fc18	name_unreadable	.rdata		0x00000000
0x8206fc4c	0x8206fc18	name_unreadable	.rdata		0x00000000
0x8206fc60	0x8206fc64	name_unreadable	.rdata		0x00000000
0x8206fc98	0x8206fc64	name_unreadable	.rdata		0x00000000
0x8206fcac	0x8206fcb0	name_unreadable	.rdata		0x00000000
0x8206fce4	0x8206fcb0	name_unreadable	.rdata		0x00000000
0x8206fcf8	0x8206fcfc	name_not_rtti	.rdata	8206ea6c	0x00000000
0x8206fd34	0x8206fcfc	name_not_rtti	.rdata	8206ea6c	0x00000000
0x8206fd48	0x8206fd4c	name_unreadable	.rdata		0x00000000
0x8206fd80	0x8206fd4c	name_unreadable	.rdata		0x00000000
0x8206fd94	0x8206fd98	name_not_rtti	.rdata	8206d798	0x00000000
0x8206fdd0	0x8206fd98	name_not_rtti	.rdata	8206d798	0x00000000
0x8206fde4	0x8206fde8	name_not_rtti	.rdata	826e62d0	0x00000000
0x8206fe18	0x8206fde8	name_not_rtti	.rdata	826e62d0	0x00000000
0x8206fe2c	0x8206fe30	name_not_rtti	.rdata	826e62fc	0x00000000
0x8206fe60	0x8206fe30	name_not_rtti	.rdata	826e62fc	0x00000000
0x8206fe74	0x8206fe78	name_unreadable	.rdata		0x00000000
0x8206feac	0x8206fe78	name_unreadable	.rdata		0x00000000
0x8206fec0	0x8206fec4	name_unreadable	.rdata		0x00000000
0x8206fef8	0x8206fec4	name_unreadable	.rdata		0x00000000
0x8206ff0c	0x8206ff10	name_not_rtti	.rdata	826e6380	0x00000000
0x8206ff40	0x8206ff10	name_not_rtti	.rdata	826e6380	0x00000000
0x8206ff54	0x8206ff58	name_not_rtti	.rdata	826e63a8	0x00000000
0x8206ff88	0x8206ff58	name_not_rtti	.rdata	826e63a8	0x00000000
0x8206ff9c	0x8206ffa0	name_unreadable	.rdata		0x00000000
0x8206ffd4	0x8206ffa0	name_unreadable	.rdata		0x00000000
0x8206ffe8	0x8206ffec	name_not_rtti	.rdata	826e63fc	0x00000000
0x8207001c	0x8206ffec	name_not_rtti	.rdata	826e63fc	0x00000000
0x82070030	0x82070034	name_not_rtti	.rdata	8206ea6c	0x00000000
0x8207006c	0x82070034	name_not_rtti	.rdata	8206ea6c	0x00000000
0x82070080	0x82070084	name_not_rtti	.rdata	826e6460	0x00000000
0x820700b4	0x82070084	name_not_rtti	.rdata	826e6460	0x00000000
0x820700c8	0x820700cc	name_not_rtti	.rdata	826e648c	0x00000000
0x820700fc	0x820700cc	name_not_rtti	.rdata	826e648c	0x00000000
0x82070110	0x82070114	name_not_rtti	.rdata	826e64c0	0x00000000
0x82070144	0x82070114	name_not_rtti	.rdata	826e64c0	0x00000000
0x82070158	0x8207015c	name_not_rtti	.rdata	826e64f0	0x00000000
0x8207018c	0x8207015c	name_not_rtti	.rdata	826e64f0	0x00000000
0x820701a0	0x820701a4	name_unreadable	.rdata		0x00000000
0x820701d8	0x820701a4	name_unreadable	.rdata		0x00000000
0x820701ec	0x820701f0	name_unreadable	.rdata		0x00000000
0x82070224	0x820701f0	name_unreadable	.rdata		0x00000000
0x82070238	0x8207023c	name_not_rtti	.rdata	826e655c	0x00000000
0x8207026c	0x8207023c	name_not_rtti	.rdata	826e655c	0x00000000
0x82070280	0x82070284	name_not_rtti	.rdata	826e6578	0x00000000
0x820702b4	0x82070284	name_not_rtti	.rdata	826e6578	0x00000000
0x820702c8	0x820702cc	name_not_rtti	.rdata	8206ea248206ea6c	0x00000000
0x82070308	0x820702cc	name_not_rtti	.rdata	8206ea248206ea6c	0x00000000
0x82070344	0x8207030c	name_not_rtti	.rdata	8206ea6c	0x00000000
0x82070358	0x8207035c	name_not_rtti	.rdata	8206ea248206ea6c	0x00000000
0x82070398	0x8207035c	name_not_rtti	.rdata	8206ea248206ea6c	0x00000000
0x820703d4	0x8207039c	name_not_rtti	.rdata	8206ea6c	0x00000000
0x820703e8	0x820703ec	name_not_rtti	.rdata	8206ea248206ea6c	0x00000000
0x82070428	0x820703ec	name_not_rtti	.rdata	8206ea248206ea6c	0x00000000
0x82070464	0x8207042c	name_not_rtti	.rdata	8206ea6c	0x00000000
0x82070478	0x8207047c	name_not_rtti	.rdata	8206ea248206ea6c	0x00000000
0x820704b8	0x8207047c	name_not_rtti	.rdata	8206ea248206ea6c	0x00000000
0x820704f4	0x820704bc	name_not_rtti	.rdata	8206ea6c	0x00000000
0x82070508	0x8207050c	name_not_rtti	.rdata	8206ea248206ea6c	0x00000000
0x82070548	0x8207050c	name_not_rtti	.rdata	8206ea248206ea6c	0x00000000
0x82070584	0x8207054c	name_not_rtti	.rdata	8206ea6c	0x00000000
0x82070598	0x8207059c	name_not_rtti	.rdata	8206ea248206ea6c	0x00000000
0x820705d8	0x8207059c	name_not_rtti	.rdata	8206ea248206ea6c	0x00000000
0x82070614	0x820705dc	name_not_rtti	.rdata	8206ea6c	0x00000000
0x82070628	0x8207062c	name_not_rtti	.rdata	8206ea248206ea6c	0x00000000
0x82070668	0x8207062c	name_not_rtti	.rdata	8206ea248206ea6c	0x00000000
0x820706a4	0x8207066c	name_not_rtti	.rdata	8206ea6c	0x00000000
0x820706b8	0x820706bc	name_not_rtti	.rdata	8206ea248206ea6c	0x00000000
0x820706f8	0x820706bc	name_not_rtti	.rdata	8206ea248206ea6c	0x00000000
0x82070734	0x820706fc	name_not_rtti	.rdata	8206ea6c	0x00000000
0x82070748	0x8207074c	name_not_rtti	.rdata	8206ea248206ea6c	0x00000000
0x82070788	0x8207074c	name_not_rtti	.rdata	8206ea248206ea6c	0x00000000
0x820707c4	0x8207078c	name_not_rtti	.rdata	8206ea6c	0x00000000
0x820707d8	0x820707dc	name_not_rtti	.rdata	8206ea248206ea6c	0x00000000
0x82070818	0x820707dc	name_not_rtti	.rdata	8206ea248206ea6c	0x00000000
0x82070854	0x8207081c	name_not_rtti	.rdata	8206ea6c	0x00000000
0x82070868	0x8207086c	name_not_rtti	.rdata	8206ea248206ea6c	0x00000000
0x820708a8	0x8207086c	name_not_rtti	.rdata	8206ea248206ea6c	0x00000000
0x820708e4	0x820708ac	name_not_rtti	.rdata	8206ea6c	0x00000000
0x820708f8	0x820708fc	name_not_rtti	.rdata	8206ea248206ea6c	0x00000000
0x82070938	0x820708fc	name_not_rtti	.rdata	8206ea248206ea6c	0x00000000
0x82070974	0x8207093c	name_not_rtti	.rdata	8206ea6c	0x00000000
0x82070988	0x8207098c	name_not_rtti	.rdata	8206ea248206ea6c	0x00000000
0x820709c8	0x8207098c	name_not_rtti	.rdata	8206ea248206ea6c	0x00000000
0x82070a04	0x820709cc	name_not_rtti	.rdata	8206ea6c	0x00000000
0x82070a18	0x82070a1c	name_not_rtti	.rdata	8206ea248206ea6c	0x00000000
0x82070a58	0x82070a1c	name_not_rtti	.rdata	8206ea248206ea6c	0x00000000
0x82070a94	0x82070a5c	name_not_rtti	.rdata	8206ea6c	0x00000000
0x82070aa8	0x82070aac	name_not_rtti	.rdata	8206ea248206ea6c	0x00000000
0x82070ae8	0x82070aac	name_not_rtti	.rdata	8206ea248206ea6c	0x00000000
0x82070b24	0x82070aec	name_not_rtti	.rdata	8206ea6c	0x00000000
0x82070b38	0x82070b3c	name_not_rtti	.rdata	8206ea248206ea6c	0x00000000
0x82070b78	0x82070b3c	name_not_rtti	.rdata	8206ea248206ea6c	0x00000000
0x82070bb4	0x82070b7c	name_not_rtti	.rdata	8206ea6c	0x00000000
0x82070bc8	0x82070bcc	name_not_rtti	.rdata	8206ea248206ea6c	0x00000000
0x82070c08	0x82070bcc	name_not_rtti	.rdata	8206ea248206ea6c	0x00000000
0x82070c44	0x82070c0c	name_not_rtti	.rdata	8206ea6c	0x00000000
0x82070c58	0x82070c5c	name_not_rtti	.rdata	8206ea248206ea6c	0x00000000
0x82070c98	0x82070c5c	name_not_rtti	.rdata	8206ea248206ea6c	0x00000000
0x82070cd4	0x82070c9c	name_not_rtti	.rdata	8206ea6c	0x00000000
0x82070ce8	0x82070cec	name_not_rtti	.rdata	8206ea248206ea6c	0x00000000
0x82070d28	0x82070cec	name_not_rtti	.rdata	8206ea248206ea6c	0x00000000
0x82070d64	0x82070d2c	name_not_rtti	.rdata	8206ea6c	0x00000000
0x82070d78	0x82070d7c	name_not_rtti	.rdata	8206ea248206ea6c	0x00000000
0x82070db8	0x82070d7c	name_not_rtti	.rdata	8206ea248206ea6c	0x00000000
0x82070df4	0x82070dbc	name_not_rtti	.rdata	8206ea6c	0x00000000
0x82070e08	0x82070e0c	name_not_rtti	.rdata	8206ea248206ea6c	0x00000000
0x82070e48	0x82070e0c	name_not_rtti	.rdata	8206ea248206ea6c	0x00000000
0x82070e84	0x82070e4c	name_not_rtti	.rdata	8206ea6c	0x00000000
0x82070e98	0x82070e9c	name_not_rtti	.rdata	8206ea248206ea6c	0x00000000
0x82070ed8	0x82070e9c	name_not_rtti	.rdata	8206ea248206ea6c	0x00000000
0x82070f14	0x82070edc	name_not_rtti	.rdata	8206ea6c	0x00000000
0x82070f28	0x82070f2c	name_not_rtti	.rdata	8206ea248206ea6c	0x00000000
0x82070f68	0x82070f2c	name_not_rtti	.rdata	8206ea248206ea6c	0x00000000
0x82070fa4	0x82070f6c	name_not_rtti	.rdata	8206ea6c	0x00000000
0x82070fb8	0x82070fbc	name_not_rtti	.rdata	8206ea248206ea6c	0x00000000
0x82070ff8	0x82070fbc	name_not_rtti	.rdata	8206ea248206ea6c	0x00000000
0x82071034	0x82070ffc	name_not_rtti	.rdata	8206ea6c	0x00000000
0x82071048	0x8207104c	name_not_rtti	.rdata	8206ea248206ea6c	0x00000000
0x82071088	0x8207104c	name_not_rtti	.rdata	8206ea248206ea6c	0x00000000
0x820710c4	0x8207108c	name_not_rtti	.rdata	8206ea6c	0x00000000
0x820710d8	0x820710dc	name_not_rtti	.rdata	8206ea248206ea6c	0x00000000
0x82071118	0x820710dc	name_not_rtti	.rdata	8206ea248206ea6c	0x00000000
0x82071154	0x8207111c	name_not_rtti	.rdata	8206ea6c	0x00000000
0x82071168	0x8207116c	name_not_rtti	.rdata	8206ea248206ea6c	0x00000000
0x820711a8	0x8207116c	name_not_rtti	.rdata	8206ea248206ea6c	0x00000000
0x820711e4	0x820711ac	name_not_rtti	.rdata	8206ea6c	0x00000000
0x820711f8	0x820711fc	name_not_rtti	.rdata	8206ea248206ea6c	0x00000000
0x82071238	0x820711fc	name_not_rtti	.rdata	8206ea248206ea6c	0x00000000
0x82071274	0x8207123c	name_not_rtti	.rdata	8206ea6c	0x00000000
0x82071288	0x8207128c	name_not_rtti	.rdata	8206ea248206ea6c	0x00000000
0x820712c8	0x8207128c	name_not_rtti	.rdata	8206ea248206ea6c	0x00000000
0x82071304	0x820712cc	name_not_rtti	.rdata	8206ea6c	0x00000000
0x82071318	0x8207131c	name_not_rtti	.rdata	8206ea248206ea6c	0x00000000
0x82071358	0x8207131c	name_not_rtti	.rdata	8206ea248206ea6c	0x00000000
0x82071394	0x8207135c	name_not_rtti	.rdata	8206ea6c	0x00000000
0x820713a8	0x820713ac	name_not_rtti	.rdata	8206ea248206ea6c	0x00000000
0x820713e8	0x820713ac	name_not_rtti	.rdata	8206ea248206ea6c	0x00000000
0x82071424	0x820713ec	name_not_rtti	.rdata	8206ea6c	0x00000000
0x82071438	0x8207143c	name_not_rtti	.rdata	8206ea248206ea6c	0x00000000
0x82071478	0x8207143c	name_not_rtti	.rdata	8206ea248206ea6c	0x00000000
0x820714b4	0x8207147c	name_not_rtti	.rdata	8206ea6c	0x00000000
0x820714c8	0x820714cc	name_not_rtti	.rdata	8206ea248206ea6c	0x00000000
0x82071508	0x820714cc	name_not_rtti	.rdata	8206ea248206ea6c	0x00000000
0x82071544	0x8207150c	name_not_rtti	.rdata	8206ea6c	0x00000000
0x82071558	0x8207155c	name_not_rtti	.rdata	8206ea248206ea6c	0x00000000
0x82071598	0x8207155c	name_not_rtti	.rdata	8206ea248206ea6c	0x00000000
0x820715d4	0x8207159c	name_not_rtti	.rdata	8206ea6c	0x00000000
0x820715e8	0x820715ec	name_not_rtti	.rdata	8206ea248206ea6c	0x00000000
0x82071628	0x820715ec	name_not_rtti	.rdata	8206ea248206ea6c	0x00000000
0x82071664	0x8207162c	name_not_rtti	.rdata	8206ea6c	0x00000000
0x82071678	0x8207167c	name_not_rtti	.rdata	8206ea248206ea6c	0x00000000
0x820716b8	0x8207167c	name_not_rtti	.rdata	8206ea248206ea6c	0x00000000
0x820716f4	0x820716bc	name_not_rtti	.rdata	8206ea6c	0x00000000
0x82071708	0x8207170c	name_not_rtti	.rdata	8206ea248206ea6c	0x00000000
0x82071748	0x8207170c	name_not_rtti	.rdata	8206ea248206ea6c	0x00000000
0x82071784	0x8207174c	name_not_rtti	.rdata	8206ea6c	0x00000000
0x82071798	0x8207179c	name_not_rtti	.rdata	8206ea248206ea6c	0x00000000
0x820717d8	0x8207179c	name_not_rtti	.rdata	8206ea248206ea6c	0x00000000
0x82071814	0x820717dc	name_not_rtti	.rdata	8206ea6c	0x00000000
0x82071828	0x8207182c	name_not_rtti	.rdata	8206ea248206ea6c	0x00000000
0x82071868	0x8207182c	name_not_rtti	.rdata	8206ea248206ea6c	0x00000000
0x820718a4	0x8207186c	name_not_rtti	.rdata	8206ea6c	0x00000000
0x820718b8	0x820718bc	name_not_rtti	.rdata	8206ea248206ea6c	0x00000000
0x820718f8	0x820718bc	name_not_rtti	.rdata	8206ea248206ea6c	0x00000000
0x82071934	0x820718fc	name_not_rtti	.rdata	8206ea6c	0x00000000
0x82071948	0x8207194c	name_not_rtti	.rdata	8206ea248206ea6c	0x00000000
0x82071988	0x8207194c	name_not_rtti	.rdata	8206ea248206ea6c	0x00000000
0x820719c4	0x8207198c	name_not_rtti	.rdata	8206ea6c	0x00000000
0x820719d8	0x820719dc	name_unreadable	.rdata		0x00000000
0x82071a10	0x820719dc	name_unreadable	.rdata		0x00000000
0x82071a24	0x82071a28	name_not_rtti	.rdata	826e74c0	0x00000000
0x82071a58	0x82071a28	name_not_rtti	.rdata	826e74c0	0x00000000
0x82071a6c	0x82071a70	name_not_rtti	.rdata	826e74dc	0x00000000
0x82071aa0	0x82071a70	name_not_rtti	.rdata	826e74dc	0x00000000
0x82071ab4	0x82071ab8	name_unreadable	.rdata		0x00000000
0x82071aec	0x82071ab8	name_unreadable	.rdata		0x00000000
0x82071b00	0x82071b04	name_not_rtti	.rdata	820721	0x00000000
0x82071b44	0x82071b04	name_not_rtti	.rdata	820721	0x00000000
0x82071b58	0x82071b5c	name_not_rtti	.rdata	820721	0x00000000
0x82071b9c	0x82071b5c	name_not_rtti	.rdata	820721	0x00000000
0x82071bb0	0x82071bb4	name_not_rtti	.rdata	820721	0x00000000
0x82071bf4	0x82071bb4	name_not_rtti	.rdata	820721	0x00000000
0x82071c08	0x82071c0c	name_not_rtti	.rdata	820721	0x00000000
0x82071c4c	0x82071c0c	name_not_rtti	.rdata	820721	0x00000000
0x82071c60	0x82071c64	name_not_rtti	.rdata	820721	0x00000000
0x82071ca4	0x82071c64	name_not_rtti	.rdata	820721	0x00000000
0x82071cb8	0x82071cbc	name_not_rtti	.rdata	82072138820723e4	0x00000000
0x82071cf8	0x82071cbc	name_not_rtti	.rdata	82072138820723e4	0x00000000
0x82071d0c	0x82071d10	name_not_rtti	.rdata	82072138820723e4	0x00000000
0x82071d4c	0x82071d10	name_not_rtti	.rdata	82072138820723e4	0x00000000
0x82071d60	0x82071d64	name_not_rtti	.rdata	82072138820723e4	0x00000000
0x82071da0	0x82071d64	name_not_rtti	.rdata	82072138820723e4	0x00000000
0x82071db4	0x82071db8	name_not_rtti	.rdata	82072138820723e4	0x00000000
0x82071df4	0x82071db8	name_not_rtti	.rdata	82072138820723e4	0x00000000
0x82071e08	0x82071e0c	name_not_rtti	.rdata	820723e4	0x00000000
0x82071e44	0x82071e0c	name_not_rtti	.rdata	820723e4	0x00000000
0x82071e58	0x82071e5c	name_not_rtti	.rdata	820723e4	0x00000000
0x82071e94	0x82071e5c	name_not_rtti	.rdata	820723e4	0x00000000
0x82071ea8	0x82071eac	name_not_rtti	.rdata	820723e4	0x00000000
0x82071ee4	0x82071eac	name_not_rtti	.rdata	820723e4	0x00000000
0x82071ef8	0x82071efc	name_not_rtti	.rdata	820723e4	0x00000000
0x82071f34	0x82071efc	name_not_rtti	.rdata	820723e4	0x00000000
0x82071f48	0x82071f4c	name_not_rtti	.rdata	820723e4	0x00000000
0x82071f84	0x82071f4c	name_not_rtti	.rdata	820723e4	0x00000000
0x82071f98	0x82071f9c	name_not_rtti	.rdata	820723e4	0x00000000
0x82071fd4	0x82071f9c	name_not_rtti	.rdata	820723e4	0x00000000
0x82071fe8	0x82071fec	name_not_rtti	.rdata	820723e4	0x00000000
0x82072024	0x82071fec	name_not_rtti	.rdata	820723e4	0x00000000
0x82072038	0x8207203c	name_not_rtti	.rdata	820723e4	0x00000000
0x82072074	0x8207203c	name_not_rtti	.rdata	820723e4	0x00000000
0x82072088	0x8207208c	name_not_rtti	.rdata	82072138820723e4	0x00000000
0x820720c8	0x8207208c	name_not_rtti	.rdata	82072138820723e4	0x00000000
0x820720dc	0x820720e0	name_not_rtti	.rdata	820723e4	0x00000000
0x82072118	0x820720e0	name_not_rtti	.rdata	820723e4	0x00000000
0x82072150	0x8207211c	name_unreadable	.rdata		0x00000000
0x82072164	0x820721b8	name_unreadable	.rdata		0x00000000
0x82072178	0x8207217c	name_not_rtti	.rdata	8207239c	0x00000000
0x820721b4	0x820721b8	name_unreadable	.rdata		0x00000000
0x820721ec	0x8207217c	name_not_rtti	.rdata	8207239c	0x00000000
0x82072200	0x82072204	name_unreadable	.rdata		0x00000000
0x82072238	0x82072204	name_unreadable	.rdata		0x00000000
0x8207224c	0x82072250	name_not_rtti	.rdata	826e7940	0x00000000
0x82072280	0x82072250	name_not_rtti	.rdata	826e7940	0x00000000
0x82072294	0x82072298	name_not_rtti	.rdata	82070254	0x00000000
0x820722d0	0x82072298	name_not_rtti	.rdata	82070254	0x00000000
0x820722e4	0x820722e8	name_not_rtti	.rdata	82070254	0x00000000
0x82072320	0x820722e8	name_not_rtti	.rdata	82070254	0x00000000
0x82072334	0x82072338	name_unreadable	.rdata		0x00000000
0x8207236c	0x82072338	name_unreadable	.rdata		0x00000000
0x82072380	0x82072384	name_not_rtti	.rdata	826e79bc	0x00000000
0x820723b4	0x82072384	name_not_rtti	.rdata	826e79bc	0x00000000
0x820723c8	0x820723cc	name_not_rtti	.rdata	826e7d90	0x00000000
0x820723fc	0x820723cc	name_not_rtti	.rdata	826e7d90	0x00000000
0x82072410	0x82072414	name_not_rtti	.rdata	826e79dc	0x00000000
0x82072444	0x82072414	name_not_rtti	.rdata	826e79dc	0x00000000
0x82072458	0x8207245c	name_not_rtti	.rdata	826e79fc	0x00000000
0x8207248c	0x8207245c	name_not_rtti	.rdata	826e79fc	0x00000000
0x820724a0	0x820724a4	name_unreadable	.rdata		0x00000000
0x820724d8	0x820724a4	name_unreadable	.rdata		0x00000000
0x820724ec	0x820724f0	name_not_rtti	.rdata	826e7a44	0x00000000
0x82072520	0x820724f0	name_not_rtti	.rdata	826e7a44	0x00000000
0x82072534	0x82072538	name_unreadable	.rdata		0x00000000
0x8207256c	0x82072538	name_unreadable	.rdata		0x00000000
0x82072580	0x82072584	name_not_rtti	.rdata	826e7ff8	0x00000000
0x820725b4	0x82072584	name_not_rtti	.rdata	826e7ff8	0x00000000
0x820725c8	0x820725cc	name_not_rtti	.rdata	826e8020	0x00000000
0x820725fc	0x820725cc	name_not_rtti	.rdata	826e8020	0x00000000
0x82072610	0x82072614	name_unreadable	.rdata		0x00000000
0x82072648	0x82072614	name_unreadable	.rdata		0x00000000
0x8207265c	0x82072660	name_not_rtti	.rdata	826e8054	0x00000000
0x82072690	0x82072660	name_not_rtti	.rdata	826e8054	0x00000000
0x820726a4	0x820726a8	name_unreadable	.rdata		0x00000000
0x820726dc	0x820726a8	name_unreadable	.rdata		0x00000000
0x820726f0	0x820726f4	name_unreadable	.rdata		0x00000000
0x82072728	0x820726f4	name_unreadable	.rdata		0x00000000
0x8207273c	0x82072740	name_unreadable	.rdata		0x00000000
0x82072774	0x82072740	name_unreadable	.rdata		0x00000000
0x82072788	0x8207278c	name_unreadable	.rdata		0x00000000
0x820727c0	0x8207278c	name_unreadable	.rdata		0x00000000
0x820727d4	0x820727d8	name_unreadable	.rdata		0x00000000
0x8207280c	0x820727d8	name_unreadable	.rdata		0x00000000
0x82072820	0x82072824	name_not_rtti	.rdata	826e8114	0x00000000
0x82072854	0x82072824	name_not_rtti	.rdata	826e8114	0x00000000
0x82072868	0x8207286c	name_not_rtti	.rdata	826e8148	0x00000000
0x8207289c	0x8207286c	name_not_rtti	.rdata	826e8148	0x00000000
0x820728b0	0x820728b4	name_not_rtti	.rdata	8206c24c	0x00000000
0x820728ec	0x820728b4	name_not_rtti	.rdata	8206c24c	0x00000000
0x82072924	0x820728f0	name_unreadable	.rdata		0x00000000
0x82072938	0x8207293c	name_not_rtti	.rdata	8206c24c	0x00000000
0x82072974	0x8207293c	name_not_rtti	.rdata	8206c24c	0x00000000
0x820729ac	0x82072978	name_unreadable	.rdata		0x00000000
0x820729c0	0x820729c4	name_unreadable	.rdata		0x00000000
0x820729f8	0x820729c4	name_unreadable	.rdata		0x00000000
0x82072a0c	0x82072a10	name_not_rtti	.rdata	826e8224	0x00000000
0x82072a40	0x82072a10	name_not_rtti	.rdata	826e8224	0x00000000
0x82072a54	0x82072a58	name_unreadable	.rdata		0x00000000
0x82072a8c	0x82072a58	name_unreadable	.rdata		0x00000000
0x82072ac0	0x82072a90	name_not_rtti	.rdata	826e8264	0x00000000
0x82072ad4	0x82072ad8	name_unreadable	.rdata		0x00000000
0x82072b0c	0x82072ad8	name_unreadable	.rdata		0x00000000
0x82072b20	0x82072b24	name_not_rtti	.rdata	826e82b0	0x00000000
0x82072b54	0x82072b24	name_not_rtti	.rdata	826e82b0	0x00000000
0x82072b68	0x82072b6c	name_not_rtti	.rdata	8206d598	0x00000000
0x82072ba4	0x82072ba8	name_unreadable	.rdata		0x00000000
0x82072bdc	0x82072b6c	name_not_rtti	.rdata	8206d598	0x00000000
0x82072bf0	0x82072bf4	name_not_rtti	.rdata	826e831c	0x00000000
0x82072c24	0x82072bf4	name_not_rtti	.rdata	826e831c	0x00000000
0x82072c38	0x82072c3c	name_unreadable	.rdata		0x00000000
0x82072c70	0x82072c3c	name_unreadable	.rdata		0x00000000
0x82072c84	0x82072c88	name_unreadable	.rdata		0x00000000
0x82072cbc	0x82072c88	name_unreadable	.rdata		0x00000000
0x82072cd0	0x82072cd4	name_unreadable	.rdata		0x00000000
0x82072d08	0x82072cd4	name_unreadable	.rdata		0x00000000
0x82072d1c	0x82072d20	name_unreadable	.rdata		0x00000000
0x82072d54	0x82072d20	name_unreadable	.rdata		0x00000000
0x82072d68	0x82072d6c	name_unreadable	.rdata		0x00000000
0x82072da0	0x82072d6c	name_unreadable	.rdata		0x00000000
0x82072db4	0x82072db8	name_not_rtti	.rdata	826e83e0	0x00000000
0x82072de8	0x82072db8	name_not_rtti	.rdata	826e83e0	0x00000000
0x82072dfc	0x82072e00	name_unreadable	.rdata		0x00000000
0x82072e34	0x82072e00	name_unreadable	.rdata		0x00000000
0x82072e48	0x82072e4c	name_not_rtti	.rdata	826e841c	0x00000000
0x82072e7c	0x82072e4c	name_not_rtti	.rdata	826e841c	0x00000000
0x82072e90	0x82072e94	name_not_rtti	.rdata	826e843c	0x00000000
0x82072ec4	0x82072e94	name_not_rtti	.rdata	826e843c	0x00000000
0x82072ed8	0x82072edc	name_not_rtti	.rdata	826e845c	0x00000000
0x82072f0c	0x82072edc	name_not_rtti	.rdata	826e845c	0x00000000
0x82072f20	0x82072f24	name_unreadable	.rdata		0x00000000
0x82072f58	0x82072f24	name_unreadable	.rdata		0x00000000
0x82072f6c	0x82072f70	name_not_rtti	.rdata	82073c18	0x00000000
0x82072fa8	0x82072f70	name_not_rtti	.rdata	82073c18	0x00000000
0x82072fbc	0x82072fc0	name_not_rtti	.rdata	82073c18	0x00000000
0x82072ff8	0x82072fc0	name_not_rtti	.rdata	82073c18	0x00000000
0x8207300c	0x82073010	name_not_rtti	.rdata	82073c18	0x00000000
0x82073048	0x82073010	name_not_rtti	.rdata	82073c18	0x00000000
0x8207305c	0x82073060	name_not_rtti	.rdata	82073c18	0x00000000
0x82073098	0x82073060	name_not_rtti	.rdata	82073c18	0x00000000
0x820730ac	0x820730b0	name_not_rtti	.rdata	82073c18	0x00000000
0x820730e8	0x820730b0	name_not_rtti	.rdata	82073c18	0x00000000
0x82073120	0x820730ec	name_unreadable	.rdata		0x00000000
0x82073134	0x82073138	name_unreadable	.rdata		0x00000000
0x8207316c	0x82073138	name_unreadable	.rdata		0x00000000
0x82073180	0x82073184	name_unreadable	.rdata		0x00000000
0x820731b8	0x82073184	name_unreadable	.rdata		0x00000000
0x820731cc	0x820731d0	name_unreadable	.rdata		0x00000000
0x82073204	0x820731d0	name_unreadable	.rdata		0x00000000
0x82073218	0x8207321c	name_unreadable	.rdata		0x00000000
0x82073250	0x8207321c	name_unreadable	.rdata		0x00000000
0x82073264	0x82073268	name_unreadable	.rdata		0x00000000
0x8207329c	0x82073268	name_unreadable	.rdata		0x00000000
0x820732b0	0x820732b4	name_unreadable	.rdata		0x00000000
0x820732e8	0x820732b4	name_unreadable	.rdata		0x00000000
0x820732fc	0x82073300	name_unreadable	.rdata		0x00000000
0x82073334	0x82073300	name_unreadable	.rdata		0x00000000
0x82073348	0x8207334c	name_unreadable	.rdata		0x00000000
0x82073380	0x8207334c	name_unreadable	.rdata		0x00000000
0x82073394	0x82073398	name_unreadable	.rdata		0x00000000
0x820733cc	0x82073398	name_unreadable	.rdata		0x00000000
0x820733e0	0x820733e4	name_unreadable	.rdata		0x00000000
0x82073418	0x820733e4	name_unreadable	.rdata		0x00000000
0x8207342c	0x82073430	name_unreadable	.rdata		0x00000000
0x82073464	0x82073430	name_unreadable	.rdata		0x00000000
0x82073478	0x8207347c	name_unreadable	.rdata		0x00000000
0x820734b0	0x8207347c	name_unreadable	.rdata		0x00000000
0x820734c4	0x820734c8	name_unreadable	.rdata		0x00000000
0x820734fc	0x820734c8	name_unreadable	.rdata		0x00000000
0x82073510	0x82073514	name_unreadable	.rdata		0x00000000
0x82073548	0x82073514	name_unreadable	.rdata		0x00000000
0x8207355c	0x82073560	name_unreadable	.rdata		0x00000000
0x82073594	0x82073560	name_unreadable	.rdata		0x00000000
0x820735a8	0x820735ac	name_unreadable	.rdata		0x00000000
0x820735e0	0x820735ac	name_unreadable	.rdata		0x00000000
0x820735f4	0x820735f8	name_not_rtti	.rdata	82073c18	0x00000000
0x82073630	0x820735f8	name_not_rtti	.rdata	82073c18	0x00000000
0x82073644	0x82073648	name_not_rtti	.rdata	82073c18	0x00000000
0x82073680	0x82073648	name_not_rtti	.rdata	82073c18	0x00000000
0x82073694	0x82073698	name_not_rtti	.rdata	82073c18	0x00000000
0x820736d0	0x82073698	name_not_rtti	.rdata	82073c18	0x00000000
0x820736e4	0x820736e8	name_unreadable	.rdata		0x00000000
0x8207371c	0x820736e8	name_unreadable	.rdata		0x00000000
0x82073730	0x82073734	name_not_rtti	.rdata	820737a88206ec28	0x00000000
0x82073770	0x82073734	name_not_rtti	.rdata	820737a88206ec28	0x00000000
0x82073784	0x82073788	name_not_rtti	.rdata	8206ec28	0x00000000
0x820737c0	0x820737c4	name_unreadable	.rdata		0x00000000
0x820737f8	0x82073788	name_not_rtti	.rdata	8206ec28	0x00000000
0x8207380c	0x82073810	name_unreadable	.rdata		0x00000000
0x82073844	0x82073810	name_unreadable	.rdata		0x00000000
0x82073858	0x8207385c	name_unreadable	.rdata		0x00000000
0x82073890	0x8207385c	name_unreadable	.rdata		0x00000000
0x820738a4	0x820738a8	name_unreadable	.rdata		0x00000000
0x820738dc	0x820738a8	name_unreadable	.rdata		0x00000000
0x820738f0	0x820738f4	name_unreadable	.rdata		0x00000000
0x82073928	0x820738f4	name_unreadable	.rdata		0x00000000
0x8207393c	0x82073940	name_unreadable	.rdata		0x00000000
0x82073974	0x82073940	name_unreadable	.rdata		0x00000000
0x82073988	0x8207398c	name_unreadable	.rdata		0x00000000
0x820739c0	0x8207398c	name_unreadable	.rdata		0x00000000
0x820739d4	0x820739d8	name_not_rtti	.rdata	82073c18	0x00000000
0x82073a10	0x820739d8	name_not_rtti	.rdata	82073c18	0x00000000
0x82073a24	0x82073a28	name_unreadable	.rdata		0x00000000
0x82073a5c	0x82073a28	name_unreadable	.rdata		0x00000000
0x82073a70	0x82073a74	name_not_rtti	.rdata	82073c18	0x00000000
0x82073aac	0x82073a74	name_not_rtti	.rdata	82073c18	0x00000000
0x82073ac0	0x82073ac4	name_not_rtti	.rdata	82073c18	0x00000000
0x82073afc	0x82073ac4	name_not_rtti	.rdata	82073c18	0x00000000
0x82073b10	0x82073b14	name_not_rtti	.rdata	82073c18	0x00000000
0x82073b4c	0x82073b14	name_not_rtti	.rdata	82073c18	0x00000000
0x82073b60	0x82073b64	name_not_rtti	.rdata	82073c18	0x00000000
0x82073b9c	0x82073b64	name_not_rtti	.rdata	82073c18	0x00000000
0x82073bb0	0x82073bb4	name_unreadable	.rdata		0x00000000
0x82073be8	0x82073bb4	name_unreadable	.rdata		0x00000000
0x82073bfc	0x82073c00	name_not_rtti	.rdata	826e89f4	0x00000000
0x82073c30	0x82073c00	name_not_rtti	.rdata	826e89f4	0x00000000
0x82073c44	0x82073c48	name_unreadable	.rdata		0x00000000
0x82073c7c	0x82073c48	name_unreadable	.rdata		0x00000000
0x82073c90	0x82073c94	name_unreadable	.rdata		0x00000000
0x82073cc8	0x82073c94	name_unreadable	.rdata		0x00000000
0x82073cdc	0x82073ce0	name_unreadable	.rdata		0x00000000
0x82073d14	0x82073ce0	name_unreadable	.rdata		0x00000000
0x82073d28	0x82073d2c	name_not_rtti	.rdata	826e8a84	0x00000000
0x82073d5c	0x82073d2c	name_not_rtti	.rdata	826e8a84	0x00000000
0x82073d70	0x82073d74	name_not_rtti	.rdata	826e8aac	0x00000000
0x82073da4	0x82073d74	name_not_rtti	.rdata	826e8aac	0x00000000
0x82073db8	0x82073dbc	name_not_rtti	.rdata	826e8acc	0x00000000
0x82073dec	0x82073dbc	name_not_rtti	.rdata	826e8acc	0x00000000
0x82073e00	0x82073e04	name_unreadable	.rdata		0x00000000
0x82073e38	0x82073e04	name_unreadable	.rdata		0x00000000
0x82073e4c	0x82073e50	name_not_rtti	.rdata	826e8b04	0x00000000
0x82073e80	0x82073e50	name_not_rtti	.rdata	826e8b04	0x00000000
0x82073e94	0x82073e98	name_not_rtti	.rdata	826e8b20	0x00000000
0x82073ec8	0x82073e98	name_not_rtti	.rdata	826e8b20	0x00000000
0x82073edc	0x82073ee0	name_unreadable	.rdata		0x00000000
0x82073f14	0x82073ee0	name_unreadable	.rdata		0x00000000
0x82073f28	0x82073f2c	name_not_rtti	.rdata	826e8b80	0x00000000
0x82073f5c	0x82073f2c	name_not_rtti	.rdata	826e8b80	0x00000000
0x82073f70	0x82073f74	name_not_rtti	.rdata	826e8bf0	0x00000000
0x82073fa4	0x82073f74	name_not_rtti	.rdata	826e8bf0	0x00000000
0x82073fb8	0x82073fbc	name_unreadable	.rdata		0x00000000
0x82073ff0	0x82073fbc	name_unreadable	.rdata		0x00000000
0x82074004	0x82074008	name_not_rtti	.rdata	826e8c30	0x00000000
0x82074038	0x82074008	name_not_rtti	.rdata	826e8c30	0x00000000
0x8207404c	0x82074050	name_unreadable	.rdata		0x00000000
0x82074084	0x82074050	name_unreadable	.rdata		0x00000000
0x82074098	0x8207409c	name_not_rtti	.rdata	826e8c74	0x00000000
0x820740cc	0x8207409c	name_not_rtti	.rdata	826e8c74	0x00000000
0x820740e0	0x820740e4	name_not_rtti	.rdata	826e8c98	0x00000000
0x82074114	0x820740e4	name_not_rtti	.rdata	826e8c98	0x00000000
0x82074128	0x8207412c	name_unreadable	.rdata		0x00000000
0x82074160	0x8207412c	name_unreadable	.rdata		0x00000000
0x82074174	0x82074178	name_unreadable	.rdata		0x00000000
0x820741ac	0x82074178	name_unreadable	.rdata		0x00000000
0x820741c0	0x820741c4	name_not_rtti	.rdata	826e8d34	0x00000000
0x820741f4	0x820741c4	name_not_rtti	.rdata	826e8d34	0x00000000
0x82074208	0x8207420c	name_not_rtti	.rdata	826e8d88	0x00000000
0x8207423c	0x8207420c	name_not_rtti	.rdata	826e8d88	0x00000000
0x82074250	0x82074254	name_not_rtti	.rdata	826e8dac	0x00000000
0x82074284	0x82074254	name_not_rtti	.rdata	826e8dac	0x00000000
0x82074298	0x8207429c	name_not_rtti	.rdata	826e8dd0	0x00000000
0x820742cc	0x8207429c	name_not_rtti	.rdata	826e8dd0	0x00000000
0x820742e0	0x820742e4	name_not_rtti	.rdata	826e8df4	0x00000000
0x82074314	0x820742e4	name_not_rtti	.rdata	826e8df4	0x00000000
0x82074328	0x8207432c	name_not_rtti	.rdata	826e8e18	0x00000000
0x8207435c	0x8207432c	name_not_rtti	.rdata	826e8e18	0x00000000
0x82074370	0x82074374	name_unreadable	.rdata		0x00000000
0x820743a8	0x82074374	name_unreadable	.rdata		0x00000000
0x820743bc	0x820743c0	name_unreadable	.rdata		0x00000000
0x820743f4	0x820743c0	name_unreadable	.rdata		0x00000000
0x82074408	0x8207440c	name_not_rtti	.rdata	826e8e8c	0x00000000
0x8207443c	0x8207440c	name_not_rtti	.rdata	826e8e8c	0x00000000
0x82074450	0x82074454	name_not_rtti	.rdata	826e8eac	0x00000000
0x82074484	0x82074454	name_not_rtti	.rdata	826e8eac	0x00000000
0x82074498	0x8207449c	name_not_rtti	.rdata	826e8ed0	0x00000000
0x820744cc	0x8207449c	name_not_rtti	.rdata	826e8ed0	0x00000000
0x820744e0	0x820744e4	name_not_rtti	.rdata	826e8ef0	0x00000000
0x82074514	0x820744e4	name_not_rtti	.rdata	826e8ef0	0x00000000
0x82074528	0x82074578	name_not_rtti	.rdata	826e8f60	0x00000000
0x8207453c	0x82074540	name_unreadable	.rdata		0x00000000
0x82074574	0x82074578	name_not_rtti	.rdata	826e8f60	0x00000000
0x820745a8	0x82074540	name_unreadable	.rdata		0x00000000
0x820745bc	0x820745c0	name_not_rtti	.rdata	826e8fa8	0x00000000
0x820745f0	0x820745c0	name_not_rtti	.rdata	826e8fa8	0x00000000
0x82074604	0x82074608	name_unreadable	.rdata		0x00000000
0x8207463c	0x82074608	name_unreadable	.rdata		0x00000000
0x82074650	0x82074654	name_unreadable	.rdata		0x00000000
0x82074688	0x82074654	name_unreadable	.rdata		0x00000000
0x8207469c	0x820746a0	name_unreadable	.rdata		0x00000000
0x820746d4	0x820746a0	name_unreadable	.rdata		0x00000000
0x820746e8	0x820746ec	name_not_rtti	.rdata	826e9048	0x00000000
0x8207471c	0x820746ec	name_not_rtti	.rdata	826e9048	0x00000000
0x82074730	0x82074734	name_unreadable	.rdata		0x00000000
0x82074768	0x82074734	name_unreadable	.rdata		0x00000000
0x8207477c	0x82074780	name_not_rtti	.rdata	826e908c	0x00000000
0x820747b0	0x82074780	name_not_rtti	.rdata	826e908c	0x00000000
0x820747c4	0x820747c8	name_unreadable	.rdata		0x00000000
0x820747fc	0x820747c8	name_unreadable	.rdata		0x00000000
0x82074810	0x82074814	name_not_rtti	.rdata	826e90cc	0x00000000
0x82074844	0x82074814	name_not_rtti	.rdata	826e90cc	0x00000000
0x82074858	0x8207485c	name_unreadable	.rdata		0x00000000
0x82074890	0x8207485c	name_unreadable	.rdata		0x00000000
0x820748a4	0x820748a8	name_not_rtti	.rdata	826e9110	0x00000000
0x820748d8	0x820748a8	name_not_rtti	.rdata	826e9110	0x00000000
0x820748ec	0x820748f0	name_not_rtti	.rdata	826e9134	0x00000000
0x82074920	0x820748f0	name_not_rtti	.rdata	826e9134	0x00000000
0x82074934	0x82074938	name_not_rtti	.rdata	826e9154	0x00000000
0x82074968	0x82074938	name_not_rtti	.rdata	826e9154	0x00000000
0x8207497c	0x82074980	name_unreadable	.rdata		0x00000000
0x820749b4	0x82074980	name_unreadable	.rdata		0x00000000
0x820749c8	0x820749cc	name_not_rtti	.rdata	826e9194	0x00000000
0x820749fc	0x820749cc	name_not_rtti	.rdata	826e9194	0x00000000
0x82074a10	0x82074a14	name_not_rtti	.rdata	826e91bc	0x00000000
0x82074a44	0x82074a14	name_not_rtti	.rdata	826e91bc	0x00000000
0x82074a58	0x82074a5c	name_not_rtti	.rdata	826e91e0	0x00000000
0x82074a8c	0x82074a5c	name_not_rtti	.rdata	826e91e0	0x00000000
0x82074aa0	0x82074aa4	name_unreadable	.rdata		0x00000000
0x82074ad8	0x82074aa4	name_unreadable	.rdata		0x00000000
0x82074aec	0x82074af0	name_not_rtti	.rdata	826e9230	0x00000000
0x82074b20	0x82074af0	name_not_rtti	.rdata	826e9230	0x00000000
0x82074b34	0x82074b38	name_not_rtti	.rdata	826e925c	0x00000000
0x82074b68	0x82074b38	name_not_rtti	.rdata	826e925c	0x00000000
0x82074b7c	0x82074b80	name_not_rtti	.rdata	826e9280	0x00000000
0x82074bb0	0x82074b80	name_not_rtti	.rdata	826e9280	0x00000000
0x82074bc4	0x82074bc8	name_unreadable	.rdata		0x00000000
0x82074bfc	0x82074bc8	name_unreadable	.rdata		0x00000000
0x82074c10	0x82074c14	name_unreadable	.rdata		0x00000000
0x82074c48	0x82074c14	name_unreadable	.rdata		0x00000000
0x82074c5c	0x82074c60	name_unreadable	.rdata		0x00000000
0x82074c94	0x82074c60	name_unreadable	.rdata		0x00000000
0x82074ca8	0x82074cac	name_not_rtti	.rdata	82074908	0x00000000
0x82074ce4	0x82074cac	name_not_rtti	.rdata	82074908	0x00000000
0x82074cf8	0x82074cfc	name_not_rtti	.rdata	82074908	0x00000000
0x82074d34	0x82074cfc	name_not_rtti	.rdata	82074908	0x00000000
0x82074d48	0x82074d4c	name_not_rtti	.rdata	826e9350	0x00000000
0x82074d7c	0x82074d4c	name_not_rtti	.rdata	826e9350	0x00000000
0x82074d90	0x82074d94	name_not_rtti	.rdata	82074908	0x00000000
0x82074dcc	0x82074d94	name_not_rtti	.rdata	82074908	0x00000000
0x82074de0	0x82074de4	name_not_rtti	.rdata	82074908	0x00000000
0x82074e1c	0x82074de4	name_not_rtti	.rdata	82074908	0x00000000
0x82074e30	0x82074e34	name_unreadable	.rdata		0x00000000
0x82074e68	0x82074e34	name_unreadable	.rdata		0x00000000
0x82074e7c	0x82074e80	name_not_rtti	.rdata	826e93e8	0x00000000
0x82074eb0	0x82074e80	name_not_rtti	.rdata	826e93e8	0x00000000
0x82074ec4	0x82074ec8	name_not_rtti	.rdata	826e9410	0x00000000
0x82074ef8	0x82074ec8	name_not_rtti	.rdata	826e9410	0x00000000
0x82074f0c	0x82074f10	name_not_rtti	.rdata	826e9440	0x00000000
0x82074f40	0x82074f10	name_not_rtti	.rdata	826e9440	0x00000000
0x82074f54	0x82074f58	name_unreadable	.rdata		0x00000000
0x82074f8c	0x82074f58	name_unreadable	.rdata		0x00000000
0x82074fa0	0x82074fa4	name_not_rtti	.rdata	826e9484	0x00000000
0x82074fd4	0x82074fa4	name_not_rtti	.rdata	826e9484	0x00000000
0x82074fe8	0x82074fec	name_not_rtti	.rdata	826e94a4	0x00000000
0x8207501c	0x82074fec	name_not_rtti	.rdata	826e94a4	0x00000000
0x82075030	0x82075034	name_unreadable	.rdata		0x00000000
0x82075068	0x82075034	name_unreadable	.rdata		0x00000000
0x8207507c	0x82075080	name_not_rtti	.rdata	826e94e8	0x00000000
0x820750b0	0x82075080	name_not_rtti	.rdata	826e94e8	0x00000000
0x820750c4	0x820750c8	name_unreadable	.rdata		0x00000000
0x820750fc	0x820750c8	name_unreadable	.rdata		0x00000000
0x82075110	0x82075114	name_not_rtti	.rdata	826e9534	0x00000000
0x82075144	0x82075114	name_not_rtti	.rdata	826e9534	0x00000000
0x82075158	0x8207515c	name_unreadable	.rdata		0x00000000
0x82075190	0x8207515c	name_unreadable	.rdata		0x00000000
0x820751a4	0x820751a8	name_not_rtti	.rdata	826e9628	0x00000000
0x820751d8	0x820751a8	name_not_rtti	.rdata	826e9628	0x00000000
0x820751ec	0x820751f0	name_not_rtti	.rdata	8206c24c	0x00000000
0x82075228	0x820751f0	name_not_rtti	.rdata	8206c24c	0x00000000
0x8207523c	0x82075240	name_not_rtti	.rdata	8206c24c	0x00000000
0x82075278	0x82075240	name_not_rtti	.rdata	8206c24c	0x00000000
0x8207528c	0x82075290	name_not_rtti	.rdata	8206c24c	0x00000000
0x820752c8	0x82075290	name_not_rtti	.rdata	8206c24c	0x00000000
0x820752dc	0x820752e0	name_not_rtti	.rdata	8206c24c	0x00000000
0x82075318	0x820752e0	name_not_rtti	.rdata	8206c24c	0x00000000
0x8207532c	0x82075330	name_not_rtti	.rdata	8206c24c	0x00000000
0x82075368	0x82075330	name_not_rtti	.rdata	8206c24c	0x00000000
0x8207537c	0x82075380	name_not_rtti	.rdata	8206c24c	0x00000000
0x820753b8	0x82075380	name_not_rtti	.rdata	8206c24c	0x00000000
0x820753cc	0x820753d0	name_not_rtti	.rdata	8206c24c	0x00000000
0x82075408	0x820753d0	name_not_rtti	.rdata	8206c24c	0x00000000
0x8207541c	0x82075420	name_not_rtti	.rdata	8206c24c	0x00000000
0x82075458	0x82075420	name_not_rtti	.rdata	8206c24c	0x00000000
0x8207546c	0x82075470	name_not_rtti	.rdata	8206c24c	0x00000000
0x820754a8	0x82075470	name_not_rtti	.rdata	8206c24c	0x00000000
0x820754bc	0x820754c0	name_not_rtti	.rdata	8206c24c	0x00000000
0x820754f8	0x820754c0	name_not_rtti	.rdata	8206c24c	0x00000000
0x8207550c	0x82075510	name_not_rtti	.rdata	8206c24c	0x00000000
0x82075548	0x82075510	name_not_rtti	.rdata	8206c24c	0x00000000
0x8207555c	0x82075560	name_not_rtti	.rdata	8206c24c	0x00000000
0x82075598	0x82075560	name_not_rtti	.rdata	8206c24c	0x00000000
0x820755ac	0x820755b0	name_not_rtti	.rdata	8206c24c	0x00000000
0x820755e8	0x820755b0	name_not_rtti	.rdata	8206c24c	0x00000000
0x82075620	0x820755ec	name_unreadable	.rdata		0x00000000
0x82075634	0x82075638	name_unreadable	.rdata		0x00000000
0x8207566c	0x82075638	name_unreadable	.rdata		0x00000000
0x82075680	0x82075684	name_unreadable	.rdata		0x00000000
0x820756b8	0x82075684	name_unreadable	.rdata		0x00000000
0x820756cc	0x820756d0	name_not_rtti	.rdata	826e9944	0x00000000
0x82075700	0x820756d0	name_not_rtti	.rdata	826e9944	0x00000000
0x82075714	0x82075718	name_unreadable	.rdata		0x00000000
0x8207574c	0x82075718	name_unreadable	.rdata		0x00000000
0x82075760	0x82075764	name_unreadable	.rdata		0x00000000
0x82075798	0x82075764	name_unreadable	.rdata		0x00000000
0x820757ac	0x820757b0	name_unreadable	.rdata		0x00000000
0x820757e4	0x820757b0	name_unreadable	.rdata		0x00000000
0x820757f8	0x820757fc	name_not_rtti	.rdata	826e99c0	0x00000000
0x8207582c	0x820757fc	name_not_rtti	.rdata	826e99c0	0x00000000
0x82075840	0x82075844	name_not_rtti	.rdata	826e99e4	0x00000000
0x82075874	0x82075844	name_not_rtti	.rdata	826e99e4	0x00000000
0x82075888	0x8207588c	name_not_rtti	.rdata	826e9a1c	0x00000000
0x820758bc	0x8207588c	name_not_rtti	.rdata	826e9a1c	0x00000000
0x820758d0	0x820758d4	name_not_rtti	.rdata	826e9a4c	0x00000000
0x82075904	0x820758d4	name_not_rtti	.rdata	826e9a4c	0x00000000
0x82075918	0x8207591c	name_not_rtti	.rdata	826e9a7c	0x00000000
0x8207594c	0x8207591c	name_not_rtti	.rdata	826e9a7c	0x00000000
0x82075960	0x82075964	name_unreadable	.rdata		0x00000000
0x82075998	0x82075964	name_unreadable	.rdata		0x00000000
0x820759ac	0x820759b0	name_unreadable	.rdata		0x00000000
0x820759e4	0x820759b0	name_unreadable	.rdata		0x00000000
0x820759f8	0x820759fc	name_unreadable	.rdata		0x00000000
0x82075a30	0x820759fc	name_unreadable	.rdata		0x00000000
0x82075a44	0x82075a48	name_not_rtti	.rdata	826e9b14	0x00000000
0x82075a78	0x82075a48	name_not_rtti	.rdata	826e9b14	0x00000000
0x82075a8c	0x82075a90	name_unreadable	.rdata		0x00000000
0x82075ac4	0x82075a90	name_unreadable	.rdata		0x00000000
0x82075ad8	0x82075adc	name_not_rtti	.rdata	826e9b54	0x00000000
0x82075b0c	0x82075adc	name_not_rtti	.rdata	826e9b54	0x00000000
0x82075b20	0x82075b24	name_unreadable	.rdata		0x00000000
0x82075b58	0x82075b24	name_unreadable	.rdata		0x00000000
0x82075b6c	0x82075b70	name_not_rtti	.rdata	826e9bac	0x00000000
0x82075ba0	0x82075b70	name_not_rtti	.rdata	826e9bac	0x00000000
0x82075bb4	0x82075bb8	name_unreadable	.rdata		0x00000000
0x82075bec	0x82075bb8	name_unreadable	.rdata		0x00000000
0x82075c00	0x82075c04	name_not_rtti	.rdata	8206c24c	0x00000000
0x82075c3c	0x82075c04	name_not_rtti	.rdata	8206c24c	0x00000000
0x82075c50	0x82075c54	name_not_rtti	.rdata	8206c24c	0x00000000
0x82075c8c	0x82075c54	name_not_rtti	.rdata	8206c24c	0x00000000
0x82075ca0	0x82075ca4	name_not_rtti	.rdata	8206c24c	0x00000000
0x82075cdc	0x82075ca4	name_not_rtti	.rdata	8206c24c	0x00000000
0x82075cf0	0x82075cf4	name_not_rtti	.rdata	8206c24c	0x00000000
0x82075d2c	0x82075cf4	name_not_rtti	.rdata	8206c24c	0x00000000
0x82075d40	0x82075d44	name_not_rtti	.rdata	8206c24c	0x00000000
0x82075d7c	0x82075d44	name_not_rtti	.rdata	8206c24c	0x00000000
0x82075db4	0x82075d80	name_unreadable	.rdata		0x00000000
0x82075dc8	0x82075dcc	name_not_rtti	.rdata	82075e6482075f28820737a88206ec28	0x00000000
0x82075e10	0x82075dcc	name_not_rtti	.rdata	82075e6482075f28820737a88206ec28	0x00000000
0x82075e24	0x82075e80	name_not_rtti	.rdata	820737a88206ec28	0x00000000
0x82075e38	0x82075e3c	name_not_rtti	.rdata	82075f28820737a88206ec28	0x00000000
0x82075e7c	0x82075e80	name_not_rtti	.rdata	820737a88206ec28	0x00000000
0x82075ebc	0x82075e3c	name_not_rtti	.rdata	82075f28820737a88206ec28	0x00000000
0x82075ed0	0x82075ed4	name_not_rtti	.rdata	826e9d88	0x00000000
0x82075f04	0x82075ed4	name_not_rtti	.rdata	826e9d88	0x00000000
0x82075f40	0x82075f08	name_not_rtti	.rdata	8206ec28	0x00000000
0x82075f54	0x82075f6c	name_not_rtti	.rdata	820760048206e48c82075fe8	0x00000000
0x82075f68	0x82075f6c	name_not_rtti	.rdata	820760048206e48c82075fe8	0x00000000
0x82075fac	0x82075f6c	name_not_rtti	.rdata	820760048206e48c82075fe8	0x00000000
0x82075fc0	0x82075fc4	name_not_rtti	.rdata	8206e48c82075fe8	0x00000000
0x82076000	0x82071a70	name_not_rtti	.rdata	826e74dc	0x826e9e00
0x8207601c	0x82076020	name_unreadable	.rdata		0x00000000
0x82076054	0x82075fc4	name_not_rtti	.rdata	8206e48c82075fe8	0x00000000
0x82076068	0x82076020	name_unreadable	.rdata		0x00000000
0x8207607c	0x82076080	name_not_rtti	.rdata	826e9e3c	0x00000000
0x820760b0	0x82076080	name_not_rtti	.rdata	826e9e3c	0x00000000
0x820760c4	0x820760dc	name_not_rtti	.rdata	820760048206e48c82075fe8	0x00000000
0x820760d8	0x820760dc	name_not_rtti	.rdata	820760048206e48c82075fe8	0x00000000
0x8207611c	0x820760dc	name_not_rtti	.rdata	820760048206e48c82075fe8	0x00000000
0x82076130	0x82076148	name_not_rtti	.rdata	820760048206e48c82075fe8	0x00000000
0x82076144	0x82076148	name_not_rtti	.rdata	820760048206e48c82075fe8	0x00000000
0x82076188	0x82076148	name_not_rtti	.rdata	820760048206e48c82075fe8	0x00000000
0x8207619c	0x820761b4	name_not_rtti	.rdata	820760048206e48c82075fe8	0x00000000
0x820761b0	0x820761b4	name_not_rtti	.rdata	820760048206e48c82075fe8	0x00000000
0x820761f4	0x820761b4	name_not_rtti	.rdata	820760048206e48c82075fe8	0x00000000
0x82076208	0x82076220	name_not_rtti	.rdata	8207603c820760048206e48c82075fe8	0x00000000
0x8207621c	0x82076220	name_not_rtti	.rdata	8207603c820760048206e48c82075fe8	0x00000000
0x82076264	0x82076268	name_not_rtti	.rdata	820760048206e48c82075fe8	0x00000000
0x820762a8	0x82076220	name_not_rtti	.rdata	8207603c820760048206e48c82075fe8	0x00000000
0x820762bc	0x820762d4	name_not_rtti	.rdata	820760048206e48c82075fe8	0x00000000
0x820762d0	0x820762d4	name_not_rtti	.rdata	820760048206e48c82075fe8	0x00000000
0x82076314	0x820762d4	name_not_rtti	.rdata	820760048206e48c82075fe8	0x00000000
0x82076328	0x82076340	name_not_rtti	.rdata	8207624c8207603c820760048206e48c82075fe8	0x00000000
0x8207633c	0x82076340	name_not_rtti	.rdata	8207624c8207603c820760048206e48c82075fe8	0x00000000
0x82076388	0x8207638c	name_not_rtti	.rdata	8207603c820760048206e48c82075fe8	0x00000000
0x820763d0	0x82076340	name_not_rtti	.rdata	8207624c8207603c820760048206e48c82075fe8	0x00000000
0x820763e4	0x820763fc	name_not_rtti	.rdata	820760048206e48c82075fe8	0x00000000
0x820763f8	0x820763fc	name_not_rtti	.rdata	820760048206e48c82075fe8	0x00000000
0x8207643c	0x820763fc	name_not_rtti	.rdata	820760048206e48c82075fe8	0x00000000
0x82076450	0x82076468	name_not_rtti	.rdata	820760048206e48c82075fe8	0x00000000
0x82076464	0x82076468	name_not_rtti	.rdata	820760048206e48c82075fe8	0x00000000
0x820764a8	0x82076468	name_not_rtti	.rdata	820760048206e48c82075fe8	0x00000000
0x820764bc	0x820764d4	name_not_rtti	.rdata	820760048206e48c82075fe8	0x00000000
0x820764d0	0x820764d4	name_not_rtti	.rdata	820760048206e48c82075fe8	0x00000000
0x82076514	0x820764d4	name_not_rtti	.rdata	820760048206e48c82075fe8	0x00000000
0x82076528	0x82076540	name_not_rtti	.rdata	820760048206e48c82075fe8	0x00000000
0x8207653c	0x82076540	name_not_rtti	.rdata	820760048206e48c82075fe8	0x00000000
0x82076580	0x82076540	name_not_rtti	.rdata	820760048206e48c82075fe8	0x00000000
0x82076594	0x820765ac	name_not_rtti	.rdata	820760048206e48c82075fe8	0x00000000
0x820765a8	0x820765ac	name_not_rtti	.rdata	820760048206e48c82075fe8	0x00000000
0x820765ec	0x820765ac	name_not_rtti	.rdata	820760048206e48c82075fe8	0x00000000
0x82076600	0x82076618	name_not_rtti	.rdata	820760048206e48c82075fe8	0x00000000
0x82076614	0x82076618	name_not_rtti	.rdata	820760048206e48c82075fe8	0x00000000
0x82076658	0x82076618	name_not_rtti	.rdata	820760048206e48c82075fe8	0x00000000
0x8207666c	0x82076684	name_not_rtti	.rdata	820760048206e48c82075fe8	0x00000000
0x82076680	0x82076684	name_not_rtti	.rdata	820760048206e48c82075fe8	0x00000000
0x820766c4	0x82076684	name_not_rtti	.rdata	820760048206e48c82075fe8	0x00000000
0x820766d8	0x820766f0	name_not_rtti	.rdata	820760048206e48c82075fe8	0x00000000
0x820766ec	0x820766f0	name_not_rtti	.rdata	820760048206e48c82075fe8	0x00000000
0x82076730	0x820766f0	name_not_rtti	.rdata	820760048206e48c82075fe8	0x00000000
0x82076744	0x8207675c	name_not_rtti	.rdata	820760048206e48c82075fe8	0x00000000
0x82076758	0x8207675c	name_not_rtti	.rdata	820760048206e48c82075fe8	0x00000000
0x8207679c	0x8207675c	name_not_rtti	.rdata	820760048206e48c82075fe8	0x00000000
0x820767b0	0x820767c8	name_not_rtti	.rdata	820760048206e48c82075fe8	0x00000000
0x820767c4	0x820767c8	name_not_rtti	.rdata	820760048206e48c82075fe8	0x00000000
0x82076808	0x820767c8	name_not_rtti	.rdata	820760048206e48c82075fe8	0x00000000
0x8207681c	0x82076834	name_not_rtti	.rdata	820760048206e48c82075fe8	0x00000000
0x82076830	0x82076834	name_not_rtti	.rdata	820760048206e48c82075fe8	0x00000000
0x82076874	0x82076834	name_not_rtti	.rdata	820760048206e48c82075fe8	0x00000000
0x82076888	0x82076914	name_not_rtti	.rdata	826ea230	0x00000000
0x8207689c	0x820768a0	name_not_rtti	.rdata	820768f8	0x00000000
0x820768d8	0x820768dc	name_unreadable	.rdata		0x00000000
0x82076910	0x82076914	name_not_rtti	.rdata	826ea230	0x00000000
0x82076944	0x820768a0	name_not_rtti	.rdata	820768f8	0x00000000
0x82076958	0x82076970	name_not_rtti	.rdata	8206d24c82076c0c	0x00000000
0x8207696c	0x82076970	name_not_rtti	.rdata	8206d24c82076c0c	0x00000000
0x820769ac	0x82076970	name_not_rtti	.rdata	8206d24c82076c0c	0x00000000
0x820769c0	0x820769c4	name_not_rtti	.rdata	8206d24c	0x00000000
0x820769fc	0x820769c4	name_not_rtti	.rdata	8206d24c	0x00000000
0x82076a10	0x82076a14	name_unreadable	.rdata		0x00000000
0x82076a48	0x82076a14	name_unreadable	.rdata		0x00000000
0x82076a5c	0x82076ac8	name_not_rtti	.rdata	826ea360	0x00000000
0x82076a70	0x82076a88	name_not_rtti	.rdata	8206e48c82076aac	0x00000000
0x82076a84	0x82076a88	name_not_rtti	.rdata	8206e48c82076aac	0x00000000
0x82076ac4	0x82076ac8	name_not_rtti	.rdata	826ea360	0x00000000
0x82076af8	0x82076ac8	name_not_rtti	.rdata	826ea360	0x826ea390
0x82076b14	0x82076a88	name_not_rtti	.rdata	8206e48c82076aac	0x00000000
0x82076b28	0x82076b2c	name_unreadable	.rdata		0x00000000
0x82076b60	0x82076b2c	name_unreadable	.rdata		0x00000000
0x82076b74	0x82076b78	name_unreadable	.rdata		0x00000000
0x82076bac	0x82076b78	name_unreadable	.rdata		0x00000000
0x82076bc0	0x82076c28	name_not_rtti	.rdata	826ea430	0x00000000
0x82076bd4	0x82076bec	name_not_rtti	.rdata	82076c0c	0x00000000
0x82076be8	0x82076bec	name_not_rtti	.rdata	82076c0c	0x00000000
0x82076c24	0x82076c28	name_not_rtti	.rdata	826ea430	0x00000000
0x82076c58	0x82076c28	name_not_rtti	.rdata	826ea430	0x826ea478
0x82076c74	0x82076bec	name_not_rtti	.rdata	82076c0c	0x00000000
0x82076c88	0x82076c8c	name_not_rtti	.rdata	826ea4a8	0x00000000
0x82076cbc	0x82076c8c	name_not_rtti	.rdata	826ea4a8	0x00000000
0x82076cd0	0x82076cd4	name_not_rtti	.rdata	826ea4cc	0x00000000
0x82076d04	0x82076cd4	name_not_rtti	.rdata	826ea4cc	0x00000000
0x82076d18	0x82076d1c	name_not_rtti	.rdata	826ea4f4	0x00000000
0x82076d4c	0x82076d1c	name_not_rtti	.rdata	826ea4f4	0x00000000
0x82076d60	0x82076d78	name_not_rtti	.rdata	820760048206e48c82075fe8	0x00000000
0x82076d74	0x82076d78	name_not_rtti	.rdata	820760048206e48c82075fe8	0x00000000
0x82076db8	0x82076d78	name_not_rtti	.rdata	820760048206e48c82075fe8	0x00000000
0x82076dcc	0x82076de4	name_not_rtti	.rdata	820760048206e48c82076aac	0x00000000
0x82076de0	0x82076de4	name_not_rtti	.rdata	820760048206e48c82076aac	0x00000000
0x82076e24	0x82076de4	name_not_rtti	.rdata	820760048206e48c82076aac	0x00000000
0x82076e38	0x82076e50	name_not_rtti	.rdata	820760048206e48c82076aac	0x00000000
0x82076e4c	0x82076e50	name_not_rtti	.rdata	820760048206e48c82076aac	0x00000000
0x82076e90	0x82076e50	name_not_rtti	.rdata	820760048206e48c82076aac	0x00000000
0x82076ea4	0x82076ebc	name_not_rtti	.rdata	820760048206e48c82076aac	0x00000000
0x82076eb8	0x82076ebc	name_not_rtti	.rdata	820760048206e48c82076aac	0x00000000
0x82076efc	0x82076ebc	name_not_rtti	.rdata	820760048206e48c82076aac	0x00000000
0x82076f10	0x82076f28	name_not_rtti	.rdata	820760048206e48c82075fe8	0x00000000
0x82076f24	0x82076f28	name_not_rtti	.rdata	820760048206e48c82075fe8	0x00000000
0x82076f68	0x82076f28	name_not_rtti	.rdata	820760048206e48c82075fe8	0x00000000
0x82076f7c	0x82076f94	name_not_rtti	.rdata	820760048206e48c82075fe8	0x00000000
0x82076f90	0x82076f94	name_not_rtti	.rdata	820760048206e48c82075fe8	0x00000000
0x82076fd4	0x82076f94	name_not_rtti	.rdata	820760048206e48c82075fe8	0x00000000
0x82076fe8	0x82077000	name_not_rtti	.rdata	8207624c8207603c820760048206e48c82075fe8	0x00000000
0x82076ffc	0x82077000	name_not_rtti	.rdata	8207624c8207603c820760048206e48c82075fe8	0x00000000
0x82077048	0x82077000	name_not_rtti	.rdata	8207624c8207603c820760048206e48c82075fe8	0x00000000
0x8207705c	0x82077074	name_not_rtti	.rdata	820760048206e48c82075fe8	0x00000000
0x82077070	0x82077074	name_not_rtti	.rdata	820760048206e48c82075fe8	0x00000000
0x820770b4	0x82077074	name_not_rtti	.rdata	820760048206e48c82075fe8	0x00000000
0x820770c8	0x820770e0	name_not_rtti	.rdata	820760048206e48c82075fe8	0x00000000
0x820770dc	0x820770e0	name_not_rtti	.rdata	820760048206e48c82075fe8	0x00000000
0x82077120	0x820770e0	name_not_rtti	.rdata	820760048206e48c82075fe8	0x00000000
0x82077134	0x8207714c	name_not_rtti	.rdata	820771088207603c820760048206e48c82075fe8	0x00000000
0x82077148	0x8207714c	name_not_rtti	.rdata	820771088207603c820760048206e48c82075fe8	0x00000000
0x82077194	0x8207714c	name_not_rtti	.rdata	820771088207603c820760048206e48c82075fe8	0x00000000
0x820771a8	0x820771c0	name_not_rtti	.rdata	820771088207603c820760048206e48c82075fe8	0x00000000
0x820771bc	0x820771c0	name_not_rtti	.rdata	820771088207603c820760048206e48c82075fe8	0x00000000
0x82077208	0x820771c0	name_not_rtti	.rdata	820771088207603c820760048206e48c82075fe8	0x00000000
0x82077250	0x8207720c	name_not_rtti	.rdata	8207603c820760048206e48c82075fe8	0x00000000
0x82077264	0x8207727c	name_not_rtti	.rdata	8207603c820760048206e48c82075fe8	0x00000000
0x82077278	0x8207727c	name_not_rtti	.rdata	8207603c820760048206e48c82075fe8	0x00000000
0x820772c0	0x8207727c	name_not_rtti	.rdata	8207603c820760048206e48c82075fe8	0x00000000
0x820772d4	0x820772ec	name_not_rtti	.rdata	820760048206e48c82075fe8	0x00000000
0x820772e8	0x820772ec	name_not_rtti	.rdata	820760048206e48c82075fe8	0x00000000
0x8207732c	0x820772ec	name_not_rtti	.rdata	820760048206e48c82075fe8	0x00000000
0x82077340	0x82077344	name_unreadable	.rdata		0x00000000
0x82077378	0x82077344	name_unreadable	.rdata		0x00000000
0x8207738c	0x820773a4	name_not_rtti	.rdata	820760048206e48c82075fe8	0x00000000
0x820773a0	0x820773a4	name_not_rtti	.rdata	820760048206e48c82075fe8	0x00000000
0x820773e4	0x820773a4	name_not_rtti	.rdata	820760048206e48c82075fe8	0x00000000
0x820773f8	0x82077410	name_not_rtti	.rdata	820760048206e48c82075fe8	0x00000000
0x8207740c	0x82077410	name_not_rtti	.rdata	820760048206e48c82075fe8	0x00000000
0x82077450	0x82077410	name_not_rtti	.rdata	820760048206e48c82075fe8	0x00000000
0x82077464	0x8207747c	name_not_rtti	.rdata	820760048206e48c82075fe8	0x00000000
0x82077478	0x8207747c	name_not_rtti	.rdata	820760048206e48c82075fe8	0x00000000
0x820774bc	0x8207747c	name_not_rtti	.rdata	820760048206e48c82075fe8	0x00000000
0x820774d0	0x820774e8	name_not_rtti	.rdata	820760048206e48c82075fe8	0x00000000
0x820774e4	0x820774e8	name_not_rtti	.rdata	820760048206e48c82075fe8	0x00000000
0x82077528	0x820774e8	name_not_rtti	.rdata	820760048206e48c82075fe8	0x00000000
0x8207753c	0x82077554	name_not_rtti	.rdata	8207624c8207603c820760048206e48c82075fe8	0x00000000
0x82077550	0x82077554	name_not_rtti	.rdata	8207624c8207603c820760048206e48c82075fe8	0x00000000
0x8207759c	0x82077554	name_not_rtti	.rdata	8207624c8207603c820760048206e48c82075fe8	0x00000000
0x820775b0	0x820775c8	name_not_rtti	.rdata	820760048206e48c82075fe8	0x00000000
0x820775c4	0x820775c8	name_not_rtti	.rdata	820760048206e48c82075fe8	0x00000000
0x82077608	0x820775c8	name_not_rtti	.rdata	820760048206e48c82075fe8	0x00000000
0x8207761c	0x82076268	name_not_rtti	.rdata	820760048206e48c82075fe8	0x00000000
0x82077630	0x82076268	name_not_rtti	.rdata	820760048206e48c82075fe8	0x00000000
0x82077644	0x8207765c	name_not_rtti	.rdata	820760048206e48c82075fe8	0x00000000
0x82077658	0x8207765c	name_not_rtti	.rdata	820760048206e48c82075fe8	0x00000000
0x8207769c	0x8207765c	name_not_rtti	.rdata	820760048206e48c82075fe8	0x00000000
0x820776b0	0x820776c8	name_not_rtti	.rdata	820760048206e48c82075fe8	0x00000000
0x820776c4	0x820776c8	name_not_rtti	.rdata	820760048206e48c82075fe8	0x00000000
0x82077708	0x820776c8	name_not_rtti	.rdata	820760048206e48c82075fe8	0x00000000
0x8207771c	0x82077734	name_not_rtti	.rdata	820760048206e48c82075fe8	0x00000000
0x82077730	0x82077734	name_not_rtti	.rdata	820760048206e48c82075fe8	0x00000000
0x82077774	0x82077734	name_not_rtti	.rdata	820760048206e48c82075fe8	0x00000000
0x82077788	0x820777a0	name_not_rtti	.rdata	820760048206e48c82075fe8	0x00000000
0x8207779c	0x820777a0	name_not_rtti	.rdata	820760048206e48c82075fe8	0x00000000
0x820777e0	0x820777a0	name_not_rtti	.rdata	820760048206e48c82075fe8	0x00000000
0x820777f4	0x8207780c	name_not_rtti	.rdata	820760048206e48c82075fe8	0x00000000
0x82077808	0x8207780c	name_not_rtti	.rdata	820760048206e48c82075fe8	0x00000000
0x8207784c	0x8207780c	name_not_rtti	.rdata	820760048206e48c82075fe8	0x00000000
0x82077860	0x82077864	name_unreadable	.rdata		0x00000000
0x82077898	0x82077864	name_unreadable	.rdata		0x00000000
0x820778ac	0x820778c4	name_not_rtti	.rdata	8207603c820760048206e48c82075fe8	0x00000000
0x820778c0	0x820778c4	name_not_rtti	.rdata	8207603c820760048206e48c82075fe8	0x00000000
0x82077908	0x820778c4	name_not_rtti	.rdata	8207603c820760048206e48c82075fe8	0x00000000
0x8207791c	0x82077934	name_not_rtti	.rdata	8207603c820760048206e48c82075fe8	0x00000000
0x82077930	0x82077934	name_not_rtti	.rdata	8207603c820760048206e48c82075fe8	0x00000000
0x82077978	0x82077934	name_not_rtti	.rdata	8207603c820760048206e48c82075fe8	0x00000000
0x8207798c	0x820779a4	name_not_rtti	.rdata	8207603c820760048206e48c82075fe8	0x00000000
0x820779a0	0x820779a4	name_not_rtti	.rdata	8207603c820760048206e48c82075fe8	0x00000000
0x820779e8	0x820779a4	name_not_rtti	.rdata	8207603c820760048206e48c82075fe8	0x00000000
0x820779fc	0x82077a14	name_not_rtti	.rdata	8207603c820760048206e48c82075fe8	0x00000000
0x82077a10	0x82077a14	name_not_rtti	.rdata	8207603c820760048206e48c82075fe8	0x00000000
0x82077a58	0x82077a14	name_not_rtti	.rdata	8207603c820760048206e48c82075fe8	0x00000000
0x82077a6c	0x82077a84	name_not_rtti	.rdata	8207603c820760048206e48c82075fe8	0x00000000
0x82077a80	0x82077a84	name_not_rtti	.rdata	8207603c820760048206e48c82075fe8	0x00000000
0x82077ac8	0x82077a84	name_not_rtti	.rdata	8207603c820760048206e48c82075fe8	0x00000000
0x82077adc	0x82077af4	name_not_rtti	.rdata	8207603c820760048206e48c82075fe8	0x00000000
0x82077af0	0x82077af4	name_not_rtti	.rdata	8207603c820760048206e48c82075fe8	0x00000000
0x82077b38	0x82077af4	name_not_rtti	.rdata	8207603c820760048206e48c82075fe8	0x00000000
0x82077b4c	0x82077b64	name_not_rtti	.rdata	8207603c820760048206e48c82075fe8	0x00000000
0x82077b60	0x82077b64	name_not_rtti	.rdata	8207603c820760048206e48c82075fe8	0x00000000
0x82077ba8	0x82077b64	name_not_rtti	.rdata	8207603c820760048206e48c82075fe8	0x00000000
0x82077bbc	0x82077bd4	name_not_rtti	.rdata	8207603c820760048206e48c82075fe8	0x00000000
0x82077bd0	0x82077bd4	name_not_rtti	.rdata	8207603c820760048206e48c82075fe8	0x00000000
0x82077c18	0x82077bd4	name_not_rtti	.rdata	8207603c820760048206e48c82075fe8	0x00000000
0x82077c2c	0x82077c44	name_not_rtti	.rdata	8207603c820760048206e48c82075fe8	0x00000000
0x82077c40	0x82077c44	name_not_rtti	.rdata	8207603c820760048206e48c82075fe8	0x00000000
0x82077c88	0x82077c44	name_not_rtti	.rdata	8207603c820760048206e48c82075fe8	0x00000000
0x82077c9c	0x82077cb4	name_not_rtti	.rdata	8207603c820760048206e48c82075fe8	0x00000000
0x82077cb0	0x82077cb4	name_not_rtti	.rdata	8207603c820760048206e48c82075fe8	0x00000000
0x82077cf8	0x82077cb4	name_not_rtti	.rdata	8207603c820760048206e48c82075fe8	0x00000000
0x82077d0c	0x82077d24	name_not_rtti	.rdata	82076afc820760048206e48c82076aac	0x00000000
0x82077d20	0x82077d24	name_not_rtti	.rdata	82076afc820760048206e48c82076aac	0x00000000
0x82077d68	0x82077d24	name_not_rtti	.rdata	82076afc820760048206e48c82076aac	0x00000000
0x82077d7c	0x82077d94	name_not_rtti	.rdata	82076afc820760048206e48c82076aac	0x00000000
0x82077d90	0x82077d94	name_not_rtti	.rdata	82076afc820760048206e48c82076aac	0x00000000
0x82077dd8	0x82077d94	name_not_rtti	.rdata	82076afc820760048206e48c82076aac	0x00000000
0x82077dec	0x82077e04	name_not_rtti	.rdata	82076afc820760048206e48c82076aac	0x00000000
0x82077e00	0x82077e04	name_not_rtti	.rdata	82076afc820760048206e48c82076aac	0x00000000
0x82077e48	0x82077e04	name_not_rtti	.rdata	82076afc820760048206e48c82076aac	0x00000000
0x82077e5c	0x82077e74	name_not_rtti	.rdata	8207603c820760048206e48c82075fe8	0x00000000
0x82077e70	0x82077e74	name_not_rtti	.rdata	8207603c820760048206e48c82075fe8	0x00000000
0x82077eb8	0x82077e74	name_not_rtti	.rdata	8207603c820760048206e48c82075fe8	0x00000000
0x82077ecc	0x82077ee4	name_not_rtti	.rdata	8207603c820760048206e48c82075fe8	0x00000000
0x82077ee0	0x82077ee4	name_not_rtti	.rdata	8207603c820760048206e48c82075fe8	0x00000000
0x82077f28	0x82077ee4	name_not_rtti	.rdata	8207603c820760048206e48c82075fe8	0x00000000
0x82077f3c	0x82077f54	name_not_rtti	.rdata	8207603c820760048206e48c82075fe8	0x00000000
0x82077f50	0x82077f54	name_not_rtti	.rdata	8207603c820760048206e48c82075fe8	0x00000000
0x82077f98	0x82077f54	name_not_rtti	.rdata	8207603c820760048206e48c82075fe8	0x00000000
0x82077fac	0x82077fc4	name_not_rtti	.rdata	8207603c820760048206e48c82075fe8	0x00000000
0x82077fc0	0x82077fc4	name_not_rtti	.rdata	8207603c820760048206e48c82075fe8	0x00000000
0x82078008	0x82077fc4	name_not_rtti	.rdata	8207603c820760048206e48c82075fe8	0x00000000
0x8207801c	0x82078034	name_not_rtti	.rdata	8207603c820760048206e48c82075fe8	0x00000000
0x82078030	0x82078034	name_not_rtti	.rdata	8207603c820760048206e48c82075fe8	0x00000000
0x82078078	0x82078034	name_not_rtti	.rdata	8207603c820760048206e48c82075fe8	0x00000000
0x8207808c	0x820780a4	name_not_rtti	.rdata	8207603c820760048206e48c82075fe8	0x00000000
0x820780a0	0x820780a4	name_not_rtti	.rdata	8207603c820760048206e48c82075fe8	0x00000000
0x820780e8	0x820780a4	name_not_rtti	.rdata	8207603c820760048206e48c82075fe8	0x00000000
0x820780fc	0x82078114	name_not_rtti	.rdata	8207603c820760048206e48c82075fe8	0x00000000
0x82078110	0x82078114	name_not_rtti	.rdata	8207603c820760048206e48c82075fe8	0x00000000
0x82078158	0x82078114	name_not_rtti	.rdata	8207603c820760048206e48c82075fe8	0x00000000
0x8207816c	0x82078184	name_not_rtti	.rdata	8207603c820760048206e48c82075fe8	0x00000000
0x82078180	0x82078184	name_not_rtti	.rdata	8207603c820760048206e48c82075fe8	0x00000000
0x820781c8	0x82078184	name_not_rtti	.rdata	8207603c820760048206e48c82075fe8	0x00000000
0x820781dc	0x820781f4	name_not_rtti	.rdata	8207603c820760048206e48c82075fe8	0x00000000
0x820781f0	0x820781f4	name_not_rtti	.rdata	8207603c820760048206e48c82075fe8	0x00000000
0x82078238	0x820781f4	name_not_rtti	.rdata	8207603c820760048206e48c82075fe8	0x00000000
0x8207824c	0x82078264	name_not_rtti	.rdata	8207603c820760048206e48c82075fe8	0x00000000
0x82078260	0x82078264	name_not_rtti	.rdata	8207603c820760048206e48c82075fe8	0x00000000
0x820782a8	0x82078264	name_not_rtti	.rdata	8207603c820760048206e48c82075fe8	0x00000000
0x820782bc	0x820782d4	name_not_rtti	.rdata	8207603c820760048206e48c82075fe8	0x00000000
0x820782d0	0x820782d4	name_not_rtti	.rdata	8207603c820760048206e48c82075fe8	0x00000000
0x82078318	0x820782d4	name_not_rtti	.rdata	8207603c820760048206e48c82075fe8	0x00000000
0x8207832c	0x82078344	name_not_rtti	.rdata	8207603c820760048206e48c82075fe8	0x00000000
0x82078340	0x82078344	name_not_rtti	.rdata	8207603c820760048206e48c82075fe8	0x00000000
0x82078388	0x82078344	name_not_rtti	.rdata	8207603c820760048206e48c82075fe8	0x00000000
0x8207839c	0x820783b4	name_not_rtti	.rdata	8207603c820760048206e48c82075fe8	0x00000000
0x820783b0	0x820783b4	name_not_rtti	.rdata	8207603c820760048206e48c82075fe8	0x00000000
0x820783f8	0x820783b4	name_not_rtti	.rdata	8207603c820760048206e48c82075fe8	0x00000000
0x8207840c	0x82078424	name_not_rtti	.rdata	8207603c820760048206e48c82075fe8	0x00000000
0x82078420	0x82078424	name_not_rtti	.rdata	8207603c820760048206e48c82075fe8	0x00000000
0x82078468	0x82078424	name_not_rtti	.rdata	8207603c820760048206e48c82075fe8	0x00000000
0x8207847c	0x82078494	name_not_rtti	.rdata	8207603c820760048206e48c82075fe8	0x00000000
0x82078490	0x82078494	name_not_rtti	.rdata	8207603c820760048206e48c82075fe8	0x00000000
0x820784d8	0x82078494	name_not_rtti	.rdata	8207603c820760048206e48c82075fe8	0x00000000
0x820784ec	0x82078504	name_not_rtti	.rdata	8207603c820760048206e48c82075fe8	0x00000000
0x82078500	0x82078504	name_not_rtti	.rdata	8207603c820760048206e48c82075fe8	0x00000000
0x82078548	0x82078504	name_not_rtti	.rdata	8207603c820760048206e48c82075fe8	0x00000000
0x8207855c	0x82078574	name_not_rtti	.rdata	8207603c820760048206e48c82075fe8	0x00000000
0x82078570	0x82078574	name_not_rtti	.rdata	8207603c820760048206e48c82075fe8	0x00000000
0x820785b8	0x82078574	name_not_rtti	.rdata	8207603c820760048206e48c82075fe8	0x00000000
0x820785cc	0x820785e4	name_not_rtti	.rdata	8207603c820760048206e48c82075fe8	0x00000000
0x820785e0	0x820785e4	name_not_rtti	.rdata	8207603c820760048206e48c82075fe8	0x00000000
0x82078628	0x820785e4	name_not_rtti	.rdata	8207603c820760048206e48c82075fe8	0x00000000
0x8207863c	0x82078654	name_not_rtti	.rdata	8207603c820760048206e48c82075fe8	0x00000000
0x82078650	0x82078654	name_not_rtti	.rdata	8207603c820760048206e48c82075fe8	0x00000000
0x82078698	0x82078654	name_not_rtti	.rdata	8207603c820760048206e48c82075fe8	0x00000000
0x820786ac	0x820786c4	name_not_rtti	.rdata	8207603c820760048206e48c82075fe8	0x00000000
0x820786c0	0x820786c4	name_not_rtti	.rdata	8207603c820760048206e48c82075fe8	0x00000000
0x82078708	0x820786c4	name_not_rtti	.rdata	8207603c820760048206e48c82075fe8	0x00000000
0x8207871c	0x82078734	name_not_rtti	.rdata	8207603c820760048206e48c82075fe8	0x00000000
0x82078730	0x82078734	name_not_rtti	.rdata	8207603c820760048206e48c82075fe8	0x00000000
0x82078778	0x82078734	name_not_rtti	.rdata	8207603c820760048206e48c82075fe8	0x00000000
0x8207878c	0x820787a4	name_not_rtti	.rdata	8207603c820760048206e48c82075fe8	0x00000000
0x820787a0	0x820787a4	name_not_rtti	.rdata	8207603c820760048206e48c82075fe8	0x00000000
0x820787e8	0x820787a4	name_not_rtti	.rdata	8207603c820760048206e48c82075fe8	0x00000000
0x820787fc	0x82078814	name_not_rtti	.rdata	8207603c820760048206e48c82075fe8	0x00000000
0x82078810	0x82078814	name_not_rtti	.rdata	8207603c820760048206e48c82075fe8	0x00000000
0x82078858	0x82078814	name_not_rtti	.rdata	8207603c820760048206e48c82075fe8	0x00000000
0x8207886c	0x82078884	name_not_rtti	.rdata	8207603c820760048206e48c82075fe8	0x00000000
0x82078880	0x82078884	name_not_rtti	.rdata	8207603c820760048206e48c82075fe8	0x00000000
0x820788c8	0x82078884	name_not_rtti	.rdata	8207603c820760048206e48c82075fe8	0x00000000
0x820788dc	0x820788f4	name_not_rtti	.rdata	8207603c820760048206e48c82075fe8	0x00000000
0x820788f0	0x820788f4	name_not_rtti	.rdata	8207603c820760048206e48c82075fe8	0x00000000
0x82078938	0x820788f4	name_not_rtti	.rdata	8207603c820760048206e48c82075fe8	0x00000000
0x8207894c	0x82078950	name_unreadable	.rdata		0x00000000
0x82078984	0x82078950	name_unreadable	.rdata		0x00000000
0x82078998	0x8207899c	name_unreadable	.rdata		0x00000000
0x820789d0	0x8207899c	name_unreadable	.rdata		0x00000000
0x820789e4	0x820789e8	name_not_rtti	.rdata	826eb080	0x00000000
0x82078a18	0x820789e8	name_not_rtti	.rdata	826eb080	0x00000000
0x82078a2c	0x82078a30	name_unreadable	.rdata		0x00000000
0x82078a64	0x82078a30	name_unreadable	.rdata		0x00000000
0x82078a78	0x82078a7c	name_unreadable	.rdata		0x00000000
0x82078ab0	0x82078a7c	name_unreadable	.rdata		0x00000000
0x82078ac4	0x82078ac8	name_unreadable	.rdata		0x00000000
0x82078afc	0x82078ac8	name_unreadable	.rdata		0x00000000
0x82078b10	0x82078b14	name_not_rtti	.rdata	826eb104	0x00000000
0x82078b44	0x82078b14	name_not_rtti	.rdata	826eb104	0x00000000
0x82078b58	0x82078b5c	name_not_rtti	.rdata	826eb128	0x00000000
0x82078b8c	0x82078b5c	name_not_rtti	.rdata	826eb128	0x00000000
0x82078ba0	0x82078ba4	name_not_rtti	.rdata	826eb150	0x00000000
0x82078bd4	0x82078ba4	name_not_rtti	.rdata	826eb150	0x00000000
0x82078be8	0x82078bec	name_not_rtti	.rdata	826eb170	0x00000000
0x82078c1c	0x82078bec	name_not_rtti	.rdata	826eb170	0x00000000
0x82078c30	0x82078c34	name_not_rtti	.rdata	826eb18c	0x00000000
0x82078c64	0x82078c34	name_not_rtti	.rdata	826eb18c	0x00000000
0x82078c78	0x82078c7c	name_unreadable	.rdata		0x00000000
0x82078cb0	0x82078c7c	name_unreadable	.rdata		0x00000000
0x82078cc4	0x82078cc8	name_not_rtti	.rdata	826eb1c8	0x00000000
0x82078cf8	0x82078cc8	name_not_rtti	.rdata	826eb1c8	0x00000000
0x82078d0c	0x82078d10	name_not_rtti	.rdata	826eb1ec	0x00000000
0x82078d40	0x82078d10	name_not_rtti	.rdata	826eb1ec	0x00000000
0x82078d54	0x82078d58	name_not_rtti	.rdata	826eb210	0x00000000
0x82078d88	0x82078d58	name_not_rtti	.rdata	826eb210	0x00000000
0x82078d9c	0x82078da0	name_not_rtti	.rdata	82078f94	0x00000000
0x82078dd8	0x82078da0	name_not_rtti	.rdata	82078f94	0x00000000
0x82078dec	0x82078df0	name_not_rtti	.rdata	82078f94	0x00000000
0x82078e28	0x82078df0	name_not_rtti	.rdata	82078f94	0x00000000
0x82078e3c	0x82078e40	name_not_rtti	.rdata	82078f94	0x00000000
0x82078e78	0x82078e40	name_not_rtti	.rdata	82078f94	0x00000000
0x82078e8c	0x82078e90	name_not_rtti	.rdata	82078f94	0x00000000
0x82078ec8	0x82078e90	name_not_rtti	.rdata	82078f94	0x00000000
0x82078edc	0x82078ee0	name_not_rtti	.rdata	82078f94	0x00000000
0x82078f18	0x82078ee0	name_not_rtti	.rdata	82078f94	0x00000000
0x82078f2c	0x82078f30	name_unreadable	.rdata		0x00000000
0x82078f64	0x82078f30	name_unreadable	.rdata		0x00000000
0x82078f78	0x82078f7c	name_not_rtti	.rdata	826eb340	0x00000000
0x82078fac	0x82078f7c	name_not_rtti	.rdata	826eb340	0x00000000
0x82078fc0	0x82078fc4	name_not_rtti	.rdata	826eb368	0x00000000
0x82078ff4	0x82078fc4	name_not_rtti	.rdata	826eb368	0x00000000
0x82079008	0x8207900c	name_not_rtti	.rdata	826eb38c	0x00000000
0x8207903c	0x8207900c	name_not_rtti	.rdata	826eb38c	0x00000000
0x82079050	0x82079054	name_not_rtti	.rdata	826eb3b4	0x00000000
0x82079084	0x82079054	name_not_rtti	.rdata	826eb3b4	0x00000000
0x82079098	0x8207909c	name_not_rtti	.rdata	826eb3d8	0x00000000
0x820790cc	0x8207909c	name_not_rtti	.rdata	826eb3d8	0x00000000
0x820790e0	0x820790e4	name_not_rtti	.rdata	826eb3fc	0x00000000
0x82079114	0x820790e4	name_not_rtti	.rdata	826eb3fc	0x00000000
0x82079128	0x8207912c	name_unreadable	.rdata		0x00000000
0x82079160	0x8207912c	name_unreadable	.rdata		0x00000000
0x82079174	0x82079178	name_unreadable	.rdata		0x00000000
0x820791ac	0x82079178	name_unreadable	.rdata		0x00000000
0x820791c0	0x820791c4	name_not_rtti	.rdata	826eb450	0x00000000
0x820791f4	0x820791c4	name_not_rtti	.rdata	826eb450	0x00000000
0x82079208	0x8207920c	name_unreadable	.rdata		0x00000000
0x82079240	0x8207920c	name_unreadable	.rdata		0x00000000
0x82079254	0x82079258	name_not_rtti	.rdata	826eb498	0x00000000
0x82079288	0x82079258	name_not_rtti	.rdata	826eb498	0x00000000
0x8207929c	0x820792a0	name_unreadable	.rdata		0x00000000
0x820792d4	0x820792a0	name_unreadable	.rdata		0x00000000
0x820792e8	0x820792ec	name_not_rtti	.rdata	826eb4e8	0x00000000
0x8207931c	0x820792ec	name_not_rtti	.rdata	826eb4e8	0x00000000
0x82079330	0x82079334	name_not_rtti	.rdata	826eb518	0x00000000
0x82079364	0x82079334	name_not_rtti	.rdata	826eb518	0x00000000
0x82079378	0x8207937c	name_unreadable	.rdata		0x00000000
0x820793b0	0x8207937c	name_unreadable	.rdata		0x00000000
0x820793c4	0x820793c8	name_unreadable	.rdata		0x00000000
0x820793fc	0x820793c8	name_unreadable	.rdata		0x00000000
0x82079410	0x82079414	name_not_rtti	.rdata	826eb570	0x00000000
0x82079444	0x82079414	name_not_rtti	.rdata	826eb570	0x00000000
0x82079458	0x8207945c	name_unreadable	.rdata		0x00000000
0x82079490	0x8207945c	name_unreadable	.rdata		0x00000000
0x820794a4	0x820794a8	name_unreadable	.rdata		0x00000000
0x820794dc	0x820794a8	name_unreadable	.rdata		0x00000000
0x820794f0	0x820794f4	name_unreadable	.rdata		0x00000000
0x82079528	0x820794f4	name_unreadable	.rdata		0x00000000
0x8207953c	0x82079540	name_unreadable	.rdata		0x00000000
0x82079574	0x82079540	name_unreadable	.rdata		0x00000000
0x82079588	0x8207958c	name_unreadable	.rdata		0x00000000
0x820795c0	0x8207958c	name_unreadable	.rdata		0x00000000
0x820795d4	0x820795d8	name_unreadable	.rdata		0x00000000
0x8207960c	0x820795d8	name_unreadable	.rdata		0x00000000
0x82079620	0x82079624	name_unreadable	.rdata		0x00000000
0x82079658	0x82079624	name_unreadable	.rdata		0x00000000
0x8207966c	0x82079670	name_unreadable	.rdata		0x00000000
0x820796a4	0x82079670	name_unreadable	.rdata		0x00000000
0x820796b8	0x820796bc	name_unreadable	.rdata		0x00000000
0x820796f0	0x820796bc	name_unreadable	.rdata		0x00000000
0x82079704	0x82079708	name_not_rtti	.rdata	826eb6b8	0x00000000
0x82079738	0x82079708	name_not_rtti	.rdata	826eb6b8	0x00000000
0x8207974c	0x82079750	name_not_rtti	.rdata	826eb6dc	0x00000000
0x82079780	0x82079750	name_not_rtti	.rdata	826eb6dc	0x00000000
0x82079794	0x82079798	name_not_rtti	.rdata	826eb7	0x00000000
0x820797c8	0x82079798	name_not_rtti	.rdata	826eb7	0x00000000
0x820797dc	0x820797e0	name_unreadable	.rdata		0x00000000
0x82079814	0x820797e0	name_unreadable	.rdata		0x00000000
0x82079828	0x8207982c	name_not_rtti	.rdata	826eb73c	0x00000000
0x8207985c	0x8207982c	name_not_rtti	.rdata	826eb73c	0x00000000
0x82079870	0x82079874	name_unreadable	.rdata		0x00000000
0x820798a8	0x82079874	name_unreadable	.rdata		0x00000000
0x820798bc	0x820798c0	name_not_rtti	.rdata	826eb77c	0x00000000
0x820798f0	0x820798c0	name_not_rtti	.rdata	826eb77c	0x00000000
0x823f07cc	0x823f07a0	name_not_rtti	.data	7d6903a64e8004200101	0x80000000
