# MSVC vtables of default.xex, named from their RTTI locator.
# Produced by scripts/SweepMsvcRtti.java, read-only, no oracle.
# An entry appears only when the whole chain resolves - locator, type
# descriptor, a name beginning '.?A', and a first slot pointing into an
# executable block. 1619 locator-like words failed a step; they are counted in
# the sweep summary and deliberately not named here.
# class is a best-effort undecoration and is EMPTY for templates: the mangled
# column is the authoritative name. bases are 'mangled@mdisp' in decimal.
# columns: vtable class bases mangled
0x82010b78	NU::Draw::DrawOrderBase	.?AVDrawOrderBase@Draw@NU@@@0	.?AVDrawOrderBase@Draw@NU@@
0x82010b88	NU::Draw::OrderNoSortFar	.?AVOrderNoSortFar@Draw@NU@@@0;.?AVOrderNoSort@Draw@NU@@@0;.?AVDrawOrderBase@Draw@NU@@@0	.?AVOrderNoSortFar@Draw@NU@@
0x82010b98	NU::Draw::OrderOpaque	.?AVOrderOpaque@Draw@NU@@@0;.?AVOrderNoSort@Draw@NU@@@0;.?AVDrawOrderBase@Draw@NU@@@0	.?AVOrderOpaque@Draw@NU@@
0x82010ba8	NU::Draw::OrderNoSortNear	.?AVOrderNoSortNear@Draw@NU@@@0;.?AVOrderNoSort@Draw@NU@@@0;.?AVDrawOrderBase@Draw@NU@@@0	.?AVOrderNoSortNear@Draw@NU@@
0x82010bd4	NU::Draw::RequestBase	.?AVRequestBase@Draw@NU@@@0;.?AUIRequestBase@Draw@NU@@@0;.?AUnuIUnknown@@@0	.?AVRequestBase@Draw@NU@@
0x82010bf4	NU::Xenon::RequestDrawCallback	.?AVRequestDrawCallback@Xenon@NU@@@0;.?AVRequestBase@Draw@NU@@@0;.?AUIRequestBase@Draw@NU@@@0;.?AUnuIUnknown@@@0	.?AVRequestDrawCallback@Xenon@NU@@
0x82010c44	std::exception	.?AVexception@std@@@0	.?AVexception@std@@
0x82010c54	std::bad_alloc	.?AVbad_alloc@std@@@0;.?AVexception@std@@@0	.?AVbad_alloc@std@@
0x82010ca0	std::logic_error	.?AVlogic_error@std@@@0;.?AVexception@std@@@0	.?AVlogic_error@std@@
0x82010cb0	std::out_of_range	.?AVout_of_range@std@@@0;.?AVlogic_error@std@@@0;.?AVexception@std@@@0	.?AVout_of_range@std@@
0x82010cc0	NU::Texture::TextureContext	.?AVTextureContext@Texture@NU@@@0;.?AUITextureContext@Texture@NU@@@0;.?AUnuIUnknown@@@0	.?AVTextureContext@Texture@NU@@
0x82010cfc	NU::Texture::TextureImplementCommon	.?AVTextureImplementCommon@Texture@NU@@@0	.?AVTextureImplementCommon@Texture@NU@@
0x82010d10	NU::Texture::TextureContextConcrete	.?AVTextureContextConcrete@Texture@NU@@@0;.?AVTextureContext@Texture@NU@@@0;.?AUITextureContext@Texture@NU@@@0;.?AUnuIUnknown@@@0	.?AVTextureContextConcrete@Texture@NU@@
0x82010d4c	NU::Shader::ShaderContext	.?AVShaderContext@Shader@NU@@@0;.?AUIShaderContext@Shader@NU@@@0;.?AUnuIUnknown@@@0	.?AVShaderContext@Shader@NU@@
0x82010d9c	NU::Shader::ShaderContextConcrete	.?AVShaderContextConcrete@Shader@NU@@@0;.?AVShaderContext@Shader@NU@@@0;.?AUIShaderContext@Shader@NU@@@0;.?AUnuIUnknown@@@0	.?AVShaderContextConcrete@Shader@NU@@
0x820110c0	NU::Model::ModelInfoManager::CUnlinkData	.?AVCUnlinkData@ModelInfoManager@Model@NU@@@0;.?AVCList@ModelInfoManager@Model@NU@@@0	.?AVCUnlinkData@ModelInfoManager@Model@NU@@
0x820110c8	NU::Input::DriverContext	.?AVDriverContext@Input@NU@@@0	.?AVDriverContext@Input@NU@@
0x82011464	NU::File::RequestContext	.?AVRequestContext@File@NU@@@0	.?AVRequestContext@File@NU@@
0x82011470	NU::File::RequestMount	.?AVRequestMount@File@NU@@@0;.?AVRequestContext@File@NU@@@0	.?AVRequestMount@File@NU@@
0x8201147c	NU::File::RequestOpen	.?AVRequestOpen@File@NU@@@0;.?AVRequestContext@File@NU@@@0	.?AVRequestOpen@File@NU@@
0x82011488	NU::File::RequestClose	.?AVRequestClose@File@NU@@@0;.?AVRequestContext@File@NU@@@0	.?AVRequestClose@File@NU@@
0x82011494	NU::File::RequestRead	.?AVRequestRead@File@NU@@@0;.?AVRequestContext@File@NU@@@0	.?AVRequestRead@File@NU@@
0x820114a0	NU::File::RequestSeek	.?AVRequestSeek@File@NU@@@0;.?AVRequestContext@File@NU@@@0	.?AVRequestSeek@File@NU@@
0x820114ac	NU::File::RequestGetSize	.?AVRequestGetSize@File@NU@@@0;.?AVRequestContext@File@NU@@@0	.?AVRequestGetSize@File@NU@@
0x820114bc	NU::Draw::DrawOrderBase::RequestOrderDraw	.?AVRequestOrderDraw@DrawOrderBase@Draw@NU@@@0;.?AVRequestBase@Draw@NU@@@0;.?AUIRequestBase@Draw@NU@@@0;.?AUnuIUnknown@@@0	.?AVRequestOrderDraw@DrawOrderBase@Draw@NU@@
0x820114dc	NU::Draw::DrawOrderSort::RequestOrderDraw	.?AVRequestOrderDraw@DrawOrderSort@Draw@NU@@@0;.?AVRequestBase@Draw@NU@@@0;.?AUIRequestBase@Draw@NU@@@0;.?AUnuIUnknown@@@0	.?AVRequestOrderDraw@DrawOrderSort@Draw@NU@@
0x820114fc	NU::Draw::Geometry::RequestContext	.?AVRequestContext@Geometry@Draw@NU@@@0	.?AVRequestContext@Geometry@Draw@NU@@
0x82011508	NU::Draw::Geometry::RequestUpdate	.?AVRequestUpdate@Geometry@Draw@NU@@@0;.?AVRequestContext@Geometry@Draw@NU@@@0	.?AVRequestUpdate@Geometry@Draw@NU@@
0x82011588	NU::Draw::RequestViewport	.?AVRequestViewport@Draw@NU@@@0;.?AVRequestBase@Draw@NU@@@0;.?AUIRequestBase@Draw@NU@@@0;.?AUnuIUnknown@@@0	.?AVRequestViewport@Draw@NU@@
0x820115a8	NU::Draw::RequestInitialState	.?AVRequestInitialState@Draw@NU@@@0;.?AVRequestBase@Draw@NU@@@0;.?AUIRequestBase@Draw@NU@@@0;.?AUnuIUnknown@@@0	.?AVRequestInitialState@Draw@NU@@
0x82011fb4	NU::Motion::Decoder	.?AVDecoder@Motion@NU@@@0	.?AVDecoder@Motion@NU@@
0x82011fcc	NU::Motion::DecoderGyb	.?AVDecoderGyb@Motion@NU@@@0;.?AVDecoder@Motion@NU@@@0	.?AVDecoderGyb@Motion@NU@@
0x82011fe4	NU::Draw::RequestClear	.?AVRequestClear@Draw@NU@@@0;.?AVRequestBase@Draw@NU@@@0;.?AUIRequestBase@Draw@NU@@@0;.?AUnuIUnknown@@@0	.?AVRequestClear@Draw@NU@@
0x82012070	std::length_error	.?AVlength_error@std@@@0;.?AVlogic_error@std@@@0;.?AVexception@std@@@0	.?AVlength_error@std@@
0x82012080	NU::System::RenderContext	.?AVRenderContext@System@NU@@@0;.?AUIRenderContext@System@NU@@@0;.?AUnuIUnknown@@@0	.?AVRenderContext@System@NU@@
0x820120a0	NU::System::RenderContextDefault	.?AVRenderContextDefault@System@NU@@@0;.?AVRenderContext@System@NU@@@0;.?AUIRenderContext@System@NU@@@0;.?AUnuIUnknown@@@0	.?AVRenderContextDefault@System@NU@@
0x820120c0	NU::RenderTexture::RequestBegin	.?AVRequestBegin@RenderTexture@NU@@@0;.?AVRequestBase@Draw@NU@@@0;.?AUIRequestBase@Draw@NU@@@0;.?AUnuIUnknown@@@0	.?AVRequestBegin@RenderTexture@NU@@
0x820120e0	NU::RenderTexture::RequestBeginEx	.?AVRequestBeginEx@RenderTexture@NU@@@0;.?AVRequestBase@Draw@NU@@@0;.?AUIRequestBase@Draw@NU@@@0;.?AUnuIUnknown@@@0	.?AVRequestBeginEx@RenderTexture@NU@@
0x82012100	NU::RenderTexture::RequestBegin4	.?AVRequestBegin4@RenderTexture@NU@@@0;.?AVRequestBase@Draw@NU@@@0;.?AUIRequestBase@Draw@NU@@@0;.?AUnuIUnknown@@@0	.?AVRequestBegin4@RenderTexture@NU@@
0x82012120	NU::RenderTexture::RequestBegin4Ex	.?AVRequestBegin4Ex@RenderTexture@NU@@@0;.?AVRequestBase@Draw@NU@@@0;.?AUIRequestBase@Draw@NU@@@0;.?AUnuIUnknown@@@0	.?AVRequestBegin4Ex@RenderTexture@NU@@
0x82012140	NU::RenderTexture::RequestEnd	.?AVRequestEnd@RenderTexture@NU@@@0;.?AVRequestBase@Draw@NU@@@0;.?AUIRequestBase@Draw@NU@@@0;.?AUnuIUnknown@@@0	.?AVRequestEnd@RenderTexture@NU@@
0x82012160	NU::RenderTexture::RequestEndEx	.?AVRequestEndEx@RenderTexture@NU@@@0;.?AVRequestBase@Draw@NU@@@0;.?AUIRequestBase@Draw@NU@@@0;.?AUnuIUnknown@@@0	.?AVRequestEndEx@RenderTexture@NU@@
0x8201218c	NU::Texture::TextureImplement	.?AVTextureImplement@Texture@NU@@@0;.?AVTextureImplementCommon@Texture@NU@@@0	.?AVTextureImplement@Texture@NU@@
0x820121a0	NU::Sprite::RequestSprite3d	.?AVRequestSprite3d@Sprite@NU@@@0;.?AVRequestBase@Draw@NU@@@0;.?AUIRequestBase@Draw@NU@@@0;.?AUnuIUnknown@@@0	.?AVRequestSprite3d@Sprite@NU@@
0x820124e0	NU::Input::Driver	.?AVDriver@Input@NU@@@0	.?AVDriver@Input@NU@@
0x820124f8	NU::Input::DriverController	.?AVDriverController@Input@NU@@@0;.?AVDriver@Input@NU@@@0	.?AVDriverController@Input@NU@@
0x82012544	NU::Input::DriverKeyboard	.?AVDriverKeyboard@Input@NU@@@0;.?AVDriver@Input@NU@@@0	.?AVDriverKeyboard@Input@NU@@
0x82012578	NU::Draw::RequestNop	.?AVRequestNop@Draw@NU@@@0;.?AVRequestBase@Draw@NU@@@0;.?AUIRequestBase@Draw@NU@@@0;.?AUnuIUnknown@@@0	.?AVRequestNop@Draw@NU@@
0x82012598	NU::Draw::Geometry::RequestWaitGeometryRequest	.?AVRequestWaitGeometryRequest@Geometry@Draw@NU@@@0;.?AVRequestBase@Draw@NU@@@0;.?AUIRequestBase@Draw@NU@@@0;.?AUnuIUnknown@@@0	.?AVRequestWaitGeometryRequest@Geometry@Draw@NU@@
0x820125b8	NU::Texture::TextureContextXenon	.?AVTextureContextXenon@Texture@NU@@@0;.?AVTextureContext@Texture@NU@@@0;.?AUITextureContext@Texture@NU@@@0;.?AUnuIUnknown@@@0	.?AVTextureContextXenon@Texture@NU@@
0x820125f4	NU::Texture::TextureContextCubeMapXenon	.?AVTextureContextCubeMapXenon@Texture@NU@@@0;.?AVTextureContext@Texture@NU@@@0;.?AUITextureContext@Texture@NU@@@0;.?AUnuIUnknown@@@0	.?AVTextureContextCubeMapXenon@Texture@NU@@
0x82012690	NU::Texture::TextureContextMipMapXenon	.?AVTextureContextMipMapXenon@Texture@NU@@@0;.?AVTextureContext@Texture@NU@@@0;.?AUITextureContext@Texture@NU@@@0;.?AUnuIUnknown@@@0	.?AVTextureContextMipMapXenon@Texture@NU@@
0x820126cc	NU::Shader::ShaderContextXenon	.?AVShaderContextXenon@Shader@NU@@@0;.?AVShaderContext@Shader@NU@@@0;.?AUIShaderContext@Shader@NU@@@0;.?AUnuIUnknown@@@0	.?AVShaderContextXenon@Shader@NU@@
0x8201273c	NU::Model::ModelInfo	.?AVModelInfo@Model@NU@@@0;.?AUIModelInfo@Model@NU@@@0;.?AUnuIUnknown@@@0	.?AVModelInfo@Model@NU@@
0x820127b4	NU::Model::ModelInfo10	.?AVModelInfo10@Model@NU@@@0;.?AVModelInfo@Model@NU@@@0;.?AUIModelInfo@Model@NU@@@0;.?AUnuIUnknown@@@0	.?AVModelInfo10@Model@NU@@
0x8201283c	NU::Model::ModelInfo20Copy	.?AVModelInfo20Copy@Model@NU@@@0;.?AVModelInfo20@Model@NU@@@0;.?AVModelInfo@Model@NU@@@0;.?AUIModelInfo@Model@NU@@@0;.?AUnuIUnknown@@@0	.?AVModelInfo20Copy@Model@NU@@
0x820128b4	NU::Model::ModelInfo20NoCopy	.?AVModelInfo20NoCopy@Model@NU@@@0;.?AVModelInfo20@Model@NU@@@0;.?AVModelInfo@Model@NU@@@0;.?AUIModelInfo@Model@NU@@@0;.?AUnuIUnknown@@@0	.?AVModelInfo20NoCopy@Model@NU@@
0x8201292c	NU::File::Driver	.?AVDriver@File@NU@@@0	.?AVDriver@File@NU@@
0x82012984	NU::File::DescriptorBase	.?AVDescriptorBase@File@NU@@@0	.?AVDescriptorBase@File@NU@@
0x82012990	NU::File::FindDescriptorBase	.?AVFindDescriptorBase@File@NU@@@0	.?AVFindDescriptorBase@File@NU@@
0x82012998	NU::File::Descriptor	.?AVDescriptor@File@NU@@@0;.?AVDescriptorBase@File@NU@@@0	.?AVDescriptor@File@NU@@
0x820129a4	NU::File::FindDescriptor	.?AVFindDescriptor@File@NU@@@0;.?AVFindDescriptorBase@File@NU@@@0	.?AVFindDescriptor@File@NU@@
0x820129ac	NU::File::DriverXenon	.?AVDriverXenon@File@NU@@@0;.?AVDriver@File@NU@@@0	.?AVDriverXenon@File@NU@@
0x82012a10	NU::Shader::ShaderParameter	.?AVShaderParameter@Shader@NU@@@0;.?AUIShaderParameter@Shader@NU@@@0	.?AVShaderParameter@Shader@NU@@
0x82012a2c	NU::Shader::ParameterLocalProjection	.?AVParameterLocalProjection@Shader@NU@@@0;.?AVShaderParameter@Shader@NU@@@0;.?AUIShaderParameter@Shader@NU@@@0	.?AVParameterLocalProjection@Shader@NU@@
0x82012a48	NU::Shader::ParameterCustomSampler	.?AVParameterCustomSampler@Shader@NU@@@0;.?AVShaderParameter@Shader@NU@@@0;.?AUIShaderParameter@Shader@NU@@@0	.?AVParameterCustomSampler@Shader@NU@@
0x82012a64	NU::Shader::ParameterVertexCustomVector4	.?AVParameterVertexCustomVector4@Shader@NU@@@0;.?AVParameterCustomVector4@Shader@NU@@@0;.?AVShaderParameter@Shader@NU@@@0;.?AUIShaderParameter@Shader@NU@@@0	.?AVParameterVertexCustomVector4@Shader@NU@@
0x82012a80	NU::Shader::ParameterVertexCustomMatrix	.?AVParameterVertexCustomMatrix@Shader@NU@@@0;.?AVParameterCustomMatrix@Shader@NU@@@0;.?AVShaderParameter@Shader@NU@@@0;.?AUIShaderParameter@Shader@NU@@@0	.?AVParameterVertexCustomMatrix@Shader@NU@@
0x82012a9c	NU::Shader::ParameterPixelCustomVector4	.?AVParameterPixelCustomVector4@Shader@NU@@@0;.?AVParameterCustomVector4@Shader@NU@@@0;.?AVShaderParameter@Shader@NU@@@0;.?AUIShaderParameter@Shader@NU@@@0	.?AVParameterPixelCustomVector4@Shader@NU@@
0x82012ab8	NU::Shader::ParameterPixelCustomMatrix	.?AVParameterPixelCustomMatrix@Shader@NU@@@0;.?AVParameterCustomMatrix@Shader@NU@@@0;.?AVShaderParameter@Shader@NU@@@0;.?AUIShaderParameter@Shader@NU@@@0	.?AVParameterPixelCustomMatrix@Shader@NU@@
0x82015328	NU::Draw::Geometry::Skinning_V_W4	.?AVSkinning_V_W4@Geometry@Draw@NU@@@0;.?AVSkinningContext@Geometry@Draw@NU@@@0;.?AVRequestContext@Geometry@Draw@NU@@@0	.?AVSkinning_V_W4@Geometry@Draw@NU@@
0x82015334	NU::Draw::Geometry::Skinning_VN_W4	.?AVSkinning_VN_W4@Geometry@Draw@NU@@@0;.?AVSkinningContext@Geometry@Draw@NU@@@0;.?AVRequestContext@Geometry@Draw@NU@@@0	.?AVSkinning_VN_W4@Geometry@Draw@NU@@
0x82015340	NU::Draw::Geometry::Skinning_VNB_W4	.?AVSkinning_VNB_W4@Geometry@Draw@NU@@@0;.?AVSkinningContext@Geometry@Draw@NU@@@0;.?AVRequestContext@Geometry@Draw@NU@@@0	.?AVSkinning_VNB_W4@Geometry@Draw@NU@@
0x8201534c	NU::Draw::Geometry::Skinning_VNBT_W4	.?AVSkinning_VNBT_W4@Geometry@Draw@NU@@@0;.?AVSkinningContext@Geometry@Draw@NU@@@0;.?AVRequestContext@Geometry@Draw@NU@@@0	.?AVSkinning_VNBT_W4@Geometry@Draw@NU@@
0x82015358	NU::Draw::Geometry::Skinning_P_4W32	.?AVSkinning_P_4W32@Geometry@Draw@NU@@@0;.?AVSkinningContext@Geometry@Draw@NU@@@0;.?AVRequestContext@Geometry@Draw@NU@@@0	.?AVSkinning_P_4W32@Geometry@Draw@NU@@
0x82015364	NU::Draw::Geometry::Skinning_PN_4W32	.?AVSkinning_PN_4W32@Geometry@Draw@NU@@@0;.?AVSkinningContext@Geometry@Draw@NU@@@0;.?AVRequestContext@Geometry@Draw@NU@@@0	.?AVSkinning_PN_4W32@Geometry@Draw@NU@@
0x82015370	NU::Draw::Geometry::Skinning_PNB_4W32	.?AVSkinning_PNB_4W32@Geometry@Draw@NU@@@0;.?AVSkinningContext@Geometry@Draw@NU@@@0;.?AVRequestContext@Geometry@Draw@NU@@@0	.?AVSkinning_PNB_4W32@Geometry@Draw@NU@@
0x8201537c	NU::Draw::Geometry::Skinning_PNBT_4W32	.?AVSkinning_PNBT_4W32@Geometry@Draw@NU@@@0;.?AVSkinningContext@Geometry@Draw@NU@@@0;.?AVRequestContext@Geometry@Draw@NU@@@0	.?AVSkinning_PNBT_4W32@Geometry@Draw@NU@@
0x8201539c	NU::Model::RequestNud10DrawRigid	.?AVRequestNud10DrawRigid@Model@NU@@@0;.?AVRequestBase@Draw@NU@@@0;.?AUIRequestBase@Draw@NU@@@0;.?AUnuIUnknown@@@0	.?AVRequestNud10DrawRigid@Model@NU@@
0x820153bc	NU::Model::RequestNud10DrawSkin	.?AVRequestNud10DrawSkin@Model@NU@@@0;.?AVRequestBase@Draw@NU@@@0;.?AUIRequestBase@Draw@NU@@@0;.?AUnuIUnknown@@@0	.?AVRequestNud10DrawSkin@Model@NU@@
0x820153dc	NU::Model::RequestNud20DrawRigid	.?AVRequestNud20DrawRigid@Model@NU@@@0;.?AVRequestBase@Draw@NU@@@0;.?AUIRequestBase@Draw@NU@@@0;.?AUnuIUnknown@@@0	.?AVRequestNud20DrawRigid@Model@NU@@
0x820153fc	NU::Model::RequestNud20DrawSkin	.?AVRequestNud20DrawSkin@Model@NU@@@0;.?AVRequestBase@Draw@NU@@@0;.?AUIRequestBase@Draw@NU@@@0;.?AUnuIUnknown@@@0	.?AVRequestNud20DrawSkin@Model@NU@@
0x8201541c	NU::Draw::Geometry::Morphing_P_4W32	.?AVMorphing_P_4W32@Geometry@Draw@NU@@@0;.?AVMorphingContextSkin@Geometry@Draw@NU@@@0;.?AVRequestContext@Geometry@Draw@NU@@@0	.?AVMorphing_P_4W32@Geometry@Draw@NU@@
0x82015428	NU::Draw::Geometry::Morphing_PN_4W32	.?AVMorphing_PN_4W32@Geometry@Draw@NU@@@0;.?AVMorphingContextSkin@Geometry@Draw@NU@@@0;.?AVRequestContext@Geometry@Draw@NU@@@0	.?AVMorphing_PN_4W32@Geometry@Draw@NU@@
0x82015434	NU::Draw::Geometry::Morphing_PNB_4W32	.?AVMorphing_PNB_4W32@Geometry@Draw@NU@@@0;.?AVMorphingContextSkin@Geometry@Draw@NU@@@0;.?AVRequestContext@Geometry@Draw@NU@@@0	.?AVMorphing_PNB_4W32@Geometry@Draw@NU@@
0x82015440	NU::Draw::Geometry::Morphing_PNBT_4W32	.?AVMorphing_PNBT_4W32@Geometry@Draw@NU@@@0;.?AVMorphingContextSkin@Geometry@Draw@NU@@@0;.?AVRequestContext@Geometry@Draw@NU@@@0	.?AVMorphing_PNBT_4W32@Geometry@Draw@NU@@
0x8201544c	NU::Draw::Geometry::Morphing_P	.?AVMorphing_P@Geometry@Draw@NU@@@0;.?AVMorphingContextRigid@Geometry@Draw@NU@@@0;.?AVRequestContext@Geometry@Draw@NU@@@0	.?AVMorphing_P@Geometry@Draw@NU@@
0x82015458	NU::Draw::Geometry::Morphing_PN	.?AVMorphing_PN@Geometry@Draw@NU@@@0;.?AVMorphingContextRigid@Geometry@Draw@NU@@@0;.?AVRequestContext@Geometry@Draw@NU@@@0	.?AVMorphing_PN@Geometry@Draw@NU@@
0x82015464	NU::Draw::Geometry::Morphing_PNB	.?AVMorphing_PNB@Geometry@Draw@NU@@@0;.?AVMorphingContextRigid@Geometry@Draw@NU@@@0;.?AVRequestContext@Geometry@Draw@NU@@@0	.?AVMorphing_PNB@Geometry@Draw@NU@@
0x82015470	NU::Draw::Geometry::Morphing_PNBT	.?AVMorphing_PNBT@Geometry@Draw@NU@@@0;.?AVMorphingContextRigid@Geometry@Draw@NU@@@0;.?AVRequestContext@Geometry@Draw@NU@@@0	.?AVMorphing_PNBT@Geometry@Draw@NU@@
0x82018874	swg::Controller	.?AVController@swg@@@0	.?AVController@swg@@
0x8201887c	swg::MovieController	.?AVMovieController@swg@@@0;.?AVController@swg@@@0	.?AVMovieController@swg@@
0x82018884	swg::ButtonController	.?AVButtonController@swg@@@0;.?AVController@swg@@@0	.?AVButtonController@swg@@
0x8204f794	ACE6::CAce6ThreadTimer	.?AVCAce6ThreadTimer@ACE6@@@0	.?AVCAce6ThreadTimer@ACE6@@
0x8204f7b4	CThreadTimer	.?AVCThreadTimer@@@0;.?AVCAce6ThreadTimer@ACE6@@@0	.?AVCThreadTimer@@
0x8204f8c4	ACE6::CAce6ArmsResource	.?AVCAce6ArmsResource@ACE6@@@0	.?AVCAce6ArmsResource@ACE6@@
0x8204f8d4	CX360ArmsResource	.?AVCX360ArmsResource@@@0;.?AVCAce6ArmsResource@ACE6@@@0	.?AVCX360ArmsResource@@
0x82054bc4	ACE6::CAce6GeneralTunerBase	.?AVCAce6GeneralTunerBase@ACE6@@@0	.?AVCAce6GeneralTunerBase@ACE6@@
0x82054bd0	CX360HudGeneralTuner	.?AVCX360HudGeneralTuner@@@0;.?AVCAce6GeneralTunerBase@ACE6@@@0	.?AVCX360HudGeneralTuner@@
0x82054bdc	ACE6::CAce62DPrimitiveBase	.?AVCAce62DPrimitiveBase@ACE6@@@0	.?AVCAce62DPrimitiveBase@ACE6@@
0x82054be8	ACE6::CAce62DSprite	.?AVCAce62DSprite@ACE6@@@0;.?AVCAce62DPrimitiveBase@ACE6@@@0	.?AVCAce62DSprite@ACE6@@
0x82054bf4	CX360HudRenderer	.?AVCX360HudRenderer@@@0	.?AVCX360HudRenderer@@
0x82054d94	galib::CGaLocator	.?AVCGaLocator@galib@@@0	.?AVCGaLocator@galib@@
0x82054d9c	galib::CGaObjDesc	.?AVCGaObjDesc@galib@@@0	.?AVCGaObjDesc@galib@@
0x82054da8	galib::CGaCamera	.?AVCGaCamera@galib@@@0	.?AVCGaCamera@galib@@
0x82054db0	ACE6::CAce6Thread	.?AVCAce6Thread@ACE6@@@0	.?AVCAce6Thread@ACE6@@
0x82054dbc	ACE6::Util::CTimer	.?AVCTimer@Util@ACE6@@@0	.?AVCTimer@Util@ACE6@@
0x82054dc4	ACE6::CAce6ObjDesc	.?AVCAce6ObjDesc@ACE6@@@0;.?AVCGaObjDesc@galib@@@0	.?AVCAce6ObjDesc@ACE6@@
0x82054dd0	ACE6::CAce6LockonChange	.?AVCAce6LockonChange@ACE6@@@0	.?AVCAce6LockonChange@ACE6@@
0x82054dd8	ACE6::CAce6ObjManager	.?AVCAce6ObjManager@ACE6@@@0;.?AVCAce6Thread@ACE6@@@0	.?AVCAce6ObjManager@ACE6@@
0x82054dfc	ACE6::CAce6DdManager	.?AVCAce6DdManager@ACE6@@@0	.?AVCAce6DdManager@ACE6@@
0x82054e04	ACE6::CAce6TunnelManager	.?AVCAce6TunnelManager@ACE6@@@0	.?AVCAce6TunnelManager@ACE6@@
0x82054e0c	ACE6::CAce6PostEffectBase	.?AVCAce6PostEffectBase@ACE6@@@0	.?AVCAce6PostEffectBase@ACE6@@
0x82054e18	ACE6::CAce6ReplayManager	.?AVCAce6ReplayManager@ACE6@@@0	.?AVCAce6ReplayManager@ACE6@@
0x82054e40		.?AV?$CQueueReleaseBase@USReplayData@Replay@ACE6@@@Util@ACE6@@@0;.?AV?$CQueueBase@USReplayData@Replay@ACE6@@@Util@ACE6@@@0	.?AV?$CQueueReleaseBase@USReplayData@Replay@ACE6@@@Util@ACE6@@
0x82054e4c		.?AV?$CQueueStockBase@USReplayData@Replay@ACE6@@@Util@ACE6@@@0;.?AV?$CQueueBase@USReplayData@Replay@ACE6@@@Util@ACE6@@@0	.?AV?$CQueueStockBase@USReplayData@Replay@ACE6@@@Util@ACE6@@
0x82054e58	ACE6::CAce6ReplayManager::SStoreEnv	.?AUSStoreEnv@CAce6ReplayManager@ACE6@@@0	.?AUSStoreEnv@CAce6ReplayManager@ACE6@@
0x82054e60		.?AV?$CQueueBase@USReplayData@Replay@ACE6@@@Util@ACE6@@@0	.?AV?$CQueueBase@USReplayData@Replay@ACE6@@@Util@ACE6@@
0x82054e6c	ACE6::CAce6ArmsManager	.?AVCAce6ArmsManager@ACE6@@@0;.?AVCAce6Thread@ACE6@@@0	.?AVCAce6ArmsManager@ACE6@@
0x82054f0c	ACE6::CAce6CameraManager	.?AVCAce6CameraManager@ACE6@@@0	.?AVCAce6CameraManager@ACE6@@
0x82054f14	ACE6::CAce6UnitManager	.?AVCAce6UnitManager@ACE6@@@0;.?AVCAce6Thread@ACE6@@@0	.?AVCAce6UnitManager@ACE6@@
0x82054f24	ACE6::CAce6Hud	.?AVCAce6Hud@ACE6@@@0;.?AVCAce6HudIF@ACE6@@@0;.?AVCAce6Thread@ACE6@@@4	.?AVCAce6Hud@ACE6@@
0x82054f6c	ACE6::CAce6Hud	.?AVCAce6Hud@ACE6@@@0;.?AVCAce6HudIF@ACE6@@@0;.?AVCAce6Thread@ACE6@@@4	.?AVCAce6Hud@ACE6@@
0x82054f7c	ACE6::CAce6MissionManager	.?AVCAce6MissionManager@ACE6@@@0	.?AVCAce6MissionManager@ACE6@@
0x82055044	ACE6::CAce6MissionManagerOnline	.?AVCAce6MissionManagerOnline@ACE6@@@0;.?AVCAce6MissionManager@ACE6@@@0;.?AV?$CFsm@VCAce6MissionManagerOnline@ACE6@@@Util@ACE6@@@840	.?AVCAce6MissionManagerOnline@ACE6@@
0x82055144	ACE6::CAce6MissionManagerOnline	.?AVCAce6MissionManagerOnline@ACE6@@@0;.?AVCAce6MissionManager@ACE6@@@0;.?AV?$CFsm@VCAce6MissionManagerOnline@ACE6@@@Util@ACE6@@@840	.?AVCAce6MissionManagerOnline@ACE6@@
0x8205514c		.?AV?$CFsm@VCAce6MissionManagerOnline@ACE6@@@Util@ACE6@@@0	.?AV?$CFsm@VCAce6MissionManagerOnline@ACE6@@@Util@ACE6@@
0x82055154		.?AV?$CQueueStockBase@USPacketData@CAce6MissionManagerOnline@ACE6@@@Util@ACE6@@@0;.?AV?$CQueueBase@USPacketData@CAce6MissionManagerOnline@ACE6@@@Util@ACE6@@@0	.?AV?$CQueueStockBase@USPacketData@CAce6MissionManagerOnline@ACE6@@@Util@ACE6@@
0x82055160		.?AV?$CQueueBase@USPacketData@CAce6MissionManagerOnline@ACE6@@@Util@ACE6@@@0	.?AV?$CQueueBase@USPacketData@CAce6MissionManagerOnline@ACE6@@@Util@ACE6@@
0x8205516c	CX360ObjManager	.?AVCX360ObjManager@@@0;.?AVCAce6ObjManager@ACE6@@@0;.?AVCAce6Thread@ACE6@@@0	.?AVCX360ObjManager@@
0x82055190	CX360UnitManager	.?AVCX360UnitManager@@@0;.?AVCAce6UnitManager@ACE6@@@0;.?AVCAce6Thread@ACE6@@@0	.?AVCX360UnitManager@@
0x820551ac	ACE6::CAce6LightEffectManager	.?AVCAce6LightEffectManager@ACE6@@@0	.?AVCAce6LightEffectManager@ACE6@@
0x820551b4	CX360ArmsManager	.?AVCX360ArmsManager@@@0;.?AVCAce6ArmsManager@ACE6@@@0;.?AVCAce6Thread@ACE6@@@0	.?AVCX360ArmsManager@@
0x82055254	ACE6::CAce6SuspensionManager	.?AVCAce6SuspensionManager@ACE6@@@0	.?AVCAce6SuspensionManager@ACE6@@
0x8205526c	CX360SuspensionManager	.?AVCX360SuspensionManager@@@0;.?AVCAce6SuspensionManager@ACE6@@@0	.?AVCX360SuspensionManager@@
0x82055284	CX360ReplayManager	.?AVCX360ReplayManager@@@0;.?AVCAce6ReplayManager@ACE6@@@0	.?AVCX360ReplayManager@@
0x820552ac	ACE6::CAce6ArmsCamera	.?AVCAce6ArmsCamera@ACE6@@@0	.?AVCAce6ArmsCamera@ACE6@@
0x820552b4	ACE6::CAce6HudDrawObjects	.?AVCAce6HudDrawObjects@ACE6@@@0	.?AVCAce6HudDrawObjects@ACE6@@
0x820552bc	ACE6::CAce6HudRenderer	.?AVCAce6HudRenderer@ACE6@@@0	.?AVCAce6HudRenderer@ACE6@@
0x820552dc	ACE6::CAce6HudSound	.?AVCAce6HudSound@ACE6@@@0	.?AVCAce6HudSound@ACE6@@
0x820552e4	ACE6::CAce6HudArmsMissile	.?AVCAce6HudArmsMissile@ACE6@@@0;.?AVCAce6HudArms@ACE6@@@0	.?AVCAce6HudArmsMissile@ACE6@@
0x82055300	ACE6::CAce6HudArmsMissileSP	.?AVCAce6HudArmsMissileSP@ACE6@@@0;.?AVCAce6HudArmsMissile@ACE6@@@0;.?AVCAce6HudArms@ACE6@@@0	.?AVCAce6HudArmsMissileSP@ACE6@@
0x8205531c	ACE6::CAce6HudArmsMissileGRD	.?AVCAce6HudArmsMissileGRD@ACE6@@@0;.?AVCAce6HudArmsMissileSP@ACE6@@@0;.?AVCAce6HudArmsMissile@ACE6@@@0;.?AVCAce6HudArms@ACE6@@@0	.?AVCAce6HudArmsMissileGRD@ACE6@@
0x82055338	ACE6::CAce6HudArmsMissileSAAM	.?AVCAce6HudArmsMissileSAAM@ACE6@@@0;.?AVCAce6HudArmsMissileSP@ACE6@@@0;.?AVCAce6HudArmsMissile@ACE6@@@0;.?AVCAce6HudArms@ACE6@@@0	.?AVCAce6HudArmsMissileSAAM@ACE6@@
0x82055354	ACE6::CAce6HudArmsBomb	.?AVCAce6HudArmsBomb@ACE6@@@0;.?AVCAce6HudArms@ACE6@@@0	.?AVCAce6HudArmsBomb@ACE6@@
0x82055370	ACE6::CAce6HudArmsBombBDSP	.?AVCAce6HudArmsBombBDSP@ACE6@@@0;.?AVCAce6HudArmsBomb@ACE6@@@0;.?AVCAce6HudArms@ACE6@@@0	.?AVCAce6HudArmsBombBDSP@ACE6@@
0x8205538c	ACE6::CAce6HudArmsBombGPB	.?AVCAce6HudArmsBombGPB@ACE6@@@0;.?AVCAce6HudArmsBomb@ACE6@@@0;.?AVCAce6HudArms@ACE6@@@0	.?AVCAce6HudArmsBombGPB@ACE6@@
0x820553a8	ACE6::CAce6HudArmsDotsight	.?AVCAce6HudArmsDotsight@ACE6@@@0;.?AVCAce6HudArms@ACE6@@@0	.?AVCAce6HudArmsDotsight@ACE6@@
0x820553c4	ACE6::CAce6HudArmsRocket	.?AVCAce6HudArmsRocket@ACE6@@@0;.?AVCAce6HudArms@ACE6@@@0	.?AVCAce6HudArmsRocket@ACE6@@
0x820553e0	ACE6::CAce6HudArmsECMP	.?AVCAce6HudArmsECMP@ACE6@@@0;.?AVCAce6HudArms@ACE6@@@0	.?AVCAce6HudArmsECMP@ACE6@@
0x820553fc	ACE6::CAce6HudLanding	.?AVCAce6HudLanding@ACE6@@@0	.?AVCAce6HudLanding@ACE6@@
0x82055404	ACE6::CAce6HudRefuel	.?AVCAce6HudRefuel@ACE6@@@0	.?AVCAce6HudRefuel@ACE6@@
0x8205540c	ACE6::CAce6HudIF	.?AVCAce6HudIF@ACE6@@@0	.?AVCAce6HudIF@ACE6@@
0x8205543c	ACE6::CAce6HudObjectBase	.?AVCAce6HudObjectBase@ACE6@@@0	.?AVCAce6HudObjectBase@ACE6@@
0x82055448	ACE6::CAce6HudPlain	.?AVCAce6HudPlain@ACE6@@@0;.?AVCAce6HudObjectBase@ACE6@@@0	.?AVCAce6HudPlain@ACE6@@
0x82055454	ACE6::CAce6HudMulti	.?AVCAce6HudMulti@ACE6@@@0;.?AVCAce6HudObjectBase@ACE6@@@0	.?AVCAce6HudMulti@ACE6@@
0x82055460	ACE6::CAce6HudWeapon	.?AVCAce6HudWeapon@ACE6@@@0;.?AVCAce6HudObjectBase@ACE6@@@0	.?AVCAce6HudWeapon@ACE6@@
0x8205546c	ACE6::CAce6HudOrder	.?AVCAce6HudOrder@ACE6@@@0;.?AVCAce6HudObjectBase@ACE6@@@0	.?AVCAce6HudOrder@ACE6@@
0x82055478	ACE6::CAce6HudDisplay	.?AVCAce6HudDisplay@ACE6@@@0;.?AVCAce6HudObjectBase@ACE6@@@0	.?AVCAce6HudDisplay@ACE6@@
0x82055484	ACE6::CAce6HudContainer	.?AVCAce6HudContainer@ACE6@@@0;.?AVCAce6HudObjectBase@ACE6@@@0	.?AVCAce6HudContainer@ACE6@@
0x82055490	ACE6::CAce6HudRader	.?AVCAce6HudRader@ACE6@@@0;.?AVCAce6HudObjectBase@ACE6@@@0	.?AVCAce6HudRader@ACE6@@
0x8205549c	ACE6::CAce6HudRader::RaderObj	.?AVRaderObj@CAce6HudRader@ACE6@@@0	.?AVRaderObj@CAce6HudRader@ACE6@@
0x820554a8	ACE6::CAce6HudRader::RaderObjNaviMaker	.?AVRaderObjNaviMaker@CAce6HudRader@ACE6@@@0;.?AVRaderObj@CAce6HudRader@ACE6@@@0	.?AVRaderObjNaviMaker@CAce6HudRader@ACE6@@
0x820554b4	ACE6::CAce6HudRader::RaderObjJamming	.?AVRaderObjJamming@CAce6HudRader@ACE6@@@0;.?AVRaderObj@CAce6HudRader@ACE6@@@0	.?AVRaderObjJamming@CAce6HudRader@ACE6@@
0x820554c0	ACE6::CAce6HudRader::RaderObjPrediction	.?AVRaderObjPrediction@CAce6HudRader@ACE6@@@0;.?AVRaderObj@CAce6HudRader@ACE6@@@0	.?AVRaderObjPrediction@CAce6HudRader@ACE6@@
0x820554cc	ACE6::CAce6HudRader::RaderObjTraget	.?AVRaderObjTraget@CAce6HudRader@ACE6@@@0;.?AVRaderObj@CAce6HudRader@ACE6@@@0	.?AVRaderObjTraget@CAce6HudRader@ACE6@@
0x820554d8	ACE6::CAce6HudReplay	.?AVCAce6HudReplay@ACE6@@@0;.?AVCAce6HudObjectBase@ACE6@@@0	.?AVCAce6HudReplay@ACE6@@
0x820554e4	ACE6::CAce6HudOperationClear	.?AVCAce6HudOperationClear@ACE6@@@0;.?AVCAce6HudObjectBase@ACE6@@@0	.?AVCAce6HudOperationClear@ACE6@@
0x820554f4	ACE6::CAce6HudNotifyImpl	.?AVCAce6HudNotifyImpl@ACE6@@@0;.?AVCAce6HudNotify@ACE6@@@0	.?AVCAce6HudNotifyImpl@ACE6@@
0x82055544		.?AV?$CAce6HudImpl@VCX360HudRenderer@@@ACE6@@@0;.?AVCAce6Hud@ACE6@@@0;.?AVCAce6HudIF@ACE6@@@0;.?AVCAce6Thread@ACE6@@@4;.?AVCAce6HudRenderer@ACE6@@@167200	.?AV?$CAce6HudImpl@VCX360HudRenderer@@@ACE6@@
0x8205558c		.?AV?$CAce6HudImpl@VCX360HudRenderer@@@ACE6@@@0;.?AVCAce6Hud@ACE6@@@0;.?AVCAce6HudIF@ACE6@@@0;.?AVCAce6Thread@ACE6@@@4;.?AVCAce6HudRenderer@ACE6@@@167200	.?AV?$CAce6HudImpl@VCX360HudRenderer@@@ACE6@@
0x82055598		.?AV?$CAce6HudImpl@VCX360HudRenderer@@@ACE6@@@0;.?AVCAce6Hud@ACE6@@@0;.?AVCAce6HudIF@ACE6@@@0;.?AVCAce6Thread@ACE6@@@4;.?AVCAce6HudRenderer@ACE6@@@167200	.?AV?$CAce6HudImpl@VCX360HudRenderer@@@ACE6@@
0x820555bc	CX360MissionManagerOnline	.?AVCX360MissionManagerOnline@@@0;.?AV?$CX360MissionManager@VCAce6MissionManagerOnline@ACE6@@@@@0;.?AVCAce6MissionManagerOnline@ACE6@@@0;.?AVCAce6MissionManager@ACE6@@@0;.?AV?$CFsm@VCAce6MissionManagerOnline@ACE6@@@Util@ACE6@@@840	.?AVCX360MissionManagerOnline@@
0x820556c0	CX360MissionManagerOnline	.?AVCX360MissionManagerOnline@@@0;.?AV?$CX360MissionManager@VCAce6MissionManagerOnline@ACE6@@@@@0;.?AVCAce6MissionManagerOnline@ACE6@@@0;.?AVCAce6MissionManager@ACE6@@@0;.?AV?$CFsm@VCAce6MissionManagerOnline@ACE6@@@Util@ACE6@@@840	.?AVCX360MissionManagerOnline@@
0x820556cc		.?AV?$CX360MissionManager@VCAce6MissionManagerOnline@ACE6@@@@@0;.?AVCAce6MissionManagerOnline@ACE6@@@0;.?AVCAce6MissionManager@ACE6@@@0;.?AV?$CFsm@VCAce6MissionManagerOnline@ACE6@@@Util@ACE6@@@840	.?AV?$CX360MissionManager@VCAce6MissionManagerOnline@ACE6@@@@
0x820557d0		.?AV?$CX360MissionManager@VCAce6MissionManagerOnline@ACE6@@@@@0;.?AVCAce6MissionManagerOnline@ACE6@@@0;.?AVCAce6MissionManager@ACE6@@@0;.?AV?$CFsm@VCAce6MissionManagerOnline@ACE6@@@Util@ACE6@@@840	.?AV?$CX360MissionManager@VCAce6MissionManagerOnline@ACE6@@@@
0x820557fc	CX360ObjManagerThread	.?AVCX360ObjManagerThread@@@0;.?AVCAce6ObjManagerThread@ACE6@@@0;.?AVCAce6Thread@ACE6@@@0	.?AVCX360ObjManagerThread@@
0x82055808	CX360ObjPlayerLightManager	.?AVCX360ObjPlayerLightManager@@@0;.?AVCAce6ObjPlayerLightManager@ACE6@@@0	.?AVCX360ObjPlayerLightManager@@
0x8205626c	ACE6::CAce6Txtio	.?AVCAce6Txtio@ACE6@@@0	.?AVCAce6Txtio@ACE6@@
0x82056334	CTxtioXML	.?AVCTxtioXML@@@0;.?AVCAce6Txtio@ACE6@@@0	.?AVCTxtioXML@@
0x82056410	CX360EnginePlayerGT	.?AVCX360EnginePlayerGT@@@0;.?AVCAce6EnginePlayerGT@ACE6@@@0;.?AVCAce6GeneralTunerBase@ACE6@@@0	.?AVCX360EnginePlayerGT@@
0x8205641c	CX360CameraManagerGT	.?AVCX360CameraManagerGT@@@0;.?AVCAce6CameraManagerGT@ACE6@@@0;.?AVCAce6GeneralTunerBase@ACE6@@@0	.?AVCX360CameraManagerGT@@
0x8205642c	ACE6::CAce6RadioTextData	.?AVCAce6RadioTextData@ACE6@@@0	.?AVCAce6RadioTextData@ACE6@@
0x82056444	ACE6::CAce6RadioText	.?AVCAce6RadioText@ACE6@@@0	.?AVCAce6RadioText@ACE6@@
0x8205647c	ACE6::CAce6RadioTextDecorate	.?AVCAce6RadioTextDecorate@ACE6@@@0	.?AVCAce6RadioTextDecorate@ACE6@@
0x820564a4	ACE6::CAce6RadioPlayData	.?AVCAce6RadioPlayData@ACE6@@@0	.?AVCAce6RadioPlayData@ACE6@@
0x820564ac	ACE6::CAce6RadioPackData	.?AVCAce6RadioPackData@ACE6@@@0	.?AVCAce6RadioPackData@ACE6@@
0x820564b4	ACE6::CAce6RadioLivePlayControlData	.?AVCAce6RadioLivePlayControlData@ACE6@@@0	.?AVCAce6RadioLivePlayControlData@ACE6@@
0x820564c8	ACE6::CAce6RadioLivePlayControlDataOnline	.?AVCAce6RadioLivePlayControlDataOnline@ACE6@@@0;.?AVCAce6RadioLivePlayControlData@ACE6@@@0	.?AVCAce6RadioLivePlayControlDataOnline@ACE6@@
0x820564dc	ACE6::CAce6RadioMissionData	.?AVCAce6RadioMissionData@ACE6@@@0	.?AVCAce6RadioMissionData@ACE6@@
0x820564e4	ACE6::CAce6RadioResourceManagerBase	.?AVCAce6RadioResourceManagerBase@ACE6@@@0	.?AVCAce6RadioResourceManagerBase@ACE6@@
0x82056530	ACE6::CAce6RadioPackTable	.?AVCAce6RadioPackTable@ACE6@@@0	.?AVCAce6RadioPackTable@ACE6@@
0x8205653c	ACE6::CAce6RadioRequestPackTable	.?AVCAce6RadioRequestPackTable@ACE6@@@0	.?AVCAce6RadioRequestPackTable@ACE6@@
0x82056544	ACE6::CAce6RadioArrivalPackTable	.?AVCAce6RadioArrivalPackTable@ACE6@@@0	.?AVCAce6RadioArrivalPackTable@ACE6@@
0x8205654c	ACE6::CAce6RadioPlayManagerOnline	.?AVCAce6RadioPlayManagerOnline@ACE6@@@0;.?AVCAce6RadioPlayManager@ACE6@@@0	.?AVCAce6RadioPlayManagerOnline@ACE6@@
0x820565b4	ACE6::CAce6RadioResourceManagerCampaign	.?AVCAce6RadioResourceManagerCampaign@ACE6@@@0;.?AVCAce6RadioResourceManagerBase@ACE6@@@0	.?AVCAce6RadioResourceManagerCampaign@ACE6@@
0x82056604	ACE6::CAce6RadioResourceManagerOnline	.?AVCAce6RadioResourceManagerOnline@ACE6@@@0;.?AVCAce6RadioResourceManagerBase@ACE6@@@0	.?AVCAce6RadioResourceManagerOnline@ACE6@@
0x82056650	CX360RadioTextDecorate	.?AVCX360RadioTextDecorate@@@0;.?AVCAce6RadioTextDecorate@ACE6@@@0	.?AVCX360RadioTextDecorate@@
0x8205667c	CX360RadioText	.?AVCX360RadioText@@@0;.?AVCAce6RadioText@ACE6@@@0	.?AVCX360RadioText@@
0x820566c0	CX360RadioTextData	.?AVCX360RadioTextData@@@0;.?AVCAce6RadioTextData@ACE6@@@0	.?AVCX360RadioTextData@@
0x820566e4	CX360RadioPlayManagerCampaign	.?AVCX360RadioPlayManagerCampaign@@@0;.?AVCAce6RadioPlayManager@ACE6@@@0	.?AVCX360RadioPlayManagerCampaign@@
0x8205674c	CX360RadioPlayManagerOnline	.?AVCX360RadioPlayManagerOnline@@@0;.?AVCAce6RadioPlayManagerOnline@ACE6@@@0;.?AVCAce6RadioPlayManager@ACE6@@@0	.?AVCX360RadioPlayManagerOnline@@
0x820567b4	CX360RadioResourceManagerCampaign	.?AVCX360RadioResourceManagerCampaign@@@0;.?AVCAce6RadioResourceManagerCampaign@ACE6@@@0;.?AVCAce6RadioResourceManagerBase@ACE6@@@0	.?AVCX360RadioResourceManagerCampaign@@
0x82056804	CX360RadioResourceManagerOnline	.?AVCX360RadioResourceManagerOnline@@@0;.?AVCAce6RadioResourceManagerOnline@ACE6@@@0;.?AVCAce6RadioResourceManagerBase@ACE6@@@0	.?AVCX360RadioResourceManagerOnline@@
0x82056850	CX360RadioManager	.?AVCX360RadioManager@@@0;.?AVCAce6RadioManager@ACE6@@@0	.?AVCX360RadioManager@@
0x82056874	ACE6::CAce6Unit	.?AVCAce6Unit@ACE6@@@0	.?AVCAce6Unit@ACE6@@
0x820568d4	ACE6::CAce6UnitPlayer	.?AVCAce6UnitPlayer@ACE6@@@0;.?AVCAce6Unit@ACE6@@@0	.?AVCAce6UnitPlayer@ACE6@@
0x82056934	ACE6::CAce6UnitOtherPlayer	.?AVCAce6UnitOtherPlayer@ACE6@@@0;.?AVCAce6UnitPlayer@ACE6@@@0;.?AVCAce6Unit@ACE6@@@0	.?AVCAce6UnitOtherPlayer@ACE6@@
0x820569b4	CDebugNetwork	.?AVCDebugNetwork@@@0	.?AVCDebugNetwork@@
0x820569cc	ACE6::CAce6Task	.?AVCAce6Task@ACE6@@@0	.?AVCAce6Task@ACE6@@
0x820569fc	ACE6::CAce6HDR	.?AVCAce6HDR@ACE6@@@0;.?AVCAce6PostEffectBase@ACE6@@@0	.?AVCAce6HDR@ACE6@@
0x82056a08	ACE6::CAce6CommunicationBase	.?AVCAce6CommunicationBase@ACE6@@@0	.?AVCAce6CommunicationBase@ACE6@@
0x82056a14	ACE6::CAce6ReductionBuffer	.?AVCAce6ReductionBuffer@ACE6@@@0;.?AVCAce6PostEffectBase@ACE6@@@0	.?AVCAce6ReductionBuffer@ACE6@@
0x82056a48	CTaskNetTestClientMode	.?AVCTaskNetTestClientMode@@@0;.?AVCAce6Task@ACE6@@@0	.?AVCTaskNetTestClientMode@@
0x82056a78	CTaskNetTestHostMode	.?AVCTaskNetTestHostMode@@@0;.?AVCAce6Task@ACE6@@@0	.?AVCTaskNetTestHostMode@@
0x82056abc	ACE6::CAce6DebugMenuSelect	.?AVCAce6DebugMenuSelect@ACE6@@@0	.?AVCAce6DebugMenuSelect@ACE6@@
0x82056adc	ACE6::CAce6SortPoint	.?AVCAce6SortPoint@ACE6@@@0	.?AVCAce6SortPoint@ACE6@@
0x82056b64	ACE6::CAce6EffectGenerator	.?AVCAce6EffectGenerator@ACE6@@@0;.?AVCAce6SortPoint@ACE6@@@0	.?AVCAce6EffectGenerator@ACE6@@
0x82056c0c	ACE6::CAce6EffectGeneratorBGCloud	.?AVCAce6EffectGeneratorBGCloud@ACE6@@@0;.?AVCAce6EffectGenerator@ACE6@@@0;.?AVCAce6SortPoint@ACE6@@@0	.?AVCAce6EffectGeneratorBGCloud@ACE6@@
0x82056cbc	ACE6::CAce6CloudManager	.?AVCAce6CloudManager@ACE6@@@0	.?AVCAce6CloudManager@ACE6@@
0x82056d00	CEffectRendererBase	.?AVCEffectRendererBase@@@0	.?AVCEffectRendererBase@@
0x82056d14	CCloud	.?AVCCloud@@@0;.?AVCEffectRendererBase@@@0	.?AVCCloud@@
0x82056d2c	CEffectGeneratorCloud	.?AVCEffectGeneratorCloud@@@0;.?AVCAce6EffectGenerator@ACE6@@@0;.?AVCAce6SortPoint@ACE6@@@0	.?AVCEffectGeneratorCloud@@
0x82056dd4	CEffectObjCloudObserver	.?AVCEffectObjCloudObserver@@@0;.?AVCAce6SortPoint@ACE6@@@0	.?AVCEffectObjCloudObserver@@
0x82056e5c	CBGCloud	.?AVCBGCloud@@@0;.?AVCEffectRendererBase@@@0	.?AVCBGCloud@@
0x82056e74	CEffectGeneratorBGCloud	.?AVCEffectGeneratorBGCloud@@@0;.?AVCAce6EffectGeneratorBGCloud@ACE6@@@0;.?AVCAce6EffectGenerator@ACE6@@@0;.?AVCAce6SortPoint@ACE6@@@0	.?AVCEffectGeneratorBGCloud@@
0x82056f20	CFlatCloud	.?AVCFlatCloud@@@0;.?AVCEffectRendererBase@@@0	.?AVCFlatCloud@@
0x82056f34	CEffectGeneratorFlatCloud	.?AVCEffectGeneratorFlatCloud@@@0;.?AVCAce6EffectGeneratorFlatCloud@ACE6@@@0;.?AVCAce6EffectGenerator@ACE6@@@0;.?AVCAce6SortPoint@ACE6@@@0	.?AVCEffectGeneratorFlatCloud@@
0x82056fe0	CBGFlatCloud	.?AVCBGFlatCloud@@@0;.?AVCEffectRendererBase@@@0	.?AVCBGFlatCloud@@
0x82056ff4	CEffectGeneratorBGFlatCloud	.?AVCEffectGeneratorBGFlatCloud@@@0;.?AVCAce6EffectGeneratorBGFlatCloud@ACE6@@@0;.?AVCAce6EffectGenerator@ACE6@@@0;.?AVCAce6SortPoint@ACE6@@@0	.?AVCEffectGeneratorBGFlatCloud@@
0x820570a4	CCloudManager	.?AVCCloudManager@@@0;.?AVCAce6CloudManager@ACE6@@@0	.?AVCCloudManager@@
0x820571e4	CCloudPositionEditorConnection	.?AVCCloudPositionEditorConnection@@@0;.?AVCAce6CommunicationBase@ACE6@@@0	.?AVCCloudPositionEditorConnection@@
0x82057238	ACE6::CAce6EffectNode	.?AVCAce6EffectNode@ACE6@@@0	.?AVCAce6EffectNode@ACE6@@
0x82057240	ACE6::CAce6EffectNode::SEffectNULL	.?AUSEffectNULL@CAce6EffectNode@ACE6@@@0	.?AUSEffectNULL@CAce6EffectNode@ACE6@@
0x82057258	CEffectNode	.?AVCEffectNode@@@0;.?AVCAce6EffectNode@ACE6@@@0	.?AVCEffectNode@@
0x82057260	CEffectNode::SEffectNULLCustom	.?AUSEffectNULLCustom@CEffectNode@@@0;.?AUSEffectNULL@CAce6EffectNode@ACE6@@@0	.?AUSEffectNULLCustom@CEffectNode@@
0x820572c0	galib::CGaObj	.?AVCGaObj@galib@@@0	.?AVCGaObj@galib@@
0x820572fc	ACE6::CAce6EffectClippingQue	.?AVCAce6EffectClippingQue@ACE6@@@0	.?AVCAce6EffectClippingQue@ACE6@@
0x82057304	ACE6::CAce6EffectWorker	.?AVCAce6EffectWorker@ACE6@@@0;.?AVCAce6Thread@ACE6@@@0	.?AVCAce6EffectWorker@ACE6@@
0x82057318	CEffectWorker	.?AVCEffectWorker@@@0;.?AVCAce6EffectWorker@ACE6@@@0;.?AVCAce6Thread@ACE6@@@0	.?AVCEffectWorker@@
0x8205733c	CMotionBlurTuner	.?AVCMotionBlurTuner@@@0;.?AVCAce6GeneralTunerBase@ACE6@@@0	.?AVCMotionBlurTuner@@
0x82057358	CAfterImageTuner	.?AVCAfterImageTuner@@@0;.?AVCAce6GeneralTunerBase@ACE6@@@0	.?AVCAfterImageTuner@@
0x82057364	CShoulderVaporVertexProcessor	.?AVCShoulderVaporVertexProcessor@@@0	.?AVCShoulderVaporVertexProcessor@@
0x82057830	ACE6::CAce6ObjWeather	.?AVCAce6ObjWeather@ACE6@@@0;.?AVCGaObj@galib@@@0	.?AVCAce6ObjWeather@ACE6@@
0x8205786c	ACE6::CAce6EffectAssignTable	.?AVCAce6EffectAssignTable@ACE6@@@0	.?AVCAce6EffectAssignTable@ACE6@@
0x82057878	ACE6::CAce6EffectBufferSelector	.?AVCAce6EffectBufferSelector@ACE6@@@0	.?AVCAce6EffectBufferSelector@ACE6@@
0x82057880	ACE6::CAce6VertexBufferReserveSystem	.?AVCAce6VertexBufferReserveSystem@ACE6@@@0	.?AVCAce6VertexBufferReserveSystem@ACE6@@
0x82057888	ACE6::CAce6ObjEffectManager	.?AVCAce6ObjEffectManager@ACE6@@@0	.?AVCAce6ObjEffectManager@ACE6@@
0x82057894	ACE6::CAce6EffectGeneratorMemorySize	.?AVCAce6EffectGeneratorMemorySize@ACE6@@@0;.?AVCAce6EffectGenerator@ACE6@@@0;.?AVCAce6SortPoint@ACE6@@@0	.?AVCAce6EffectGeneratorMemorySize@ACE6@@
0x8205793c	ACE6::CAce6EffectGeneratorManager	.?AVCAce6EffectGeneratorManager@ACE6@@@0	.?AVCAce6EffectGeneratorManager@ACE6@@
0x8205794c	ACE6::CAce6EffectObserver	.?AVCAce6EffectObserver@ACE6@@@0;.?AVCAce6SortPoint@ACE6@@@0	.?AVCAce6EffectObserver@ACE6@@
0x820579dc	ACE6::CAce6LightSpriteTable	.?AVCAce6LightSpriteTable@ACE6@@@0	.?AVCAce6LightSpriteTable@ACE6@@
0x820579e4	ACE6::CAce6EffectMatrixSet	.?AVCAce6EffectMatrixSet@ACE6@@@0	.?AVCAce6EffectMatrixSet@ACE6@@
0x820579ec	ACE6::CAce6EffectManagerInterface	.?AVCAce6EffectManagerInterface@ACE6@@@0;.?AVCAce6Thread@ACE6@@@0	.?AVCAce6EffectManagerInterface@ACE6@@
0x82057c3c	ACE6::CAce6ObjFlashFilter	.?AVCAce6ObjFlashFilter@ACE6@@@0;.?AVCGaObj@galib@@@0	.?AVCAce6ObjFlashFilter@ACE6@@
0x82057c78	ACE6::CAce6EffectOrderingTable	.?AVCAce6EffectOrderingTable@ACE6@@@0	.?AVCAce6EffectOrderingTable@ACE6@@
0x82057c80	ACE6::CAce6EffectWindDirection	.?AVCAce6EffectWindDirection@ACE6@@@0	.?AVCAce6EffectWindDirection@ACE6@@
0x82057c8c	ACE6::CAce6EffectManager	.?AVCAce6EffectManager@ACE6@@@0;.?AVCAce6EffectManagerInterface@ACE6@@@0;.?AVCAce6Thread@ACE6@@@0	.?AVCAce6EffectManager@ACE6@@
0x82057ee0	CEffectAssignTable	.?AVCEffectAssignTable@@@0;.?AVCAce6EffectAssignTable@ACE6@@@0	.?AVCEffectAssignTable@@
0x82057eec	CEffectObserver	.?AVCEffectObserver@@@0;.?AVCAce6EffectObserver@ACE6@@@0;.?AVCAce6SortPoint@ACE6@@@0	.?AVCEffectObserver@@
0x82057f7c	CHeatBlur	.?AVCHeatBlur@@@0;.?AVCEffectRendererBase@@@0	.?AVCHeatBlur@@
0x82057f90	CLightSprite	.?AVCLightSprite@@@0;.?AVCEffectRendererBase@@@0	.?AVCLightSprite@@
0x82057fa4	CMuzzleFlash	.?AVCMuzzleFlash@@@0;.?AVCEffectRendererBase@@@0	.?AVCMuzzleFlash@@
0x82057fb8	CGunSmoke	.?AVCGunSmoke@@@0;.?AVCEffectRendererBase@@@0	.?AVCGunSmoke@@
0x82057fcc	CBurnerLid	.?AVCBurnerLid@@@0;.?AVCEffectRendererBase@@@0	.?AVCBurnerLid@@
0x82057fe0	CAfterBurner	.?AVCAfterBurner@@@0;.?AVCEffectRendererBase@@@0	.?AVCAfterBurner@@
0x82057ff4	CAfterBurnerBord	.?AVCAfterBurnerBord@@@0;.?AVCEffectRendererBase@@@0	.?AVCAfterBurnerBord@@
0x82058008	CLineVapor	.?AVCLineVapor@@@0;.?AVCEffectRendererBase@@@0	.?AVCLineVapor@@
0x8205801c	CShoulderVapor	.?AVCShoulderVapor@@@0;.?AVCEffectRendererBase@@@0	.?AVCShoulderVapor@@
0x82058030	CShoulderVaporMask	.?AVCShoulderVaporMask@@@0;.?AVCEffectRendererBase@@@0	.?AVCShoulderVaporMask@@
0x82058044	CExplosionSmoke	.?AVCExplosionSmoke@@@0;.?AVCEffectRendererBase@@@0	.?AVCExplosionSmoke@@
0x82058058	CExplosionFlame	.?AVCExplosionFlame@@@0;.?AVCEffectRendererBase@@@0	.?AVCExplosionFlame@@
0x8205806c	CExplosionOpacity	.?AVCExplosionOpacity@@@0;.?AVCEffectRendererBase@@@0	.?AVCExplosionOpacity@@
0x82058080	CRadialBlur	.?AVCRadialBlur@@@0;.?AVCEffectRendererBase@@@0	.?AVCRadialBlur@@
0x82058094	CFlashTranslucent	.?AVCFlashTranslucent@@@0;.?AVCEffectRendererBase@@@0	.?AVCFlashTranslucent@@
0x820580a8	CImpactShockWave	.?AVCImpactShockWave@@@0;.?AVCEffectRendererBase@@@0	.?AVCImpactShockWave@@
0x820580bc	CImpactSmoke	.?AVCImpactSmoke@@@0;.?AVCEffectRendererBase@@@0	.?AVCImpactSmoke@@
0x820580d0	CImpactSand	.?AVCImpactSand@@@0;.?AVCEffectRendererBase@@@0	.?AVCImpactSand@@
0x820580e4	CBullet	.?AVCBullet@@@0;.?AVCEffectRendererBase@@@0	.?AVCBullet@@
0x820580f8	CMissileSmokeNeo	.?AVCMissileSmokeNeo@@@0;.?AVCEffectRendererBase@@@0	.?AVCMissileSmokeNeo@@
0x8205810c	CSplinter	.?AVCSplinter@@@0;.?AVCEffectRendererBase@@@0	.?AVCSplinter@@
0x82058120	CMapLightSprite	.?AVCMapLightSprite@@@0;.?AVCEffectRendererBase@@@0	.?AVCMapLightSprite@@
0x82058134	CRain	.?AVCRain@@@0;.?AVCEffectRendererBase@@@0	.?AVCRain@@
0x82058148	CSnow	.?AVCSnow@@@0;.?AVCEffectRendererBase@@@0	.?AVCSnow@@
0x8205815c	CSearchLight	.?AVCSearchLight@@@0;.?AVCEffectRendererBase@@@0	.?AVCSearchLight@@
0x82058170	CSearchLightFront	.?AVCSearchLightFront@@@0;.?AVCEffectRendererBase@@@0	.?AVCSearchLightFront@@
0x82058184	CLightShaft	.?AVCLightShaft@@@0;.?AVCEffectRendererBase@@@0	.?AVCLightShaft@@
0x82058198	CRisingSmokeNeo	.?AVCRisingSmokeNeo@@@0;.?AVCEffectRendererBase@@@0	.?AVCRisingSmokeNeo@@
0x820581ac	CTrack	.?AVCTrack@@@0;.?AVCEffectRendererBase@@@0	.?AVCTrack@@
0x820581c0	CAccomBulletRandom	.?AVCAccomBulletRandom@@@0;.?AVCEffectRendererBase@@@0	.?AVCAccomBulletRandom@@
0x820581d4	CNPCLineVapor	.?AVCNPCLineVapor@@@0;.?AVCEffectRendererBase@@@0	.?AVCNPCLineVapor@@
0x820581e8	CTankSmoke	.?AVCTankSmoke@@@0;.?AVCEffectRendererBase@@@0	.?AVCTankSmoke@@
0x820581fc	CUnitObjCloud	.?AVCUnitObjCloud@@@0;.?AVCEffectRendererBase@@@0	.?AVCUnitObjCloud@@
0x82058210	CAir	.?AVCAir@@@0;.?AVCEffectRendererBase@@@0	.?AVCAir@@
0x82058224	CSimpleExplosion	.?AVCSimpleExplosion@@@0;.?AVCEffectRendererBase@@@0	.?AVCSimpleExplosion@@
0x82058238	CSpark	.?AVCSpark@@@0;.?AVCEffectRendererBase@@@0	.?AVCSpark@@
0x8205824c	CFlare	.?AVCFlare@@@0;.?AVCEffectRendererBase@@@0	.?AVCFlare@@
0x82058260	CFlareLine	.?AVCFlareLine@@@0;.?AVCEffectRendererBase@@@0	.?AVCFlareLine@@
0x82058274	CAccomTrack	.?AVCAccomTrack@@@0;.?AVCEffectRendererBase@@@0	.?AVCAccomTrack@@
0x82058288	CMissileSmokeBelt	.?AVCMissileSmokeBelt@@@0;.?AVCEffectRendererBase@@@0	.?AVCMissileSmokeBelt@@
0x8205829c	CFlakgun	.?AVCFlakgun@@@0;.?AVCEffectRendererBase@@@0	.?AVCFlakgun@@
0x820582b0	CNimbusRing	.?AVCNimbusRing@@@0;.?AVCEffectRendererBase@@@0	.?AVCNimbusRing@@
0x820582c4	CEMLMuzzleFlash	.?AVCEMLMuzzleFlash@@@0;.?AVCEffectRendererBase@@@0	.?AVCEMLMuzzleFlash@@
0x820582d8	CFireworks	.?AVCFireworks@@@0;.?AVCEffectRendererBase@@@0	.?AVCFireworks@@
0x820582ec	CADMMBullet	.?AVCADMMBullet@@@0;.?AVCEffectRendererBase@@@0	.?AVCADMMBullet@@
0x82058300	CADMMSpark	.?AVCADMMSpark@@@0;.?AVCEffectRendererBase@@@0	.?AVCADMMSpark@@
0x82058314	CRocketLauncher	.?AVCRocketLauncher@@@0;.?AVCEffectRendererBase@@@0	.?AVCRocketLauncher@@
0x82058328	COnlineRCL	.?AVCOnlineRCL@@@0;.?AVCEffectRendererBase@@@0	.?AVCOnlineRCL@@
0x8205833c	CX360EffectGeneratorManager	.?AVCX360EffectGeneratorManager@@@0;.?AVCAce6EffectGeneratorManager@ACE6@@@0	.?AVCX360EffectGeneratorManager@@
0x8205834c	CX360EffectManager	.?AVCX360EffectManager@@@0;.?AVCAce6EffectManager@ACE6@@@0;.?AVCAce6EffectManagerInterface@ACE6@@@0;.?AVCAce6Thread@ACE6@@@0	.?AVCX360EffectManager@@
0x820585a0	EffectConstant	.?AVEffectConstant@@@0	.?AVEffectConstant@@
0x820585ac	CEffectGeneratorHeatBlur	.?AVCEffectGeneratorHeatBlur@@@0;.?AVCAce6EffectGeneratorHeatBlur@ACE6@@@0;.?AVCAce6EffectGenerator@ACE6@@@0;.?AVCAce6SortPoint@ACE6@@@0	.?AVCEffectGeneratorHeatBlur@@
0x82058654	CEffectGeneratorLightSprite	.?AVCEffectGeneratorLightSprite@@@0;.?AVCAce6EffectGeneratorLightSprite@ACE6@@@0;.?AVCAce6EffectGenerator@ACE6@@@0;.?AVCAce6SortPoint@ACE6@@@0	.?AVCEffectGeneratorLightSprite@@
0x82058704	CEffectGeneratorMuzzleFlash	.?AVCEffectGeneratorMuzzleFlash@@@0;.?AVCAce6EffectGeneratorMuzzleFlash@ACE6@@@0;.?AVCAce6EffectGenerator@ACE6@@@0;.?AVCAce6SortPoint@ACE6@@@0	.?AVCEffectGeneratorMuzzleFlash@@
0x820587ac	CEffectGeneratorGunSmoke	.?AVCEffectGeneratorGunSmoke@@@0;.?AVCAce6EffectGeneratorGunSmoke@ACE6@@@0;.?AVCAce6EffectGenerator@ACE6@@@0;.?AVCAce6SortPoint@ACE6@@@0	.?AVCEffectGeneratorGunSmoke@@
0x82058854	CEffectGeneratorBurnerLid	.?AVCEffectGeneratorBurnerLid@@@0;.?AVCAce6EffectGeneratorBurnerLid@ACE6@@@0;.?AVCAce6EffectGenerator@ACE6@@@0;.?AVCAce6SortPoint@ACE6@@@0	.?AVCEffectGeneratorBurnerLid@@
0x820588fc	CEffectGeneratorAfterBurner	.?AVCEffectGeneratorAfterBurner@@@0;.?AVCAce6EffectGeneratorAfterBurner@ACE6@@@0;.?AVCAce6EffectGenerator@ACE6@@@0;.?AVCAce6SortPoint@ACE6@@@0	.?AVCEffectGeneratorAfterBurner@@
0x820589a4	CEffectGeneratorLineVapor	.?AVCEffectGeneratorLineVapor@@@0;.?AVCAce6EffectGeneratorLineVapor@ACE6@@@0;.?AVCAce6EffectGenerator@ACE6@@@0;.?AVCAce6SortPoint@ACE6@@@0	.?AVCEffectGeneratorLineVapor@@
0x82058a4c	CEffectGeneratorShoulderVapor	.?AVCEffectGeneratorShoulderVapor@@@0;.?AVCAce6EffectGeneratorShoulderVapor@ACE6@@@0;.?AVCAce6EffectGenerator@ACE6@@@0;.?AVCAce6SortPoint@ACE6@@@0	.?AVCEffectGeneratorShoulderVapor@@
0x82058afc	CEffectGeneratorExplosion	.?AVCEffectGeneratorExplosion@@@0;.?AVCAce6EffectGeneratorExplosion@ACE6@@@0;.?AVCAce6EffectGenerator@ACE6@@@0;.?AVCAce6SortPoint@ACE6@@@0	.?AVCEffectGeneratorExplosion@@
0x82058ba4	CEffectGeneratorRadialBlur	.?AVCEffectGeneratorRadialBlur@@@0;.?AVCAce6EffectGeneratorRadialBlur@ACE6@@@0;.?AVCAce6EffectGenerator@ACE6@@@0;.?AVCAce6SortPoint@ACE6@@@0	.?AVCEffectGeneratorRadialBlur@@
0x82058c4c	CEffectGeneratorFlash	.?AVCEffectGeneratorFlash@@@0;.?AVCAce6EffectGeneratorFlash@ACE6@@@0;.?AVCAce6EffectGenerator@ACE6@@@0;.?AVCAce6SortPoint@ACE6@@@0	.?AVCEffectGeneratorFlash@@
0x82058cfc	CEffectGeneratorImpactShockWave	.?AVCEffectGeneratorImpactShockWave@@@0;.?AVCAce6EffectGeneratorImpactShockWave@ACE6@@@0;.?AVCAce6EffectGenerator@ACE6@@@0;.?AVCAce6SortPoint@ACE6@@@0	.?AVCEffectGeneratorImpactShockWave@@
0x82058da4	CEffectGeneratorImpactSmoke	.?AVCEffectGeneratorImpactSmoke@@@0;.?AVCAce6EffectGeneratorImpactSmoke@ACE6@@@0;.?AVCAce6EffectGenerator@ACE6@@@0;.?AVCAce6SortPoint@ACE6@@@0	.?AVCEffectGeneratorImpactSmoke@@
0x82058e4c	CEffectGeneratorImpactSand	.?AVCEffectGeneratorImpactSand@@@0;.?AVCAce6EffectGeneratorImpactSand@ACE6@@@0;.?AVCAce6EffectGenerator@ACE6@@@0;.?AVCAce6SortPoint@ACE6@@@0	.?AVCEffectGeneratorImpactSand@@
0x82058ef4	CEffectGeneratorBullet	.?AVCEffectGeneratorBullet@@@0;.?AVCAce6EffectGeneratorBullet@ACE6@@@0;.?AVCAce6EffectGenerator@ACE6@@@0;.?AVCAce6SortPoint@ACE6@@@0	.?AVCEffectGeneratorBullet@@
0x82058f9c	CEffectGeneratorMissileSmoke	.?AVCEffectGeneratorMissileSmoke@@@0;.?AVCAce6EffectGeneratorMissileSmoke@ACE6@@@0;.?AVCAce6EffectGenerator@ACE6@@@0;.?AVCAce6SortPoint@ACE6@@@0	.?AVCEffectGeneratorMissileSmoke@@
0x8205904c	CEffectGeneratorSplinter	.?AVCEffectGeneratorSplinter@@@0;.?AVCAce6EffectGeneratorSplinter@ACE6@@@0;.?AVCAce6EffectGenerator@ACE6@@@0;.?AVCAce6SortPoint@ACE6@@@0	.?AVCEffectGeneratorSplinter@@
0x820590f4	CEffectGeneratorMapLightSprite	.?AVCEffectGeneratorMapLightSprite@@@0;.?AVCAce6EffectGeneratorMapLightSprite@ACE6@@@0;.?AVCAce6EffectGenerator@ACE6@@@0;.?AVCAce6SortPoint@ACE6@@@0	.?AVCEffectGeneratorMapLightSprite@@
0x820591a4	CEffectGeneratorRain	.?AVCEffectGeneratorRain@@@0;.?AVCAce6EffectGeneratorRain@ACE6@@@0;.?AVCAce6EffectGenerator@ACE6@@@0;.?AVCAce6SortPoint@ACE6@@@0	.?AVCEffectGeneratorRain@@
0x8205924c	CEffectGeneratorSnow	.?AVCEffectGeneratorSnow@@@0;.?AVCAce6EffectGeneratorSnow@ACE6@@@0;.?AVCAce6EffectGenerator@ACE6@@@0;.?AVCAce6SortPoint@ACE6@@@0	.?AVCEffectGeneratorSnow@@
0x820592f4	CEffectGeneratorSearchLight	.?AVCEffectGeneratorSearchLight@@@0;.?AVCAce6EffectGeneratorSearchLight@ACE6@@@0;.?AVCAce6EffectGenerator@ACE6@@@0;.?AVCAce6SortPoint@ACE6@@@0	.?AVCEffectGeneratorSearchLight@@
0x8205939c	CEffectGeneratorLightShaft	.?AVCEffectGeneratorLightShaft@@@0;.?AVCAce6EffectGeneratorLightShaft@ACE6@@@0;.?AVCAce6EffectGenerator@ACE6@@@0;.?AVCAce6SortPoint@ACE6@@@0	.?AVCEffectGeneratorLightShaft@@
0x8205944c	CEffectGeneratorRisingSmoke	.?AVCEffectGeneratorRisingSmoke@@@0;.?AVCAce6EffectGeneratorRisingSmoke@ACE6@@@0;.?AVCAce6EffectGenerator@ACE6@@@0;.?AVCAce6SortPoint@ACE6@@@0	.?AVCEffectGeneratorRisingSmoke@@
0x820594f4	CEffectGeneratorTrack	.?AVCEffectGeneratorTrack@@@0;.?AVCAce6EffectGeneratorTrack@ACE6@@@0;.?AVCAce6EffectGenerator@ACE6@@@0;.?AVCAce6SortPoint@ACE6@@@0	.?AVCEffectGeneratorTrack@@
0x8205959c	CEffectGeneratorStrakeVapor	.?AVCEffectGeneratorStrakeVapor@@@0;.?AVCAce6EffectGeneratorStrakeVapor@ACE6@@@0;.?AVCAce6EffectGenerator@ACE6@@@0;.?AVCAce6SortPoint@ACE6@@@0	.?AVCEffectGeneratorStrakeVapor@@
0x82059644	CEffectGeneratorAccomBulletRandom	.?AVCEffectGeneratorAccomBulletRandom@@@0;.?AVCAce6EffectGeneratorAccomBulletRandom@ACE6@@@0;.?AVCAce6EffectGenerator@ACE6@@@0;.?AVCAce6SortPoint@ACE6@@@0	.?AVCEffectGeneratorAccomBulletRandom@@
0x820596f4	CEffectGeneratorNPCLineVapor	.?AVCEffectGeneratorNPCLineVapor@@@0;.?AVCAce6EffectGeneratorNPCLineVapor@ACE6@@@0;.?AVCAce6EffectGenerator@ACE6@@@0;.?AVCAce6SortPoint@ACE6@@@0	.?AVCEffectGeneratorNPCLineVapor@@
0x820597a4	CEffectGeneratorTankSmoke	.?AVCEffectGeneratorTankSmoke@@@0;.?AVCAce6EffectGeneratorTankSmoke@ACE6@@@0;.?AVCAce6EffectGenerator@ACE6@@@0;.?AVCAce6SortPoint@ACE6@@@0	.?AVCEffectGeneratorTankSmoke@@
0x82059854	CEffectGeneratorSpark	.?AVCEffectGeneratorSpark@@@0;.?AVCAce6EffectGeneratorSpark@ACE6@@@0;.?AVCAce6EffectGenerator@ACE6@@@0;.?AVCAce6SortPoint@ACE6@@@0	.?AVCEffectGeneratorSpark@@
0x820598fc	CEffectGeneratorUnitObjCloud	.?AVCEffectGeneratorUnitObjCloud@@@0;.?AVCAce6EffectGeneratorUnitObjCloud@ACE6@@@0;.?AVCAce6EffectGenerator@ACE6@@@0;.?AVCAce6SortPoint@ACE6@@@0	.?AVCEffectGeneratorUnitObjCloud@@
0x820599a4	CEffectGeneratorAir	.?AVCEffectGeneratorAir@@@0;.?AVCAce6EffectGeneratorAir@ACE6@@@0;.?AVCAce6EffectGenerator@ACE6@@@0;.?AVCAce6SortPoint@ACE6@@@0	.?AVCEffectGeneratorAir@@
0x82059a4c	CEffectGeneratorSimpleExplosion	.?AVCEffectGeneratorSimpleExplosion@@@0;.?AVCAce6EffectGeneratorSimpleExplosion@ACE6@@@0;.?AVCAce6EffectGenerator@ACE6@@@0;.?AVCAce6SortPoint@ACE6@@@0	.?AVCEffectGeneratorSimpleExplosion@@
0x82059af4	CEffectGeneratorFlare	.?AVCEffectGeneratorFlare@@@0;.?AVCAce6EffectGeneratorFlare@ACE6@@@0;.?AVCAce6EffectGenerator@ACE6@@@0;.?AVCAce6SortPoint@ACE6@@@0	.?AVCEffectGeneratorFlare@@
0x82059b9c	CEffectGeneratorFlakgun	.?AVCEffectGeneratorFlakgun@@@0;.?AVCAce6EffectGeneratorFlakgun@ACE6@@@0;.?AVCAce6EffectGenerator@ACE6@@@0;.?AVCAce6SortPoint@ACE6@@@0	.?AVCEffectGeneratorFlakgun@@
0x82059c44	CEffectGeneratorNimbusRing	.?AVCEffectGeneratorNimbusRing@@@0;.?AVCAce6EffectGeneratorNimbusRing@ACE6@@@0;.?AVCAce6EffectGenerator@ACE6@@@0;.?AVCAce6SortPoint@ACE6@@@0	.?AVCEffectGeneratorNimbusRing@@
0x82059cec	CEffectGeneratorEMLMuzzleFlash	.?AVCEffectGeneratorEMLMuzzleFlash@@@0;.?AVCAce6EffectGeneratorEMLMuzzleFlash@ACE6@@@0;.?AVCAce6EffectGenerator@ACE6@@@0;.?AVCAce6SortPoint@ACE6@@@0	.?AVCEffectGeneratorEMLMuzzleFlash@@
0x82059d94	CEffectGeneratorFireworks	.?AVCEffectGeneratorFireworks@@@0;.?AVCAce6EffectGeneratorFireworks@ACE6@@@0;.?AVCAce6EffectGenerator@ACE6@@@0;.?AVCAce6SortPoint@ACE6@@@0	.?AVCEffectGeneratorFireworks@@
0x82059e3c	CEffectGeneratorADMMBullet	.?AVCEffectGeneratorADMMBullet@@@0;.?AVCAce6EffectGeneratorADMMBullet@ACE6@@@0;.?AVCAce6EffectGenerator@ACE6@@@0;.?AVCAce6SortPoint@ACE6@@@0	.?AVCEffectGeneratorADMMBullet@@
0x82059eec	CEffectGeneratorADMMMuzzleFlash	.?AVCEffectGeneratorADMMMuzzleFlash@@@0;.?AVCAce6EffectGeneratorADMMMuzzleFlash@ACE6@@@0;.?AVCAce6EffectGenerator@ACE6@@@0;.?AVCAce6SortPoint@ACE6@@@0	.?AVCEffectGeneratorADMMMuzzleFlash@@
0x82059f94	CEffectGeneratorRocketLauncher	.?AVCEffectGeneratorRocketLauncher@@@0;.?AVCAce6EffectGeneratorRocketLauncher@ACE6@@@0;.?AVCAce6EffectGenerator@ACE6@@@0;.?AVCAce6SortPoint@ACE6@@@0	.?AVCEffectGeneratorRocketLauncher@@
0x8205a03c	CEffectGeneratorOnlineRCL	.?AVCEffectGeneratorOnlineRCL@@@0;.?AVCAce6EffectGeneratorOnlineRCL@ACE6@@@0;.?AVCAce6EffectGenerator@ACE6@@@0;.?AVCAce6SortPoint@ACE6@@@0	.?AVCEffectGeneratorOnlineRCL@@
0x8205a150	swg::Callback	.?AVCallback@swg@@@0	.?AVCallback@swg@@
0x8205a18c	CSwgCallback	.?AVCSwgCallback@@@0;.?AVCallback@swg@@@0	.?AVCSwgCallback@@
0x8205a1cc	CSwgListener	.?AVCSwgListener@@@0	.?AVCSwgListener@@
0x8205a6e0	swg::MovieMemoryBase	.?AVMovieMemoryBase@swg@@@0	.?AVMovieMemoryBase@swg@@
0x8205a718	swg::MemoryBase	.?AVMemoryBase@swg@@@0	.?AVMemoryBase@swg@@
0x8205a74c	swg::VariableBase	.?AVVariableBase@swg@@@0	.?AVVariableBase@swg@@
0x8205a76c	swg::ASContextBase	.?AVASContextBase@swg@@@0	.?AVASContextBase@swg@@
0x8205a8b8	CSwgManager	.?AVCSwgManager@@@0	.?AVCSwgManager@@
0x8205a8ec		.?AV?$Memory@V?$lwallocator@E$0A@$0EA@@stx@@@swg@@@0;.?AVMemoryBase@swg@@@0	.?AV?$Memory@V?$lwallocator@E$0A@$0EA@@stx@@@swg@@
0x8205a924		.?AV?$CSwgASContext@V?$lwallocator@E$0A@$0EA@@stx@@@swg@@@0;.?AV?$ASContext@V?$lwallocator@E$0A@$0EA@@stx@@@swg@@@0;.?AVASContextBase@swg@@@0	.?AV?$CSwgASContext@V?$lwallocator@E$0A@$0EA@@stx@@@swg@@
0x8205aa74		.?AV?$ASContext@V?$lwallocator@E$0A@$0EA@@stx@@@swg@@@0;.?AVASContextBase@swg@@@0	.?AV?$ASContext@V?$lwallocator@E$0A@$0EA@@stx@@@swg@@
0x8205abc4		.?AVSObject@?$ASContext@V?$lwallocator@E$0A@$0EA@@stx@@@swg@@@0;.?AVVariable@?$ASContext@V?$lwallocator@E$0A@$0EA@@stx@@@swg@@@0;.?AVVariableBase@swg@@@0	.?AVSObject@?$ASContext@V?$lwallocator@E$0A@$0EA@@stx@@@swg@@
0x8205ac74		.?AVPropertyHandler@?$ASContext@V?$lwallocator@E$0A@$0EA@@stx@@@swg@@@0;.?AVSObject@?$ASContext@V?$lwallocator@E$0A@$0EA@@stx@@@swg@@@0;.?AVVariable@?$ASContext@V?$lwallocator@E$0A@$0EA@@stx@@@swg@@@0;.?AVVariableBase@swg@@@0	.?AVPropertyHandler@?$ASContext@V?$lwallocator@E$0A@$0EA@@stx@@@swg@@
0x8205ad3c		.?AVStackPosValue@?$ASContext@V?$lwallocator@E$0A@$0EA@@stx@@@swg@@@0;.?AVVariable@?$ASContext@V?$lwallocator@E$0A@$0EA@@stx@@@swg@@@0;.?AVVariableBase@swg@@@0	.?AVStackPosValue@?$ASContext@V?$lwallocator@E$0A@$0EA@@stx@@@swg@@
0x8205ade4		.?AVTargetListValue@?$ASContext@V?$lwallocator@E$0A@$0EA@@stx@@@swg@@@0;.?AVVariable@?$ASContext@V?$lwallocator@E$0A@$0EA@@stx@@@swg@@@0;.?AVVariableBase@swg@@@0	.?AVTargetListValue@?$ASContext@V?$lwallocator@E$0A@$0EA@@stx@@@swg@@
0x8205ae8c		.?AVNull@?$ASContext@V?$lwallocator@E$0A@$0EA@@stx@@@swg@@@0;.?AVVariable@?$ASContext@V?$lwallocator@E$0A@$0EA@@stx@@@swg@@@0;.?AVVariableBase@swg@@@0	.?AVNull@?$ASContext@V?$lwallocator@E$0A@$0EA@@stx@@@swg@@
0x8205af34		.?AVUndefined@?$ASContext@V?$lwallocator@E$0A@$0EA@@stx@@@swg@@@0;.?AVVariable@?$ASContext@V?$lwallocator@E$0A@$0EA@@stx@@@swg@@@0;.?AVVariableBase@swg@@@0	.?AVUndefined@?$ASContext@V?$lwallocator@E$0A@$0EA@@stx@@@swg@@
0x8205afdc		.?AVBoolean@?$ASContext@V?$lwallocator@E$0A@$0EA@@stx@@@swg@@@0;.?AVVariable@?$ASContext@V?$lwallocator@E$0A@$0EA@@stx@@@swg@@@0;.?AVVariableBase@swg@@@0	.?AVBoolean@?$ASContext@V?$lwallocator@E$0A@$0EA@@stx@@@swg@@
0x8205b084		.?AVInteger@?$ASContext@V?$lwallocator@E$0A@$0EA@@stx@@@swg@@@0;.?AVVariable@?$ASContext@V?$lwallocator@E$0A@$0EA@@stx@@@swg@@@0;.?AVVariableBase@swg@@@0	.?AVInteger@?$ASContext@V?$lwallocator@E$0A@$0EA@@stx@@@swg@@
0x8205b12c		.?AVFloat@?$ASContext@V?$lwallocator@E$0A@$0EA@@stx@@@swg@@@0;.?AVVariable@?$ASContext@V?$lwallocator@E$0A@$0EA@@stx@@@swg@@@0;.?AVVariableBase@swg@@@0	.?AVFloat@?$ASContext@V?$lwallocator@E$0A@$0EA@@stx@@@swg@@
0x8205b1d4		.?AVString@?$ASContext@V?$lwallocator@E$0A@$0EA@@stx@@@swg@@@0;.?AVVariable@?$ASContext@V?$lwallocator@E$0A@$0EA@@stx@@@swg@@@0;.?AVVariableBase@swg@@@0	.?AVString@?$ASContext@V?$lwallocator@E$0A@$0EA@@stx@@@swg@@
0x8205b27c		.?AVArray@?$ASContext@V?$lwallocator@E$0A@$0EA@@stx@@@swg@@@0;.?AVSObject@?$ASContext@V?$lwallocator@E$0A@$0EA@@stx@@@swg@@@0;.?AVVariable@?$ASContext@V?$lwallocator@E$0A@$0EA@@stx@@@swg@@@0;.?AVVariableBase@swg@@@0	.?AVArray@?$ASContext@V?$lwallocator@E$0A@$0EA@@stx@@@swg@@
0x8205b32c		.?AVMovieClip@?$ASContext@V?$lwallocator@E$0A@$0EA@@stx@@@swg@@@0;.?AVSObject@?$ASContext@V?$lwallocator@E$0A@$0EA@@stx@@@swg@@@0;.?AVVariable@?$ASContext@V?$lwallocator@E$0A@$0EA@@stx@@@swg@@@0;.?AVVariableBase@swg@@@0	.?AVMovieClip@?$ASContext@V?$lwallocator@E$0A@$0EA@@stx@@@swg@@
0x8205b3dc		.?AVSoundObject@?$ASContext@V?$lwallocator@E$0A@$0EA@@stx@@@swg@@@0;.?AVSObject@?$ASContext@V?$lwallocator@E$0A@$0EA@@stx@@@swg@@@0;.?AVVariable@?$ASContext@V?$lwallocator@E$0A@$0EA@@stx@@@swg@@@0;.?AVVariableBase@swg@@@0	.?AVSoundObject@?$ASContext@V?$lwallocator@E$0A@$0EA@@stx@@@swg@@
0x8205b48c		.?AVFunction@?$ASContext@V?$lwallocator@E$0A@$0EA@@stx@@@swg@@@0;.?AVSObject@?$ASContext@V?$lwallocator@E$0A@$0EA@@stx@@@swg@@@0;.?AVVariable@?$ASContext@V?$lwallocator@E$0A@$0EA@@stx@@@swg@@@0;.?AVVariableBase@swg@@@0	.?AVFunction@?$ASContext@V?$lwallocator@E$0A@$0EA@@stx@@@swg@@
0x8205b53c		.?AVMathHandler@?$ASContext@V?$lwallocator@E$0A@$0EA@@stx@@@swg@@@0;.?AVPropertyHandler@?$ASContext@V?$lwallocator@E$0A@$0EA@@stx@@@swg@@@0;.?AVSObject@?$ASContext@V?$lwallocator@E$0A@$0EA@@stx@@@swg@@@0;.?AVVariable@?$ASContext@V?$lwallocator@E$0A@$0EA@@stx@@@swg@@@0;.?AVVariableBase@swg@@@0	.?AVMathHandler@?$ASContext@V?$lwallocator@E$0A@$0EA@@stx@@@swg@@
0x8205b604		.?AVKeyHandler@?$ASContext@V?$lwallocator@E$0A@$0EA@@stx@@@swg@@@0;.?AVPropertyHandler@?$ASContext@V?$lwallocator@E$0A@$0EA@@stx@@@swg@@@0;.?AVSObject@?$ASContext@V?$lwallocator@E$0A@$0EA@@stx@@@swg@@@0;.?AVVariable@?$ASContext@V?$lwallocator@E$0A@$0EA@@stx@@@swg@@@0;.?AVVariableBase@swg@@@0	.?AVKeyHandler@?$ASContext@V?$lwallocator@E$0A@$0EA@@stx@@@swg@@
0x8205b6cc		.?AVMovieClipHandler@?$ASContext@V?$lwallocator@E$0A@$0EA@@stx@@@swg@@@0;.?AVPropertyHandler@?$ASContext@V?$lwallocator@E$0A@$0EA@@stx@@@swg@@@0;.?AVSObject@?$ASContext@V?$lwallocator@E$0A@$0EA@@stx@@@swg@@@0;.?AVVariable@?$ASContext@V?$lwallocator@E$0A@$0EA@@stx@@@swg@@@0;.?AVVariableBase@swg@@@0	.?AVMovieClipHandler@?$ASContext@V?$lwallocator@E$0A@$0EA@@stx@@@swg@@
0x8205b794		.?AVSoundObjectHandler@?$ASContext@V?$lwallocator@E$0A@$0EA@@stx@@@swg@@@0;.?AVPropertyHandler@?$ASContext@V?$lwallocator@E$0A@$0EA@@stx@@@swg@@@0;.?AVSObject@?$ASContext@V?$lwallocator@E$0A@$0EA@@stx@@@swg@@@0;.?AVVariable@?$ASContext@V?$lwallocator@E$0A@$0EA@@stx@@@swg@@@0;.?AVVariableBase@swg@@@0	.?AVSoundObjectHandler@?$ASContext@V?$lwallocator@E$0A@$0EA@@stx@@@swg@@
0x8205b85c		.?AVCSwgHandler@?$CSwgASContext@V?$lwallocator@E$0A@$0EA@@stx@@@swg@@@0;.?AVPropertyHandler@?$ASContext@V?$lwallocator@E$0A@$0EA@@stx@@@swg@@@0;.?AVSObject@?$ASContext@V?$lwallocator@E$0A@$0EA@@stx@@@swg@@@0;.?AVVariable@?$ASContext@V?$lwallocator@E$0A@$0EA@@stx@@@swg@@@0;.?AVVariableBase@swg@@@0	.?AVCSwgHandler@?$CSwgASContext@V?$lwallocator@E$0A@$0EA@@stx@@@swg@@
0x8205b920		.?AV?$MovieMemory@V?$lwallocator@E$0A@$0EA@@stx@@@swg@@@0;.?AVMovieMemoryBase@swg@@@0	.?AV?$MovieMemory@V?$lwallocator@E$0A@$0EA@@stx@@@swg@@
0x8205bca8	swg::Renderer	.?AVRenderer@swg@@@0	.?AVRenderer@swg@@
0x8205bcdc	CSwgRenderer	.?AVCSwgRenderer@@@0;.?AVRenderer@swg@@@0	.?AVCSwgRenderer@@
0x8205bd2c	CSwgSound	.?AVCSwgSound@@@0	.?AVCSwgSound@@
0x8205bd50	CHwObject	.?AVCHwObject@@@0	.?AVCHwObject@@
0x8205bd64	CHwObjectFVF	.?AVCHwObjectFVF@@@0;.?AVCHwObject@@@0	.?AVCHwObjectFVF@@
0x8205c82c	ACE6::CAce6MapManager	.?AVCAce6MapManager@ACE6@@@0	.?AVCAce6MapManager@ACE6@@
0x8205c974	ACE6::CAce6Vignetting	.?AVCAce6Vignetting@ACE6@@@0;.?AVCAce6PostEffectBase@ACE6@@@0	.?AVCAce6Vignetting@ACE6@@
0x8205c980	ACE6::CAce6Sun	.?AVCAce6Sun@ACE6@@@0;.?AVCAce6PostEffectBase@ACE6@@@0	.?AVCAce6Sun@ACE6@@
0x8205c98c	ACE6::CAce6LensFlare	.?AVCAce6LensFlare@ACE6@@@0;.?AVCAce6PostEffectBase@ACE6@@@0	.?AVCAce6LensFlare@ACE6@@
0x8205c998	ACE6::CAce6ToneCorrection	.?AVCAce6ToneCorrection@ACE6@@@0;.?AVCAce6PostEffectBase@ACE6@@@0	.?AVCAce6ToneCorrection@ACE6@@
0x8205c9a4	CMapManager	.?AVCMapManager@@@0;.?AVCAce6MapManager@ACE6@@@0	.?AVCMapManager@@
0x8205caec	CSkySphere	.?AVCSkySphere@@@0	.?AVCSkySphere@@
0x8205cc24	CTreeGenerator	.?AVCTreeGenerator@@@0;.?AVCAce6TreeGenerator@ACE6@@@0;.?AVCAce6GeneralTunerBase@ACE6@@@0	.?AVCTreeGenerator@@
0x8205cc7c	CTreeManager	.?AVCTreeManager@@@0;.?AVCAce6TreeManager@ACE6@@@0;.?AVCAce6GeneralTunerBase@ACE6@@@0	.?AVCTreeManager@@
0x8205cd54	ACE6::CAce6Motion	.?AVCAce6Motion@ACE6@@@0	.?AVCAce6Motion@ACE6@@
0x8205cd90	CX360Motion	.?AVCX360Motion@@@0;.?AVCAce6Motion@ACE6@@@0	.?AVCX360Motion@@
0x8205cdcc	CX360MotionGyz	.?AVCX360MotionGyz@@@0;.?AVCAce6MotionGyz@ACE6@@@0	.?AVCX360MotionGyz@@
0x8205cdfc	ACE6::CAce6MotionRequestManager	.?AVCAce6MotionRequestManager@ACE6@@@0	.?AVCAce6MotionRequestManager@ACE6@@
0x8205ce30	CX360MotionRequestManage	.?AVCX360MotionRequestManage@@@0;.?AVCAce6MotionRequestManager@ACE6@@@0	.?AVCX360MotionRequestManage@@
0x8205cf1c	CX360Noise	.?AVCX360Noise@@@0;.?AVCAce6Noise@ACE6@@@0;.?AVCAce6PostEffectBase@ACE6@@@0	.?AVCX360Noise@@
0x8205cf48	CX360PostEffectBase	.?AVCX360PostEffectBase@@@0	.?AVCX360PostEffectBase@@
0x8205cf50	CX360DOF	.?AVCX360DOF@@@0;.?AVCX360PostEffectBase@@@0	.?AVCX360DOF@@
0x8205cf58	CX360Fade	.?AVCX360Fade@@@0;.?AVCX360PostEffectBase@@@0	.?AVCX360Fade@@
0x8205cf60	CX360ChromaticAberration	.?AVCX360ChromaticAberration@@@0;.?AVCX360PostEffectBase@@@0	.?AVCX360ChromaticAberration@@
0x8205cf68	CX360ToneCorrectionVignetting	.?AVCX360ToneCorrectionVignetting@@@0;.?AVCX360PostEffectBase@@@0	.?AVCX360ToneCorrectionVignetting@@
0x8205cf70	CX360HDR	.?AVCX360HDR@@@0;.?AVCX360PostEffectBase@@@0	.?AVCX360HDR@@
0x8205cf78	CX360PostEffectRenderer	.?AVCX360PostEffectRenderer@@@0	.?AVCX360PostEffectRenderer@@
0x8205d054	ACE6::CAce6Sound	.?AVCAce6Sound@ACE6@@@0	.?AVCAce6Sound@ACE6@@
0x8205d234	CNuSound	.?AVCNuSound@@@0;.?AVCAce6Sound@ACE6@@@0	.?AVCNuSound@@
0x8205d418	CDemoAllocator	.?AVCDemoAllocator@@@0	.?AVCDemoAllocator@@
0x8205d44c	ACE6::CMotion	.?AVCMotion@ACE6@@@0	.?AVCMotion@ACE6@@
0x8205d45c	ACE6::IModelInfo	.?AVIModelInfo@ACE6@@@0	.?AVIModelInfo@ACE6@@
0x8205d464	ACE6::CAce6ObjAnimation	.?AVCAce6ObjAnimation@ACE6@@@0	.?AVCAce6ObjAnimation@ACE6@@
0x8205d474	ACE6::CAce6DOF	.?AVCAce6DOF@ACE6@@@0;.?AVCAce6PostEffectBase@ACE6@@@0	.?AVCAce6DOF@ACE6@@
0x8205d480	ACE6::CAce6ChromaticAberration	.?AVCAce6ChromaticAberration@ACE6@@@0;.?AVCAce6PostEffectBase@ACE6@@@0	.?AVCAce6ChromaticAberration@ACE6@@
0x8205d48c	ACE6::CAce6FullSceneNoise	.?AVCAce6FullSceneNoise@ACE6@@@0;.?AVCAce6PostEffectBase@ACE6@@@0	.?AVCAce6FullSceneNoise@ACE6@@
0x8205d498	CDemoInstanceBase	.?AVCDemoInstanceBase@@@0	.?AVCDemoInstanceBase@@
0x8205d4a4	CDemoModelBase	.?AVCDemoModelBase@@@0;.?AVCDemoInstanceBase@@@0	.?AVCDemoModelBase@@
0x8205d4b0	CDemoSkinModel	.?AVCDemoSkinModel@@@0;.?AVCDemoModelBase@@@0;.?AVCDemoInstanceBase@@@0	.?AVCDemoSkinModel@@
0x8205d4bc	CDemoRigidModel	.?AVCDemoRigidModel@@@0;.?AVCDemoModelBase@@@0;.?AVCDemoInstanceBase@@@0	.?AVCDemoRigidModel@@
0x8205d4c8	CDemoAnimRigidModel	.?AVCDemoAnimRigidModel@@@0;.?AVCDemoModelBase@@@0;.?AVCDemoInstanceBase@@@0	.?AVCDemoAnimRigidModel@@
0x8205d4d4	CDemoShRigidModel	.?AVCDemoShRigidModel@@@0;.?AVCDemoModelBase@@@0;.?AVCDemoInstanceBase@@@0	.?AVCDemoShRigidModel@@
0x8205d4e0	CDemoMoveCamera	.?AVCDemoMoveCamera@@@0;.?AVCDemoInstanceBase@@@0	.?AVCDemoMoveCamera@@
0x8205d4ec	CDemoMoveRZCamera	.?AVCDemoMoveRZCamera@@@0;.?AVCDemoMoveCamera@@@0;.?AVCDemoInstanceBase@@@0	.?AVCDemoMoveRZCamera@@
0x8205d4f8	CDemoDirectionalLight	.?AVCDemoDirectionalLight@@@0;.?AVCDemoInstanceBase@@@0	.?AVCDemoDirectionalLight@@
0x8205d504	CDemoPointLight	.?AVCDemoPointLight@@@0;.?AVCDemoInstanceBase@@@0	.?AVCDemoPointLight@@
0x8205d510	CDemoAmbientLight	.?AVCDemoAmbientLight@@@0;.?AVCDemoInstanceBase@@@0	.?AVCDemoAmbientLight@@
0x8205d51c	CDemoFog	.?AVCDemoFog@@@0;.?AVCDemoInstanceBase@@@0	.?AVCDemoFog@@
0x8205d528	CDemoDensityFog	.?AVCDemoDensityFog@@@0;.?AVCDemoInstanceBase@@@0	.?AVCDemoDensityFog@@
0x8205d534	CDemoIBL	.?AVCDemoIBL@@@0;.?AVCDemoInstanceBase@@@0	.?AVCDemoIBL@@
0x8205d544	ACE6::CAce6ArmsNPCAccom	.?AVCAce6ArmsNPCAccom@ACE6@@@0;.?AVCAce6Arms@ACE6@@@0;.?AVCGaObj@galib@@@0	.?AVCAce6ArmsNPCAccom@ACE6@@
0x8205d5cc	ACE6::CAce6ArmsDemoAccom	.?AVCAce6ArmsDemoAccom@ACE6@@@0;.?AVCAce6ArmsNPCAccom@ACE6@@@0;.?AVCAce6Arms@ACE6@@@0;.?AVCGaObj@galib@@@0	.?AVCAce6ArmsDemoAccom@ACE6@@
0x8205d654	CDemoEffectBase	.?AVCDemoEffectBase@@@0;.?AVCDemoInstanceBase@@@0	.?AVCDemoEffectBase@@
0x8205d660	CDemoMoveEffect	.?AVCDemoMoveEffect@@@0;.?AVCDemoEffectBase@@@0;.?AVCDemoInstanceBase@@@0	.?AVCDemoMoveEffect@@
0x8205d66c	CDemoEffectGun	.?AVCDemoEffectGun@@@0;.?AVCDemoEffectBase@@@0;.?AVCDemoInstanceBase@@@0	.?AVCDemoEffectGun@@
0x8205d678	CDemoEffSetLight	.?AVCDemoEffSetLight@@@0;.?AVCDemoEffectBase@@@0;.?AVCDemoInstanceBase@@@0	.?AVCDemoEffSetLight@@
0x8205d684	CDemoPostEffFade	.?AVCDemoPostEffFade@@@0;.?AVCDemoInstanceBase@@@0	.?AVCDemoPostEffFade@@
0x8205d690	CDemoPostEffDOF	.?AVCDemoPostEffDOF@@@0;.?AVCDemoInstanceBase@@@0	.?AVCDemoPostEffDOF@@
0x8205d69c	CDemoPostEffVignetting	.?AVCDemoPostEffVignetting@@@0;.?AVCDemoInstanceBase@@@0	.?AVCDemoPostEffVignetting@@
0x8205d6a8	CDemoPostEffChromaticAberration	.?AVCDemoPostEffChromaticAberration@@@0;.?AVCDemoInstanceBase@@@0	.?AVCDemoPostEffChromaticAberration@@
0x8205d6b4	CDemoPostEffHDR	.?AVCDemoPostEffHDR@@@0;.?AVCDemoInstanceBase@@@0	.?AVCDemoPostEffHDR@@
0x8205d6c0	CDemoPostEffSun	.?AVCDemoPostEffSun@@@0;.?AVCDemoInstanceBase@@@0	.?AVCDemoPostEffSun@@
0x8205d6cc	CDemoPostEffFullSceneNoise	.?AVCDemoPostEffFullSceneNoise@@@0;.?AVCDemoInstanceBase@@@0	.?AVCDemoPostEffFullSceneNoise@@
0x8205d6d8	CDemoPostEffToneCorrection	.?AVCDemoPostEffToneCorrection@@@0;.?AVCDemoInstanceBase@@@0	.?AVCDemoPostEffToneCorrection@@
0x8205d6e4	CDemoPostEffMotionBlur	.?AVCDemoPostEffMotionBlur@@@0;.?AVCDemoInstanceBase@@@0	.?AVCDemoPostEffMotionBlur@@
0x8205d6f0	CDemoHiResEffect	.?AVCDemoHiResEffect@@@0;.?AVCDemoInstanceBase@@@0	.?AVCDemoHiResEffect@@
0x8205d6fc	CDemoZRange	.?AVCDemoZRange@@@0;.?AVCDemoInstanceBase@@@0	.?AVCDemoZRange@@
0x8205d708	CDemoAlphaRef	.?AVCDemoAlphaRef@@@0;.?AVCDemoInstanceBase@@@0	.?AVCDemoAlphaRef@@
0x8205d714	CDemoDDCloud	.?AVCDemoDDCloud@@@0;.?AVCDemoInstanceBase@@@0	.?AVCDemoDDCloud@@
0x8205d720	CDemoDDTree	.?AVCDemoDDTree@@@0;.?AVCDemoInstanceBase@@@0	.?AVCDemoDDTree@@
0x8205d72c	CDemoDDWeather	.?AVCDemoDDWeather@@@0;.?AVCDemoInstanceBase@@@0	.?AVCDemoDDWeather@@
0x8205d738	CDemoDDSettings	.?AVCDemoDDSettings@@@0;.?AVCDemoInstanceBase@@@0	.?AVCDemoDDSettings@@
0x8205d744	CDemoDDPlayer	.?AVCDemoDDPlayer@@@0;.?AVCDemoDDObjectBase@@@0;.?AVCDemoInstanceBase@@@0	.?AVCDemoDDPlayer@@
0x8205d750	CDemoDDWingman	.?AVCDemoDDWingman@@@0;.?AVCDemoDDObjectBase@@@0;.?AVCDemoInstanceBase@@@0	.?AVCDemoDDWingman@@
0x8205d75c	CDemoDDLod	.?AVCDemoDDLod@@@0;.?AVCDemoDDObjectBase@@@0;.?AVCDemoInstanceBase@@@0	.?AVCDemoDDLod@@
0x8205d768	CDemoDDLodR	.?AVCDemoDDLodR@@@0;.?AVCDemoDDObjectBase@@@0;.?AVCDemoInstanceBase@@@0	.?AVCDemoDDLodR@@
0x8205d774	CDemoDDMapObj	.?AVCDemoDDMapObj@@@0;.?AVCDemoDDObjectBase@@@0;.?AVCDemoInstanceBase@@@0	.?AVCDemoDDMapObj@@
0x8205d780	CDemoDDContainer	.?AVCDemoDDContainer@@@0;.?AVCDemoInstanceBase@@@0	.?AVCDemoDDContainer@@
0x8205d78c	CDemoCut	.?AVCDemoCut@@@0	.?AVCDemoCut@@
0x8205d794	CDemoData	.?AVCDemoData@@@0	.?AVCDemoData@@
0x8205d79c	CDemoDataPack	.?AVCDemoDataPack@@@0	.?AVCDemoDataPack@@
0x8205d7a4	CDemoDevFile	.?AVCDemoDevFile@@@0;.?AVCAce6Thread@ACE6@@@0	.?AVCDemoDevFile@@
0x8205d7bc	CDemoDevResourceManager	.?AVCDemoDevResourceManager@@@0;.?AVCAce6Thread@ACE6@@@0	.?AVCDemoDevResourceManager@@
0x8205d7f0	CDemoSegment	.?AVCDemoSegment@@@0	.?AVCDemoSegment@@
0x8205d814	CBriefingCamera	.?AVCBriefingCamera@@@0	.?AVCBriefingCamera@@
0x8205d8a4	CBriefingManager	.?AVCBriefingManager@@@0;.?AVCSwgListener@@@0	.?AVCBriefingManager@@
0x8205d900	CDebriefingCamera	.?AVCDebriefingCamera@@@0	.?AVCDebriefingCamera@@
0x8205d96c	CDebriefingManager	.?AVCDebriefingManager@@@0;.?AVCSwgListener@@@0	.?AVCDebriefingManager@@
0x8205da0c	CSelectAircraftCamera	.?AVCSelectAircraftCamera@@@0	.?AVCSelectAircraftCamera@@
0x8205da64	CSelectAircraftHangarLight	.?AVCSelectAircraftHangarLight@@@0	.?AVCSelectAircraftHangarLight@@
0x8205dae0	ACE6::CAce6Uncompress	.?AVCAce6Uncompress@ACE6@@@0	.?AVCAce6Uncompress@ACE6@@
0x8205daec	CSelectAircraftManager	.?AVCSelectAircraftManager@@@0;.?AVCSwgListener@@@0	.?AVCSelectAircraftManager@@
0x8205dbb8	CSelectAircraftManager::CSelectAircraftSetupManager	.?AVCSelectAircraftSetupManager@CSelectAircraftManager@@@0;.?AVCAce6Thread@ACE6@@@0	.?AVCSelectAircraftSetupManager@CSelectAircraftManager@@
0x8205dc10	CSelectAircraftModel	.?AVCSelectAircraftModel@@@0	.?AVCSelectAircraftModel@@
0x8205dc4c	CSelectAircraftData	.?AVCSelectAircraftData@@@0	.?AVCSelectAircraftData@@
0x8205dc54	CSelectAircraftParam	.?AVCSelectAircraftParam@@@0	.?AVCSelectAircraftParam@@
0x8205dc5c	CSelectAircraftSpider	.?AVCSelectAircraftSpider@@@0	.?AVCSelectAircraftSpider@@
0x8205dc78	CSelectControlPoint	.?AVCSelectControlPoint@@@0	.?AVCSelectControlPoint@@
0x8205dcf4	CSelectGameMenuManager	.?AVCSelectGameMenuManager@@@0;.?AVCSwgListener@@@0	.?AVCSelectGameMenuManager@@
0x8205ddcc	CSelectMessageDlgManager	.?AVCSelectMessageDlgManager@@@0;.?AVCSwgListener@@@0	.?AVCSelectMessageDlgManager@@
0x8205de28	CSelectObjectGrid	.?AVCSelectObjectGrid@@@0	.?AVCSelectObjectGrid@@
0x8205de54	CSelectObjectTerrain	.?AVCSelectObjectTerrain@@@0	.?AVCSelectObjectTerrain@@
0x8205de5c	CSelectObjectUnit	.?AVCSelectObjectUnit@@@0	.?AVCSelectObjectUnit@@
0x8205de64	CSelectObjectUnitRenderer	.?AVCSelectObjectUnitRenderer@@@0	.?AVCSelectObjectUnitRenderer@@
0x8205de6c	CSelectRibbonTrailList	.?AVCSelectRibbonTrailList@@@0	.?AVCSelectRibbonTrailList@@
0x8205de74		.?AV?$CQueueStockBase@PAVCSelectRibbonTrailList@@@Util@ACE6@@@0;.?AV?$CQueueBase@PAVCSelectRibbonTrailList@@@Util@ACE6@@@0	.?AV?$CQueueStockBase@PAVCSelectRibbonTrailList@@@Util@ACE6@@
0x8205de80		.?AV?$CQueueBase@PAVCSelectRibbonTrailList@@@Util@ACE6@@@0	.?AV?$CQueueBase@PAVCSelectRibbonTrailList@@@Util@ACE6@@
0x8205df4c	CSelectSaveLoadManager	.?AVCSelectSaveLoadManager@@@0;.?AVCSwgListener@@@0	.?AVCSelectSaveLoadManager@@
0x8205dfc4	CSelectTutorialPopupManager	.?AVCSelectTutorialPopupManager@@@0;.?AVCSwgListener@@@0	.?AVCSelectTutorialPopupManager@@
0x8205e024	ACE6::CAce6GameMenuManager	.?AVCAce6GameMenuManager@ACE6@@@0	.?AVCAce6GameMenuManager@ACE6@@
0x8205e054	CX360GameMenuManager	.?AVCX360GameMenuManager@@@0;.?AVCAce6GameMenuManager@ACE6@@@0	.?AVCX360GameMenuManager@@
0x8205e084	ACE6::CAce6Session	.?AVCAce6Session@ACE6@@@0	.?AVCAce6Session@ACE6@@
0x8205e098	CX360Session	.?AVCX360Session@@@0;.?AVCAce6Session@ACE6@@@0	.?AVCX360Session@@
0x8205e0ac	CAce6VoiceChat	.?AVCAce6VoiceChat@@@0	.?AVCAce6VoiceChat@@
0x8205e0b4	CX360VoiceChat	.?AVCX360VoiceChat@@@0;.?AVCAce6VoiceChat@@@0	.?AVCX360VoiceChat@@
0x8205e0bc	CAce6OnlinePlayerStat	.?AVCAce6OnlinePlayerStat@@@0	.?AVCAce6OnlinePlayerStat@@
0x8205e0c4	CX360OnlinePlayerStat	.?AVCX360OnlinePlayerStat@@@0;.?AVCAce6OnlinePlayerStat@@@0	.?AVCX360OnlinePlayerStat@@
0x8205e0cc	CNetIOwnership	.?AVCNetIOwnership@@@0	.?AVCNetIOwnership@@
0x8205e0d4	CX360NetAddress	.?AVCX360NetAddress@@@0	.?AVCX360NetAddress@@
0x8205e0dc	CX360NetNodeNotify	.?AVCX360NetNodeNotify@@@0	.?AVCX360NetNodeNotify@@
0x8205e0ec	CX360NetNodeOrderQueue	.?AVCX360NetNodeOrderQueue@@@0	.?AVCX360NetNodeOrderQueue@@
0x8205e0f4	CX360NetClient	.?AVCX360NetClient@@@0;.?AVCX360NetNodeNotify@@@0	.?AVCX360NetClient@@
0x8205e104	CX360NetGamePacketInterface	.?AVCX360NetGamePacketInterface@@@0	.?AVCX360NetGamePacketInterface@@
0x8205e10c		.?AV?$CX360NetSerialize@$0HNA@@@@0	.?AV?$CX360NetSerialize@$0HNA@@@
0x8205e118	CX360NetSerializeData	.?AVCX360NetSerializeData@@@0;.?AV?$CX360NetSerialize@$0HNA@@@@0	.?AVCX360NetSerializeData@@
0x8205e124	CX360NetModuleClient	.?AVCX360NetModuleClient@@@0	.?AVCX360NetModuleClient@@
0x8205e12c	CX360NetModuleServer	.?AVCX360NetModuleServer@@@0	.?AVCX360NetModuleServer@@
0x8205e134	CX360NetSocket	.?AVCX360NetSocket@@@0;.?AVCNetIOwnership@@@0	.?AVCX360NetSocket@@
0x8205e13c	CX360NetNode	.?AVCX360NetNode@@@0;.?AVCNetIOwnership@@@0	.?AVCX360NetNode@@
0x8205e144	CX360NetNodeProc	.?AVCX360NetNodeProc@@@0;.?AVCNetIOwnership@@@0	.?AVCX360NetNodeProc@@
0x8205e1b4	CX360NetNodeProcClient	.?AVCX360NetNodeProcClient@@@0;.?AVCX360NetNodeProc@@@0;.?AVCNetIOwnership@@@0	.?AVCX360NetNodeProcClient@@
0x8205e224	CX360NetNodeProcConnect	.?AVCX360NetNodeProcConnect@@@0;.?AVCX360NetNodeProc@@@0;.?AVCNetIOwnership@@@0	.?AVCX360NetNodeProcConnect@@
0x8205e294	CX360NetNodeProcDatabase	.?AVCX360NetNodeProcDatabase@@@0	.?AVCX360NetNodeProcDatabase@@
0x8205e29c	CX360NetNodeProcListen	.?AVCX360NetNodeProcListen@@@0;.?AVCX360NetNodeProc@@@0;.?AVCNetIOwnership@@@0	.?AVCX360NetNodeProcListen@@
0x8205e30c	CX360NetNodeProcServer	.?AVCX360NetNodeProcServer@@@0;.?AVCX360NetNodeProc@@@0;.?AVCNetIOwnership@@@0	.?AVCX360NetNodeProcServer@@
0x8205e37c	CX360NetPacket	.?AVCX360NetPacket@@@0;.?AV?$CX360NetSerialize@$0HNA@@@@0	.?AVCX360NetPacket@@
0x8205e388	CX360NetPacketInterface	.?AVCX360NetPacketInterface@@@0	.?AVCX360NetPacketInterface@@
0x8205e390	CX360NetPacketInterfaceFactory	.?AVCX360NetPacketInterfaceFactory@@@0	.?AVCX360NetPacketInterfaceFactory@@
0x8205e398	CX360NetPlayerArray	.?AVCX360NetPlayerArray@@@0	.?AVCX360NetPlayerArray@@
0x8205e3a0	CX360NetServer	.?AVCX360NetServer@@@0;.?AVCX360NetNodeNotify@@@0	.?AVCX360NetServer@@
0x8205e3b0	CX360NetTCPSpool	.?AVCX360NetTCPSpool@@@0	.?AVCX360NetTCPSpool@@
0x8205e3b8	CX360RankingBoard	.?AVCX360RankingBoard@@@0	.?AVCX360RankingBoard@@
0x8205e3c0	ACE6::CAce6RankingBoardApp	.?AVCAce6RankingBoardApp@ACE6@@@0	.?AVCAce6RankingBoardApp@ACE6@@
0x8205e3c8	CX360RankingBoardApp	.?AVCX360RankingBoardApp@@@0;.?AVCAce6RankingBoardApp@ACE6@@@0	.?AVCX360RankingBoardApp@@
0x8205e404	ACE6::CAce6ShadowMapManager	.?AVCAce6ShadowMapManager@ACE6@@@0	.?AVCAce6ShadowMapManager@ACE6@@
0x8205e484	CX360ShadowMapManager	.?AVCX360ShadowMapManager@@@0;.?AVCAce6ShadowMapManager@ACE6@@@0	.?AVCX360ShadowMapManager@@
0x8205e530	ACE6::CAce6ShadowVolumeManager	.?AVCAce6ShadowVolumeManager@ACE6@@@0	.?AVCAce6ShadowVolumeManager@ACE6@@
0x8205e54c	CX360ShadowVolumeManager	.?AVCX360ShadowVolumeManager@@@0;.?AVCAce6ShadowVolumeManager@ACE6@@@0	.?AVCX360ShadowVolumeManager@@
0x82062c24	CX360ReplayCameraGeneralTunerE	.?AVCX360ReplayCameraGeneralTunerE@@@0;.?AVCX360ReplayCameraGeneralTunerBase@@@0;.?AVCAce6GeneralTunerBase@ACE6@@@0	.?AVCX360ReplayCameraGeneralTunerE@@
0x82062c38	CX360ReplayCameraGeneralTunerF	.?AVCX360ReplayCameraGeneralTunerF@@@0;.?AVCX360ReplayCameraGeneralTunerBase@@@0;.?AVCAce6GeneralTunerBase@ACE6@@@0	.?AVCX360ReplayCameraGeneralTunerF@@
0x82062c4c	CX360ReplayCameraGeneralTunerG	.?AVCX360ReplayCameraGeneralTunerG@@@0;.?AVCX360ReplayCameraGeneralTunerBase@@@0;.?AVCAce6GeneralTunerBase@ACE6@@@0	.?AVCX360ReplayCameraGeneralTunerG@@
0x82062c60	CX360ReplayCameraGeneralTunerB_1	.?AVCX360ReplayCameraGeneralTunerB_1@@@0;.?AVCX360ReplayCameraGeneralTunerBase@@@0;.?AVCAce6GeneralTunerBase@ACE6@@@0	.?AVCX360ReplayCameraGeneralTunerB_1@@
0x82062c74	CX360ReplayCameraGeneralTunerB_2	.?AVCX360ReplayCameraGeneralTunerB_2@@@0;.?AVCX360ReplayCameraGeneralTunerBase@@@0;.?AVCAce6GeneralTunerBase@ACE6@@@0	.?AVCX360ReplayCameraGeneralTunerB_2@@
0x82062c88	CX360ReplayCameraGeneralTunerB_2_2	.?AVCX360ReplayCameraGeneralTunerB_2_2@@@0;.?AVCX360ReplayCameraGeneralTunerBase@@@0;.?AVCAce6GeneralTunerBase@ACE6@@@0	.?AVCX360ReplayCameraGeneralTunerB_2_2@@
0x82062c9c	CX360ReplayCameraGeneralTunerD_1	.?AVCX360ReplayCameraGeneralTunerD_1@@@0;.?AVCX360ReplayCameraGeneralTunerBase@@@0;.?AVCAce6GeneralTunerBase@ACE6@@@0	.?AVCX360ReplayCameraGeneralTunerD_1@@
0x82062cb0	CX360ReplayCameraGeneralTunerD_2	.?AVCX360ReplayCameraGeneralTunerD_2@@@0;.?AVCX360ReplayCameraGeneralTunerBase@@@0;.?AVCAce6GeneralTunerBase@ACE6@@@0	.?AVCX360ReplayCameraGeneralTunerD_2@@
0x82062cc4	CX360ReplayCameraGeneralTunerD_2_2	.?AVCX360ReplayCameraGeneralTunerD_2_2@@@0;.?AVCX360ReplayCameraGeneralTunerBase@@@0;.?AVCAce6GeneralTunerBase@ACE6@@@0	.?AVCX360ReplayCameraGeneralTunerD_2_2@@
0x82062cd8	CX360ReplayCameraGeneralTunerA_1	.?AVCX360ReplayCameraGeneralTunerA_1@@@0;.?AVCX360ReplayCameraGeneralTunerBase@@@0;.?AVCAce6GeneralTunerBase@ACE6@@@0	.?AVCX360ReplayCameraGeneralTunerA_1@@
0x82062cec	CX360ReplayCameraGeneralTunerA_2	.?AVCX360ReplayCameraGeneralTunerA_2@@@0;.?AVCX360ReplayCameraGeneralTunerBase@@@0;.?AVCAce6GeneralTunerBase@ACE6@@@0	.?AVCX360ReplayCameraGeneralTunerA_2@@
0x82062d00	CX360ReplayCameraGeneralTunerA_3	.?AVCX360ReplayCameraGeneralTunerA_3@@@0;.?AVCX360ReplayCameraGeneralTunerBase@@@0;.?AVCAce6GeneralTunerBase@ACE6@@@0	.?AVCX360ReplayCameraGeneralTunerA_3@@
0x82062d14	CX360ReplayCameraGeneralTunerA_4	.?AVCX360ReplayCameraGeneralTunerA_4@@@0;.?AVCX360ReplayCameraGeneralTunerBase@@@0;.?AVCAce6GeneralTunerBase@ACE6@@@0	.?AVCX360ReplayCameraGeneralTunerA_4@@
0x82062dc4	ACE6::CAce6DemoManager	.?AVCAce6DemoManager@ACE6@@@0	.?AVCAce6DemoManager@ACE6@@
0x82062dec	NU::FW::IngameCinematics::IResource	.?AVIResource@IngameCinematics@FW@NU@@@0	.?AVIResource@IngameCinematics@FW@NU@@
0x82062e00	NU::FW::IngameCinematics::IObject	.?AVIObject@IngameCinematics@FW@NU@@@0	.?AVIObject@IngameCinematics@FW@NU@@
0x82062e28	NU::FW::IngameCinematics::Sequencer::Config	.?AVConfig@Sequencer@IngameCinematics@FW@NU@@@0	.?AVConfig@Sequencer@IngameCinematics@FW@NU@@
0x82062e3c	CDemoRenderManager	.?AVCDemoRenderManager@@@0	.?AVCDemoRenderManager@@
0x82062ed8	IResourceDemo	.?AVIResourceDemo@@@0;.?AVIResource@IngameCinematics@FW@NU@@@0	.?AVIResourceDemo@@
0x82062eec	IObjectDemo	.?AVIObjectDemo@@@0;.?AVIObject@IngameCinematics@FW@NU@@@0	.?AVIObjectDemo@@
0x82062f14	ISequencerConfigDemo	.?AVISequencerConfigDemo@@@0;.?AVConfig@Sequencer@IngameCinematics@FW@NU@@@0	.?AVISequencerConfigDemo@@
0x82062f28	CDemoDataManager	.?AVCDemoDataManager@@@0	.?AVCDemoDataManager@@
0x82062f34	CDemoRenderManagerDD	.?AVCDemoRenderManagerDD@@@0;.?AVCDemoRenderManager@@@0	.?AVCDemoRenderManagerDD@@
0x82062fd0	CX360DemoManagerDD	.?AVCX360DemoManagerDD@@@0;.?AVCAce6DemoManager@ACE6@@@0	.?AVCX360DemoManagerDD@@
0x82063004	CX360ActorModelSortRenderer	.?AVCX360ActorModelSortRenderer@@@0;.?AVCAce6SortPoint@ACE6@@@0	.?AVCX360ActorModelSortRenderer@@
0x8206308c	CDemoRenderManagerEM	.?AVCDemoRenderManagerEM@@@0;.?AVCDemoRenderManager@@@0	.?AVCDemoRenderManagerEM@@
0x82063128	CX360DemoManagerEM	.?AVCX360DemoManagerEM@@@0;.?AVCAce6DemoManager@ACE6@@@0	.?AVCX360DemoManagerEM@@
0x82063150	CX360DemoPreload	.?AVCX360DemoPreload@@@0	.?AVCX360DemoPreload@@
0x82063158	NU::FW::IngameCinematics::Allocator	.?AVAllocator@IngameCinematics@FW@NU@@@0	.?AVAllocator@IngameCinematics@FW@NU@@
0x82063168	ICAllocatorDemo	.?AVICAllocatorDemo@@@0;.?AVAllocator@IngameCinematics@FW@NU@@@0	.?AVICAllocatorDemo@@
0x82063178	ACE6::CAce6ObjSortPointRender	.?AVCAce6ObjSortPointRender@ACE6@@@0	.?AVCAce6ObjSortPointRender@ACE6@@
0x82063188	CX360ObjSortPointRender	.?AVCX360ObjSortPointRender@@@0;.?AVCAce6ObjSortPointRender@ACE6@@@0	.?AVCX360ObjSortPointRender@@
0x82063198	CX360ArmsGeneralTunerA	.?AVCX360ArmsGeneralTunerA@@@0;.?AVCX360ArmsGeneralTunerBase@@@0;.?AVCAce6GeneralTunerBase@ACE6@@@0	.?AVCX360ArmsGeneralTunerA@@
0x820631b0	CX360ArmsGeneralTunerB	.?AVCX360ArmsGeneralTunerB@@@0;.?AVCX360ArmsGeneralTunerBase@@@0;.?AVCAce6GeneralTunerBase@ACE6@@@0	.?AVCX360ArmsGeneralTunerB@@
0x820631c8	CX360ArmsGeneralTunerC	.?AVCX360ArmsGeneralTunerC@@@0;.?AVCX360ArmsGeneralTunerBase@@@0;.?AVCAce6GeneralTunerBase@ACE6@@@0	.?AVCX360ArmsGeneralTunerC@@
0x820631e0	CX360ArmsGeneralTunerD	.?AVCX360ArmsGeneralTunerD@@@0;.?AVCX360ArmsGeneralTunerBase@@@0;.?AVCAce6GeneralTunerBase@ACE6@@@0	.?AVCX360ArmsGeneralTunerD@@
0x820631f8	CX360ArmsGeneralTunerE	.?AVCX360ArmsGeneralTunerE@@@0;.?AVCX360ArmsGeneralTunerBase@@@0;.?AVCAce6GeneralTunerBase@ACE6@@@0	.?AVCX360ArmsGeneralTunerE@@
0x82063210	CX360ArmsCameraGeneralTunerA	.?AVCX360ArmsCameraGeneralTunerA@@@0;.?AVCAce6GeneralTunerBase@ACE6@@@0	.?AVCX360ArmsCameraGeneralTunerA@@
0x82063224	ACE6::ARMS::CAce6Missile	.?AVCAce6Missile@ARMS@ACE6@@@0	.?AVCAce6Missile@ARMS@ACE6@@
0x8206325c	ACE6::CAce6ArmsMissile	.?AVCAce6ArmsMissile@ACE6@@@0;.?AV?$CAce6ArmsMissileContainer@VCAce6Missile@ARMS@ACE6@@@ACE6@@@0;.?AVCAce6ArmsMissileBase@ACE6@@@0;.?AVCAce6Arms@ACE6@@@0;.?AVCGaObj@galib@@@0	.?AVCAce6ArmsMissile@ACE6@@
0x820632fc		.?AV?$CAce6ArmsMissileContainer@VCAce6Missile@ARMS@ACE6@@@ACE6@@@0;.?AVCAce6ArmsMissileBase@ACE6@@@0;.?AVCAce6Arms@ACE6@@@0;.?AVCGaObj@galib@@@0	.?AV?$CAce6ArmsMissileContainer@VCAce6Missile@ARMS@ACE6@@@ACE6@@
0x8206339c	CX360ArmsMissile	.?AVCX360ArmsMissile@@@0;.?AVCAce6ArmsMissile@ACE6@@@0;.?AV?$CAce6ArmsMissileContainer@VCAce6Missile@ARMS@ACE6@@@ACE6@@@0;.?AVCAce6ArmsMissileBase@ACE6@@@0;.?AVCAce6Arms@ACE6@@@0;.?AVCGaObj@galib@@@0	.?AVCX360ArmsMissile@@
0x8206344c	CSwgModeTaskBase	.?AVCSwgModeTaskBase@@@0;.?AVCModeTaskBase@@@0;.?AVCAce6Task@ACE6@@@0;.?AVCSwgListener@@@616	.?AVCSwgModeTaskBase@@
0x820634ac	CModeTaskAircraftSelect	.?AVCModeTaskAircraftSelect@@@0;.?AVCSwgModeTaskBase@@@0;.?AVCModeTaskBase@@@0;.?AVCAce6Task@ACE6@@@0;.?AVCSwgListener@@@616	.?AVCModeTaskAircraftSelect@@
0x820634fc	CModeTaskAircraftSelect	.?AVCModeTaskAircraftSelect@@@0;.?AVCSwgModeTaskBase@@@0;.?AVCModeTaskBase@@@0;.?AVCAce6Task@ACE6@@@0;.?AVCSwgListener@@@616	.?AVCModeTaskAircraftSelect@@
0x8206355c	ACE6::CNuTimer	.?AVCNuTimer@ACE6@@@0	.?AVCNuTimer@ACE6@@
0x8206359c	CModeTaskBase	.?AVCModeTaskBase@@@0;.?AVCAce6Task@ACE6@@@0	.?AVCModeTaskBase@@
0x820635ec	CModeTaskBattleStatisticsBase	.?AVCModeTaskBattleStatisticsBase@@@0;.?AVCSwgModeTaskBase@@@0;.?AVCModeTaskBase@@@0;.?AVCAce6Task@ACE6@@@0;.?AVCSwgListener@@@616	.?AVCModeTaskBattleStatisticsBase@@
0x8206363c	CModeTaskBattleStatisticsBase	.?AVCModeTaskBattleStatisticsBase@@@0;.?AVCSwgModeTaskBase@@@0;.?AVCModeTaskBase@@@0;.?AVCAce6Task@ACE6@@@0;.?AVCSwgListener@@@616	.?AVCModeTaskBattleStatisticsBase@@
0x8206369c	CModeTaskBriefing	.?AVCModeTaskBriefing@@@0;.?AVCSwgModeTaskBase@@@0;.?AVCModeTaskBase@@@0;.?AVCAce6Task@ACE6@@@0;.?AVCSwgListener@@@616	.?AVCModeTaskBriefing@@
0x820636ec	CModeTaskBriefing	.?AVCModeTaskBriefing@@@0;.?AVCSwgModeTaskBase@@@0;.?AVCModeTaskBase@@@0;.?AVCAce6Task@ACE6@@@0;.?AVCSwgListener@@@616	.?AVCModeTaskBriefing@@
0x8206374c	CModeTaskCheckDLContents	.?AVCModeTaskCheckDLContents@@@0;.?AVCSwgModeTaskBase@@@0;.?AVCModeTaskBase@@@0;.?AVCAce6Task@ACE6@@@0;.?AVCSwgListener@@@616	.?AVCModeTaskCheckDLContents@@
0x8206379c	CModeTaskCheckDLContents	.?AVCModeTaskCheckDLContents@@@0;.?AVCSwgModeTaskBase@@@0;.?AVCModeTaskBase@@@0;.?AVCAce6Task@ACE6@@@0;.?AVCSwgListener@@@616	.?AVCModeTaskCheckDLContents@@
0x820637fc	CModeTaskCreateSession	.?AVCModeTaskCreateSession@@@0;.?AVCModeTaskSessionBase@@@0;.?AVCSwgModeTaskBase@@@0;.?AVCModeTaskBase@@@0;.?AVCAce6Task@ACE6@@@0;.?AVCSwgListener@@@616	.?AVCModeTaskCreateSession@@
0x82063854	CModeTaskCreateSession	.?AVCModeTaskCreateSession@@@0;.?AVCModeTaskSessionBase@@@0;.?AVCSwgModeTaskBase@@@0;.?AVCModeTaskBase@@@0;.?AVCAce6Task@ACE6@@@0;.?AVCSwgListener@@@616	.?AVCModeTaskCreateSession@@
0x820638b4	CModeTaskCredit	.?AVCModeTaskCredit@@@0;.?AVCSwgModeTaskBase@@@0;.?AVCModeTaskBase@@@0;.?AVCAce6Task@ACE6@@@0;.?AVCSwgListener@@@616	.?AVCModeTaskCredit@@
0x82063904	CModeTaskCredit	.?AVCModeTaskCredit@@@0;.?AVCSwgModeTaskBase@@@0;.?AVCModeTaskBase@@@0;.?AVCAce6Task@ACE6@@@0;.?AVCSwgListener@@@616	.?AVCModeTaskCredit@@
0x820639c4	CModeTaskCustomSessionSearch	.?AVCModeTaskCustomSessionSearch@@@0;.?AVCModeTaskSessionSearchBase@@@0;.?AVCModeTaskSessionBase@@@0;.?AVCSwgModeTaskBase@@@0;.?AVCModeTaskBase@@@0;.?AVCAce6Task@ACE6@@@0;.?AVCSwgListener@@@616	.?AVCModeTaskCustomSessionSearch@@
0x82063a1c	CModeTaskCustomSessionSearch	.?AVCModeTaskCustomSessionSearch@@@0;.?AVCModeTaskSessionSearchBase@@@0;.?AVCModeTaskSessionBase@@@0;.?AVCSwgModeTaskBase@@@0;.?AVCModeTaskBase@@@0;.?AVCAce6Task@ACE6@@@0;.?AVCSwgListener@@@616	.?AVCModeTaskCustomSessionSearch@@
0x82063a7c	CModeTaskDebriefing	.?AVCModeTaskDebriefing@@@0;.?AVCSwgModeTaskBase@@@0;.?AVCModeTaskBase@@@0;.?AVCAce6Task@ACE6@@@0;.?AVCSwgListener@@@616	.?AVCModeTaskDebriefing@@
0x82063ad4	CModeTaskDebriefing	.?AVCModeTaskDebriefing@@@0;.?AVCSwgModeTaskBase@@@0;.?AVCModeTaskBase@@@0;.?AVCAce6Task@ACE6@@@0;.?AVCSwgListener@@@616	.?AVCModeTaskDebriefing@@
0x82063b34	CModeTaskDemoBase	.?AVCModeTaskDemoBase@@@0;.?AVCSwgModeTaskBase@@@0;.?AVCModeTaskBase@@@0;.?AVCAce6Task@ACE6@@@0;.?AVCSwgListener@@@616	.?AVCModeTaskDemoBase@@
0x82063b8c	CModeTaskDemoBase	.?AVCModeTaskDemoBase@@@0;.?AVCSwgModeTaskBase@@@0;.?AVCModeTaskBase@@@0;.?AVCAce6Task@ACE6@@@0;.?AVCSwgListener@@@616	.?AVCModeTaskDemoBase@@
0x82063bec	CModeTaskFirstLoad	.?AVCModeTaskFirstLoad@@@0;.?AVCSwgModeTaskBase@@@0;.?AVCModeTaskBase@@@0;.?AVCAce6Task@ACE6@@@0;.?AVCSwgListener@@@616	.?AVCModeTaskFirstLoad@@
0x82063c3c	CModeTaskFirstLoad	.?AVCModeTaskFirstLoad@@@0;.?AVCSwgModeTaskBase@@@0;.?AVCModeTaskBase@@@0;.?AVCAce6Task@ACE6@@@0;.?AVCSwgListener@@@616	.?AVCModeTaskFirstLoad@@
0x82063c9c	CModeTaskFreeMissionSelect	.?AVCModeTaskFreeMissionSelect@@@0;.?AVCSwgModeTaskBase@@@0;.?AVCModeTaskBase@@@0;.?AVCAce6Task@ACE6@@@0;.?AVCSwgListener@@@616	.?AVCModeTaskFreeMissionSelect@@
0x82063cec	CModeTaskFreeMissionSelect	.?AVCModeTaskFreeMissionSelect@@@0;.?AVCSwgModeTaskBase@@@0;.?AVCModeTaskBase@@@0;.?AVCAce6Task@ACE6@@@0;.?AVCSwgListener@@@616	.?AVCModeTaskFreeMissionSelect@@
0x82063d4c	CModeTaskGalleryAssaultRecord	.?AVCModeTaskGalleryAssaultRecord@@@0;.?AVCSwgModeTaskBase@@@0;.?AVCModeTaskBase@@@0;.?AVCAce6Task@ACE6@@@0;.?AVCSwgListener@@@616	.?AVCModeTaskGalleryAssaultRecord@@
0x82063d9c	CModeTaskGalleryAssaultRecord	.?AVCModeTaskGalleryAssaultRecord@@@0;.?AVCSwgModeTaskBase@@@0;.?AVCModeTaskBase@@@0;.?AVCAce6Task@ACE6@@@0;.?AVCSwgListener@@@616	.?AVCModeTaskGalleryAssaultRecord@@
0x82063dfc	CModeTaskGalleryCampaignResult	.?AVCModeTaskGalleryCampaignResult@@@0;.?AVCSwgModeTaskBase@@@0;.?AVCModeTaskBase@@@0;.?AVCAce6Task@ACE6@@@0;.?AVCSwgListener@@@616	.?AVCModeTaskGalleryCampaignResult@@
0x82063e4c	CModeTaskGalleryCampaignResult	.?AVCModeTaskGalleryCampaignResult@@@0;.?AVCSwgModeTaskBase@@@0;.?AVCModeTaskBase@@@0;.?AVCAce6Task@ACE6@@@0;.?AVCSwgListener@@@616	.?AVCModeTaskGalleryCampaignResult@@
0x82063eac	CModeTaskGalleryMedal	.?AVCModeTaskGalleryMedal@@@0;.?AVCSwgModeTaskBase@@@0;.?AVCModeTaskBase@@@0;.?AVCAce6Task@ACE6@@@0;.?AVCSwgListener@@@616	.?AVCModeTaskGalleryMedal@@
0x82063efc	CModeTaskGalleryMedal	.?AVCModeTaskGalleryMedal@@@0;.?AVCSwgModeTaskBase@@@0;.?AVCModeTaskBase@@@0;.?AVCAce6Task@ACE6@@@0;.?AVCSwgListener@@@616	.?AVCModeTaskGalleryMedal@@
0x82063f64	CModeTaskGalleryMusicPlayer	.?AVCModeTaskGalleryMusicPlayer@@@0;.?AVCSwgModeTaskBase@@@0;.?AVCModeTaskBase@@@0;.?AVCAce6Task@ACE6@@@0;.?AVCSwgListener@@@616	.?AVCModeTaskGalleryMusicPlayer@@
0x82063fb4	CModeTaskGalleryMusicPlayer	.?AVCModeTaskGalleryMusicPlayer@@@0;.?AVCSwgModeTaskBase@@@0;.?AVCModeTaskBase@@@0;.?AVCAce6Task@ACE6@@@0;.?AVCSwgListener@@@616	.?AVCModeTaskGalleryMusicPlayer@@
0x82064014	CModeTaskGalleryReplayViewer	.?AVCModeTaskGalleryReplayViewer@@@0;.?AVCSwgModeTaskBase@@@0;.?AVCModeTaskBase@@@0;.?AVCAce6Task@ACE6@@@0;.?AVCSwgListener@@@616	.?AVCModeTaskGalleryReplayViewer@@
0x82064064	CModeTaskGalleryReplayViewer	.?AVCModeTaskGalleryReplayViewer@@@0;.?AVCSwgModeTaskBase@@@0;.?AVCModeTaskBase@@@0;.?AVCAce6Task@ACE6@@@0;.?AVCSwgListener@@@616	.?AVCModeTaskGalleryReplayViewer@@
0x820640c4	CModeTaskGallerySceneViewer	.?AVCModeTaskGallerySceneViewer@@@0;.?AVCSwgModeTaskBase@@@0;.?AVCModeTaskBase@@@0;.?AVCAce6Task@ACE6@@@0;.?AVCSwgListener@@@616	.?AVCModeTaskGallerySceneViewer@@
0x82064114	CModeTaskGallerySceneViewer	.?AVCModeTaskGallerySceneViewer@@@0;.?AVCSwgModeTaskBase@@@0;.?AVCModeTaskBase@@@0;.?AVCAce6Task@ACE6@@@0;.?AVCSwgListener@@@616	.?AVCModeTaskGallerySceneViewer@@
0x82064174	CModeTaskGallerySelect	.?AVCModeTaskGallerySelect@@@0;.?AVCSwgModeTaskBase@@@0;.?AVCModeTaskBase@@@0;.?AVCAce6Task@ACE6@@@0;.?AVCSwgListener@@@616	.?AVCModeTaskGallerySelect@@
0x820641c4	CModeTaskGallerySelect	.?AVCModeTaskGallerySelect@@@0;.?AVCSwgModeTaskBase@@@0;.?AVCModeTaskBase@@@0;.?AVCAce6Task@ACE6@@@0;.?AVCSwgListener@@@616	.?AVCModeTaskGallerySelect@@
0x8206422c	galib::IGaDebugItemInfo	.?AVIGaDebugItemInfo@galib@@@0	.?AVIGaDebugItemInfo@galib@@
0x82064250	galib::CGaDebugMenuItem	.?AVCGaDebugMenuItem@galib@@@0	.?AVCGaDebugMenuItem@galib@@
0x82064258	galib::CGaDebugMenu	.?AVCGaDebugMenu@galib@@@0	.?AVCGaDebugMenu@galib@@
0x82064264	ACE6::CAce6MissionManagerCampaign	.?AVCAce6MissionManagerCampaign@ACE6@@@0;.?AVCAce6MissionManager@ACE6@@@0;.?AV?$CHsm@VCAce6MissionManagerCampaign@ACE6@@$07@Util@ACE6@@@840	.?AVCAce6MissionManagerCampaign@ACE6@@
0x8206432c	ACE6::CAce6MissionManagerCampaign	.?AVCAce6MissionManagerCampaign@ACE6@@@0;.?AVCAce6MissionManager@ACE6@@@0;.?AV?$CHsm@VCAce6MissionManagerCampaign@ACE6@@$07@Util@ACE6@@@840	.?AVCAce6MissionManagerCampaign@ACE6@@
0x82064334		.?AV?$CHsm@VCAce6MissionManagerCampaign@ACE6@@$07@Util@ACE6@@@0	.?AV?$CHsm@VCAce6MissionManagerCampaign@ACE6@@$07@Util@ACE6@@
0x8206433c		.?AV?$CGaDebugItemInfo_member@VCAce6MissionManagerCampaign@ACE6@@@galib@@@0;.?AVIGaDebugItemInfo@galib@@@0	.?AV?$CGaDebugItemInfo_member@VCAce6MissionManagerCampaign@ACE6@@@galib@@
0x82064360		.?AV?$CGaDebugItemInfo@H@galib@@@0;.?AVIGaDebugItemInfo@galib@@@0	.?AV?$CGaDebugItemInfo@H@galib@@
0x82064384	CModeTaskGame	.?AVCModeTaskGame@@@0;.?AVCModeTaskBase@@@0;.?AVCAce6Task@ACE6@@@0;.?AV?$CFsm@VCModeTaskGame@@@Util@ACE6@@@616	.?AVCModeTaskGame@@
0x820643dc	CModeTaskGame	.?AVCModeTaskGame@@@0;.?AVCModeTaskBase@@@0;.?AVCAce6Task@ACE6@@@0;.?AV?$CFsm@VCModeTaskGame@@@Util@ACE6@@@616	.?AVCModeTaskGame@@
0x820643e4		.?AV?$CFsm@VCModeTaskGame@@@Util@ACE6@@@0	.?AV?$CFsm@VCModeTaskGame@@@Util@ACE6@@
0x820643ec	ACE6::CAce6MissionManagerReplay	.?AVCAce6MissionManagerReplay@ACE6@@@0;.?AVCAce6MissionManager@ACE6@@@0	.?AVCAce6MissionManagerReplay@ACE6@@
0x820644b4		.?AV?$CX360MissionManager@VCAce6MissionManagerReplay@ACE6@@@@@0;.?AVCAce6MissionManagerReplay@ACE6@@@0;.?AVCAce6MissionManager@ACE6@@@0	.?AV?$CX360MissionManager@VCAce6MissionManagerReplay@ACE6@@@@
0x8206457c		.?AV?$CX360MissionManager@VCAce6MissionManagerCampaign@ACE6@@@@@0;.?AVCAce6MissionManagerCampaign@ACE6@@@0;.?AVCAce6MissionManager@ACE6@@@0;.?AV?$CHsm@VCAce6MissionManagerCampaign@ACE6@@$07@Util@ACE6@@@840	.?AV?$CX360MissionManager@VCAce6MissionManagerCampaign@ACE6@@@@
0x82064648		.?AV?$CX360MissionManager@VCAce6MissionManagerCampaign@ACE6@@@@@0;.?AVCAce6MissionManagerCampaign@ACE6@@@0;.?AVCAce6MissionManager@ACE6@@@0;.?AV?$CHsm@VCAce6MissionManagerCampaign@ACE6@@$07@Util@ACE6@@@840	.?AV?$CX360MissionManager@VCAce6MissionManagerCampaign@ACE6@@@@
0x82064650		.?AV?$CQueueStock@V?$CHsmStateWrapper@VCAce6MissionManagerCampaign@ACE6@@@Util@ACE6@@$07@Util@ACE6@@@0;.?AV?$CQueueStockBase@V?$CHsmStateWrapper@VCAce6MissionManagerCampaign@ACE6@@@Util@ACE6@@@Util@ACE6@@@0;.?AV?$CQueueBase@V?$CHsmStateWrapper@VCAce6MissionManagerCampaign@ACE6@@@Util@ACE6@@@Util@ACE6@@@0	.?AV?$CQueueStock@V?$CHsmStateWrapper@VCAce6MissionManagerCampaign@ACE6@@@Util@ACE6@@$07@Util@ACE6@@
0x8206465c		.?AV?$CQueueBase@V?$CHsmStateWrapper@VCAce6MissionManagerCampaign@ACE6@@@Util@ACE6@@@Util@ACE6@@@0	.?AV?$CQueueBase@V?$CHsmStateWrapper@VCAce6MissionManagerCampaign@ACE6@@@Util@ACE6@@@Util@ACE6@@
0x8206466c	CModeTaskGameDataSelect	.?AVCModeTaskGameDataSelect@@@0;.?AVCSwgModeTaskBase@@@0;.?AVCModeTaskBase@@@0;.?AVCAce6Task@ACE6@@@0;.?AVCSwgListener@@@616	.?AVCModeTaskGameDataSelect@@
0x820646bc	CModeTaskGameDataSelect	.?AVCModeTaskGameDataSelect@@@0;.?AVCSwgModeTaskBase@@@0;.?AVCModeTaskBase@@@0;.?AVCAce6Task@ACE6@@@0;.?AVCSwgListener@@@616	.?AVCModeTaskGameDataSelect@@
0x8206471c	CModeTaskGameOnline	.?AVCModeTaskGameOnline@@@0;.?AVCModeTaskGame@@@0;.?AVCModeTaskBase@@@0;.?AVCAce6Task@ACE6@@@0;.?AV?$CFsm@VCModeTaskGame@@@Util@ACE6@@@616	.?AVCModeTaskGameOnline@@
0x82064774	CModeTaskGameOnline	.?AVCModeTaskGameOnline@@@0;.?AVCModeTaskGame@@@0;.?AVCModeTaskBase@@@0;.?AVCAce6Task@ACE6@@@0;.?AV?$CFsm@VCModeTaskGame@@@Util@ACE6@@@616	.?AVCModeTaskGameOnline@@
0x8206477c	CModeTaskGameReplay	.?AVCModeTaskGameReplay@@@0;.?AVCModeTaskGame@@@0;.?AVCModeTaskBase@@@0;.?AVCAce6Task@ACE6@@@0;.?AV?$CFsm@VCModeTaskGame@@@Util@ACE6@@@616	.?AVCModeTaskGameReplay@@
0x820647d4	CModeTaskGameReplay	.?AVCModeTaskGameReplay@@@0;.?AVCModeTaskGame@@@0;.?AVCModeTaskBase@@@0;.?AVCAce6Task@ACE6@@@0;.?AV?$CFsm@VCModeTaskGame@@@Util@ACE6@@@616	.?AVCModeTaskGameReplay@@
0x820647dc	CModeTaskGameTutorial	.?AVCModeTaskGameTutorial@@@0;.?AVCModeTaskGame@@@0;.?AVCModeTaskBase@@@0;.?AVCAce6Task@ACE6@@@0;.?AV?$CFsm@VCModeTaskGame@@@Util@ACE6@@@616	.?AVCModeTaskGameTutorial@@
0x82064834	CModeTaskGameTutorial	.?AVCModeTaskGameTutorial@@@0;.?AVCModeTaskGame@@@0;.?AVCModeTaskBase@@@0;.?AVCAce6Task@ACE6@@@0;.?AV?$CFsm@VCModeTaskGame@@@Util@ACE6@@@616	.?AVCModeTaskGameTutorial@@
0x8206483c	CModeTaskHangar	.?AVCModeTaskHangar@@@0;.?AVCSwgModeTaskBase@@@0;.?AVCModeTaskBase@@@0;.?AVCAce6Task@ACE6@@@0;.?AVCSwgListener@@@616	.?AVCModeTaskHangar@@
0x8206488c	CModeTaskHangar	.?AVCModeTaskHangar@@@0;.?AVCSwgModeTaskBase@@@0;.?AVCModeTaskBase@@@0;.?AVCAce6Task@ACE6@@@0;.?AVCSwgListener@@@616	.?AVCModeTaskHangar@@
0x820648ec	CModeTaskInterMissionSelect	.?AVCModeTaskInterMissionSelect@@@0;.?AVCSwgModeTaskBase@@@0;.?AVCModeTaskBase@@@0;.?AVCAce6Task@ACE6@@@0;.?AVCSwgListener@@@616	.?AVCModeTaskInterMissionSelect@@
0x8206493c	CModeTaskInterMissionSelect	.?AVCModeTaskInterMissionSelect@@@0;.?AVCSwgModeTaskBase@@@0;.?AVCModeTaskBase@@@0;.?AVCAce6Task@ACE6@@@0;.?AVCSwgListener@@@616	.?AVCModeTaskInterMissionSelect@@
0x8206499c	CModeTaskInvitationSessionSearch	.?AVCModeTaskInvitationSessionSearch@@@0;.?AVCModeTaskSessionSearchBase@@@0;.?AVCModeTaskSessionBase@@@0;.?AVCSwgModeTaskBase@@@0;.?AVCModeTaskBase@@@0;.?AVCAce6Task@ACE6@@@0;.?AVCSwgListener@@@616	.?AVCModeTaskInvitationSessionSearch@@
0x820649f4	CModeTaskInvitationSessionSearch	.?AVCModeTaskInvitationSessionSearch@@@0;.?AVCModeTaskSessionSearchBase@@@0;.?AVCModeTaskSessionBase@@@0;.?AVCSwgModeTaskBase@@@0;.?AVCModeTaskBase@@@0;.?AVCAce6Task@ACE6@@@0;.?AVCSwgListener@@@616	.?AVCModeTaskInvitationSessionSearch@@
0x82064a54	CModeTaskLoading	.?AVCModeTaskLoading@@@0;.?AVCSwgModeTaskBase@@@0;.?AVCModeTaskBase@@@0;.?AVCAce6Task@ACE6@@@0;.?AVCSwgListener@@@616	.?AVCModeTaskLoading@@
0x82064aa4	CModeTaskLoading	.?AVCModeTaskLoading@@@0;.?AVCSwgModeTaskBase@@@0;.?AVCModeTaskBase@@@0;.?AVCAce6Task@ACE6@@@0;.?AVCSwgListener@@@616	.?AVCModeTaskLoading@@
0x82064be4	CModeTaskLobbyBase	.?AVCModeTaskLobbyBase@@@0;.?AVCSwgModeTaskBase@@@0;.?AVCModeTaskBase@@@0;.?AVCAce6Task@ACE6@@@0;.?AVCSwgListener@@@616	.?AVCModeTaskLobbyBase@@
0x82064c3c	CModeTaskLobbyBase	.?AVCModeTaskLobbyBase@@@0;.?AVCSwgModeTaskBase@@@0;.?AVCModeTaskBase@@@0;.?AVCAce6Task@ACE6@@@0;.?AVCSwgListener@@@616	.?AVCModeTaskLobbyBase@@
0x82064c9c	CModeTaskLobbyClientQuick	.?AVCModeTaskLobbyClientQuick@@@0;.?AVCModeTaskLobbyClientBase@@@0;.?AVCModeTaskLobbyBase@@@0;.?AVCSwgModeTaskBase@@@0;.?AVCModeTaskBase@@@0;.?AVCAce6Task@ACE6@@@0;.?AVCSwgListener@@@616	.?AVCModeTaskLobbyClientQuick@@
0x82064cf4	CModeTaskLobbyClientQuick	.?AVCModeTaskLobbyClientQuick@@@0;.?AVCModeTaskLobbyClientBase@@@0;.?AVCModeTaskLobbyBase@@@0;.?AVCSwgModeTaskBase@@@0;.?AVCModeTaskBase@@@0;.?AVCAce6Task@ACE6@@@0;.?AVCSwgListener@@@616	.?AVCModeTaskLobbyClientQuick@@
0x82064d54	CModeTaskLobbyClientCustom	.?AVCModeTaskLobbyClientCustom@@@0;.?AVCModeTaskLobbyClientBase@@@0;.?AVCModeTaskLobbyBase@@@0;.?AVCSwgModeTaskBase@@@0;.?AVCModeTaskBase@@@0;.?AVCAce6Task@ACE6@@@0;.?AVCSwgListener@@@616	.?AVCModeTaskLobbyClientCustom@@
0x82064dac	CModeTaskLobbyClientCustom	.?AVCModeTaskLobbyClientCustom@@@0;.?AVCModeTaskLobbyClientBase@@@0;.?AVCModeTaskLobbyBase@@@0;.?AVCSwgModeTaskBase@@@0;.?AVCModeTaskBase@@@0;.?AVCAce6Task@ACE6@@@0;.?AVCSwgListener@@@616	.?AVCModeTaskLobbyClientCustom@@
0x82064e24	CModeTaskLobbyHost	.?AVCModeTaskLobbyHost@@@0;.?AVCModeTaskLobbyBase@@@0;.?AVCSwgModeTaskBase@@@0;.?AVCModeTaskBase@@@0;.?AVCAce6Task@ACE6@@@0;.?AVCSwgListener@@@616	.?AVCModeTaskLobbyHost@@
0x82064e7c	CModeTaskLobbyHost	.?AVCModeTaskLobbyHost@@@0;.?AVCModeTaskLobbyBase@@@0;.?AVCSwgModeTaskBase@@@0;.?AVCModeTaskBase@@@0;.?AVCAce6Task@ACE6@@@0;.?AVCSwgListener@@@616	.?AVCModeTaskLobbyHost@@
0x82064edc	CModeTaskMainSelect	.?AVCModeTaskMainSelect@@@0;.?AVCSwgModeTaskBase@@@0;.?AVCModeTaskBase@@@0;.?AVCAce6Task@ACE6@@@0;.?AVCSwgListener@@@616	.?AVCModeTaskMainSelect@@
0x82064f2c	CModeTaskMainSelect	.?AVCModeTaskMainSelect@@@0;.?AVCSwgModeTaskBase@@@0;.?AVCModeTaskBase@@@0;.?AVCAce6Task@ACE6@@@0;.?AVCSwgListener@@@616	.?AVCModeTaskMainSelect@@
0x82064f8c	CModeTaskMarketPlace	.?AVCModeTaskMarketPlace@@@0;.?AVCSwgModeTaskBase@@@0;.?AVCModeTaskBase@@@0;.?AVCAce6Task@ACE6@@@0;.?AVCSwgListener@@@616	.?AVCModeTaskMarketPlace@@
0x82064fdc	CModeTaskMarketPlace	.?AVCModeTaskMarketPlace@@@0;.?AVCSwgModeTaskBase@@@0;.?AVCModeTaskBase@@@0;.?AVCAce6Task@ACE6@@@0;.?AVCSwgListener@@@616	.?AVCModeTaskMarketPlace@@
0x82065038	CModeTaskMarketPlace::CSelectNoticeSetupManager	.?AVCSelectNoticeSetupManager@CModeTaskMarketPlace@@@0;.?AVCAce6Thread@ACE6@@@0	.?AVCSelectNoticeSetupManager@CModeTaskMarketPlace@@
0x82065044	CModeTaskMissionSelect	.?AVCModeTaskMissionSelect@@@0;.?AVCSwgModeTaskBase@@@0;.?AVCModeTaskBase@@@0;.?AVCAce6Task@ACE6@@@0;.?AVCSwgListener@@@616	.?AVCModeTaskMissionSelect@@
0x82065094	CModeTaskMissionSelect	.?AVCModeTaskMissionSelect@@@0;.?AVCSwgModeTaskBase@@@0;.?AVCModeTaskBase@@@0;.?AVCAce6Task@ACE6@@@0;.?AVCSwgListener@@@616	.?AVCModeTaskMissionSelect@@
0x820650f4	CModeTaskMissionTitle	.?AVCModeTaskMissionTitle@@@0;.?AVCSwgModeTaskBase@@@0;.?AVCModeTaskBase@@@0;.?AVCAce6Task@ACE6@@@0;.?AVCSwgListener@@@616	.?AVCModeTaskMissionTitle@@
0x82065144	CModeTaskMissionTitle	.?AVCModeTaskMissionTitle@@@0;.?AVCSwgModeTaskBase@@@0;.?AVCModeTaskBase@@@0;.?AVCAce6Task@ACE6@@@0;.?AVCSwgListener@@@616	.?AVCModeTaskMissionTitle@@
0x820651a4	CModeTaskOptionSelect	.?AVCModeTaskOptionSelect@@@0;.?AVCSwgModeTaskBase@@@0;.?AVCModeTaskBase@@@0;.?AVCAce6Task@ACE6@@@0;.?AVCSwgListener@@@616	.?AVCModeTaskOptionSelect@@
0x820651f4	CModeTaskOptionSelect	.?AVCModeTaskOptionSelect@@@0;.?AVCSwgModeTaskBase@@@0;.?AVCModeTaskBase@@@0;.?AVCAce6Task@ACE6@@@0;.?AVCSwgListener@@@616	.?AVCModeTaskOptionSelect@@
0x82065254	CModeTaskQuickSessionSearch	.?AVCModeTaskQuickSessionSearch@@@0;.?AVCModeTaskSessionSearchBase@@@0;.?AVCModeTaskSessionBase@@@0;.?AVCSwgModeTaskBase@@@0;.?AVCModeTaskBase@@@0;.?AVCAce6Task@ACE6@@@0;.?AVCSwgListener@@@616	.?AVCModeTaskQuickSessionSearch@@
0x820652ac	CModeTaskQuickSessionSearch	.?AVCModeTaskQuickSessionSearch@@@0;.?AVCModeTaskSessionSearchBase@@@0;.?AVCModeTaskSessionBase@@@0;.?AVCSwgModeTaskBase@@@0;.?AVCModeTaskBase@@@0;.?AVCAce6Task@ACE6@@@0;.?AVCSwgListener@@@616	.?AVCModeTaskQuickSessionSearch@@
0x82065324	CModeTaskRanking	.?AVCModeTaskRanking@@@0;.?AVCSwgModeTaskBase@@@0;.?AVCModeTaskBase@@@0;.?AVCAce6Task@ACE6@@@0;.?AVCSwgListener@@@616	.?AVCModeTaskRanking@@
0x82065374	CModeTaskRanking	.?AVCModeTaskRanking@@@0;.?AVCSwgModeTaskBase@@@0;.?AVCModeTaskBase@@@0;.?AVCAce6Task@ACE6@@@0;.?AVCSwgListener@@@616	.?AVCModeTaskRanking@@
0x8206541c	CModeTaskSessionBase	.?AVCModeTaskSessionBase@@@0;.?AVCSwgModeTaskBase@@@0;.?AVCModeTaskBase@@@0;.?AVCAce6Task@ACE6@@@0;.?AVCSwgListener@@@616	.?AVCModeTaskSessionBase@@
0x82065474	CModeTaskSessionBase	.?AVCModeTaskSessionBase@@@0;.?AVCSwgModeTaskBase@@@0;.?AVCModeTaskBase@@@0;.?AVCAce6Task@ACE6@@@0;.?AVCSwgListener@@@616	.?AVCModeTaskSessionBase@@
0x820654d4	CModeTaskStartUp	.?AVCModeTaskStartUp@@@0;.?AVCSwgModeTaskBase@@@0;.?AVCModeTaskBase@@@0;.?AVCAce6Task@ACE6@@@0;.?AVCSwgListener@@@616	.?AVCModeTaskStartUp@@
0x82065524	CModeTaskStartUp	.?AVCModeTaskStartUp@@@0;.?AVCSwgModeTaskBase@@@0;.?AVCModeTaskBase@@@0;.?AVCAce6Task@ACE6@@@0;.?AVCSwgListener@@@616	.?AVCModeTaskStartUp@@
0x82065584	CModeTaskTitle	.?AVCModeTaskTitle@@@0;.?AVCSwgModeTaskBase@@@0;.?AVCModeTaskBase@@@0;.?AVCAce6Task@ACE6@@@0;.?AVCSwgListener@@@616	.?AVCModeTaskTitle@@
0x820655d4	CModeTaskTitle	.?AVCModeTaskTitle@@@0;.?AVCSwgModeTaskBase@@@0;.?AVCModeTaskBase@@@0;.?AVCAce6Task@ACE6@@@0;.?AVCSwgListener@@@616	.?AVCModeTaskTitle@@
0x82065634	CModeTaskTitleMovie	.?AVCModeTaskTitleMovie@@@0;.?AVCSwgModeTaskBase@@@0;.?AVCModeTaskBase@@@0;.?AVCAce6Task@ACE6@@@0;.?AVCSwgListener@@@616	.?AVCModeTaskTitleMovie@@
0x82065684	CModeTaskTitleMovie	.?AVCModeTaskTitleMovie@@@0;.?AVCSwgModeTaskBase@@@0;.?AVCModeTaskBase@@@0;.?AVCAce6Task@ACE6@@@0;.?AVCSwgListener@@@616	.?AVCModeTaskTitleMovie@@
0x820656e4	CModeTaskTutorialSelect	.?AVCModeTaskTutorialSelect@@@0;.?AVCSwgModeTaskBase@@@0;.?AVCModeTaskBase@@@0;.?AVCAce6Task@ACE6@@@0;.?AVCSwgListener@@@616	.?AVCModeTaskTutorialSelect@@
0x82065734	CModeTaskTutorialSelect	.?AVCModeTaskTutorialSelect@@@0;.?AVCSwgModeTaskBase@@@0;.?AVCModeTaskBase@@@0;.?AVCAce6Task@ACE6@@@0;.?AVCSwgListener@@@616	.?AVCModeTaskTutorialSelect@@
0x82065794	CModeTaskUnlockBase	.?AVCModeTaskUnlockBase@@@0;.?AVCSwgModeTaskBase@@@0;.?AVCModeTaskBase@@@0;.?AVCAce6Task@ACE6@@@0;.?AVCSwgListener@@@616	.?AVCModeTaskUnlockBase@@
0x820657e4	CModeTaskUnlockBase	.?AVCModeTaskUnlockBase@@@0;.?AVCSwgModeTaskBase@@@0;.?AVCModeTaskBase@@@0;.?AVCAce6Task@ACE6@@@0;.?AVCSwgListener@@@616	.?AVCModeTaskUnlockBase@@
0x82065a24	CTaskLoading	.?AVCTaskLoading@@@0;.?AVCAce6Task@ACE6@@@0	.?AVCTaskLoading@@
0x82065ac4	CTaskModeManager	.?AVCTaskModeManager@@@0;.?AVCAce6Task@ACE6@@@0	.?AVCTaskModeManager@@
0x82065af4	CModeTaskBattleStatistics	.?AVCModeTaskBattleStatistics@@@0;.?AVCModeTaskBattleStatisticsBase@@@0;.?AVCSwgModeTaskBase@@@0;.?AVCModeTaskBase@@@0;.?AVCAce6Task@ACE6@@@0;.?AVCSwgListener@@@616	.?AVCModeTaskBattleStatistics@@
0x82065b44	CModeTaskBattleStatistics	.?AVCModeTaskBattleStatistics@@@0;.?AVCModeTaskBattleStatisticsBase@@@0;.?AVCSwgModeTaskBase@@@0;.?AVCModeTaskBase@@@0;.?AVCAce6Task@ACE6@@@0;.?AVCSwgListener@@@616	.?AVCModeTaskBattleStatistics@@
0x82065ba4	CModeTaskBattleStatisticsMission	.?AVCModeTaskBattleStatisticsMission@@@0;.?AVCModeTaskBattleStatisticsBase@@@0;.?AVCSwgModeTaskBase@@@0;.?AVCModeTaskBase@@@0;.?AVCAce6Task@ACE6@@@0;.?AVCSwgListener@@@616	.?AVCModeTaskBattleStatisticsMission@@
0x82065bf4	CModeTaskBattleStatisticsMission	.?AVCModeTaskBattleStatisticsMission@@@0;.?AVCModeTaskBattleStatisticsBase@@@0;.?AVCSwgModeTaskBase@@@0;.?AVCModeTaskBase@@@0;.?AVCAce6Task@ACE6@@@0;.?AVCSwgListener@@@616	.?AVCModeTaskBattleStatisticsMission@@
0x82065c54	CModeTaskBattleStatisticsClear	.?AVCModeTaskBattleStatisticsClear@@@0;.?AVCModeTaskBattleStatisticsBase@@@0;.?AVCSwgModeTaskBase@@@0;.?AVCModeTaskBase@@@0;.?AVCAce6Task@ACE6@@@0;.?AVCSwgListener@@@616	.?AVCModeTaskBattleStatisticsClear@@
0x82065ca4	CModeTaskBattleStatisticsClear	.?AVCModeTaskBattleStatisticsClear@@@0;.?AVCModeTaskBattleStatisticsBase@@@0;.?AVCSwgModeTaskBase@@@0;.?AVCModeTaskBase@@@0;.?AVCAce6Task@ACE6@@@0;.?AVCSwgListener@@@616	.?AVCModeTaskBattleStatisticsClear@@
0x82065d04	CModeTaskCheckDLContentsMainSelect	.?AVCModeTaskCheckDLContentsMainSelect@@@0;.?AVCModeTaskCheckDLContents@@@0;.?AVCSwgModeTaskBase@@@0;.?AVCModeTaskBase@@@0;.?AVCAce6Task@ACE6@@@0;.?AVCSwgListener@@@616	.?AVCModeTaskCheckDLContentsMainSelect@@
0x82065d54	CModeTaskCheckDLContentsMainSelect	.?AVCModeTaskCheckDLContentsMainSelect@@@0;.?AVCModeTaskCheckDLContents@@@0;.?AVCSwgModeTaskBase@@@0;.?AVCModeTaskBase@@@0;.?AVCAce6Task@ACE6@@@0;.?AVCSwgListener@@@616	.?AVCModeTaskCheckDLContentsMainSelect@@
0x82065db4	CModeTaskCheckDLContentsInvited	.?AVCModeTaskCheckDLContentsInvited@@@0;.?AVCModeTaskCheckDLContents@@@0;.?AVCSwgModeTaskBase@@@0;.?AVCModeTaskBase@@@0;.?AVCAce6Task@ACE6@@@0;.?AVCSwgListener@@@616	.?AVCModeTaskCheckDLContentsInvited@@
0x82065e04	CModeTaskCheckDLContentsInvited	.?AVCModeTaskCheckDLContentsInvited@@@0;.?AVCModeTaskCheckDLContents@@@0;.?AVCSwgModeTaskBase@@@0;.?AVCModeTaskBase@@@0;.?AVCAce6Task@ACE6@@@0;.?AVCSwgListener@@@616	.?AVCModeTaskCheckDLContentsInvited@@
0x82065e64	CModeTaskCheckDLContentsSelectAircraft	.?AVCModeTaskCheckDLContentsSelectAircraft@@@0;.?AVCModeTaskCheckDLContents@@@0;.?AVCSwgModeTaskBase@@@0;.?AVCModeTaskBase@@@0;.?AVCAce6Task@ACE6@@@0;.?AVCSwgListener@@@616	.?AVCModeTaskCheckDLContentsSelectAircraft@@
0x82065eb4	CModeTaskCheckDLContentsSelectAircraft	.?AVCModeTaskCheckDLContentsSelectAircraft@@@0;.?AVCModeTaskCheckDLContents@@@0;.?AVCSwgModeTaskBase@@@0;.?AVCModeTaskBase@@@0;.?AVCAce6Task@ACE6@@@0;.?AVCSwgListener@@@616	.?AVCModeTaskCheckDLContentsSelectAircraft@@
0x82065f14	CModeTaskCheckDLContentsFreeMission	.?AVCModeTaskCheckDLContentsFreeMission@@@0;.?AVCModeTaskCheckDLContents@@@0;.?AVCSwgModeTaskBase@@@0;.?AVCModeTaskBase@@@0;.?AVCAce6Task@ACE6@@@0;.?AVCSwgListener@@@616	.?AVCModeTaskCheckDLContentsFreeMission@@
0x82065f64	CModeTaskCheckDLContentsFreeMission	.?AVCModeTaskCheckDLContentsFreeMission@@@0;.?AVCModeTaskCheckDLContents@@@0;.?AVCSwgModeTaskBase@@@0;.?AVCModeTaskBase@@@0;.?AVCAce6Task@ACE6@@@0;.?AVCSwgListener@@@616	.?AVCModeTaskCheckDLContentsFreeMission@@
0x82065fc4	CModeTaskCheckDLContentsReplayViewer	.?AVCModeTaskCheckDLContentsReplayViewer@@@0;.?AVCModeTaskCheckDLContents@@@0;.?AVCSwgModeTaskBase@@@0;.?AVCModeTaskBase@@@0;.?AVCAce6Task@ACE6@@@0;.?AVCSwgListener@@@616	.?AVCModeTaskCheckDLContentsReplayViewer@@
0x82066014	CModeTaskCheckDLContentsReplayViewer	.?AVCModeTaskCheckDLContentsReplayViewer@@@0;.?AVCModeTaskCheckDLContents@@@0;.?AVCSwgModeTaskBase@@@0;.?AVCModeTaskBase@@@0;.?AVCAce6Task@ACE6@@@0;.?AVCSwgListener@@@616	.?AVCModeTaskCheckDLContentsReplayViewer@@
0x82066074	CModeTaskCheckDLContentsReplayViewerMission	.?AVCModeTaskCheckDLContentsReplayViewerMission@@@0;.?AVCModeTaskCheckDLContents@@@0;.?AVCSwgModeTaskBase@@@0;.?AVCModeTaskBase@@@0;.?AVCAce6Task@ACE6@@@0;.?AVCSwgListener@@@616	.?AVCModeTaskCheckDLContentsReplayViewerMission@@
0x820660c4	CModeTaskCheckDLContentsReplayViewerMission	.?AVCModeTaskCheckDLContentsReplayViewerMission@@@0;.?AVCModeTaskCheckDLContents@@@0;.?AVCSwgModeTaskBase@@@0;.?AVCModeTaskBase@@@0;.?AVCAce6Task@ACE6@@@0;.?AVCSwgListener@@@616	.?AVCModeTaskCheckDLContentsReplayViewerMission@@
0x82066124	CModeTaskCreditMainSelect	.?AVCModeTaskCreditMainSelect@@@0;.?AVCModeTaskCredit@@@0;.?AVCSwgModeTaskBase@@@0;.?AVCModeTaskBase@@@0;.?AVCAce6Task@ACE6@@@0;.?AVCSwgListener@@@616	.?AVCModeTaskCreditMainSelect@@
0x82066174	CModeTaskCreditMainSelect	.?AVCModeTaskCreditMainSelect@@@0;.?AVCModeTaskCredit@@@0;.?AVCSwgModeTaskBase@@@0;.?AVCModeTaskBase@@@0;.?AVCAce6Task@ACE6@@@0;.?AVCSwgListener@@@616	.?AVCModeTaskCreditMainSelect@@
0x820661d4	CModeTaskDebriefingOnline	.?AVCModeTaskDebriefingOnline@@@0;.?AVCModeTaskDebriefing@@@0;.?AVCSwgModeTaskBase@@@0;.?AVCModeTaskBase@@@0;.?AVCAce6Task@ACE6@@@0;.?AVCSwgListener@@@616	.?AVCModeTaskDebriefingOnline@@
0x8206622c	CModeTaskDebriefingOnline	.?AVCModeTaskDebriefingOnline@@@0;.?AVCModeTaskDebriefing@@@0;.?AVCSwgModeTaskBase@@@0;.?AVCModeTaskBase@@@0;.?AVCAce6Task@ACE6@@@0;.?AVCSwgListener@@@616	.?AVCModeTaskDebriefingOnline@@
0x8206628c	CModeTaskDemoOpening	.?AVCModeTaskDemoOpening@@@0;.?AVCModeTaskDemoBase@@@0;.?AVCSwgModeTaskBase@@@0;.?AVCModeTaskBase@@@0;.?AVCAce6Task@ACE6@@@0;.?AVCSwgListener@@@616	.?AVCModeTaskDemoOpening@@
0x820662e4	CModeTaskDemoOpening	.?AVCModeTaskDemoOpening@@@0;.?AVCModeTaskDemoBase@@@0;.?AVCSwgModeTaskBase@@@0;.?AVCModeTaskBase@@@0;.?AVCAce6Task@ACE6@@@0;.?AVCSwgListener@@@616	.?AVCModeTaskDemoOpening@@
0x82066344	CModeTaskDemoIntermission	.?AVCModeTaskDemoIntermission@@@0;.?AVCModeTaskDemoBase@@@0;.?AVCSwgModeTaskBase@@@0;.?AVCModeTaskBase@@@0;.?AVCAce6Task@ACE6@@@0;.?AVCSwgListener@@@616	.?AVCModeTaskDemoIntermission@@
0x8206639c	CModeTaskDemoIntermission	.?AVCModeTaskDemoIntermission@@@0;.?AVCModeTaskDemoBase@@@0;.?AVCSwgModeTaskBase@@@0;.?AVCModeTaskBase@@@0;.?AVCAce6Task@ACE6@@@0;.?AVCSwgListener@@@616	.?AVCModeTaskDemoIntermission@@
0x820663fc	CModeTaskDemoEnding	.?AVCModeTaskDemoEnding@@@0;.?AVCModeTaskDemoBase@@@0;.?AVCSwgModeTaskBase@@@0;.?AVCModeTaskBase@@@0;.?AVCAce6Task@ACE6@@@0;.?AVCSwgListener@@@616	.?AVCModeTaskDemoEnding@@
0x82066454	CModeTaskDemoEnding	.?AVCModeTaskDemoEnding@@@0;.?AVCModeTaskDemoBase@@@0;.?AVCSwgModeTaskBase@@@0;.?AVCModeTaskBase@@@0;.?AVCAce6Task@ACE6@@@0;.?AVCSwgListener@@@616	.?AVCModeTaskDemoEnding@@
0x820664b4	CModeTaskDemoSceneViewer	.?AVCModeTaskDemoSceneViewer@@@0;.?AVCModeTaskDemoBase@@@0;.?AVCSwgModeTaskBase@@@0;.?AVCModeTaskBase@@@0;.?AVCAce6Task@ACE6@@@0;.?AVCSwgListener@@@616	.?AVCModeTaskDemoSceneViewer@@
0x8206650c	CModeTaskDemoSceneViewer	.?AVCModeTaskDemoSceneViewer@@@0;.?AVCModeTaskDemoBase@@@0;.?AVCSwgModeTaskBase@@@0;.?AVCModeTaskBase@@@0;.?AVCAce6Task@ACE6@@@0;.?AVCSwgListener@@@616	.?AVCModeTaskDemoSceneViewer@@
0x8206656c	CModeTaskDemoSceneViewerMission	.?AVCModeTaskDemoSceneViewerMission@@@0;.?AVCModeTaskDemoBase@@@0;.?AVCSwgModeTaskBase@@@0;.?AVCModeTaskBase@@@0;.?AVCAce6Task@ACE6@@@0;.?AVCSwgListener@@@616	.?AVCModeTaskDemoSceneViewerMission@@
0x820665c4	CModeTaskDemoSceneViewerMission	.?AVCModeTaskDemoSceneViewerMission@@@0;.?AVCModeTaskDemoBase@@@0;.?AVCSwgModeTaskBase@@@0;.?AVCModeTaskBase@@@0;.?AVCAce6Task@ACE6@@@0;.?AVCSwgListener@@@616	.?AVCModeTaskDemoSceneViewerMission@@
0x82066624	CModeTaskFirstLoadInvited	.?AVCModeTaskFirstLoadInvited@@@0;.?AVCModeTaskFirstLoad@@@0;.?AVCSwgModeTaskBase@@@0;.?AVCModeTaskBase@@@0;.?AVCAce6Task@ACE6@@@0;.?AVCSwgListener@@@616	.?AVCModeTaskFirstLoadInvited@@
0x82066674	CModeTaskFirstLoadInvited	.?AVCModeTaskFirstLoadInvited@@@0;.?AVCModeTaskFirstLoad@@@0;.?AVCSwgModeTaskBase@@@0;.?AVCModeTaskBase@@@0;.?AVCAce6Task@ACE6@@@0;.?AVCSwgListener@@@616	.?AVCModeTaskFirstLoadInvited@@
0x820666d4	CModeTaskGalleryAssaultRecordMission	.?AVCModeTaskGalleryAssaultRecordMission@@@0;.?AVCModeTaskGalleryAssaultRecord@@@0;.?AVCSwgModeTaskBase@@@0;.?AVCModeTaskBase@@@0;.?AVCAce6Task@ACE6@@@0;.?AVCSwgListener@@@616	.?AVCModeTaskGalleryAssaultRecordMission@@
0x82066724	CModeTaskGalleryAssaultRecordMission	.?AVCModeTaskGalleryAssaultRecordMission@@@0;.?AVCModeTaskGalleryAssaultRecord@@@0;.?AVCSwgModeTaskBase@@@0;.?AVCModeTaskBase@@@0;.?AVCAce6Task@ACE6@@@0;.?AVCSwgListener@@@616	.?AVCModeTaskGalleryAssaultRecordMission@@
0x82066784	CModeTaskGalleryCampaignResultMission	.?AVCModeTaskGalleryCampaignResultMission@@@0;.?AVCModeTaskGalleryCampaignResult@@@0;.?AVCSwgModeTaskBase@@@0;.?AVCModeTaskBase@@@0;.?AVCAce6Task@ACE6@@@0;.?AVCSwgListener@@@616	.?AVCModeTaskGalleryCampaignResultMission@@
0x820667d4	CModeTaskGalleryCampaignResultMission	.?AVCModeTaskGalleryCampaignResultMission@@@0;.?AVCModeTaskGalleryCampaignResult@@@0;.?AVCSwgModeTaskBase@@@0;.?AVCModeTaskBase@@@0;.?AVCAce6Task@ACE6@@@0;.?AVCSwgListener@@@616	.?AVCModeTaskGalleryCampaignResultMission@@
0x82066834	CModeTaskGalleryMedalMission	.?AVCModeTaskGalleryMedalMission@@@0;.?AVCModeTaskGalleryMedal@@@0;.?AVCSwgModeTaskBase@@@0;.?AVCModeTaskBase@@@0;.?AVCAce6Task@ACE6@@@0;.?AVCSwgListener@@@616	.?AVCModeTaskGalleryMedalMission@@
0x82066884	CModeTaskGalleryMedalMission	.?AVCModeTaskGalleryMedalMission@@@0;.?AVCModeTaskGalleryMedal@@@0;.?AVCSwgModeTaskBase@@@0;.?AVCModeTaskBase@@@0;.?AVCAce6Task@ACE6@@@0;.?AVCSwgListener@@@616	.?AVCModeTaskGalleryMedalMission@@
0x820668e4	CModeTaskGalleryMusicPlayerMission	.?AVCModeTaskGalleryMusicPlayerMission@@@0;.?AVCModeTaskGalleryMusicPlayer@@@0;.?AVCSwgModeTaskBase@@@0;.?AVCModeTaskBase@@@0;.?AVCAce6Task@ACE6@@@0;.?AVCSwgListener@@@616	.?AVCModeTaskGalleryMusicPlayerMission@@
0x82066934	CModeTaskGalleryMusicPlayerMission	.?AVCModeTaskGalleryMusicPlayerMission@@@0;.?AVCModeTaskGalleryMusicPlayer@@@0;.?AVCSwgModeTaskBase@@@0;.?AVCModeTaskBase@@@0;.?AVCAce6Task@ACE6@@@0;.?AVCSwgListener@@@616	.?AVCModeTaskGalleryMusicPlayerMission@@
0x82066994	CModeTaskGalleryReplayViewerMission	.?AVCModeTaskGalleryReplayViewerMission@@@0;.?AVCModeTaskGalleryReplayViewer@@@0;.?AVCSwgModeTaskBase@@@0;.?AVCModeTaskBase@@@0;.?AVCAce6Task@ACE6@@@0;.?AVCSwgListener@@@616	.?AVCModeTaskGalleryReplayViewerMission@@
0x820669e4	CModeTaskGalleryReplayViewerMission	.?AVCModeTaskGalleryReplayViewerMission@@@0;.?AVCModeTaskGalleryReplayViewer@@@0;.?AVCSwgModeTaskBase@@@0;.?AVCModeTaskBase@@@0;.?AVCAce6Task@ACE6@@@0;.?AVCSwgListener@@@616	.?AVCModeTaskGalleryReplayViewerMission@@
0x82066a44	CModeTaskGallerySceneViewerMission	.?AVCModeTaskGallerySceneViewerMission@@@0;.?AVCModeTaskGallerySceneViewer@@@0;.?AVCSwgModeTaskBase@@@0;.?AVCModeTaskBase@@@0;.?AVCAce6Task@ACE6@@@0;.?AVCSwgListener@@@616	.?AVCModeTaskGallerySceneViewerMission@@
0x82066a94	CModeTaskGallerySceneViewerMission	.?AVCModeTaskGallerySceneViewerMission@@@0;.?AVCModeTaskGallerySceneViewer@@@0;.?AVCSwgModeTaskBase@@@0;.?AVCModeTaskBase@@@0;.?AVCAce6Task@ACE6@@@0;.?AVCSwgListener@@@616	.?AVCModeTaskGallerySceneViewerMission@@
0x82066af4	CModeTaskGallerySelectMission	.?AVCModeTaskGallerySelectMission@@@0;.?AVCModeTaskGallerySelect@@@0;.?AVCSwgModeTaskBase@@@0;.?AVCModeTaskBase@@@0;.?AVCAce6Task@ACE6@@@0;.?AVCSwgListener@@@616	.?AVCModeTaskGallerySelectMission@@
0x82066b44	CModeTaskGallerySelectMission	.?AVCModeTaskGallerySelectMission@@@0;.?AVCModeTaskGallerySelect@@@0;.?AVCSwgModeTaskBase@@@0;.?AVCModeTaskBase@@@0;.?AVCAce6Task@ACE6@@@0;.?AVCSwgListener@@@616	.?AVCModeTaskGallerySelectMission@@
0x82066ba4	CModeTaskGameDataSelectMission	.?AVCModeTaskGameDataSelectMission@@@0;.?AVCModeTaskGameDataSelect@@@0;.?AVCSwgModeTaskBase@@@0;.?AVCModeTaskBase@@@0;.?AVCAce6Task@ACE6@@@0;.?AVCSwgListener@@@616	.?AVCModeTaskGameDataSelectMission@@
0x82066bf4	CModeTaskGameDataSelectMission	.?AVCModeTaskGameDataSelectMission@@@0;.?AVCModeTaskGameDataSelect@@@0;.?AVCSwgModeTaskBase@@@0;.?AVCModeTaskBase@@@0;.?AVCAce6Task@ACE6@@@0;.?AVCSwgListener@@@616	.?AVCModeTaskGameDataSelectMission@@
0x82066c54	CModeTaskGameReplayMission	.?AVCModeTaskGameReplayMission@@@0;.?AVCModeTaskGameReplay@@@0;.?AVCModeTaskGame@@@0;.?AVCModeTaskBase@@@0;.?AVCAce6Task@ACE6@@@0;.?AV?$CFsm@VCModeTaskGame@@@Util@ACE6@@@616	.?AVCModeTaskGameReplayMission@@
0x82066cac	CModeTaskGameReplayMission	.?AVCModeTaskGameReplayMission@@@0;.?AVCModeTaskGameReplay@@@0;.?AVCModeTaskGame@@@0;.?AVCModeTaskBase@@@0;.?AVCAce6Task@ACE6@@@0;.?AV?$CFsm@VCModeTaskGame@@@Util@ACE6@@@616	.?AVCModeTaskGameReplayMission@@
0x82066cb4	CModeTaskGameTutorial_FromMissionMenu	.?AVCModeTaskGameTutorial_FromMissionMenu@@@0;.?AVCModeTaskGameTutorial@@@0;.?AVCModeTaskGame@@@0;.?AVCModeTaskBase@@@0;.?AVCAce6Task@ACE6@@@0;.?AV?$CFsm@VCModeTaskGame@@@Util@ACE6@@@616	.?AVCModeTaskGameTutorial_FromMissionMenu@@
0x82066d0c	CModeTaskGameTutorial_FromMissionMenu	.?AVCModeTaskGameTutorial_FromMissionMenu@@@0;.?AVCModeTaskGameTutorial@@@0;.?AVCModeTaskGame@@@0;.?AVCModeTaskBase@@@0;.?AVCAce6Task@ACE6@@@0;.?AV?$CFsm@VCModeTaskGame@@@Util@ACE6@@@616	.?AVCModeTaskGameTutorial_FromMissionMenu@@
0x82066d14	CModeTaskGameTutorial_CampaignMission	.?AVCModeTaskGameTutorial_CampaignMission@@@0;.?AVCModeTaskGameTutorial@@@0;.?AVCModeTaskGame@@@0;.?AVCModeTaskBase@@@0;.?AVCAce6Task@ACE6@@@0;.?AV?$CFsm@VCModeTaskGame@@@Util@ACE6@@@616	.?AVCModeTaskGameTutorial_CampaignMission@@
0x82066d6c	CModeTaskGameTutorial_CampaignMission	.?AVCModeTaskGameTutorial_CampaignMission@@@0;.?AVCModeTaskGameTutorial@@@0;.?AVCModeTaskGame@@@0;.?AVCModeTaskBase@@@0;.?AVCAce6Task@ACE6@@@0;.?AV?$CFsm@VCModeTaskGame@@@Util@ACE6@@@616	.?AVCModeTaskGameTutorial_CampaignMission@@
0x82066d74	CModeTaskLoadingOnlineMission	.?AVCModeTaskLoadingOnlineMission@@@0;.?AVCModeTaskLoading@@@0;.?AVCSwgModeTaskBase@@@0;.?AVCModeTaskBase@@@0;.?AVCAce6Task@ACE6@@@0;.?AVCSwgListener@@@616	.?AVCModeTaskLoadingOnlineMission@@
0x82066dc4	CModeTaskLoadingOnlineMission	.?AVCModeTaskLoadingOnlineMission@@@0;.?AVCModeTaskLoading@@@0;.?AVCSwgModeTaskBase@@@0;.?AVCModeTaskBase@@@0;.?AVCAce6Task@ACE6@@@0;.?AVCSwgListener@@@616	.?AVCModeTaskLoadingOnlineMission@@
0x82066e24	CModeTaskLoadingTutorialMissionFromMain	.?AVCModeTaskLoadingTutorialMissionFromMain@@@0;.?AVCModeTaskLoading@@@0;.?AVCSwgModeTaskBase@@@0;.?AVCModeTaskBase@@@0;.?AVCAce6Task@ACE6@@@0;.?AVCSwgListener@@@616	.?AVCModeTaskLoadingTutorialMissionFromMain@@
0x82066e74	CModeTaskLoadingTutorialMissionFromMain	.?AVCModeTaskLoadingTutorialMissionFromMain@@@0;.?AVCModeTaskLoading@@@0;.?AVCSwgModeTaskBase@@@0;.?AVCModeTaskBase@@@0;.?AVCAce6Task@ACE6@@@0;.?AVCSwgListener@@@616	.?AVCModeTaskLoadingTutorialMissionFromMain@@
0x82066ed4	CModeTaskLoadingTutorialMissionFromMission	.?AVCModeTaskLoadingTutorialMissionFromMission@@@0;.?AVCModeTaskLoading@@@0;.?AVCSwgModeTaskBase@@@0;.?AVCModeTaskBase@@@0;.?AVCAce6Task@ACE6@@@0;.?AVCSwgListener@@@616	.?AVCModeTaskLoadingTutorialMissionFromMission@@
0x82066f24	CModeTaskLoadingTutorialMissionFromMission	.?AVCModeTaskLoadingTutorialMissionFromMission@@@0;.?AVCModeTaskLoading@@@0;.?AVCSwgModeTaskBase@@@0;.?AVCModeTaskBase@@@0;.?AVCAce6Task@ACE6@@@0;.?AVCSwgListener@@@616	.?AVCModeTaskLoadingTutorialMissionFromMission@@
0x82066f84	CModeTaskLoadingTutorialMissionFromCampaign	.?AVCModeTaskLoadingTutorialMissionFromCampaign@@@0;.?AVCModeTaskLoading@@@0;.?AVCSwgModeTaskBase@@@0;.?AVCModeTaskBase@@@0;.?AVCAce6Task@ACE6@@@0;.?AVCSwgListener@@@616	.?AVCModeTaskLoadingTutorialMissionFromCampaign@@
0x82066fd4	CModeTaskLoadingTutorialMissionFromCampaign	.?AVCModeTaskLoadingTutorialMissionFromCampaign@@@0;.?AVCModeTaskLoading@@@0;.?AVCSwgModeTaskBase@@@0;.?AVCModeTaskBase@@@0;.?AVCAce6Task@ACE6@@@0;.?AVCSwgListener@@@616	.?AVCModeTaskLoadingTutorialMissionFromCampaign@@
0x82067034	CModeTaskLoadingReplay	.?AVCModeTaskLoadingReplay@@@0;.?AVCModeTaskLoading@@@0;.?AVCSwgModeTaskBase@@@0;.?AVCModeTaskBase@@@0;.?AVCAce6Task@ACE6@@@0;.?AVCSwgListener@@@616	.?AVCModeTaskLoadingReplay@@
0x82067084	CModeTaskLoadingReplay	.?AVCModeTaskLoadingReplay@@@0;.?AVCModeTaskLoading@@@0;.?AVCSwgModeTaskBase@@@0;.?AVCModeTaskBase@@@0;.?AVCAce6Task@ACE6@@@0;.?AVCSwgListener@@@616	.?AVCModeTaskLoadingReplay@@
0x820670e4	CModeTaskLoadingReplayMission	.?AVCModeTaskLoadingReplayMission@@@0;.?AVCModeTaskLoading@@@0;.?AVCSwgModeTaskBase@@@0;.?AVCModeTaskBase@@@0;.?AVCAce6Task@ACE6@@@0;.?AVCSwgListener@@@616	.?AVCModeTaskLoadingReplayMission@@
0x82067134	CModeTaskLoadingReplayMission	.?AVCModeTaskLoadingReplayMission@@@0;.?AVCModeTaskLoading@@@0;.?AVCSwgModeTaskBase@@@0;.?AVCModeTaskBase@@@0;.?AVCAce6Task@ACE6@@@0;.?AVCSwgListener@@@616	.?AVCModeTaskLoadingReplayMission@@
0x82067194	CModeTaskOptionSelectMission	.?AVCModeTaskOptionSelectMission@@@0;.?AVCModeTaskOptionSelect@@@0;.?AVCSwgModeTaskBase@@@0;.?AVCModeTaskBase@@@0;.?AVCAce6Task@ACE6@@@0;.?AVCSwgListener@@@616	.?AVCModeTaskOptionSelectMission@@
0x820671e4	CModeTaskOptionSelectMission	.?AVCModeTaskOptionSelectMission@@@0;.?AVCModeTaskOptionSelect@@@0;.?AVCSwgModeTaskBase@@@0;.?AVCModeTaskBase@@@0;.?AVCAce6Task@ACE6@@@0;.?AVCSwgListener@@@616	.?AVCModeTaskOptionSelectMission@@
0x82067244	CModeTaskTutorialSelect_FromMissionMenu	.?AVCModeTaskTutorialSelect_FromMissionMenu@@@0;.?AVCModeTaskTutorialSelect@@@0;.?AVCSwgModeTaskBase@@@0;.?AVCModeTaskBase@@@0;.?AVCAce6Task@ACE6@@@0;.?AVCSwgListener@@@616	.?AVCModeTaskTutorialSelect_FromMissionMenu@@
0x82067294	CModeTaskTutorialSelect_FromMissionMenu	.?AVCModeTaskTutorialSelect_FromMissionMenu@@@0;.?AVCModeTaskTutorialSelect@@@0;.?AVCSwgModeTaskBase@@@0;.?AVCModeTaskBase@@@0;.?AVCAce6Task@ACE6@@@0;.?AVCSwgListener@@@616	.?AVCModeTaskTutorialSelect_FromMissionMenu@@
0x820672f4	CModeTaskTutorialSelect_CampaignMission	.?AVCModeTaskTutorialSelect_CampaignMission@@@0;.?AVCModeTaskTutorialSelect@@@0;.?AVCSwgModeTaskBase@@@0;.?AVCModeTaskBase@@@0;.?AVCAce6Task@ACE6@@@0;.?AVCSwgListener@@@616	.?AVCModeTaskTutorialSelect_CampaignMission@@
0x82067344	CModeTaskTutorialSelect_CampaignMission	.?AVCModeTaskTutorialSelect_CampaignMission@@@0;.?AVCModeTaskTutorialSelect@@@0;.?AVCSwgModeTaskBase@@@0;.?AVCModeTaskBase@@@0;.?AVCAce6Task@ACE6@@@0;.?AVCSwgListener@@@616	.?AVCModeTaskTutorialSelect_CampaignMission@@
0x820673a4	CModeTaskUnlock	.?AVCModeTaskUnlock@@@0;.?AVCModeTaskUnlockBase@@@0;.?AVCSwgModeTaskBase@@@0;.?AVCModeTaskBase@@@0;.?AVCAce6Task@ACE6@@@0;.?AVCSwgListener@@@616	.?AVCModeTaskUnlock@@
0x820673f4	CModeTaskUnlock	.?AVCModeTaskUnlock@@@0;.?AVCModeTaskUnlockBase@@@0;.?AVCSwgModeTaskBase@@@0;.?AVCModeTaskBase@@@0;.?AVCAce6Task@ACE6@@@0;.?AVCSwgListener@@@616	.?AVCModeTaskUnlock@@
0x820674ac	ACE6::CActorModelSetup	.?AVCActorModelSetup@ACE6@@@0	.?AVCActorModelSetup@ACE6@@
0x820674d8	CX360ActorModelSetup	.?AVCX360ActorModelSetup@@@0;.?AVCActorModelSetup@ACE6@@@0	.?AVCX360ActorModelSetup@@
0x8206751c	ACE6::CModel	.?AVCModel@ACE6@@@0	.?AVCModel@ACE6@@
0x82067574	CModelFactory	.?AVCModelFactory@@@0	.?AVCModelFactory@@
0x82067584	CMotionFactory	.?AVCMotionFactory@@@0	.?AVCMotionFactory@@
0x82067594	CMotionInstanceFactory	.?AVCMotionInstanceFactory@@@0	.?AVCMotionInstanceFactory@@
0x820675a4	ACE6::CModelManager	.?AVCModelManager@ACE6@@@0	.?AVCModelManager@ACE6@@
0x820675bc	ACE6::CNuModel	.?AVCNuModel@ACE6@@@0;.?AVCModel@ACE6@@@0	.?AVCNuModel@ACE6@@
0x82067614	CNuModelFactory	.?AVCNuModelFactory@@@0;.?AVCModelFactory@@@0	.?AVCNuModelFactory@@
0x82067624	ACE6::CNuModelManager	.?AVCNuModelManager@ACE6@@@0;.?AVCModelManager@ACE6@@@0	.?AVCNuModelManager@ACE6@@
0x82067638	ACE6::CAce6ModelUtil	.?AVCAce6ModelUtil@ACE6@@@0	.?AVCAce6ModelUtil@ACE6@@
0x82067650	CX360ModelUtil	.?AVCX360ModelUtil@@@0;.?AVCAce6ModelUtil@ACE6@@@0	.?AVCX360ModelUtil@@
0x8206766c	CAchievementManager	.?AVCAchievementManager@@@0	.?AVCAchievementManager@@
0x820678ec	ACE6::CAce6PropertyBase	.?AVCAce6PropertyBase@ACE6@@@0	.?AVCAce6PropertyBase@ACE6@@
0x820678f8	ACE6::CAce6SavePropertyBase	.?AVCAce6SavePropertyBase@ACE6@@@0;.?AVCAce6PropertyBase@ACE6@@@0	.?AVCAce6SavePropertyBase@ACE6@@
0x82067914	ACE6::CAce6SavePropertyTotalRecord	.?AVCAce6SavePropertyTotalRecord@ACE6@@@0;.?AVCAce6SavePropertyBase@ACE6@@@0;.?AVCAce6PropertyBase@ACE6@@@0	.?AVCAce6SavePropertyTotalRecord@ACE6@@
0x82067930	ACE6::CAce6SavePropertyAircraft	.?AVCAce6SavePropertyAircraft@ACE6@@@0;.?AVCAce6SavePropertyBase@ACE6@@@0;.?AVCAce6PropertyBase@ACE6@@@0	.?AVCAce6SavePropertyAircraft@ACE6@@
0x8206794c	ACE6::CAce6SavePropertyCampaign	.?AVCAce6SavePropertyCampaign@ACE6@@@0;.?AVCAce6SavePropertyBase@ACE6@@@0;.?AVCAce6PropertyBase@ACE6@@@0	.?AVCAce6SavePropertyCampaign@ACE6@@
0x82067968	ACE6::CAce6SavePropertySystem	.?AVCAce6SavePropertySystem@ACE6@@@0;.?AVCAce6SavePropertyBase@ACE6@@@0;.?AVCAce6PropertyBase@ACE6@@@0	.?AVCAce6SavePropertySystem@ACE6@@
0x82067984	ACE6::CAce6SaveProperty	.?AVCAce6SaveProperty@ACE6@@@0;.?AVCAce6SavePropertyBase@ACE6@@@0;.?AVCAce6PropertyBase@ACE6@@@0	.?AVCAce6SaveProperty@ACE6@@
0x820679a0	CContentsManager	.?AVCContentsManager@@@0	.?AVCContentsManager@@
0x820679a8	galib::CGaUserInput	.?AVCGaUserInput@galib@@@0	.?AVCGaUserInput@galib@@
0x820679b0	galib::CGaUIAnalogInfo	.?AVCGaUIAnalogInfo@galib@@@0	.?AVCGaUIAnalogInfo@galib@@
0x820679b8	galib::CGaUIControllerInfo	.?AVCGaUIControllerInfo@galib@@@0	.?AVCGaUIControllerInfo@galib@@
0x820679c0	CControllerManager	.?AVCControllerManager@@@0	.?AVCControllerManager@@
0x820679d4	CDirtyDiscErrorCall	.?AVCDirtyDiscErrorCall@@@0;.?AVCAce6Thread@ACE6@@@0	.?AVCDirtyDiscErrorCall@@
0x820679e0	CDpl	.?AVCDpl@@@0	.?AVCDpl@@
0x820679e8	CDplManager	.?AVCDplManager@@@0;.?AVCAce6Thread@ACE6@@@0	.?AVCDplManager@@
0x820679f4	CGamerProfileManager	.?AVCGamerProfileManager@@@0	.?AVCGamerProfileManager@@
0x820679fc	ACE6::CAce6LayeredDrawCallBack	.?AVCAce6LayeredDrawCallBack@ACE6@@@0	.?AVCAce6LayeredDrawCallBack@ACE6@@
0x82067a24	CLayeredDrawCallBack	.?AVCLayeredDrawCallBack@@@0;.?AVCAce6LayeredDrawCallBack@ACE6@@@0	.?AVCLayeredDrawCallBack@@
0x82067aa8	CLiveStorageManager	.?AVCLiveStorageManager@@@0;.?AVCAce6Thread@ACE6@@@0	.?AVCLiveStorageManager@@
0x82067ab4		.?AV?$CGaRenderFrameCounter@$02@galib@@@0	.?AV?$CGaRenderFrameCounter@$02@galib@@
0x82067abc	CResource	.?AVCResource@@@0	.?AVCResource@@
0x82067b14	CResourceDpl	.?AVCResourceDpl@@@0;.?AVCResource@@@0	.?AVCResourceDpl@@
0x82067b5c	CResourceLoader	.?AVCResourceLoader@@@0	.?AVCResourceLoader@@
0x82067b7c	CResourceLoaderDpl	.?AVCResourceLoaderDpl@@@0;.?AVCResourceLoader@@@0	.?AVCResourceLoaderDpl@@
0x82067b9c	CResourceLoaderNut	.?AVCResourceLoaderNut@@@0;.?AVCResourceLoader@@@0	.?AVCResourceLoaderNut@@
0x82067bbc	CResourceLoaderSwg	.?AVCResourceLoaderSwg@@@0;.?AVCResourceLoader@@@0	.?AVCResourceLoaderSwg@@
0x82067bdc	CResourceLoaderTextData	.?AVCResourceLoaderTextData@@@0;.?AVCResourceLoader@@@0	.?AVCResourceLoaderTextData@@
0x82067c14	CResourceManager	.?AVCResourceManager@@@0;.?AVCResource@@@0	.?AVCResourceManager@@
0x82067c5c	CResourceNut	.?AVCResourceNut@@@0;.?AVCResource@@@0	.?AVCResourceNut@@
0x82067ca4	CResourceSwg	.?AVCResourceSwg@@@0;.?AVCResource@@@0	.?AVCResourceSwg@@
0x82067cfc	CResourceTextData	.?AVCResourceTextData@@@0;.?AVCResource@@@0	.?AVCResourceTextData@@
0x82067d90	CStorageManager	.?AVCStorageManager@@@0;.?AVCAce6Thread@ACE6@@@0	.?AVCStorageManager@@
0x82067d9c	ACE6::CAce6FpsManager	.?AVCAce6FpsManager@ACE6@@@0	.?AVCAce6FpsManager@ACE6@@
0x82067dac	CX360FpsManager	.?AVCX360FpsManager@@@0;.?AVCAce6FpsManager@ACE6@@@0	.?AVCX360FpsManager@@
0x82067dfc	ACE6::CAce6TaskNode	.?AVCAce6TaskNode@ACE6@@@0	.?AVCAce6TaskNode@ACE6@@
0x82067e04	ACE6::CAce6TaskManager	.?AVCAce6TaskManager@ACE6@@@0	.?AVCAce6TaskManager@ACE6@@
0x82067e38	ACE6::CAce6Movie	.?AVCAce6Movie@ACE6@@@0	.?AVCAce6Movie@ACE6@@
0x82067e58	CNuMovie	.?AVCNuMovie@@@0;.?AVCAce6Movie@ACE6@@@0	.?AVCNuMovie@@
0x82067e78	ACE6::CAce6MoviePlayer	.?AVCAce6MoviePlayer@ACE6@@@0	.?AVCAce6MoviePlayer@ACE6@@
0x82067e9c	CNuMoviePlayer	.?AVCNuMoviePlayer@@@0;.?AVCAce6MoviePlayer@ACE6@@@0	.?AVCNuMoviePlayer@@
